ISO-10303-21;
HEADER;
/* Generated by software containing ST-Developer
 * from STEP Tools, Inc. (www.steptools.com) 
 */

FILE_DESCRIPTION(
/* description */ (''),
/* implementation_level */ '2;1');

FILE_NAME(
/* name */ 'STEP_retraction_housing_top_rev_D_v5.step',
/* time_stamp */ '2025-05-31T05:01:29-04:00',
/* author */ (''),
/* organization */ (''),
/* preprocessor_version */ 'ST-DEVELOPER v20.1',
/* originating_system */ 'Autodesk Translation Framework v14.10.0.0',
/* authorisation */ '');

FILE_SCHEMA (('AUTOMOTIVE_DESIGN { 1 0 10303 214 3 1 1 }'));
ENDSEC;

DATA;
#10=MECHANICAL_DESIGN_GEOMETRIC_PRESENTATION_REPRESENTATION('',(#13),#3407);
#11=SHAPE_REPRESENTATION_RELATIONSHIP('SRR','None',#3414,#12);
#12=ADVANCED_BREP_SHAPE_REPRESENTATION('',(#14),#3406);
#13=STYLED_ITEM('',(#3424),#14);
#14=MANIFOLD_SOLID_BREP('Body1',#1835);
#15=CONICAL_SURFACE('',#1951,6.,0.0872664625997165);
#16=CONICAL_SURFACE('',#1957,3.875,0.0523598775598299);
#17=B_SPLINE_SURFACE_WITH_KNOTS('',3,3,((#3082,#3083,#3084,#3085),(#3086,
#3087,#3088,#3089),(#3090,#3091,#3092,#3093),(#3094,#3095,#3096,#3097),
(#3098,#3099,#3100,#3101),(#3102,#3103,#3104,#3105)),.UNSPECIFIED.,.F.,
 .F.,.F.,(4,1,1,4),(4,4),(0.,0.285714285714286,0.571428571428571,1.),(0.137113495355362,
1.33024863113129),.UNSPECIFIED.);
#18=B_SPLINE_SURFACE_WITH_KNOTS('',3,3,((#3140,#3141,#3142,#3143,#3144,
#3145,#3146,#3147,#3148),(#3149,#3150,#3151,#3152,#3153,#3154,#3155,#3156,
#3157),(#3158,#3159,#3160,#3161,#3162,#3163,#3164,#3165,#3166),(#3167,#3168,
#3169,#3170,#3171,#3172,#3173,#3174,#3175),(#3176,#3177,#3178,#3179,#3180,
#3181,#3182,#3183,#3184),(#3185,#3186,#3187,#3188,#3189,#3190,#3191,#3192,
#3193),(#3194,#3195,#3196,#3197,#3198,#3199,#3200,#3201,#3202)),
 .UNSPECIFIED.,.F.,.F.,.F.,(4,1,1,1,4),(4,1,1,1,1,1,4),(0.,0.285714285714286,
0.571428571428571,0.785714285714286,1.),(4.339946474768E-17,0.306206079814577,
0.459309119721866,0.612412159629155,0.765515199536444,0.918618239443732,
1.07172127935102),.UNSPECIFIED.);
#19=TOROIDAL_SURFACE('',#1901,5.37499999999999,1.5);
#20=TOROIDAL_SURFACE('',#1952,2.66399653686991,1.);
#21=TOROIDAL_SURFACE('',#1960,5.375,1.5);
#22=TOROIDAL_SURFACE('',#1967,5.375,1.5);
#23=TOROIDAL_SURFACE('',#1975,2.375,1.5);
#24=FACE_BOUND('',#220,.T.);
#25=FACE_BOUND('',#240,.T.);
#26=FACE_BOUND('',#277,.T.);
#27=B_SPLINE_CURVE_WITH_KNOTS('',3,(#2610,#2611,#2612,#2613,#2614,#2615,
#2616,#2617,#2618,#2619),.UNSPECIFIED.,.F.,.F.,(4,2,2,2,4),(0.,0.115599176913601,
0.231198353827201,0.324361771360381,0.417525188893561),.UNSPECIFIED.);
#28=B_SPLINE_CURVE_WITH_KNOTS('',3,(#2637,#2638,#2639,#2640,#2641,#2642,
#2643,#2644,#2645,#2646),.UNSPECIFIED.,.F.,.F.,(4,2,2,2,4),(0.916793341260166,
1.00995675879335,1.10312017632653,1.21871935324013,1.33431853015373),
 .UNSPECIFIED.);
#29=B_SPLINE_CURVE_WITH_KNOTS('',3,(#2687,#2688,#2689,#2690,#2691,#2692,
#2693,#2694,#2695,#2696,#2697,#2698,#2699,#2700),.UNSPECIFIED.,.F.,.F.,
(4,2,2,2,2,2,4),(0.11809998514311,0.133319875359577,0.161314911256084,0.189309947152591,
0.216287174762904,0.243264402373218,0.297218857593845),.UNSPECIFIED.);
#30=B_SPLINE_CURVE_WITH_KNOTS('',3,(#2747,#2748,#2749,#2750,#2751,#2752,
#2753,#2754,#2755,#2756,#2757,#2758,#2759,#2760,#2761,#2762,#2763,#2764,
#2765,#2766,#2767,#2768,#2769,#2770,#2771,#2772,#2773,#2774,#2775,#2776,
#2777,#2778,#2779,#2780,#2781,#2782,#2783,#2784,#2785,#2786,#2787,#2788,
#2789,#2790,#2791,#2792,#2793,#2794,#2795,#2796,#2797,#2798,#2799,#2800,
#2801),.UNSPECIFIED.,.F.,.F.,(4,3,3,3,3,3,3,3,3,3,3,3,3,3,3,3,3,3,4),(0.,
0.0179297966034278,0.0360652651405457,0.0540873053209865,0.0583940642981408,
0.0761598460141311,0.0942251425897023,0.112306144168644,0.116811744169902,
0.134959985998141,0.152438868931597,0.17063240010428,0.175420767002454,
0.193498855536974,0.211721599342968,0.221154811105792,0.239398101936767,
0.257310776144161,0.266912517315656),.UNSPECIFIED.);
#31=B_SPLINE_CURVE_WITH_KNOTS('',3,(#2835,#2836,#2837,#2838,#2839,#2840),
 .UNSPECIFIED.,.F.,.F.,(4,2,4),(-0.00183926882822837,0.,0.221326152031834),
 .UNSPECIFIED.);
#32=B_SPLINE_CURVE_WITH_KNOTS('',3,(#2847,#2848,#2849,#2850,#2851,#2852),
 .UNSPECIFIED.,.F.,.F.,(4,2,4),(0.221326152031834,0.442652303611438,0.444491572465281),
 .UNSPECIFIED.);
#33=B_SPLINE_CURVE_WITH_KNOTS('',3,(#2945,#2946,#2947,#2948,#2949,#2950,
#2951,#2952,#2953,#2954,#2955,#2956,#2957,#2958,#2959,#2960,#2961,#2962,
#2963,#2964,#2965,#2966,#2967,#2968,#2969,#2970,#2971,#2972,#2973,#2974,
#2975,#2976,#2977,#2978,#2979,#2980,#2981,#2982,#2983,#2984,#2985,#2986,
#2987,#2988,#2989,#2990,#2991,#2992,#2993,#2994,#2995,#2996,#2997,#2998,
#2999),.UNSPECIFIED.,.F.,.F.,(4,3,3,3,3,3,3,3,3,3,3,3,3,3,3,3,3,3,4),(0.,
0.0178618280787984,0.0360394362619548,0.054277743976645,0.0590483755214856,
0.0772883393899911,0.0953139253994566,0.113039961688571,0.117974083938263,
0.135933619371982,0.154081806438728,0.17204590864995,0.176657290022624,
0.188218949165451,0.206325247427962,0.219960804797259,0.238062850795585,
0.256021233669911,0.263252309007573),.UNSPECIFIED.);
#34=B_SPLINE_CURVE_WITH_KNOTS('',3,(#3106,#3107,#3108,#3109),
 .UNSPECIFIED.,.F.,.F.,(4,4),(0.150597205882101,1.33024863113129),
 .UNSPECIFIED.);
#35=B_SPLINE_CURVE_WITH_KNOTS('',3,(#3110,#3111,#3112,#3113),
 .UNSPECIFIED.,.F.,.F.,(4,4),(-1.31712374037023,-0.137471829624188),
 .UNSPECIFIED.);
#36=B_SPLINE_CURVE_WITH_KNOTS('',3,(#3203,#3204,#3205,#3206,#3207,#3208,
#3209,#3210,#3211),.UNSPECIFIED.,.F.,.F.,(4,1,1,1,1,1,4),(-1.07172127935102,
-0.918618239443732,-0.765515199536444,-0.612412159629155,-0.459309119721866,
-0.306206079814577,-4.339946474768E-17),.UNSPECIFIED.);
#37=B_SPLINE_CURVE_WITH_KNOTS('',3,(#3212,#3213,#3214,#3215,#3216,#3217,
#3218,#3219,#3220),.UNSPECIFIED.,.F.,.F.,(4,1,1,1,1,1,4),(4.339946474768E-17,
0.306206079814577,0.459309119721866,0.612412159629155,0.765515199536444,
0.918618239443732,1.07172127935102),.UNSPECIFIED.);
#38=B_SPLINE_CURVE_WITH_KNOTS('',3,(#3226,#3227,#3228,#3229,#3230,#3231,
#3232,#3233,#3234,#3235,#3236),.UNSPECIFIED.,.F.,.F.,(4,2,3,2,4),(-0.184999061369806,
-0.129102908028097,0.,0.129102908028097,0.184999061369806),
 .UNSPECIFIED.);
#39=B_SPLINE_CURVE_WITH_KNOTS('',3,(#3263,#3264,#3265,#3266,#3267,#3268,
#3269,#3270,#3271,#3272),.UNSPECIFIED.,.F.,.F.,(4,2,2,2,4),(-0.239635192687951,
-0.178805470834598,-0.117975748981245,-0.0589878744906226,0.),
 .UNSPECIFIED.);
#40=B_SPLINE_CURVE_WITH_KNOTS('',3,(#3276,#3277,#3278,#3279,#3280,#3281,
#3282,#3283,#3284,#3285,#3286,#3287,#3288,#3289),.UNSPECIFIED.,.F.,.F.,
(4,2,2,2,2,2,4),(0.,0.0573481289320105,0.114696257864021,0.177147504791385,
0.239598751718749,0.297219416224235,0.332134466012271),.UNSPECIFIED.);
#41=B_SPLINE_CURVE_WITH_KNOTS('',3,(#3290,#3291,#3292,#3293,#3294,#3295),
 .UNSPECIFIED.,.F.,.F.,(4,2,4),(1.17479266755266,1.19592014159579,1.24674244686684),
 .UNSPECIFIED.);
#42=B_SPLINE_CURVE_WITH_KNOTS('',3,(#3297,#3298,#3299,#3300,#3301,#3302),
 .UNSPECIFIED.,.F.,.F.,(4,2,4),(2.76654341499296,2.81736572026401,2.83849319430714),
 .UNSPECIFIED.);
#43=B_SPLINE_CURVE_WITH_KNOTS('',3,(#3304,#3305,#3306,#3307,#3308,#3309,
#3310,#3311,#3312,#3313,#3314,#3315,#3316,#3317),.UNSPECIFIED.,.F.,.F.,
(4,2,2,2,2,2,4),(0.135779965134253,0.170695014922289,0.228315679427775,
0.290766926355139,0.353218173282503,0.410566302214514,0.467914431146524),
 .UNSPECIFIED.);
#44=B_SPLINE_CURVE_WITH_KNOTS('',3,(#3320,#3321,#3322,#3323,#3324,#3325,
#3326,#3327,#3328,#3329),.UNSPECIFIED.,.F.,.F.,(4,2,2,2,4),(0.,0.0573481289320102,
0.11469625786402,0.177147504791384,0.239598751718748),.UNSPECIFIED.);
#45=ELLIPSE('',#1863,1.50572975631502,1.5);
#46=ELLIPSE('',#1866,1.50572975631502,1.5);
#47=ELLIPSE('',#1873,1.55592074819219,1.55);
#48=ELLIPSE('',#1874,5.01909918771674,5.);
#49=ELLIPSE('',#1908,4.01527935017339,4.);
#50=ELLIPSE('',#1937,5.01909918771674,5.);
#51=ELLIPSE('',#1938,1.55592074819219,1.55);
#52=PLANE('',#1852);
#53=PLANE('',#1856);
#54=PLANE('',#1862);
#55=PLANE('',#1864);
#56=PLANE('',#1865);
#57=PLANE('',#1869);
#58=PLANE('',#1872);
#59=PLANE('',#1877);
#60=PLANE('',#1885);
#61=PLANE('',#1888);
#62=PLANE('',#1897);
#63=PLANE('',#1898);
#64=PLANE('',#1899);
#65=PLANE('',#1900);
#66=PLANE('',#1911);
#67=PLANE('',#1912);
#68=PLANE('',#1913);
#69=PLANE('',#1914);
#70=PLANE('',#1915);
#71=PLANE('',#1916);
#72=PLANE('',#1917);
#73=PLANE('',#1918);
#74=PLANE('',#1919);
#75=PLANE('',#1921);
#76=PLANE('',#1936);
#77=PLANE('',#1939);
#78=PLANE('',#1941);
#79=PLANE('',#1942);
#80=PLANE('',#1943);
#81=PLANE('',#1944);
#82=PLANE('',#1945);
#83=PLANE('',#1946);
#84=PLANE('',#1947);
#85=PLANE('',#1948);
#86=PLANE('',#1949);
#87=PLANE('',#1950);
#88=PLANE('',#1958);
#89=PLANE('',#1959);
#90=PLANE('',#1971);
#91=PLANE('',#1978);
#92=PLANE('',#1985);
#93=PLANE('',#1988);
#94=PLANE('',#1991);
#95=PLANE('',#1998);
#96=PLANE('',#2000);
#97=PLANE('',#2001);
#98=PLANE('',#2004);
#99=PLANE('',#2006);
#100=PLANE('',#2007);
#101=PLANE('',#2008);
#102=PLANE('',#2010);
#103=PLANE('',#2012);
#104=PLANE('',#2015);
#105=PLANE('',#2018);
#106=PLANE('',#2019);
#107=FACE_OUTER_BOUND('',#201,.T.);
#108=FACE_OUTER_BOUND('',#202,.T.);
#109=FACE_OUTER_BOUND('',#203,.T.);
#110=FACE_OUTER_BOUND('',#204,.T.);
#111=FACE_OUTER_BOUND('',#205,.T.);
#112=FACE_OUTER_BOUND('',#206,.T.);
#113=FACE_OUTER_BOUND('',#207,.T.);
#114=FACE_OUTER_BOUND('',#208,.T.);
#115=FACE_OUTER_BOUND('',#209,.T.);
#116=FACE_OUTER_BOUND('',#210,.T.);
#117=FACE_OUTER_BOUND('',#211,.T.);
#118=FACE_OUTER_BOUND('',#212,.T.);
#119=FACE_OUTER_BOUND('',#213,.T.);
#120=FACE_OUTER_BOUND('',#214,.T.);
#121=FACE_OUTER_BOUND('',#215,.T.);
#122=FACE_OUTER_BOUND('',#216,.T.);
#123=FACE_OUTER_BOUND('',#217,.T.);
#124=FACE_OUTER_BOUND('',#218,.T.);
#125=FACE_OUTER_BOUND('',#219,.T.);
#126=FACE_OUTER_BOUND('',#221,.T.);
#127=FACE_OUTER_BOUND('',#222,.T.);
#128=FACE_OUTER_BOUND('',#223,.T.);
#129=FACE_OUTER_BOUND('',#224,.T.);
#130=FACE_OUTER_BOUND('',#225,.T.);
#131=FACE_OUTER_BOUND('',#226,.T.);
#132=FACE_OUTER_BOUND('',#227,.T.);
#133=FACE_OUTER_BOUND('',#228,.T.);
#134=FACE_OUTER_BOUND('',#229,.T.);
#135=FACE_OUTER_BOUND('',#230,.T.);
#136=FACE_OUTER_BOUND('',#231,.T.);
#137=FACE_OUTER_BOUND('',#232,.T.);
#138=FACE_OUTER_BOUND('',#233,.T.);
#139=FACE_OUTER_BOUND('',#234,.T.);
#140=FACE_OUTER_BOUND('',#235,.T.);
#141=FACE_OUTER_BOUND('',#236,.T.);
#142=FACE_OUTER_BOUND('',#237,.T.);
#143=FACE_OUTER_BOUND('',#238,.T.);
#144=FACE_OUTER_BOUND('',#239,.T.);
#145=FACE_OUTER_BOUND('',#241,.T.);
#146=FACE_OUTER_BOUND('',#242,.T.);
#147=FACE_OUTER_BOUND('',#243,.T.);
#148=FACE_OUTER_BOUND('',#244,.T.);
#149=FACE_OUTER_BOUND('',#245,.T.);
#150=FACE_OUTER_BOUND('',#246,.T.);
#151=FACE_OUTER_BOUND('',#247,.T.);
#152=FACE_OUTER_BOUND('',#248,.T.);
#153=FACE_OUTER_BOUND('',#249,.T.);
#154=FACE_OUTER_BOUND('',#250,.T.);
#155=FACE_OUTER_BOUND('',#251,.T.);
#156=FACE_OUTER_BOUND('',#252,.T.);
#157=FACE_OUTER_BOUND('',#253,.T.);
#158=FACE_OUTER_BOUND('',#254,.T.);
#159=FACE_OUTER_BOUND('',#255,.T.);
#160=FACE_OUTER_BOUND('',#256,.T.);
#161=FACE_OUTER_BOUND('',#257,.T.);
#162=FACE_OUTER_BOUND('',#258,.T.);
#163=FACE_OUTER_BOUND('',#259,.T.);
#164=FACE_OUTER_BOUND('',#260,.T.);
#165=FACE_OUTER_BOUND('',#261,.T.);
#166=FACE_OUTER_BOUND('',#262,.T.);
#167=FACE_OUTER_BOUND('',#263,.T.);
#168=FACE_OUTER_BOUND('',#264,.T.);
#169=FACE_OUTER_BOUND('',#265,.T.);
#170=FACE_OUTER_BOUND('',#266,.T.);
#171=FACE_OUTER_BOUND('',#267,.T.);
#172=FACE_OUTER_BOUND('',#268,.T.);
#173=FACE_OUTER_BOUND('',#269,.T.);
#174=FACE_OUTER_BOUND('',#270,.T.);
#175=FACE_OUTER_BOUND('',#271,.T.);
#176=FACE_OUTER_BOUND('',#272,.T.);
#177=FACE_OUTER_BOUND('',#273,.T.);
#178=FACE_OUTER_BOUND('',#274,.T.);
#179=FACE_OUTER_BOUND('',#275,.T.);
#180=FACE_OUTER_BOUND('',#276,.T.);
#181=FACE_OUTER_BOUND('',#278,.T.);
#182=FACE_OUTER_BOUND('',#279,.T.);
#183=FACE_OUTER_BOUND('',#280,.T.);
#184=FACE_OUTER_BOUND('',#281,.T.);
#185=FACE_OUTER_BOUND('',#282,.T.);
#186=FACE_OUTER_BOUND('',#283,.T.);
#187=FACE_OUTER_BOUND('',#284,.T.);
#188=FACE_OUTER_BOUND('',#285,.T.);
#189=FACE_OUTER_BOUND('',#286,.T.);
#190=FACE_OUTER_BOUND('',#287,.T.);
#191=FACE_OUTER_BOUND('',#288,.T.);
#192=FACE_OUTER_BOUND('',#289,.T.);
#193=FACE_OUTER_BOUND('',#290,.T.);
#194=FACE_OUTER_BOUND('',#291,.T.);
#195=FACE_OUTER_BOUND('',#292,.T.);
#196=FACE_OUTER_BOUND('',#293,.T.);
#197=FACE_OUTER_BOUND('',#294,.T.);
#198=FACE_OUTER_BOUND('',#295,.T.);
#199=FACE_OUTER_BOUND('',#296,.T.);
#200=FACE_OUTER_BOUND('',#297,.T.);
#201=EDGE_LOOP('',(#1169,#1170,#1171,#1172));
#202=EDGE_LOOP('',(#1173,#1174,#1175,#1176,#1177,#1178,#1179,#1180));
#203=EDGE_LOOP('',(#1181,#1182,#1183,#1184));
#204=EDGE_LOOP('',(#1185,#1186,#1187,#1188));
#205=EDGE_LOOP('',(#1189,#1190,#1191,#1192,#1193,#1194));
#206=EDGE_LOOP('',(#1195,#1196,#1197,#1198,#1199,#1200,#1201,#1202));
#207=EDGE_LOOP('',(#1203,#1204,#1205,#1206));
#208=EDGE_LOOP('',(#1207,#1208,#1209,#1210,#1211,#1212,#1213,#1214));
#209=EDGE_LOOP('',(#1215,#1216,#1217,#1218));
#210=EDGE_LOOP('',(#1219,#1220,#1221,#1222,#1223,#1224,#1225,#1226));
#211=EDGE_LOOP('',(#1227,#1228,#1229,#1230));
#212=EDGE_LOOP('',(#1231,#1232,#1233,#1234,#1235,#1236,#1237));
#213=EDGE_LOOP('',(#1238,#1239,#1240,#1241));
#214=EDGE_LOOP('',(#1242,#1243,#1244,#1245,#1246));
#215=EDGE_LOOP('',(#1247,#1248,#1249,#1250,#1251,#1252));
#216=EDGE_LOOP('',(#1253,#1254,#1255,#1256));
#217=EDGE_LOOP('',(#1257,#1258,#1259,#1260,#1261));
#218=EDGE_LOOP('',(#1262,#1263,#1264,#1265));
#219=EDGE_LOOP('',(#1266,#1267,#1268,#1269,#1270,#1271,#1272,#1273,#1274,
#1275,#1276,#1277,#1278,#1279,#1280,#1281,#1282,#1283,#1284,#1285,#1286,
#1287,#1288,#1289,#1290,#1291,#1292,#1293));
#220=EDGE_LOOP('',(#1294));
#221=EDGE_LOOP('',(#1295,#1296,#1297,#1298));
#222=EDGE_LOOP('',(#1299,#1300,#1301,#1302,#1303,#1304));
#223=EDGE_LOOP('',(#1305,#1306,#1307,#1308,#1309,#1310,#1311,#1312));
#224=EDGE_LOOP('',(#1313,#1314,#1315,#1316,#1317,#1318,#1319));
#225=EDGE_LOOP('',(#1320,#1321,#1322,#1323,#1324,#1325,#1326));
#226=EDGE_LOOP('',(#1327,#1328,#1329,#1330,#1331,#1332,#1333));
#227=EDGE_LOOP('',(#1334,#1335,#1336,#1337,#1338));
#228=EDGE_LOOP('',(#1339));
#229=EDGE_LOOP('',(#1340,#1341,#1342,#1343,#1344));
#230=EDGE_LOOP('',(#1345,#1346,#1347,#1348,#1349,#1350));
#231=EDGE_LOOP('',(#1351,#1352,#1353,#1354));
#232=EDGE_LOOP('',(#1355,#1356,#1357,#1358,#1359));
#233=EDGE_LOOP('',(#1360,#1361,#1362,#1363));
#234=EDGE_LOOP('',(#1364,#1365,#1366,#1367));
#235=EDGE_LOOP('',(#1368,#1369,#1370,#1371));
#236=EDGE_LOOP('',(#1372,#1373,#1374,#1375,#1376));
#237=EDGE_LOOP('',(#1377,#1378,#1379,#1380,#1381,#1382,#1383,#1384,#1385,
#1386,#1387,#1388,#1389,#1390,#1391,#1392,#1393,#1394,#1395,#1396,#1397,
#1398,#1399,#1400,#1401,#1402,#1403,#1404,#1405,#1406,#1407,#1408,#1409,
#1410,#1411,#1412,#1413,#1414,#1415,#1416,#1417,#1418,#1419));
#238=EDGE_LOOP('',(#1420,#1421,#1422,#1423,#1424,#1425,#1426));
#239=EDGE_LOOP('',(#1427,#1428,#1429,#1430,#1431,#1432,#1433,#1434));
#240=EDGE_LOOP('',(#1435,#1436,#1437,#1438,#1439,#1440));
#241=EDGE_LOOP('',(#1441,#1442,#1443,#1444));
#242=EDGE_LOOP('',(#1445,#1446,#1447,#1448));
#243=EDGE_LOOP('',(#1449,#1450,#1451,#1452));
#244=EDGE_LOOP('',(#1453,#1454,#1455,#1456));
#245=EDGE_LOOP('',(#1457,#1458,#1459,#1460));
#246=EDGE_LOOP('',(#1461,#1462,#1463,#1464));
#247=EDGE_LOOP('',(#1465,#1466,#1467,#1468));
#248=EDGE_LOOP('',(#1469,#1470,#1471,#1472));
#249=EDGE_LOOP('',(#1473,#1474,#1475,#1476,#1477,#1478,#1479,#1480));
#250=EDGE_LOOP('',(#1481,#1482,#1483,#1484));
#251=EDGE_LOOP('',(#1485,#1486,#1487,#1488));
#252=EDGE_LOOP('',(#1489,#1490,#1491,#1492));
#253=EDGE_LOOP('',(#1493,#1494,#1495,#1496,#1497));
#254=EDGE_LOOP('',(#1498,#1499,#1500,#1501,#1502));
#255=EDGE_LOOP('',(#1503));
#256=EDGE_LOOP('',(#1504,#1505,#1506,#1507));
#257=EDGE_LOOP('',(#1508,#1509,#1510,#1511,#1512));
#258=EDGE_LOOP('',(#1513,#1514,#1515,#1516));
#259=EDGE_LOOP('',(#1517,#1518,#1519,#1520,#1521,#1522));
#260=EDGE_LOOP('',(#1523,#1524,#1525,#1526,#1527,#1528,#1529));
#261=EDGE_LOOP('',(#1530,#1531,#1532,#1533,#1534,#1535));
#262=EDGE_LOOP('',(#1536,#1537,#1538,#1539,#1540,#1541));
#263=EDGE_LOOP('',(#1542,#1543,#1544,#1545,#1546));
#264=EDGE_LOOP('',(#1547));
#265=EDGE_LOOP('',(#1548,#1549,#1550,#1551,#1552,#1553,#1554,#1555,#1556,
#1557,#1558,#1559,#1560,#1561,#1562,#1563,#1564,#1565,#1566,#1567));
#266=EDGE_LOOP('',(#1568,#1569,#1570,#1571,#1572));
#267=EDGE_LOOP('',(#1573,#1574,#1575,#1576));
#268=EDGE_LOOP('',(#1577,#1578,#1579,#1580));
#269=EDGE_LOOP('',(#1581,#1582,#1583,#1584));
#270=EDGE_LOOP('',(#1585,#1586,#1587,#1588,#1589));
#271=EDGE_LOOP('',(#1590,#1591,#1592,#1593));
#272=EDGE_LOOP('',(#1594,#1595,#1596,#1597,#1598,#1599,#1600));
#273=EDGE_LOOP('',(#1601,#1602,#1603,#1604));
#274=EDGE_LOOP('',(#1605,#1606,#1607,#1608,#1609));
#275=EDGE_LOOP('',(#1610,#1611,#1612,#1613));
#276=EDGE_LOOP('',(#1614,#1615,#1616,#1617,#1618,#1619,#1620,#1621,#1622));
#277=EDGE_LOOP('',(#1623,#1624,#1625,#1626,#1627,#1628));
#278=EDGE_LOOP('',(#1629));
#279=EDGE_LOOP('',(#1630,#1631,#1632,#1633));
#280=EDGE_LOOP('',(#1634,#1635,#1636,#1637));
#281=EDGE_LOOP('',(#1638,#1639,#1640,#1641));
#282=EDGE_LOOP('',(#1642,#1643,#1644,#1645));
#283=EDGE_LOOP('',(#1646,#1647,#1648,#1649));
#284=EDGE_LOOP('',(#1650,#1651,#1652,#1653));
#285=EDGE_LOOP('',(#1654,#1655,#1656,#1657));
#286=EDGE_LOOP('',(#1658,#1659,#1660,#1661));
#287=EDGE_LOOP('',(#1662,#1663,#1664,#1665,#1666,#1667));
#288=EDGE_LOOP('',(#1668,#1669,#1670,#1671));
#289=EDGE_LOOP('',(#1672,#1673,#1674,#1675));
#290=EDGE_LOOP('',(#1676,#1677,#1678,#1679));
#291=EDGE_LOOP('',(#1680,#1681,#1682,#1683));
#292=EDGE_LOOP('',(#1684,#1685,#1686,#1687));
#293=EDGE_LOOP('',(#1688,#1689,#1690,#1691));
#294=EDGE_LOOP('',(#1692,#1693,#1694,#1695));
#295=EDGE_LOOP('',(#1696,#1697,#1698,#1699,#1700));
#296=EDGE_LOOP('',(#1701,#1702,#1703,#1704,#1705,#1706));
#297=EDGE_LOOP('',(#1707,#1708,#1709,#1710));
#298=LINE('',#2544,#472);
#299=LINE('',#2547,#473);
#300=LINE('',#2550,#474);
#301=LINE('',#2552,#475);
#302=LINE('',#2554,#476);
#303=LINE('',#2560,#477);
#304=LINE('',#2564,#478);
#305=LINE('',#2565,#479);
#306=LINE('',#2568,#480);
#307=LINE('',#2571,#481);
#308=LINE('',#2576,#482);
#309=LINE('',#2579,#483);
#310=LINE('',#2583,#484);
#311=LINE('',#2585,#485);
#312=LINE('',#2586,#486);
#313=LINE('',#2588,#487);
#314=LINE('',#2590,#488);
#315=LINE('',#2593,#489);
#316=LINE('',#2598,#490);
#317=LINE('',#2602,#491);
#318=LINE('',#2604,#492);
#319=LINE('',#2605,#493);
#320=LINE('',#2608,#494);
#321=LINE('',#2620,#495);
#322=LINE('',#2625,#496);
#323=LINE('',#2627,#497);
#324=LINE('',#2629,#498);
#325=LINE('',#2631,#499);
#326=LINE('',#2632,#500);
#327=LINE('',#2635,#501);
#328=LINE('',#2647,#502);
#329=LINE('',#2652,#503);
#330=LINE('',#2654,#504);
#331=LINE('',#2656,#505);
#332=LINE('',#2661,#506);
#333=LINE('',#2667,#507);
#334=LINE('',#2671,#508);
#335=LINE('',#2672,#509);
#336=LINE('',#2675,#510);
#337=LINE('',#2679,#511);
#338=LINE('',#2682,#512);
#339=LINE('',#2701,#513);
#340=LINE('',#2703,#514);
#341=LINE('',#2704,#515);
#342=LINE('',#2707,#516);
#343=LINE('',#2710,#517);
#344=LINE('',#2713,#518);
#345=LINE('',#2715,#519);
#346=LINE('',#2717,#520);
#347=LINE('',#2721,#521);
#348=LINE('',#2725,#522);
#349=LINE('',#2727,#523);
#350=LINE('',#2731,#524);
#351=LINE('',#2735,#525);
#352=LINE('',#2737,#526);
#353=LINE('',#2741,#527);
#354=LINE('',#2745,#528);
#355=LINE('',#2804,#529);
#356=LINE('',#2806,#530);
#357=LINE('',#2808,#531);
#358=LINE('',#2809,#532);
#359=LINE('',#2814,#533);
#360=LINE('',#2815,#534);
#361=LINE('',#2817,#535);
#362=LINE('',#2820,#536);
#363=LINE('',#2822,#537);
#364=LINE('',#2824,#538);
#365=LINE('',#2826,#539);
#366=LINE('',#2827,#540);
#367=LINE('',#2830,#541);
#368=LINE('',#2831,#542);
#369=LINE('',#2856,#543);
#370=LINE('',#2860,#544);
#371=LINE('',#2863,#545);
#372=LINE('',#2866,#546);
#373=LINE('',#2870,#547);
#374=LINE('',#2872,#548);
#375=LINE('',#2873,#549);
#376=LINE('',#2875,#550);
#377=LINE('',#2878,#551);
#378=LINE('',#2879,#552);
#379=LINE('',#2882,#553);
#380=LINE('',#2883,#554);
#381=LINE('',#2886,#555);
#382=LINE('',#2887,#556);
#383=LINE('',#2891,#557);
#384=LINE('',#2893,#558);
#385=LINE('',#2895,#559);
#386=LINE('',#2896,#560);
#387=LINE('',#2899,#561);
#388=LINE('',#2901,#562);
#389=LINE('',#2902,#563);
#390=LINE('',#2905,#564);
#391=LINE('',#2909,#565);
#392=LINE('',#2910,#566);
#393=LINE('',#2913,#567);
#394=LINE('',#2914,#568);
#395=LINE('',#2916,#569);
#396=LINE('',#2922,#570);
#397=LINE('',#2926,#571);
#398=LINE('',#2932,#572);
#399=LINE('',#2938,#573);
#400=LINE('',#2940,#574);
#401=LINE('',#2941,#575);
#402=LINE('',#3001,#576);
#403=LINE('',#3005,#577);
#404=LINE('',#3009,#578);
#405=LINE('',#3011,#579);
#406=LINE('',#3015,#580);
#407=LINE('',#3019,#581);
#408=LINE('',#3021,#582);
#409=LINE('',#3025,#583);
#410=LINE('',#3028,#584);
#411=LINE('',#3034,#585);
#412=LINE('',#3036,#586);
#413=LINE('',#3039,#587);
#414=LINE('',#3042,#588);
#415=LINE('',#3044,#589);
#416=LINE('',#3046,#590);
#417=LINE('',#3048,#591);
#418=LINE('',#3050,#592);
#419=LINE('',#3051,#593);
#420=LINE('',#3053,#594);
#421=LINE('',#3055,#595);
#422=LINE('',#3058,#596);
#423=LINE('',#3060,#597);
#424=LINE('',#3061,#598);
#425=LINE('',#3064,#599);
#426=LINE('',#3065,#600);
#427=LINE('',#3068,#601);
#428=LINE('',#3069,#602);
#429=LINE('',#3072,#603);
#430=LINE('',#3073,#604);
#431=LINE('',#3076,#605);
#432=LINE('',#3077,#606);
#433=LINE('',#3079,#607);
#434=LINE('',#3081,#608);
#435=LINE('',#3115,#609);
#436=LINE('',#3126,#610);
#437=LINE('',#3130,#611);
#438=LINE('',#3131,#612);
#439=LINE('',#3223,#613);
#440=LINE('',#3244,#614);
#441=LINE('',#3246,#615);
#442=LINE('',#3247,#616);
#443=LINE('',#3250,#617);
#444=LINE('',#3274,#618);
#445=LINE('',#3319,#619);
#446=LINE('',#3332,#620);
#447=LINE('',#3335,#621);
#448=LINE('',#3338,#622);
#449=LINE('',#3342,#623);
#450=LINE('',#3343,#624);
#451=LINE('',#3346,#625);
#452=LINE('',#3349,#626);
#453=LINE('',#3356,#627);
#454=LINE('',#3360,#628);
#455=LINE('',#3364,#629);
#456=LINE('',#3368,#630);
#457=LINE('',#3371,#631);
#458=LINE('',#3374,#632);
#459=LINE('',#3375,#633);
#460=LINE('',#3377,#634);
#461=LINE('',#3379,#635);
#462=LINE('',#3381,#636);
#463=LINE('',#3383,#637);
#464=LINE('',#3385,#638);
#465=LINE('',#3387,#639);
#466=LINE('',#3388,#640);
#467=LINE('',#3391,#641);
#468=LINE('',#3393,#642);
#469=LINE('',#3395,#643);
#470=LINE('',#3397,#644);
#471=LINE('',#3400,#645);
#472=VECTOR('',#2026,10.);
#473=VECTOR('',#2029,10.);
#474=VECTOR('',#2032,10.);
#475=VECTOR('',#2033,10.);
#476=VECTOR('',#2034,10.);
#477=VECTOR('',#2039,10.);
#478=VECTOR('',#2044,10.);
#479=VECTOR('',#2045,10.);
#480=VECTOR('',#2048,10.);
#481=VECTOR('',#2051,10.);
#482=VECTOR('',#2056,10.);
#483=VECTOR('',#2059,10.);
#484=VECTOR('',#2062,10.);
#485=VECTOR('',#2063,10.);
#486=VECTOR('',#2064,10.);
#487=VECTOR('',#2065,10.);
#488=VECTOR('',#2066,10.);
#489=VECTOR('',#2071,10.);
#490=VECTOR('',#2076,10.);
#491=VECTOR('',#2079,10.);
#492=VECTOR('',#2080,10.);
#493=VECTOR('',#2081,10.);
#494=VECTOR('',#2084,10.);
#495=VECTOR('',#2085,10.);
#496=VECTOR('',#2090,10.);
#497=VECTOR('',#2091,10.);
#498=VECTOR('',#2092,10.);
#499=VECTOR('',#2093,10.);
#500=VECTOR('',#2094,10.);
#501=VECTOR('',#2097,10.);
#502=VECTOR('',#2098,10.);
#503=VECTOR('',#2103,10.);
#504=VECTOR('',#2104,10.);
#505=VECTOR('',#2105,10.);
#506=VECTOR('',#2112,10.);
#507=VECTOR('',#2117,10.);
#508=VECTOR('',#2120,10.);
#509=VECTOR('',#2121,10.);
#510=VECTOR('',#2124,10.);
#511=VECTOR('',#2127,10.);
#512=VECTOR('',#2130,10.);
#513=VECTOR('',#2135,10.);
#514=VECTOR('',#2138,10.);
#515=VECTOR('',#2139,10.);
#516=VECTOR('',#2142,10.);
#517=VECTOR('',#2145,10.);
#518=VECTOR('',#2148,10.);
#519=VECTOR('',#2149,10.);
#520=VECTOR('',#2150,10.);
#521=VECTOR('',#2153,10.);
#522=VECTOR('',#2156,10.);
#523=VECTOR('',#2157,10.);
#524=VECTOR('',#2160,10.);
#525=VECTOR('',#2163,10.);
#526=VECTOR('',#2164,10.);
#527=VECTOR('',#2167,10.);
#528=VECTOR('',#2170,10.);
#529=VECTOR('',#2173,10.);
#530=VECTOR('',#2174,10.);
#531=VECTOR('',#2175,10.);
#532=VECTOR('',#2176,10.);
#533=VECTOR('',#2181,10.);
#534=VECTOR('',#2182,10.);
#535=VECTOR('',#2185,10.);
#536=VECTOR('',#2188,10.);
#537=VECTOR('',#2189,10.);
#538=VECTOR('',#2190,10.);
#539=VECTOR('',#2191,10.);
#540=VECTOR('',#2192,10.);
#541=VECTOR('',#2195,10.);
#542=VECTOR('',#2196,10.);
#543=VECTOR('',#2209,10.);
#544=VECTOR('',#2212,10.);
#545=VECTOR('',#2215,10.);
#546=VECTOR('',#2218,3.87499999999999);
#547=VECTOR('',#2225,10.);
#548=VECTOR('',#2226,10.);
#549=VECTOR('',#2227,10.);
#550=VECTOR('',#2230,10.);
#551=VECTOR('',#2233,10.);
#552=VECTOR('',#2234,10.);
#553=VECTOR('',#2237,10.);
#554=VECTOR('',#2238,10.);
#555=VECTOR('',#2241,10.);
#556=VECTOR('',#2242,10.);
#557=VECTOR('',#2245,10.);
#558=VECTOR('',#2246,10.);
#559=VECTOR('',#2247,10.);
#560=VECTOR('',#2248,10.);
#561=VECTOR('',#2251,10.);
#562=VECTOR('',#2252,10.);
#563=VECTOR('',#2253,10.);
#564=VECTOR('',#2256,10.);
#565=VECTOR('',#2259,10.);
#566=VECTOR('',#2260,10.);
#567=VECTOR('',#2263,10.);
#568=VECTOR('',#2264,10.);
#569=VECTOR('',#2265,10.);
#570=VECTOR('',#2270,10.);
#571=VECTOR('',#2273,10.);
#572=VECTOR('',#2278,10.);
#573=VECTOR('',#2283,10.);
#574=VECTOR('',#2284,10.);
#575=VECTOR('',#2285,10.);
#576=VECTOR('',#2288,10.);
#577=VECTOR('',#2291,10.);
#578=VECTOR('',#2294,10.);
#579=VECTOR('',#2295,10.);
#580=VECTOR('',#2298,10.);
#581=VECTOR('',#2301,10.);
#582=VECTOR('',#2302,10.);
#583=VECTOR('',#2305,10.);
#584=VECTOR('',#2308,10.);
#585=VECTOR('',#2317,10.);
#586=VECTOR('',#2318,10.);
#587=VECTOR('',#2321,10.);
#588=VECTOR('',#2322,10.);
#589=VECTOR('',#2323,10.);
#590=VECTOR('',#2324,10.);
#591=VECTOR('',#2325,10.);
#592=VECTOR('',#2326,10.);
#593=VECTOR('',#2327,10.);
#594=VECTOR('',#2330,10.);
#595=VECTOR('',#2333,10.);
#596=VECTOR('',#2336,10.);
#597=VECTOR('',#2337,10.);
#598=VECTOR('',#2338,10.);
#599=VECTOR('',#2341,10.);
#600=VECTOR('',#2342,10.);
#601=VECTOR('',#2345,10.);
#602=VECTOR('',#2346,10.);
#603=VECTOR('',#2349,10.);
#604=VECTOR('',#2350,10.);
#605=VECTOR('',#2353,10.);
#606=VECTOR('',#2354,10.);
#607=VECTOR('',#2357,10.);
#608=VECTOR('',#2360,10.);
#609=VECTOR('',#2363,10.);
#610=VECTOR('',#2378,3.875);
#611=VECTOR('',#2383,10.);
#612=VECTOR('',#2384,10.);
#613=VECTOR('',#2397,3.875);
#614=VECTOR('',#2410,10.);
#615=VECTOR('',#2411,10.);
#616=VECTOR('',#2412,10.);
#617=VECTOR('',#2415,3.875);
#618=VECTOR('',#2432,10.);
#619=VECTOR('',#2433,10.);
#620=VECTOR('',#2436,10.);
#621=VECTOR('',#2439,10.);
#622=VECTOR('',#2442,10.);
#623=VECTOR('',#2447,10.);
#624=VECTOR('',#2448,10.);
#625=VECTOR('',#2451,10.);
#626=VECTOR('',#2456,10.);
#627=VECTOR('',#2467,10.);
#628=VECTOR('',#2472,10.);
#629=VECTOR('',#2477,10.);
#630=VECTOR('',#2482,10.);
#631=VECTOR('',#2487,10.);
#632=VECTOR('',#2492,10.);
#633=VECTOR('',#2493,10.);
#634=VECTOR('',#2496,10.);
#635=VECTOR('',#2499,10.);
#636=VECTOR('',#2502,10.);
#637=VECTOR('',#2505,10.);
#638=VECTOR('',#2508,10.);
#639=VECTOR('',#2511,10.);
#640=VECTOR('',#2512,10.);
#641=VECTOR('',#2517,10.);
#642=VECTOR('',#2520,10.);
#643=VECTOR('',#2523,10.);
#644=VECTOR('',#2526,10.);
#645=VECTOR('',#2531,10.);
#646=CIRCLE('',#1850,1.);
#647=CIRCLE('',#1851,1.);
#648=CIRCLE('',#1853,1.);
#649=CIRCLE('',#1854,1.5);
#650=CIRCLE('',#1855,1.5);
#651=CIRCLE('',#1858,1.);
#652=CIRCLE('',#1860,1.5);
#653=CIRCLE('',#1861,1.5);
#654=CIRCLE('',#1867,1.5);
#655=CIRCLE('',#1870,1.55);
#656=CIRCLE('',#1876,1.55);
#657=CIRCLE('',#1878,5.);
#658=CIRCLE('',#1879,1.1);
#659=CIRCLE('',#1881,5.);
#660=CIRCLE('',#1882,5.);
#661=CIRCLE('',#1884,1.1);
#662=CIRCLE('',#1887,1.1);
#663=CIRCLE('',#1889,1.5);
#664=CIRCLE('',#1890,1.5);
#665=CIRCLE('',#1891,1.5);
#666=CIRCLE('',#1892,1.5);
#667=CIRCLE('',#1893,1.5);
#668=CIRCLE('',#1894,1.5);
#669=CIRCLE('',#1895,6.);
#670=CIRCLE('',#1896,3.875);
#671=CIRCLE('',#1902,1.5);
#672=CIRCLE('',#1903,3.87499999999999);
#673=CIRCLE('',#1904,3.87499999999999);
#674=CIRCLE('',#1905,5.37499999999999);
#675=CIRCLE('',#1907,4.);
#676=CIRCLE('',#1910,3.87499999999999);
#677=CIRCLE('',#1920,5.);
#678=CIRCLE('',#1922,1.5);
#679=CIRCLE('',#1923,6.125);
#680=CIRCLE('',#1924,5.375);
#681=CIRCLE('',#1925,6.125);
#682=CIRCLE('',#1926,1.5);
#683=CIRCLE('',#1927,5.375);
#684=CIRCLE('',#1928,5.375);
#685=CIRCLE('',#1929,7.02799179642961);
#686=CIRCLE('',#1930,1.5);
#687=CIRCLE('',#1931,1.5);
#688=CIRCLE('',#1932,1.5);
#689=CIRCLE('',#1933,1.5);
#690=CIRCLE('',#1934,1.5);
#691=CIRCLE('',#1935,1.5);
#692=CIRCLE('',#1940,1.5);
#693=CIRCLE('',#1953,3.66262607162449);
#694=CIRCLE('',#1954,1.);
#695=CIRCLE('',#1955,2.66399653686991);
#696=CIRCLE('',#1956,3.66262607162449);
#697=CIRCLE('',#1961,1.5);
#698=CIRCLE('',#1962,1.5);
#699=CIRCLE('',#1963,3.875);
#700=CIRCLE('',#1964,3.875);
#701=CIRCLE('',#1966,3.875);
#702=CIRCLE('',#1968,1.5);
#703=CIRCLE('',#1969,3.875);
#704=CIRCLE('',#1970,3.875);
#705=CIRCLE('',#1973,3.875);
#706=CIRCLE('',#1974,3.875);
#707=CIRCLE('',#1976,2.375);
#708=CIRCLE('',#1977,1.5);
#709=CIRCLE('',#1980,5.);
#710=CIRCLE('',#1982,6.125);
#711=CIRCLE('',#1984,1.5);
#712=CIRCLE('',#1987,1.5);
#713=CIRCLE('',#1990,1.5);
#714=CIRCLE('',#1993,1.5);
#715=CIRCLE('',#1995,6.125);
#716=CIRCLE('',#1997,1.5);
#717=CIRCLE('',#1999,1.5);
#718=VERTEX_POINT('',#2540);
#719=VERTEX_POINT('',#2541);
#720=VERTEX_POINT('',#2543);
#721=VERTEX_POINT('',#2545);
#722=VERTEX_POINT('',#2549);
#723=VERTEX_POINT('',#2551);
#724=VERTEX_POINT('',#2553);
#725=VERTEX_POINT('',#2555);
#726=VERTEX_POINT('',#2557);
#727=VERTEX_POINT('',#2559);
#728=VERTEX_POINT('',#2563);
#729=VERTEX_POINT('',#2567);
#730=VERTEX_POINT('',#2569);
#731=VERTEX_POINT('',#2573);
#732=VERTEX_POINT('',#2575);
#733=VERTEX_POINT('',#2577);
#734=VERTEX_POINT('',#2581);
#735=VERTEX_POINT('',#2582);
#736=VERTEX_POINT('',#2584);
#737=VERTEX_POINT('',#2587);
#738=VERTEX_POINT('',#2589);
#739=VERTEX_POINT('',#2595);
#740=VERTEX_POINT('',#2596);
#741=VERTEX_POINT('',#2599);
#742=VERTEX_POINT('',#2601);
#743=VERTEX_POINT('',#2603);
#744=VERTEX_POINT('',#2607);
#745=VERTEX_POINT('',#2609);
#746=VERTEX_POINT('',#2622);
#747=VERTEX_POINT('',#2624);
#748=VERTEX_POINT('',#2626);
#749=VERTEX_POINT('',#2628);
#750=VERTEX_POINT('',#2630);
#751=VERTEX_POINT('',#2634);
#752=VERTEX_POINT('',#2636);
#753=VERTEX_POINT('',#2649);
#754=VERTEX_POINT('',#2651);
#755=VERTEX_POINT('',#2653);
#756=VERTEX_POINT('',#2655);
#757=VERTEX_POINT('',#2659);
#758=VERTEX_POINT('',#2663);
#759=VERTEX_POINT('',#2664);
#760=VERTEX_POINT('',#2666);
#761=VERTEX_POINT('',#2668);
#762=VERTEX_POINT('',#2670);
#763=VERTEX_POINT('',#2674);
#764=VERTEX_POINT('',#2676);
#765=VERTEX_POINT('',#2678);
#766=VERTEX_POINT('',#2680);
#767=VERTEX_POINT('',#2684);
#768=VERTEX_POINT('',#2686);
#769=VERTEX_POINT('',#2706);
#770=VERTEX_POINT('',#2708);
#771=VERTEX_POINT('',#2712);
#772=VERTEX_POINT('',#2714);
#773=VERTEX_POINT('',#2716);
#774=VERTEX_POINT('',#2718);
#775=VERTEX_POINT('',#2720);
#776=VERTEX_POINT('',#2722);
#777=VERTEX_POINT('',#2724);
#778=VERTEX_POINT('',#2726);
#779=VERTEX_POINT('',#2728);
#780=VERTEX_POINT('',#2730);
#781=VERTEX_POINT('',#2732);
#782=VERTEX_POINT('',#2734);
#783=VERTEX_POINT('',#2736);
#784=VERTEX_POINT('',#2738);
#785=VERTEX_POINT('',#2740);
#786=VERTEX_POINT('',#2742);
#787=VERTEX_POINT('',#2744);
#788=VERTEX_POINT('',#2746);
#789=VERTEX_POINT('',#2803);
#790=VERTEX_POINT('',#2805);
#791=VERTEX_POINT('',#2807);
#792=VERTEX_POINT('',#2810);
#793=VERTEX_POINT('',#2813);
#794=VERTEX_POINT('',#2819);
#795=VERTEX_POINT('',#2821);
#796=VERTEX_POINT('',#2823);
#797=VERTEX_POINT('',#2825);
#798=VERTEX_POINT('',#2829);
#799=VERTEX_POINT('',#2833);
#800=VERTEX_POINT('',#2834);
#801=VERTEX_POINT('',#2841);
#802=VERTEX_POINT('',#2843);
#803=VERTEX_POINT('',#2846);
#804=VERTEX_POINT('',#2855);
#805=VERTEX_POINT('',#2857);
#806=VERTEX_POINT('',#2859);
#807=VERTEX_POINT('',#2861);
#808=VERTEX_POINT('',#2865);
#809=VERTEX_POINT('',#2871);
#810=VERTEX_POINT('',#2877);
#811=VERTEX_POINT('',#2881);
#812=VERTEX_POINT('',#2885);
#813=VERTEX_POINT('',#2889);
#814=VERTEX_POINT('',#2890);
#815=VERTEX_POINT('',#2892);
#816=VERTEX_POINT('',#2894);
#817=VERTEX_POINT('',#2898);
#818=VERTEX_POINT('',#2900);
#819=VERTEX_POINT('',#2904);
#820=VERTEX_POINT('',#2906);
#821=VERTEX_POINT('',#2908);
#822=VERTEX_POINT('',#2912);
#823=VERTEX_POINT('',#2915);
#824=VERTEX_POINT('',#2917);
#825=VERTEX_POINT('',#2919);
#826=VERTEX_POINT('',#2921);
#827=VERTEX_POINT('',#2923);
#828=VERTEX_POINT('',#2925);
#829=VERTEX_POINT('',#2927);
#830=VERTEX_POINT('',#2929);
#831=VERTEX_POINT('',#2931);
#832=VERTEX_POINT('',#2933);
#833=VERTEX_POINT('',#2935);
#834=VERTEX_POINT('',#2937);
#835=VERTEX_POINT('',#2939);
#836=VERTEX_POINT('',#2942);
#837=VERTEX_POINT('',#2944);
#838=VERTEX_POINT('',#3000);
#839=VERTEX_POINT('',#3002);
#840=VERTEX_POINT('',#3004);
#841=VERTEX_POINT('',#3006);
#842=VERTEX_POINT('',#3008);
#843=VERTEX_POINT('',#3010);
#844=VERTEX_POINT('',#3012);
#845=VERTEX_POINT('',#3014);
#846=VERTEX_POINT('',#3016);
#847=VERTEX_POINT('',#3018);
#848=VERTEX_POINT('',#3020);
#849=VERTEX_POINT('',#3022);
#850=VERTEX_POINT('',#3024);
#851=VERTEX_POINT('',#3026);
#852=VERTEX_POINT('',#3033);
#853=VERTEX_POINT('',#3035);
#854=VERTEX_POINT('',#3037);
#855=VERTEX_POINT('',#3040);
#856=VERTEX_POINT('',#3041);
#857=VERTEX_POINT('',#3043);
#858=VERTEX_POINT('',#3045);
#859=VERTEX_POINT('',#3047);
#860=VERTEX_POINT('',#3049);
#861=VERTEX_POINT('',#3057);
#862=VERTEX_POINT('',#3059);
#863=VERTEX_POINT('',#3063);
#864=VERTEX_POINT('',#3067);
#865=VERTEX_POINT('',#3071);
#866=VERTEX_POINT('',#3075);
#867=VERTEX_POINT('',#3118);
#868=VERTEX_POINT('',#3119);
#869=VERTEX_POINT('',#3121);
#870=VERTEX_POINT('',#3129);
#871=VERTEX_POINT('',#3133);
#872=VERTEX_POINT('',#3135);
#873=VERTEX_POINT('',#3137);
#874=VERTEX_POINT('',#3222);
#875=VERTEX_POINT('',#3237);
#876=VERTEX_POINT('',#3239);
#877=VERTEX_POINT('',#3243);
#878=VERTEX_POINT('',#3245);
#879=VERTEX_POINT('',#3249);
#880=VERTEX_POINT('',#3251);
#881=VERTEX_POINT('',#3255);
#882=VERTEX_POINT('',#3260);
#883=VERTEX_POINT('',#3262);
#884=VERTEX_POINT('',#3273);
#885=VERTEX_POINT('',#3275);
#886=VERTEX_POINT('',#3296);
#887=VERTEX_POINT('',#3303);
#888=VERTEX_POINT('',#3318);
#889=VERTEX_POINT('',#3331);
#890=VERTEX_POINT('',#3333);
#891=VERTEX_POINT('',#3337);
#892=VERTEX_POINT('',#3341);
#893=VERTEX_POINT('',#3345);
#894=VERTEX_POINT('',#3354);
#895=VERTEX_POINT('',#3358);
#896=VERTEX_POINT('',#3362);
#897=VERTEX_POINT('',#3366);
#898=EDGE_CURVE('',#718,#719,#646,.T.);
#899=EDGE_CURVE('',#719,#720,#298,.T.);
#900=EDGE_CURVE('',#720,#721,#647,.F.);
#901=EDGE_CURVE('',#721,#718,#299,.T.);
#902=EDGE_CURVE('',#718,#722,#300,.T.);
#903=EDGE_CURVE('',#722,#723,#301,.T.);
#904=EDGE_CURVE('',#723,#724,#302,.T.);
#905=EDGE_CURVE('',#725,#724,#648,.T.);
#906=EDGE_CURVE('',#726,#725,#649,.T.);
#907=EDGE_CURVE('',#726,#727,#303,.T.);
#908=EDGE_CURVE('',#719,#727,#650,.T.);
#909=EDGE_CURVE('',#721,#728,#304,.T.);
#910=EDGE_CURVE('',#722,#728,#305,.T.);
#911=EDGE_CURVE('',#724,#729,#306,.T.);
#912=EDGE_CURVE('',#730,#729,#651,.T.);
#913=EDGE_CURVE('',#730,#725,#307,.T.);
#914=EDGE_CURVE('',#731,#730,#652,.T.);
#915=EDGE_CURVE('',#731,#732,#308,.T.);
#916=EDGE_CURVE('',#733,#732,#653,.T.);
#917=EDGE_CURVE('',#733,#726,#309,.T.);
#918=EDGE_CURVE('',#734,#735,#310,.T.);
#919=EDGE_CURVE('',#736,#734,#311,.T.);
#920=EDGE_CURVE('',#731,#736,#312,.T.);
#921=EDGE_CURVE('',#737,#729,#313,.T.);
#922=EDGE_CURVE('',#738,#737,#314,.T.);
#923=EDGE_CURVE('',#735,#738,#45,.T.);
#924=EDGE_CURVE('',#737,#723,#315,.T.);
#925=EDGE_CURVE('',#739,#740,#46,.T.);
#926=EDGE_CURVE('',#728,#739,#316,.T.);
#927=EDGE_CURVE('',#720,#741,#654,.T.);
#928=EDGE_CURVE('',#742,#741,#317,.T.);
#929=EDGE_CURVE('',#743,#742,#318,.T.);
#930=EDGE_CURVE('',#740,#743,#319,.T.);
#931=EDGE_CURVE('',#738,#744,#320,.T.);
#932=EDGE_CURVE('',#744,#745,#27,.T.);
#933=EDGE_CURVE('',#745,#735,#321,.T.);
#934=EDGE_CURVE('',#736,#746,#655,.T.);
#935=EDGE_CURVE('',#747,#746,#322,.T.);
#936=EDGE_CURVE('',#748,#747,#323,.T.);
#937=EDGE_CURVE('',#748,#749,#324,.T.);
#938=EDGE_CURVE('',#749,#750,#325,.T.);
#939=EDGE_CURVE('',#732,#750,#326,.T.);
#940=EDGE_CURVE('',#740,#751,#327,.T.);
#941=EDGE_CURVE('',#751,#752,#28,.T.);
#942=EDGE_CURVE('',#752,#739,#328,.T.);
#943=EDGE_CURVE('',#743,#753,#47,.F.);
#944=EDGE_CURVE('',#754,#753,#329,.T.);
#945=EDGE_CURVE('',#754,#755,#330,.T.);
#946=EDGE_CURVE('',#756,#755,#331,.F.);
#947=EDGE_CURVE('',#751,#756,#48,.F.);
#948=EDGE_CURVE('',#757,#742,#656,.T.);
#949=EDGE_CURVE('',#753,#757,#332,.T.);
#950=EDGE_CURVE('',#758,#759,#657,.T.);
#951=EDGE_CURVE('',#760,#758,#333,.T.);
#952=EDGE_CURVE('',#761,#760,#658,.T.);
#953=EDGE_CURVE('',#762,#761,#334,.T.);
#954=EDGE_CURVE('',#759,#762,#335,.T.);
#955=EDGE_CURVE('',#759,#763,#336,.T.);
#956=EDGE_CURVE('',#763,#764,#659,.T.);
#957=EDGE_CURVE('',#765,#764,#337,.T.);
#958=EDGE_CURVE('',#766,#765,#660,.T.);
#959=EDGE_CURVE('',#758,#766,#338,.T.);
#960=EDGE_CURVE('',#767,#747,#661,.T.);
#961=EDGE_CURVE('',#746,#768,#29,.T.);
#962=EDGE_CURVE('',#768,#767,#339,.T.);
#963=EDGE_CURVE('',#764,#767,#340,.T.);
#964=EDGE_CURVE('',#763,#748,#341,.T.);
#965=EDGE_CURVE('',#760,#769,#342,.T.);
#966=EDGE_CURVE('',#769,#770,#662,.T.);
#967=EDGE_CURVE('',#770,#761,#343,.T.);
#968=EDGE_CURVE('',#766,#771,#344,.T.);
#969=EDGE_CURVE('',#772,#771,#345,.T.);
#970=EDGE_CURVE('',#772,#773,#346,.T.);
#971=EDGE_CURVE('',#774,#773,#663,.T.);
#972=EDGE_CURVE('',#774,#775,#347,.T.);
#973=EDGE_CURVE('',#776,#775,#664,.T.);
#974=EDGE_CURVE('',#776,#777,#348,.T.);
#975=EDGE_CURVE('',#777,#778,#349,.T.);
#976=EDGE_CURVE('',#779,#778,#665,.T.);
#977=EDGE_CURVE('',#779,#780,#350,.T.);
#978=EDGE_CURVE('',#781,#780,#666,.T.);
#979=EDGE_CURVE('',#781,#782,#351,.T.);
#980=EDGE_CURVE('',#782,#783,#352,.T.);
#981=EDGE_CURVE('',#784,#783,#667,.T.);
#982=EDGE_CURVE('',#784,#785,#353,.T.);
#983=EDGE_CURVE('',#786,#785,#668,.T.);
#984=EDGE_CURVE('',#786,#787,#354,.T.);
#985=EDGE_CURVE('',#788,#787,#30,.T.);
#986=EDGE_CURVE('',#788,#754,#669,.T.);
#987=EDGE_CURVE('',#757,#789,#355,.T.);
#988=EDGE_CURVE('',#789,#790,#356,.T.);
#989=EDGE_CURVE('',#791,#790,#357,.T.);
#990=EDGE_CURVE('',#791,#769,#358,.T.);
#991=EDGE_CURVE('',#792,#792,#670,.T.);
#992=EDGE_CURVE('',#793,#770,#359,.T.);
#993=EDGE_CURVE('',#793,#762,#360,.T.);
#994=EDGE_CURVE('',#749,#793,#361,.T.);
#995=EDGE_CURVE('',#768,#794,#362,.T.);
#996=EDGE_CURVE('',#794,#795,#363,.T.);
#997=EDGE_CURVE('',#795,#796,#364,.T.);
#998=EDGE_CURVE('',#797,#796,#365,.T.);
#999=EDGE_CURVE('',#797,#765,#366,.T.);
#1000=EDGE_CURVE('',#798,#791,#367,.T.);
#1001=EDGE_CURVE('',#750,#798,#368,.T.);
#1002=EDGE_CURVE('',#799,#800,#31,.T.);
#1003=EDGE_CURVE('',#800,#801,#671,.T.);
#1004=EDGE_CURVE('',#801,#802,#672,.T.);
#1005=EDGE_CURVE('',#802,#801,#673,.T.);
#1006=EDGE_CURVE('',#800,#803,#32,.T.);
#1007=EDGE_CURVE('',#803,#799,#674,.T.);
#1008=EDGE_CURVE('',#799,#804,#369,.T.);
#1009=EDGE_CURVE('',#804,#805,#675,.T.);
#1010=EDGE_CURVE('',#805,#806,#370,.T.);
#1011=EDGE_CURVE('',#806,#807,#49,.F.);
#1012=EDGE_CURVE('',#807,#803,#371,.T.);
#1013=EDGE_CURVE('',#802,#808,#372,.T.);
#1014=EDGE_CURVE('',#808,#808,#676,.T.);
#1015=EDGE_CURVE('',#806,#797,#373,.T.);
#1016=EDGE_CURVE('',#796,#809,#374,.T.);
#1017=EDGE_CURVE('',#809,#807,#375,.T.);
#1018=EDGE_CURVE('',#771,#805,#376,.T.);
#1019=EDGE_CURVE('',#810,#795,#377,.T.);
#1020=EDGE_CURVE('',#809,#810,#378,.F.);
#1021=EDGE_CURVE('',#804,#811,#379,.T.);
#1022=EDGE_CURVE('',#772,#811,#380,.T.);
#1023=EDGE_CURVE('',#798,#812,#381,.T.);
#1024=EDGE_CURVE('',#812,#790,#382,.T.);
#1025=EDGE_CURVE('',#813,#814,#383,.T.);
#1026=EDGE_CURVE('',#815,#813,#384,.T.);
#1027=EDGE_CURVE('',#815,#816,#385,.T.);
#1028=EDGE_CURVE('',#816,#814,#386,.T.);
#1029=EDGE_CURVE('',#814,#817,#387,.T.);
#1030=EDGE_CURVE('',#818,#816,#388,.T.);
#1031=EDGE_CURVE('',#817,#818,#389,.T.);
#1032=EDGE_CURVE('',#819,#818,#390,.T.);
#1033=EDGE_CURVE('',#820,#819,#677,.T.);
#1034=EDGE_CURVE('',#821,#820,#391,.T.);
#1035=EDGE_CURVE('',#817,#821,#392,.T.);
#1036=EDGE_CURVE('',#810,#822,#393,.F.);
#1037=EDGE_CURVE('',#819,#822,#394,.T.);
#1038=EDGE_CURVE('',#815,#823,#395,.T.);
#1039=EDGE_CURVE('',#824,#823,#678,.T.);
#1040=EDGE_CURVE('',#825,#824,#679,.T.);
#1041=EDGE_CURVE('',#826,#825,#396,.T.);
#1042=EDGE_CURVE('',#827,#826,#680,.T.);
#1043=EDGE_CURVE('',#828,#827,#397,.T.);
#1044=EDGE_CURVE('',#829,#828,#681,.T.);
#1045=EDGE_CURVE('',#830,#829,#682,.T.);
#1046=EDGE_CURVE('',#830,#831,#398,.T.);
#1047=EDGE_CURVE('',#832,#831,#683,.T.);
#1048=EDGE_CURVE('',#833,#832,#684,.T.);
#1049=EDGE_CURVE('',#833,#834,#399,.T.);
#1050=EDGE_CURVE('',#834,#835,#400,.T.);
#1051=EDGE_CURVE('',#756,#835,#401,.T.);
#1052=EDGE_CURVE('',#755,#836,#685,.F.);
#1053=EDGE_CURVE('',#837,#836,#33,.T.);
#1054=EDGE_CURVE('',#837,#838,#402,.T.);
#1055=EDGE_CURVE('',#839,#838,#686,.T.);
#1056=EDGE_CURVE('',#839,#840,#403,.T.);
#1057=EDGE_CURVE('',#841,#840,#687,.T.);
#1058=EDGE_CURVE('',#841,#842,#404,.T.);
#1059=EDGE_CURVE('',#842,#843,#405,.T.);
#1060=EDGE_CURVE('',#844,#843,#688,.T.);
#1061=EDGE_CURVE('',#844,#845,#406,.T.);
#1062=EDGE_CURVE('',#846,#845,#689,.T.);
#1063=EDGE_CURVE('',#846,#847,#407,.T.);
#1064=EDGE_CURVE('',#847,#848,#408,.T.);
#1065=EDGE_CURVE('',#849,#848,#690,.T.);
#1066=EDGE_CURVE('',#849,#850,#409,.T.);
#1067=EDGE_CURVE('',#851,#850,#691,.T.);
#1068=EDGE_CURVE('',#851,#811,#410,.T.);
#1069=EDGE_CURVE('',#822,#745,#50,.F.);
#1070=EDGE_CURVE('',#794,#734,#51,.F.);
#1071=EDGE_CURVE('',#812,#852,#411,.T.);
#1072=EDGE_CURVE('',#852,#853,#412,.T.);
#1073=EDGE_CURVE('',#853,#854,#692,.T.);
#1074=EDGE_CURVE('',#854,#733,#413,.T.);
#1075=EDGE_CURVE('',#855,#856,#414,.T.);
#1076=EDGE_CURVE('',#856,#857,#415,.T.);
#1077=EDGE_CURVE('',#857,#858,#416,.T.);
#1078=EDGE_CURVE('',#858,#859,#417,.T.);
#1079=EDGE_CURVE('',#859,#860,#418,.T.);
#1080=EDGE_CURVE('',#860,#855,#419,.T.);
#1081=EDGE_CURVE('',#852,#789,#420,.T.);
#1082=EDGE_CURVE('',#773,#851,#421,.T.);
#1083=EDGE_CURVE('',#861,#855,#422,.T.);
#1084=EDGE_CURVE('',#862,#861,#423,.T.);
#1085=EDGE_CURVE('',#862,#856,#424,.T.);
#1086=EDGE_CURVE('',#863,#862,#425,.T.);
#1087=EDGE_CURVE('',#863,#857,#426,.T.);
#1088=EDGE_CURVE('',#864,#863,#427,.T.);
#1089=EDGE_CURVE('',#864,#858,#428,.T.);
#1090=EDGE_CURVE('',#865,#864,#429,.T.);
#1091=EDGE_CURVE('',#865,#859,#430,.T.);
#1092=EDGE_CURVE('',#866,#865,#431,.T.);
#1093=EDGE_CURVE('',#866,#860,#432,.T.);
#1094=EDGE_CURVE('',#861,#866,#433,.T.);
#1095=EDGE_CURVE('',#744,#752,#434,.T.);
#1096=EDGE_CURVE('',#787,#837,#34,.T.);
#1097=EDGE_CURVE('',#836,#788,#35,.T.);
#1098=EDGE_CURVE('',#838,#786,#435,.T.);
#1099=EDGE_CURVE('',#867,#868,#693,.T.);
#1100=EDGE_CURVE('',#868,#869,#694,.T.);
#1101=EDGE_CURVE('',#869,#869,#695,.T.);
#1102=EDGE_CURVE('',#868,#867,#696,.T.);
#1103=EDGE_CURVE('',#867,#792,#436,.T.);
#1104=EDGE_CURVE('',#870,#813,#437,.T.);
#1105=EDGE_CURVE('',#823,#870,#438,.T.);
#1106=EDGE_CURVE('',#871,#827,#697,.T.);
#1107=EDGE_CURVE('',#826,#872,#698,.T.);
#1108=EDGE_CURVE('',#872,#873,#699,.T.);
#1109=EDGE_CURVE('',#873,#871,#700,.T.);
#1110=EDGE_CURVE('',#826,#827,#36,.T.);
#1111=EDGE_CURVE('',#871,#872,#37,.T.);
#1112=EDGE_CURVE('',#873,#874,#439,.T.);
#1113=EDGE_CURVE('',#874,#874,#701,.T.);
#1114=EDGE_CURVE('',#831,#833,#38,.T.);
#1115=EDGE_CURVE('',#832,#875,#702,.T.);
#1116=EDGE_CURVE('',#875,#876,#703,.T.);
#1117=EDGE_CURVE('',#876,#875,#704,.T.);
#1118=EDGE_CURVE('',#877,#830,#440,.T.);
#1119=EDGE_CURVE('',#878,#877,#441,.T.);
#1120=EDGE_CURVE('',#878,#834,#442,.T.);
#1121=EDGE_CURVE('',#876,#879,#443,.T.);
#1122=EDGE_CURVE('',#880,#879,#705,.T.);
#1123=EDGE_CURVE('',#879,#880,#706,.T.);
#1124=EDGE_CURVE('',#881,#881,#707,.T.);
#1125=EDGE_CURVE('',#881,#880,#708,.T.);
#1126=EDGE_CURVE('',#835,#882,#709,.T.);
#1127=EDGE_CURVE('',#882,#883,#39,.T.);
#1128=EDGE_CURVE('',#883,#884,#444,.T.);
#1129=EDGE_CURVE('',#884,#885,#40,.T.);
#1130=EDGE_CURVE('',#885,#828,#41,.T.);
#1131=EDGE_CURVE('',#825,#886,#42,.T.);
#1132=EDGE_CURVE('',#886,#887,#43,.T.);
#1133=EDGE_CURVE('',#887,#888,#445,.T.);
#1134=EDGE_CURVE('',#888,#820,#44,.T.);
#1135=EDGE_CURVE('',#889,#885,#446,.T.);
#1136=EDGE_CURVE('',#890,#889,#710,.T.);
#1137=EDGE_CURVE('',#829,#890,#447,.T.);
#1138=EDGE_CURVE('',#884,#891,#448,.T.);
#1139=EDGE_CURVE('',#889,#891,#711,.T.);
#1140=EDGE_CURVE('',#892,#883,#449,.T.);
#1141=EDGE_CURVE('',#891,#892,#450,.T.);
#1142=EDGE_CURVE('',#882,#893,#451,.T.);
#1143=EDGE_CURVE('',#892,#893,#712,.T.);
#1144=EDGE_CURVE('',#893,#878,#452,.T.);
#1145=EDGE_CURVE('',#877,#890,#713,.T.);
#1146=EDGE_CURVE('',#894,#870,#714,.T.);
#1147=EDGE_CURVE('',#894,#824,#453,.T.);
#1148=EDGE_CURVE('',#895,#894,#715,.T.);
#1149=EDGE_CURVE('',#886,#895,#454,.T.);
#1150=EDGE_CURVE('',#896,#895,#716,.T.);
#1151=EDGE_CURVE('',#896,#887,#455,.T.);
#1152=EDGE_CURVE('',#821,#897,#717,.T.);
#1153=EDGE_CURVE('',#897,#896,#456,.T.);
#1154=EDGE_CURVE('',#888,#897,#457,.T.);
#1155=EDGE_CURVE('',#845,#779,#458,.T.);
#1156=EDGE_CURVE('',#778,#846,#459,.T.);
#1157=EDGE_CURVE('',#780,#844,#460,.T.);
#1158=EDGE_CURVE('',#843,#781,#461,.T.);
#1159=EDGE_CURVE('',#782,#842,#462,.T.);
#1160=EDGE_CURVE('',#847,#777,#463,.T.);
#1161=EDGE_CURVE('',#848,#776,#464,.T.);
#1162=EDGE_CURVE('',#727,#854,#465,.T.);
#1163=EDGE_CURVE('',#853,#741,#466,.T.);
#1164=EDGE_CURVE('',#785,#839,#467,.T.);
#1165=EDGE_CURVE('',#840,#784,#468,.T.);
#1166=EDGE_CURVE('',#850,#774,#469,.T.);
#1167=EDGE_CURVE('',#783,#841,#470,.T.);
#1168=EDGE_CURVE('',#775,#849,#471,.T.);
#1169=ORIENTED_EDGE('',*,*,#898,.T.);
#1170=ORIENTED_EDGE('',*,*,#899,.T.);
#1171=ORIENTED_EDGE('',*,*,#900,.T.);
#1172=ORIENTED_EDGE('',*,*,#901,.T.);
#1173=ORIENTED_EDGE('',*,*,#898,.F.);
#1174=ORIENTED_EDGE('',*,*,#902,.T.);
#1175=ORIENTED_EDGE('',*,*,#903,.T.);
#1176=ORIENTED_EDGE('',*,*,#904,.T.);
#1177=ORIENTED_EDGE('',*,*,#905,.F.);
#1178=ORIENTED_EDGE('',*,*,#906,.F.);
#1179=ORIENTED_EDGE('',*,*,#907,.T.);
#1180=ORIENTED_EDGE('',*,*,#908,.F.);
#1181=ORIENTED_EDGE('',*,*,#901,.F.);
#1182=ORIENTED_EDGE('',*,*,#909,.T.);
#1183=ORIENTED_EDGE('',*,*,#910,.F.);
#1184=ORIENTED_EDGE('',*,*,#902,.F.);
#1185=ORIENTED_EDGE('',*,*,#905,.T.);
#1186=ORIENTED_EDGE('',*,*,#911,.T.);
#1187=ORIENTED_EDGE('',*,*,#912,.F.);
#1188=ORIENTED_EDGE('',*,*,#913,.T.);
#1189=ORIENTED_EDGE('',*,*,#913,.F.);
#1190=ORIENTED_EDGE('',*,*,#914,.F.);
#1191=ORIENTED_EDGE('',*,*,#915,.T.);
#1192=ORIENTED_EDGE('',*,*,#916,.F.);
#1193=ORIENTED_EDGE('',*,*,#917,.T.);
#1194=ORIENTED_EDGE('',*,*,#906,.T.);
#1195=ORIENTED_EDGE('',*,*,#918,.F.);
#1196=ORIENTED_EDGE('',*,*,#919,.F.);
#1197=ORIENTED_EDGE('',*,*,#920,.F.);
#1198=ORIENTED_EDGE('',*,*,#914,.T.);
#1199=ORIENTED_EDGE('',*,*,#912,.T.);
#1200=ORIENTED_EDGE('',*,*,#921,.F.);
#1201=ORIENTED_EDGE('',*,*,#922,.F.);
#1202=ORIENTED_EDGE('',*,*,#923,.F.);
#1203=ORIENTED_EDGE('',*,*,#911,.F.);
#1204=ORIENTED_EDGE('',*,*,#904,.F.);
#1205=ORIENTED_EDGE('',*,*,#924,.F.);
#1206=ORIENTED_EDGE('',*,*,#921,.T.);
#1207=ORIENTED_EDGE('',*,*,#925,.F.);
#1208=ORIENTED_EDGE('',*,*,#926,.F.);
#1209=ORIENTED_EDGE('',*,*,#909,.F.);
#1210=ORIENTED_EDGE('',*,*,#900,.F.);
#1211=ORIENTED_EDGE('',*,*,#927,.T.);
#1212=ORIENTED_EDGE('',*,*,#928,.F.);
#1213=ORIENTED_EDGE('',*,*,#929,.F.);
#1214=ORIENTED_EDGE('',*,*,#930,.F.);
#1215=ORIENTED_EDGE('',*,*,#923,.T.);
#1216=ORIENTED_EDGE('',*,*,#931,.T.);
#1217=ORIENTED_EDGE('',*,*,#932,.T.);
#1218=ORIENTED_EDGE('',*,*,#933,.T.);
#1219=ORIENTED_EDGE('',*,*,#920,.T.);
#1220=ORIENTED_EDGE('',*,*,#934,.T.);
#1221=ORIENTED_EDGE('',*,*,#935,.F.);
#1222=ORIENTED_EDGE('',*,*,#936,.F.);
#1223=ORIENTED_EDGE('',*,*,#937,.T.);
#1224=ORIENTED_EDGE('',*,*,#938,.T.);
#1225=ORIENTED_EDGE('',*,*,#939,.F.);
#1226=ORIENTED_EDGE('',*,*,#915,.F.);
#1227=ORIENTED_EDGE('',*,*,#925,.T.);
#1228=ORIENTED_EDGE('',*,*,#940,.T.);
#1229=ORIENTED_EDGE('',*,*,#941,.T.);
#1230=ORIENTED_EDGE('',*,*,#942,.T.);
#1231=ORIENTED_EDGE('',*,*,#930,.T.);
#1232=ORIENTED_EDGE('',*,*,#943,.T.);
#1233=ORIENTED_EDGE('',*,*,#944,.F.);
#1234=ORIENTED_EDGE('',*,*,#945,.T.);
#1235=ORIENTED_EDGE('',*,*,#946,.F.);
#1236=ORIENTED_EDGE('',*,*,#947,.F.);
#1237=ORIENTED_EDGE('',*,*,#940,.F.);
#1238=ORIENTED_EDGE('',*,*,#929,.T.);
#1239=ORIENTED_EDGE('',*,*,#948,.F.);
#1240=ORIENTED_EDGE('',*,*,#949,.F.);
#1241=ORIENTED_EDGE('',*,*,#943,.F.);
#1242=ORIENTED_EDGE('',*,*,#950,.F.);
#1243=ORIENTED_EDGE('',*,*,#951,.F.);
#1244=ORIENTED_EDGE('',*,*,#952,.F.);
#1245=ORIENTED_EDGE('',*,*,#953,.F.);
#1246=ORIENTED_EDGE('',*,*,#954,.F.);
#1247=ORIENTED_EDGE('',*,*,#950,.T.);
#1248=ORIENTED_EDGE('',*,*,#955,.T.);
#1249=ORIENTED_EDGE('',*,*,#956,.T.);
#1250=ORIENTED_EDGE('',*,*,#957,.F.);
#1251=ORIENTED_EDGE('',*,*,#958,.F.);
#1252=ORIENTED_EDGE('',*,*,#959,.F.);
#1253=ORIENTED_EDGE('',*,*,#960,.T.);
#1254=ORIENTED_EDGE('',*,*,#935,.T.);
#1255=ORIENTED_EDGE('',*,*,#961,.T.);
#1256=ORIENTED_EDGE('',*,*,#962,.T.);
#1257=ORIENTED_EDGE('',*,*,#960,.F.);
#1258=ORIENTED_EDGE('',*,*,#963,.F.);
#1259=ORIENTED_EDGE('',*,*,#956,.F.);
#1260=ORIENTED_EDGE('',*,*,#964,.T.);
#1261=ORIENTED_EDGE('',*,*,#936,.T.);
#1262=ORIENTED_EDGE('',*,*,#965,.T.);
#1263=ORIENTED_EDGE('',*,*,#966,.T.);
#1264=ORIENTED_EDGE('',*,*,#967,.T.);
#1265=ORIENTED_EDGE('',*,*,#952,.T.);
#1266=ORIENTED_EDGE('',*,*,#951,.T.);
#1267=ORIENTED_EDGE('',*,*,#959,.T.);
#1268=ORIENTED_EDGE('',*,*,#968,.T.);
#1269=ORIENTED_EDGE('',*,*,#969,.F.);
#1270=ORIENTED_EDGE('',*,*,#970,.T.);
#1271=ORIENTED_EDGE('',*,*,#971,.F.);
#1272=ORIENTED_EDGE('',*,*,#972,.T.);
#1273=ORIENTED_EDGE('',*,*,#973,.F.);
#1274=ORIENTED_EDGE('',*,*,#974,.T.);
#1275=ORIENTED_EDGE('',*,*,#975,.T.);
#1276=ORIENTED_EDGE('',*,*,#976,.F.);
#1277=ORIENTED_EDGE('',*,*,#977,.T.);
#1278=ORIENTED_EDGE('',*,*,#978,.F.);
#1279=ORIENTED_EDGE('',*,*,#979,.T.);
#1280=ORIENTED_EDGE('',*,*,#980,.T.);
#1281=ORIENTED_EDGE('',*,*,#981,.F.);
#1282=ORIENTED_EDGE('',*,*,#982,.T.);
#1283=ORIENTED_EDGE('',*,*,#983,.F.);
#1284=ORIENTED_EDGE('',*,*,#984,.T.);
#1285=ORIENTED_EDGE('',*,*,#985,.F.);
#1286=ORIENTED_EDGE('',*,*,#986,.T.);
#1287=ORIENTED_EDGE('',*,*,#944,.T.);
#1288=ORIENTED_EDGE('',*,*,#949,.T.);
#1289=ORIENTED_EDGE('',*,*,#987,.T.);
#1290=ORIENTED_EDGE('',*,*,#988,.T.);
#1291=ORIENTED_EDGE('',*,*,#989,.F.);
#1292=ORIENTED_EDGE('',*,*,#990,.T.);
#1293=ORIENTED_EDGE('',*,*,#965,.F.);
#1294=ORIENTED_EDGE('',*,*,#991,.T.);
#1295=ORIENTED_EDGE('',*,*,#967,.F.);
#1296=ORIENTED_EDGE('',*,*,#992,.F.);
#1297=ORIENTED_EDGE('',*,*,#993,.T.);
#1298=ORIENTED_EDGE('',*,*,#953,.T.);
#1299=ORIENTED_EDGE('',*,*,#994,.F.);
#1300=ORIENTED_EDGE('',*,*,#937,.F.);
#1301=ORIENTED_EDGE('',*,*,#964,.F.);
#1302=ORIENTED_EDGE('',*,*,#955,.F.);
#1303=ORIENTED_EDGE('',*,*,#954,.T.);
#1304=ORIENTED_EDGE('',*,*,#993,.F.);
#1305=ORIENTED_EDGE('',*,*,#962,.F.);
#1306=ORIENTED_EDGE('',*,*,#995,.T.);
#1307=ORIENTED_EDGE('',*,*,#996,.T.);
#1308=ORIENTED_EDGE('',*,*,#997,.T.);
#1309=ORIENTED_EDGE('',*,*,#998,.F.);
#1310=ORIENTED_EDGE('',*,*,#999,.T.);
#1311=ORIENTED_EDGE('',*,*,#957,.T.);
#1312=ORIENTED_EDGE('',*,*,#963,.T.);
#1313=ORIENTED_EDGE('',*,*,#966,.F.);
#1314=ORIENTED_EDGE('',*,*,#990,.F.);
#1315=ORIENTED_EDGE('',*,*,#1000,.F.);
#1316=ORIENTED_EDGE('',*,*,#1001,.F.);
#1317=ORIENTED_EDGE('',*,*,#938,.F.);
#1318=ORIENTED_EDGE('',*,*,#994,.T.);
#1319=ORIENTED_EDGE('',*,*,#992,.T.);
#1320=ORIENTED_EDGE('',*,*,#1002,.T.);
#1321=ORIENTED_EDGE('',*,*,#1003,.T.);
#1322=ORIENTED_EDGE('',*,*,#1004,.T.);
#1323=ORIENTED_EDGE('',*,*,#1005,.T.);
#1324=ORIENTED_EDGE('',*,*,#1003,.F.);
#1325=ORIENTED_EDGE('',*,*,#1006,.T.);
#1326=ORIENTED_EDGE('',*,*,#1007,.T.);
#1327=ORIENTED_EDGE('',*,*,#1002,.F.);
#1328=ORIENTED_EDGE('',*,*,#1008,.T.);
#1329=ORIENTED_EDGE('',*,*,#1009,.T.);
#1330=ORIENTED_EDGE('',*,*,#1010,.T.);
#1331=ORIENTED_EDGE('',*,*,#1011,.T.);
#1332=ORIENTED_EDGE('',*,*,#1012,.T.);
#1333=ORIENTED_EDGE('',*,*,#1006,.F.);
#1334=ORIENTED_EDGE('',*,*,#1005,.F.);
#1335=ORIENTED_EDGE('',*,*,#1013,.T.);
#1336=ORIENTED_EDGE('',*,*,#1014,.T.);
#1337=ORIENTED_EDGE('',*,*,#1013,.F.);
#1338=ORIENTED_EDGE('',*,*,#1004,.F.);
#1339=ORIENTED_EDGE('',*,*,#1014,.F.);
#1340=ORIENTED_EDGE('',*,*,#1011,.F.);
#1341=ORIENTED_EDGE('',*,*,#1015,.T.);
#1342=ORIENTED_EDGE('',*,*,#998,.T.);
#1343=ORIENTED_EDGE('',*,*,#1016,.T.);
#1344=ORIENTED_EDGE('',*,*,#1017,.T.);
#1345=ORIENTED_EDGE('',*,*,#958,.T.);
#1346=ORIENTED_EDGE('',*,*,#999,.F.);
#1347=ORIENTED_EDGE('',*,*,#1015,.F.);
#1348=ORIENTED_EDGE('',*,*,#1010,.F.);
#1349=ORIENTED_EDGE('',*,*,#1018,.F.);
#1350=ORIENTED_EDGE('',*,*,#968,.F.);
#1351=ORIENTED_EDGE('',*,*,#1019,.F.);
#1352=ORIENTED_EDGE('',*,*,#1020,.F.);
#1353=ORIENTED_EDGE('',*,*,#1016,.F.);
#1354=ORIENTED_EDGE('',*,*,#997,.F.);
#1355=ORIENTED_EDGE('',*,*,#1009,.F.);
#1356=ORIENTED_EDGE('',*,*,#1021,.T.);
#1357=ORIENTED_EDGE('',*,*,#1022,.F.);
#1358=ORIENTED_EDGE('',*,*,#969,.T.);
#1359=ORIENTED_EDGE('',*,*,#1018,.T.);
#1360=ORIENTED_EDGE('',*,*,#1023,.F.);
#1361=ORIENTED_EDGE('',*,*,#1000,.T.);
#1362=ORIENTED_EDGE('',*,*,#989,.T.);
#1363=ORIENTED_EDGE('',*,*,#1024,.F.);
#1364=ORIENTED_EDGE('',*,*,#1025,.F.);
#1365=ORIENTED_EDGE('',*,*,#1026,.F.);
#1366=ORIENTED_EDGE('',*,*,#1027,.T.);
#1367=ORIENTED_EDGE('',*,*,#1028,.T.);
#1368=ORIENTED_EDGE('',*,*,#1029,.F.);
#1369=ORIENTED_EDGE('',*,*,#1028,.F.);
#1370=ORIENTED_EDGE('',*,*,#1030,.F.);
#1371=ORIENTED_EDGE('',*,*,#1031,.F.);
#1372=ORIENTED_EDGE('',*,*,#1031,.T.);
#1373=ORIENTED_EDGE('',*,*,#1032,.F.);
#1374=ORIENTED_EDGE('',*,*,#1033,.F.);
#1375=ORIENTED_EDGE('',*,*,#1034,.F.);
#1376=ORIENTED_EDGE('',*,*,#1035,.F.);
#1377=ORIENTED_EDGE('',*,*,#1007,.F.);
#1378=ORIENTED_EDGE('',*,*,#1012,.F.);
#1379=ORIENTED_EDGE('',*,*,#1017,.F.);
#1380=ORIENTED_EDGE('',*,*,#1020,.T.);
#1381=ORIENTED_EDGE('',*,*,#1036,.T.);
#1382=ORIENTED_EDGE('',*,*,#1037,.F.);
#1383=ORIENTED_EDGE('',*,*,#1032,.T.);
#1384=ORIENTED_EDGE('',*,*,#1030,.T.);
#1385=ORIENTED_EDGE('',*,*,#1027,.F.);
#1386=ORIENTED_EDGE('',*,*,#1038,.T.);
#1387=ORIENTED_EDGE('',*,*,#1039,.F.);
#1388=ORIENTED_EDGE('',*,*,#1040,.F.);
#1389=ORIENTED_EDGE('',*,*,#1041,.F.);
#1390=ORIENTED_EDGE('',*,*,#1042,.F.);
#1391=ORIENTED_EDGE('',*,*,#1043,.F.);
#1392=ORIENTED_EDGE('',*,*,#1044,.F.);
#1393=ORIENTED_EDGE('',*,*,#1045,.F.);
#1394=ORIENTED_EDGE('',*,*,#1046,.T.);
#1395=ORIENTED_EDGE('',*,*,#1047,.F.);
#1396=ORIENTED_EDGE('',*,*,#1048,.F.);
#1397=ORIENTED_EDGE('',*,*,#1049,.T.);
#1398=ORIENTED_EDGE('',*,*,#1050,.T.);
#1399=ORIENTED_EDGE('',*,*,#1051,.F.);
#1400=ORIENTED_EDGE('',*,*,#946,.T.);
#1401=ORIENTED_EDGE('',*,*,#1052,.T.);
#1402=ORIENTED_EDGE('',*,*,#1053,.F.);
#1403=ORIENTED_EDGE('',*,*,#1054,.T.);
#1404=ORIENTED_EDGE('',*,*,#1055,.F.);
#1405=ORIENTED_EDGE('',*,*,#1056,.T.);
#1406=ORIENTED_EDGE('',*,*,#1057,.F.);
#1407=ORIENTED_EDGE('',*,*,#1058,.T.);
#1408=ORIENTED_EDGE('',*,*,#1059,.T.);
#1409=ORIENTED_EDGE('',*,*,#1060,.F.);
#1410=ORIENTED_EDGE('',*,*,#1061,.T.);
#1411=ORIENTED_EDGE('',*,*,#1062,.F.);
#1412=ORIENTED_EDGE('',*,*,#1063,.T.);
#1413=ORIENTED_EDGE('',*,*,#1064,.T.);
#1414=ORIENTED_EDGE('',*,*,#1065,.F.);
#1415=ORIENTED_EDGE('',*,*,#1066,.T.);
#1416=ORIENTED_EDGE('',*,*,#1067,.F.);
#1417=ORIENTED_EDGE('',*,*,#1068,.T.);
#1418=ORIENTED_EDGE('',*,*,#1021,.F.);
#1419=ORIENTED_EDGE('',*,*,#1008,.F.);
#1420=ORIENTED_EDGE('',*,*,#918,.T.);
#1421=ORIENTED_EDGE('',*,*,#933,.F.);
#1422=ORIENTED_EDGE('',*,*,#1069,.F.);
#1423=ORIENTED_EDGE('',*,*,#1036,.F.);
#1424=ORIENTED_EDGE('',*,*,#1019,.T.);
#1425=ORIENTED_EDGE('',*,*,#996,.F.);
#1426=ORIENTED_EDGE('',*,*,#1070,.T.);
#1427=ORIENTED_EDGE('',*,*,#1001,.T.);
#1428=ORIENTED_EDGE('',*,*,#1023,.T.);
#1429=ORIENTED_EDGE('',*,*,#1071,.T.);
#1430=ORIENTED_EDGE('',*,*,#1072,.T.);
#1431=ORIENTED_EDGE('',*,*,#1073,.T.);
#1432=ORIENTED_EDGE('',*,*,#1074,.T.);
#1433=ORIENTED_EDGE('',*,*,#916,.T.);
#1434=ORIENTED_EDGE('',*,*,#939,.T.);
#1435=ORIENTED_EDGE('',*,*,#1075,.T.);
#1436=ORIENTED_EDGE('',*,*,#1076,.T.);
#1437=ORIENTED_EDGE('',*,*,#1077,.T.);
#1438=ORIENTED_EDGE('',*,*,#1078,.T.);
#1439=ORIENTED_EDGE('',*,*,#1079,.T.);
#1440=ORIENTED_EDGE('',*,*,#1080,.T.);
#1441=ORIENTED_EDGE('',*,*,#1024,.T.);
#1442=ORIENTED_EDGE('',*,*,#988,.F.);
#1443=ORIENTED_EDGE('',*,*,#1081,.F.);
#1444=ORIENTED_EDGE('',*,*,#1071,.F.);
#1445=ORIENTED_EDGE('',*,*,#1022,.T.);
#1446=ORIENTED_EDGE('',*,*,#1068,.F.);
#1447=ORIENTED_EDGE('',*,*,#1082,.F.);
#1448=ORIENTED_EDGE('',*,*,#970,.F.);
#1449=ORIENTED_EDGE('',*,*,#1075,.F.);
#1450=ORIENTED_EDGE('',*,*,#1083,.F.);
#1451=ORIENTED_EDGE('',*,*,#1084,.F.);
#1452=ORIENTED_EDGE('',*,*,#1085,.T.);
#1453=ORIENTED_EDGE('',*,*,#1076,.F.);
#1454=ORIENTED_EDGE('',*,*,#1085,.F.);
#1455=ORIENTED_EDGE('',*,*,#1086,.F.);
#1456=ORIENTED_EDGE('',*,*,#1087,.T.);
#1457=ORIENTED_EDGE('',*,*,#1077,.F.);
#1458=ORIENTED_EDGE('',*,*,#1087,.F.);
#1459=ORIENTED_EDGE('',*,*,#1088,.F.);
#1460=ORIENTED_EDGE('',*,*,#1089,.T.);
#1461=ORIENTED_EDGE('',*,*,#1078,.F.);
#1462=ORIENTED_EDGE('',*,*,#1089,.F.);
#1463=ORIENTED_EDGE('',*,*,#1090,.F.);
#1464=ORIENTED_EDGE('',*,*,#1091,.T.);
#1465=ORIENTED_EDGE('',*,*,#1079,.F.);
#1466=ORIENTED_EDGE('',*,*,#1091,.F.);
#1467=ORIENTED_EDGE('',*,*,#1092,.F.);
#1468=ORIENTED_EDGE('',*,*,#1093,.T.);
#1469=ORIENTED_EDGE('',*,*,#1080,.F.);
#1470=ORIENTED_EDGE('',*,*,#1093,.F.);
#1471=ORIENTED_EDGE('',*,*,#1094,.F.);
#1472=ORIENTED_EDGE('',*,*,#1083,.T.);
#1473=ORIENTED_EDGE('',*,*,#924,.T.);
#1474=ORIENTED_EDGE('',*,*,#903,.F.);
#1475=ORIENTED_EDGE('',*,*,#910,.T.);
#1476=ORIENTED_EDGE('',*,*,#926,.T.);
#1477=ORIENTED_EDGE('',*,*,#942,.F.);
#1478=ORIENTED_EDGE('',*,*,#1095,.F.);
#1479=ORIENTED_EDGE('',*,*,#931,.F.);
#1480=ORIENTED_EDGE('',*,*,#922,.T.);
#1481=ORIENTED_EDGE('',*,*,#985,.T.);
#1482=ORIENTED_EDGE('',*,*,#1096,.T.);
#1483=ORIENTED_EDGE('',*,*,#1053,.T.);
#1484=ORIENTED_EDGE('',*,*,#1097,.T.);
#1485=ORIENTED_EDGE('',*,*,#1096,.F.);
#1486=ORIENTED_EDGE('',*,*,#984,.F.);
#1487=ORIENTED_EDGE('',*,*,#1098,.F.);
#1488=ORIENTED_EDGE('',*,*,#1054,.F.);
#1489=ORIENTED_EDGE('',*,*,#1097,.F.);
#1490=ORIENTED_EDGE('',*,*,#1052,.F.);
#1491=ORIENTED_EDGE('',*,*,#945,.F.);
#1492=ORIENTED_EDGE('',*,*,#986,.F.);
#1493=ORIENTED_EDGE('',*,*,#1099,.T.);
#1494=ORIENTED_EDGE('',*,*,#1100,.T.);
#1495=ORIENTED_EDGE('',*,*,#1101,.T.);
#1496=ORIENTED_EDGE('',*,*,#1100,.F.);
#1497=ORIENTED_EDGE('',*,*,#1102,.T.);
#1498=ORIENTED_EDGE('',*,*,#1099,.F.);
#1499=ORIENTED_EDGE('',*,*,#1103,.T.);
#1500=ORIENTED_EDGE('',*,*,#991,.F.);
#1501=ORIENTED_EDGE('',*,*,#1103,.F.);
#1502=ORIENTED_EDGE('',*,*,#1102,.F.);
#1503=ORIENTED_EDGE('',*,*,#1101,.F.);
#1504=ORIENTED_EDGE('',*,*,#1026,.T.);
#1505=ORIENTED_EDGE('',*,*,#1104,.F.);
#1506=ORIENTED_EDGE('',*,*,#1105,.F.);
#1507=ORIENTED_EDGE('',*,*,#1038,.F.);
#1508=ORIENTED_EDGE('',*,*,#1106,.T.);
#1509=ORIENTED_EDGE('',*,*,#1042,.T.);
#1510=ORIENTED_EDGE('',*,*,#1107,.T.);
#1511=ORIENTED_EDGE('',*,*,#1108,.T.);
#1512=ORIENTED_EDGE('',*,*,#1109,.T.);
#1513=ORIENTED_EDGE('',*,*,#1107,.F.);
#1514=ORIENTED_EDGE('',*,*,#1110,.T.);
#1515=ORIENTED_EDGE('',*,*,#1106,.F.);
#1516=ORIENTED_EDGE('',*,*,#1111,.T.);
#1517=ORIENTED_EDGE('',*,*,#1108,.F.);
#1518=ORIENTED_EDGE('',*,*,#1111,.F.);
#1519=ORIENTED_EDGE('',*,*,#1109,.F.);
#1520=ORIENTED_EDGE('',*,*,#1112,.T.);
#1521=ORIENTED_EDGE('',*,*,#1113,.T.);
#1522=ORIENTED_EDGE('',*,*,#1112,.F.);
#1523=ORIENTED_EDGE('',*,*,#1114,.T.);
#1524=ORIENTED_EDGE('',*,*,#1048,.T.);
#1525=ORIENTED_EDGE('',*,*,#1115,.T.);
#1526=ORIENTED_EDGE('',*,*,#1116,.T.);
#1527=ORIENTED_EDGE('',*,*,#1117,.T.);
#1528=ORIENTED_EDGE('',*,*,#1115,.F.);
#1529=ORIENTED_EDGE('',*,*,#1047,.T.);
#1530=ORIENTED_EDGE('',*,*,#1114,.F.);
#1531=ORIENTED_EDGE('',*,*,#1046,.F.);
#1532=ORIENTED_EDGE('',*,*,#1118,.F.);
#1533=ORIENTED_EDGE('',*,*,#1119,.F.);
#1534=ORIENTED_EDGE('',*,*,#1120,.T.);
#1535=ORIENTED_EDGE('',*,*,#1049,.F.);
#1536=ORIENTED_EDGE('',*,*,#1117,.F.);
#1537=ORIENTED_EDGE('',*,*,#1121,.T.);
#1538=ORIENTED_EDGE('',*,*,#1122,.F.);
#1539=ORIENTED_EDGE('',*,*,#1123,.F.);
#1540=ORIENTED_EDGE('',*,*,#1121,.F.);
#1541=ORIENTED_EDGE('',*,*,#1116,.F.);
#1542=ORIENTED_EDGE('',*,*,#1124,.T.);
#1543=ORIENTED_EDGE('',*,*,#1125,.T.);
#1544=ORIENTED_EDGE('',*,*,#1122,.T.);
#1545=ORIENTED_EDGE('',*,*,#1123,.T.);
#1546=ORIENTED_EDGE('',*,*,#1125,.F.);
#1547=ORIENTED_EDGE('',*,*,#1124,.F.);
#1548=ORIENTED_EDGE('',*,*,#932,.F.);
#1549=ORIENTED_EDGE('',*,*,#1095,.T.);
#1550=ORIENTED_EDGE('',*,*,#941,.F.);
#1551=ORIENTED_EDGE('',*,*,#947,.T.);
#1552=ORIENTED_EDGE('',*,*,#1051,.T.);
#1553=ORIENTED_EDGE('',*,*,#1126,.T.);
#1554=ORIENTED_EDGE('',*,*,#1127,.T.);
#1555=ORIENTED_EDGE('',*,*,#1128,.T.);
#1556=ORIENTED_EDGE('',*,*,#1129,.T.);
#1557=ORIENTED_EDGE('',*,*,#1130,.T.);
#1558=ORIENTED_EDGE('',*,*,#1043,.T.);
#1559=ORIENTED_EDGE('',*,*,#1110,.F.);
#1560=ORIENTED_EDGE('',*,*,#1041,.T.);
#1561=ORIENTED_EDGE('',*,*,#1131,.T.);
#1562=ORIENTED_EDGE('',*,*,#1132,.T.);
#1563=ORIENTED_EDGE('',*,*,#1133,.T.);
#1564=ORIENTED_EDGE('',*,*,#1134,.T.);
#1565=ORIENTED_EDGE('',*,*,#1033,.T.);
#1566=ORIENTED_EDGE('',*,*,#1037,.T.);
#1567=ORIENTED_EDGE('',*,*,#1069,.T.);
#1568=ORIENTED_EDGE('',*,*,#1130,.F.);
#1569=ORIENTED_EDGE('',*,*,#1135,.F.);
#1570=ORIENTED_EDGE('',*,*,#1136,.F.);
#1571=ORIENTED_EDGE('',*,*,#1137,.F.);
#1572=ORIENTED_EDGE('',*,*,#1044,.T.);
#1573=ORIENTED_EDGE('',*,*,#1129,.F.);
#1574=ORIENTED_EDGE('',*,*,#1138,.T.);
#1575=ORIENTED_EDGE('',*,*,#1139,.F.);
#1576=ORIENTED_EDGE('',*,*,#1135,.T.);
#1577=ORIENTED_EDGE('',*,*,#1128,.F.);
#1578=ORIENTED_EDGE('',*,*,#1140,.F.);
#1579=ORIENTED_EDGE('',*,*,#1141,.F.);
#1580=ORIENTED_EDGE('',*,*,#1138,.F.);
#1581=ORIENTED_EDGE('',*,*,#1127,.F.);
#1582=ORIENTED_EDGE('',*,*,#1142,.T.);
#1583=ORIENTED_EDGE('',*,*,#1143,.F.);
#1584=ORIENTED_EDGE('',*,*,#1140,.T.);
#1585=ORIENTED_EDGE('',*,*,#1126,.F.);
#1586=ORIENTED_EDGE('',*,*,#1050,.F.);
#1587=ORIENTED_EDGE('',*,*,#1120,.F.);
#1588=ORIENTED_EDGE('',*,*,#1144,.F.);
#1589=ORIENTED_EDGE('',*,*,#1142,.F.);
#1590=ORIENTED_EDGE('',*,*,#1145,.F.);
#1591=ORIENTED_EDGE('',*,*,#1118,.T.);
#1592=ORIENTED_EDGE('',*,*,#1045,.T.);
#1593=ORIENTED_EDGE('',*,*,#1137,.T.);
#1594=ORIENTED_EDGE('',*,*,#1145,.T.);
#1595=ORIENTED_EDGE('',*,*,#1136,.T.);
#1596=ORIENTED_EDGE('',*,*,#1139,.T.);
#1597=ORIENTED_EDGE('',*,*,#1141,.T.);
#1598=ORIENTED_EDGE('',*,*,#1143,.T.);
#1599=ORIENTED_EDGE('',*,*,#1144,.T.);
#1600=ORIENTED_EDGE('',*,*,#1119,.T.);
#1601=ORIENTED_EDGE('',*,*,#1146,.F.);
#1602=ORIENTED_EDGE('',*,*,#1147,.T.);
#1603=ORIENTED_EDGE('',*,*,#1039,.T.);
#1604=ORIENTED_EDGE('',*,*,#1105,.T.);
#1605=ORIENTED_EDGE('',*,*,#1131,.F.);
#1606=ORIENTED_EDGE('',*,*,#1040,.T.);
#1607=ORIENTED_EDGE('',*,*,#1147,.F.);
#1608=ORIENTED_EDGE('',*,*,#1148,.F.);
#1609=ORIENTED_EDGE('',*,*,#1149,.F.);
#1610=ORIENTED_EDGE('',*,*,#1132,.F.);
#1611=ORIENTED_EDGE('',*,*,#1149,.T.);
#1612=ORIENTED_EDGE('',*,*,#1150,.F.);
#1613=ORIENTED_EDGE('',*,*,#1151,.T.);
#1614=ORIENTED_EDGE('',*,*,#1029,.T.);
#1615=ORIENTED_EDGE('',*,*,#1035,.T.);
#1616=ORIENTED_EDGE('',*,*,#1152,.T.);
#1617=ORIENTED_EDGE('',*,*,#1153,.T.);
#1618=ORIENTED_EDGE('',*,*,#1150,.T.);
#1619=ORIENTED_EDGE('',*,*,#1148,.T.);
#1620=ORIENTED_EDGE('',*,*,#1146,.T.);
#1621=ORIENTED_EDGE('',*,*,#1104,.T.);
#1622=ORIENTED_EDGE('',*,*,#1025,.T.);
#1623=ORIENTED_EDGE('',*,*,#1084,.T.);
#1624=ORIENTED_EDGE('',*,*,#1094,.T.);
#1625=ORIENTED_EDGE('',*,*,#1092,.T.);
#1626=ORIENTED_EDGE('',*,*,#1090,.T.);
#1627=ORIENTED_EDGE('',*,*,#1088,.T.);
#1628=ORIENTED_EDGE('',*,*,#1086,.T.);
#1629=ORIENTED_EDGE('',*,*,#1113,.F.);
#1630=ORIENTED_EDGE('',*,*,#1133,.F.);
#1631=ORIENTED_EDGE('',*,*,#1151,.F.);
#1632=ORIENTED_EDGE('',*,*,#1153,.F.);
#1633=ORIENTED_EDGE('',*,*,#1154,.F.);
#1634=ORIENTED_EDGE('',*,*,#1134,.F.);
#1635=ORIENTED_EDGE('',*,*,#1154,.T.);
#1636=ORIENTED_EDGE('',*,*,#1152,.F.);
#1637=ORIENTED_EDGE('',*,*,#1034,.T.);
#1638=ORIENTED_EDGE('',*,*,#1062,.T.);
#1639=ORIENTED_EDGE('',*,*,#1155,.T.);
#1640=ORIENTED_EDGE('',*,*,#976,.T.);
#1641=ORIENTED_EDGE('',*,*,#1156,.T.);
#1642=ORIENTED_EDGE('',*,*,#1155,.F.);
#1643=ORIENTED_EDGE('',*,*,#1061,.F.);
#1644=ORIENTED_EDGE('',*,*,#1157,.F.);
#1645=ORIENTED_EDGE('',*,*,#977,.F.);
#1646=ORIENTED_EDGE('',*,*,#1060,.T.);
#1647=ORIENTED_EDGE('',*,*,#1158,.T.);
#1648=ORIENTED_EDGE('',*,*,#978,.T.);
#1649=ORIENTED_EDGE('',*,*,#1157,.T.);
#1650=ORIENTED_EDGE('',*,*,#1158,.F.);
#1651=ORIENTED_EDGE('',*,*,#1059,.F.);
#1652=ORIENTED_EDGE('',*,*,#1159,.F.);
#1653=ORIENTED_EDGE('',*,*,#979,.F.);
#1654=ORIENTED_EDGE('',*,*,#1156,.F.);
#1655=ORIENTED_EDGE('',*,*,#975,.F.);
#1656=ORIENTED_EDGE('',*,*,#1160,.F.);
#1657=ORIENTED_EDGE('',*,*,#1063,.F.);
#1658=ORIENTED_EDGE('',*,*,#1160,.T.);
#1659=ORIENTED_EDGE('',*,*,#974,.F.);
#1660=ORIENTED_EDGE('',*,*,#1161,.F.);
#1661=ORIENTED_EDGE('',*,*,#1064,.F.);
#1662=ORIENTED_EDGE('',*,*,#899,.F.);
#1663=ORIENTED_EDGE('',*,*,#908,.T.);
#1664=ORIENTED_EDGE('',*,*,#1162,.T.);
#1665=ORIENTED_EDGE('',*,*,#1073,.F.);
#1666=ORIENTED_EDGE('',*,*,#1163,.T.);
#1667=ORIENTED_EDGE('',*,*,#927,.F.);
#1668=ORIENTED_EDGE('',*,*,#1162,.F.);
#1669=ORIENTED_EDGE('',*,*,#907,.F.);
#1670=ORIENTED_EDGE('',*,*,#917,.F.);
#1671=ORIENTED_EDGE('',*,*,#1074,.F.);
#1672=ORIENTED_EDGE('',*,*,#983,.T.);
#1673=ORIENTED_EDGE('',*,*,#1164,.T.);
#1674=ORIENTED_EDGE('',*,*,#1055,.T.);
#1675=ORIENTED_EDGE('',*,*,#1098,.T.);
#1676=ORIENTED_EDGE('',*,*,#1164,.F.);
#1677=ORIENTED_EDGE('',*,*,#982,.F.);
#1678=ORIENTED_EDGE('',*,*,#1165,.F.);
#1679=ORIENTED_EDGE('',*,*,#1056,.F.);
#1680=ORIENTED_EDGE('',*,*,#971,.T.);
#1681=ORIENTED_EDGE('',*,*,#1082,.T.);
#1682=ORIENTED_EDGE('',*,*,#1067,.T.);
#1683=ORIENTED_EDGE('',*,*,#1166,.T.);
#1684=ORIENTED_EDGE('',*,*,#1057,.T.);
#1685=ORIENTED_EDGE('',*,*,#1165,.T.);
#1686=ORIENTED_EDGE('',*,*,#981,.T.);
#1687=ORIENTED_EDGE('',*,*,#1167,.T.);
#1688=ORIENTED_EDGE('',*,*,#1159,.T.);
#1689=ORIENTED_EDGE('',*,*,#1058,.F.);
#1690=ORIENTED_EDGE('',*,*,#1167,.F.);
#1691=ORIENTED_EDGE('',*,*,#980,.F.);
#1692=ORIENTED_EDGE('',*,*,#1065,.T.);
#1693=ORIENTED_EDGE('',*,*,#1161,.T.);
#1694=ORIENTED_EDGE('',*,*,#973,.T.);
#1695=ORIENTED_EDGE('',*,*,#1168,.T.);
#1696=ORIENTED_EDGE('',*,*,#919,.T.);
#1697=ORIENTED_EDGE('',*,*,#1070,.F.);
#1698=ORIENTED_EDGE('',*,*,#995,.F.);
#1699=ORIENTED_EDGE('',*,*,#961,.F.);
#1700=ORIENTED_EDGE('',*,*,#934,.F.);
#1701=ORIENTED_EDGE('',*,*,#928,.T.);
#1702=ORIENTED_EDGE('',*,*,#1163,.F.);
#1703=ORIENTED_EDGE('',*,*,#1072,.F.);
#1704=ORIENTED_EDGE('',*,*,#1081,.T.);
#1705=ORIENTED_EDGE('',*,*,#987,.F.);
#1706=ORIENTED_EDGE('',*,*,#948,.T.);
#1707=ORIENTED_EDGE('',*,*,#1166,.F.);
#1708=ORIENTED_EDGE('',*,*,#1066,.F.);
#1709=ORIENTED_EDGE('',*,*,#1168,.F.);
#1710=ORIENTED_EDGE('',*,*,#972,.F.);
#1711=CYLINDRICAL_SURFACE('',#1849,1.);
#1712=CYLINDRICAL_SURFACE('',#1857,1.);
#1713=CYLINDRICAL_SURFACE('',#1859,1.5);
#1714=CYLINDRICAL_SURFACE('',#1868,1.5);
#1715=CYLINDRICAL_SURFACE('',#1871,1.5);
#1716=CYLINDRICAL_SURFACE('',#1875,1.55);
#1717=CYLINDRICAL_SURFACE('',#1880,5.);
#1718=CYLINDRICAL_SURFACE('',#1883,1.1);
#1719=CYLINDRICAL_SURFACE('',#1886,1.1);
#1720=CYLINDRICAL_SURFACE('',#1906,4.);
#1721=CYLINDRICAL_SURFACE('',#1909,3.87499999999999);
#1722=CYLINDRICAL_SURFACE('',#1965,3.875);
#1723=CYLINDRICAL_SURFACE('',#1972,3.875);
#1724=CYLINDRICAL_SURFACE('',#1979,5.);
#1725=CYLINDRICAL_SURFACE('',#1981,6.125);
#1726=CYLINDRICAL_SURFACE('',#1983,1.5);
#1727=CYLINDRICAL_SURFACE('',#1986,1.5);
#1728=CYLINDRICAL_SURFACE('',#1989,1.5);
#1729=CYLINDRICAL_SURFACE('',#1992,1.5);
#1730=CYLINDRICAL_SURFACE('',#1994,6.125);
#1731=CYLINDRICAL_SURFACE('',#1996,1.5);
#1732=CYLINDRICAL_SURFACE('',#2002,1.5);
#1733=CYLINDRICAL_SURFACE('',#2003,1.5);
#1734=CYLINDRICAL_SURFACE('',#2005,1.5);
#1735=CYLINDRICAL_SURFACE('',#2009,1.5);
#1736=CYLINDRICAL_SURFACE('',#2011,1.5);
#1737=CYLINDRICAL_SURFACE('',#2013,1.5);
#1738=CYLINDRICAL_SURFACE('',#2014,1.5);
#1739=CYLINDRICAL_SURFACE('',#2016,1.5);
#1740=CYLINDRICAL_SURFACE('',#2017,1.55);
#1741=ADVANCED_FACE('',(#107),#1711,.T.);
#1742=ADVANCED_FACE('',(#108),#52,.F.);
#1743=ADVANCED_FACE('',(#109),#53,.F.);
#1744=ADVANCED_FACE('',(#110),#1712,.T.);
#1745=ADVANCED_FACE('',(#111),#1713,.F.);
#1746=ADVANCED_FACE('',(#112),#54,.T.);
#1747=ADVANCED_FACE('',(#113),#55,.F.);
#1748=ADVANCED_FACE('',(#114),#56,.T.);
#1749=ADVANCED_FACE('',(#115),#1714,.T.);
#1750=ADVANCED_FACE('',(#116),#57,.T.);
#1751=ADVANCED_FACE('',(#117),#1715,.T.);
#1752=ADVANCED_FACE('',(#118),#58,.T.);
#1753=ADVANCED_FACE('',(#119),#1716,.F.);
#1754=ADVANCED_FACE('',(#120),#59,.F.);
#1755=ADVANCED_FACE('',(#121),#1717,.F.);
#1756=ADVANCED_FACE('',(#122),#1718,.T.);
#1757=ADVANCED_FACE('',(#123),#60,.T.);
#1758=ADVANCED_FACE('',(#124),#1719,.T.);
#1759=ADVANCED_FACE('',(#125,#24),#61,.F.);
#1760=ADVANCED_FACE('',(#126),#62,.F.);
#1761=ADVANCED_FACE('',(#127),#63,.F.);
#1762=ADVANCED_FACE('',(#128),#64,.F.);
#1763=ADVANCED_FACE('',(#129),#65,.T.);
#1764=ADVANCED_FACE('',(#130),#19,.T.);
#1765=ADVANCED_FACE('',(#131),#1720,.T.);
#1766=ADVANCED_FACE('',(#132),#1721,.F.);
#1767=ADVANCED_FACE('',(#133),#66,.T.);
#1768=ADVANCED_FACE('',(#134),#67,.T.);
#1769=ADVANCED_FACE('',(#135),#68,.T.);
#1770=ADVANCED_FACE('',(#136),#69,.T.);
#1771=ADVANCED_FACE('',(#137),#70,.T.);
#1772=ADVANCED_FACE('',(#138),#71,.T.);
#1773=ADVANCED_FACE('',(#139),#72,.T.);
#1774=ADVANCED_FACE('',(#140),#73,.T.);
#1775=ADVANCED_FACE('',(#141),#74,.T.);
#1776=ADVANCED_FACE('',(#142),#75,.T.);
#1777=ADVANCED_FACE('',(#143),#76,.T.);
#1778=ADVANCED_FACE('',(#144,#25),#77,.F.);
#1779=ADVANCED_FACE('',(#145),#78,.T.);
#1780=ADVANCED_FACE('',(#146),#79,.T.);
#1781=ADVANCED_FACE('',(#147),#80,.F.);
#1782=ADVANCED_FACE('',(#148),#81,.F.);
#1783=ADVANCED_FACE('',(#149),#82,.F.);
#1784=ADVANCED_FACE('',(#150),#83,.F.);
#1785=ADVANCED_FACE('',(#151),#84,.F.);
#1786=ADVANCED_FACE('',(#152),#85,.F.);
#1787=ADVANCED_FACE('',(#153),#86,.T.);
#1788=ADVANCED_FACE('',(#154),#17,.T.);
#1789=ADVANCED_FACE('',(#155),#87,.T.);
#1790=ADVANCED_FACE('',(#156),#15,.T.);
#1791=ADVANCED_FACE('',(#157),#20,.T.);
#1792=ADVANCED_FACE('',(#158),#16,.T.);
#1793=ADVANCED_FACE('',(#159),#88,.T.);
#1794=ADVANCED_FACE('',(#160),#89,.T.);
#1795=ADVANCED_FACE('',(#161),#21,.T.);
#1796=ADVANCED_FACE('',(#162),#18,.F.);
#1797=ADVANCED_FACE('',(#163),#1722,.F.);
#1798=ADVANCED_FACE('',(#164),#22,.T.);
#1799=ADVANCED_FACE('',(#165),#90,.T.);
#1800=ADVANCED_FACE('',(#166),#1723,.F.);
#1801=ADVANCED_FACE('',(#167),#23,.F.);
#1802=ADVANCED_FACE('',(#168),#91,.T.);
#1803=ADVANCED_FACE('',(#169),#1724,.T.);
#1804=ADVANCED_FACE('',(#170),#1725,.T.);
#1805=ADVANCED_FACE('',(#171),#1726,.F.);
#1806=ADVANCED_FACE('',(#172),#92,.T.);
#1807=ADVANCED_FACE('',(#173),#1727,.F.);
#1808=ADVANCED_FACE('',(#174),#93,.T.);
#1809=ADVANCED_FACE('',(#175),#1728,.F.);
#1810=ADVANCED_FACE('',(#176),#94,.T.);
#1811=ADVANCED_FACE('',(#177),#1729,.F.);
#1812=ADVANCED_FACE('',(#178),#1730,.T.);
#1813=ADVANCED_FACE('',(#179),#1731,.F.);
#1814=ADVANCED_FACE('',(#180,#26),#95,.T.);
#1815=ADVANCED_FACE('',(#181),#96,.T.);
#1816=ADVANCED_FACE('',(#182),#97,.T.);
#1817=ADVANCED_FACE('',(#183),#1732,.F.);
#1818=ADVANCED_FACE('',(#184),#1733,.F.);
#1819=ADVANCED_FACE('',(#185),#98,.F.);
#1820=ADVANCED_FACE('',(#186),#1734,.F.);
#1821=ADVANCED_FACE('',(#187),#99,.F.);
#1822=ADVANCED_FACE('',(#188),#100,.F.);
#1823=ADVANCED_FACE('',(#189),#101,.T.);
#1824=ADVANCED_FACE('',(#190),#1735,.F.);
#1825=ADVANCED_FACE('',(#191),#102,.T.);
#1826=ADVANCED_FACE('',(#192),#1736,.F.);
#1827=ADVANCED_FACE('',(#193),#103,.T.);
#1828=ADVANCED_FACE('',(#194),#1737,.F.);
#1829=ADVANCED_FACE('',(#195),#1738,.T.);
#1830=ADVANCED_FACE('',(#196),#104,.T.);
#1831=ADVANCED_FACE('',(#197),#1739,.T.);
#1832=ADVANCED_FACE('',(#198),#1740,.F.);
#1833=ADVANCED_FACE('',(#199),#105,.T.);
#1834=ADVANCED_FACE('',(#200),#106,.T.);
#1835=CLOSED_SHELL('',(#1741,#1742,#1743,#1744,#1745,#1746,#1747,#1748,
#1749,#1750,#1751,#1752,#1753,#1754,#1755,#1756,#1757,#1758,#1759,#1760,
#1761,#1762,#1763,#1764,#1765,#1766,#1767,#1768,#1769,#1770,#1771,#1772,
#1773,#1774,#1775,#1776,#1777,#1778,#1779,#1780,#1781,#1782,#1783,#1784,
#1785,#1786,#1787,#1788,#1789,#1790,#1791,#1792,#1793,#1794,#1795,#1796,
#1797,#1798,#1799,#1800,#1801,#1802,#1803,#1804,#1805,#1806,#1807,#1808,
#1809,#1810,#1811,#1812,#1813,#1814,#1815,#1816,#1817,#1818,#1819,#1820,
#1821,#1822,#1823,#1824,#1825,#1826,#1827,#1828,#1829,#1830,#1831,#1832,
#1833,#1834));
#1836=DERIVED_UNIT_ELEMENT(#1838,1.);
#1837=DERIVED_UNIT_ELEMENT(#3409,-3.);
#1838=(
MASS_UNIT()
NAMED_UNIT(*)
SI_UNIT(.KILO.,.GRAM.)
);
#1839=DERIVED_UNIT((#1836,#1837));
#1840=MEASURE_REPRESENTATION_ITEM('density measure',
POSITIVE_RATIO_MEASURE(1060.),#1839);
#1841=PROPERTY_DEFINITION_REPRESENTATION(#1846,#1843);
#1842=PROPERTY_DEFINITION_REPRESENTATION(#1847,#1844);
#1843=REPRESENTATION('material name',(#1845),#3406);
#1844=REPRESENTATION('density',(#1840),#3406);
#1845=DESCRIPTIVE_REPRESENTATION_ITEM('ABS Plastic','ABS Plastic');
#1846=PROPERTY_DEFINITION('material property','material name',#3416);
#1847=PROPERTY_DEFINITION('material property','density of part',#3416);
#1848=AXIS2_PLACEMENT_3D('',#2538,#2020,#2021);
#1849=AXIS2_PLACEMENT_3D('',#2539,#2022,#2023);
#1850=AXIS2_PLACEMENT_3D('',#2542,#2024,#2025);
#1851=AXIS2_PLACEMENT_3D('',#2546,#2027,#2028);
#1852=AXIS2_PLACEMENT_3D('',#2548,#2030,#2031);
#1853=AXIS2_PLACEMENT_3D('',#2556,#2035,#2036);
#1854=AXIS2_PLACEMENT_3D('',#2558,#2037,#2038);
#1855=AXIS2_PLACEMENT_3D('',#2561,#2040,#2041);
#1856=AXIS2_PLACEMENT_3D('',#2562,#2042,#2043);
#1857=AXIS2_PLACEMENT_3D('',#2566,#2046,#2047);
#1858=AXIS2_PLACEMENT_3D('',#2570,#2049,#2050);
#1859=AXIS2_PLACEMENT_3D('',#2572,#2052,#2053);
#1860=AXIS2_PLACEMENT_3D('',#2574,#2054,#2055);
#1861=AXIS2_PLACEMENT_3D('',#2578,#2057,#2058);
#1862=AXIS2_PLACEMENT_3D('',#2580,#2060,#2061);
#1863=AXIS2_PLACEMENT_3D('',#2591,#2067,#2068);
#1864=AXIS2_PLACEMENT_3D('',#2592,#2069,#2070);
#1865=AXIS2_PLACEMENT_3D('',#2594,#2072,#2073);
#1866=AXIS2_PLACEMENT_3D('',#2597,#2074,#2075);
#1867=AXIS2_PLACEMENT_3D('',#2600,#2077,#2078);
#1868=AXIS2_PLACEMENT_3D('',#2606,#2082,#2083);
#1869=AXIS2_PLACEMENT_3D('',#2621,#2086,#2087);
#1870=AXIS2_PLACEMENT_3D('',#2623,#2088,#2089);
#1871=AXIS2_PLACEMENT_3D('',#2633,#2095,#2096);
#1872=AXIS2_PLACEMENT_3D('',#2648,#2099,#2100);
#1873=AXIS2_PLACEMENT_3D('',#2650,#2101,#2102);
#1874=AXIS2_PLACEMENT_3D('',#2657,#2106,#2107);
#1875=AXIS2_PLACEMENT_3D('',#2658,#2108,#2109);
#1876=AXIS2_PLACEMENT_3D('',#2660,#2110,#2111);
#1877=AXIS2_PLACEMENT_3D('',#2662,#2113,#2114);
#1878=AXIS2_PLACEMENT_3D('',#2665,#2115,#2116);
#1879=AXIS2_PLACEMENT_3D('',#2669,#2118,#2119);
#1880=AXIS2_PLACEMENT_3D('',#2673,#2122,#2123);
#1881=AXIS2_PLACEMENT_3D('',#2677,#2125,#2126);
#1882=AXIS2_PLACEMENT_3D('',#2681,#2128,#2129);
#1883=AXIS2_PLACEMENT_3D('',#2683,#2131,#2132);
#1884=AXIS2_PLACEMENT_3D('',#2685,#2133,#2134);
#1885=AXIS2_PLACEMENT_3D('',#2702,#2136,#2137);
#1886=AXIS2_PLACEMENT_3D('',#2705,#2140,#2141);
#1887=AXIS2_PLACEMENT_3D('',#2709,#2143,#2144);
#1888=AXIS2_PLACEMENT_3D('',#2711,#2146,#2147);
#1889=AXIS2_PLACEMENT_3D('',#2719,#2151,#2152);
#1890=AXIS2_PLACEMENT_3D('',#2723,#2154,#2155);
#1891=AXIS2_PLACEMENT_3D('',#2729,#2158,#2159);
#1892=AXIS2_PLACEMENT_3D('',#2733,#2161,#2162);
#1893=AXIS2_PLACEMENT_3D('',#2739,#2165,#2166);
#1894=AXIS2_PLACEMENT_3D('',#2743,#2168,#2169);
#1895=AXIS2_PLACEMENT_3D('',#2802,#2171,#2172);
#1896=AXIS2_PLACEMENT_3D('',#2811,#2177,#2178);
#1897=AXIS2_PLACEMENT_3D('',#2812,#2179,#2180);
#1898=AXIS2_PLACEMENT_3D('',#2816,#2183,#2184);
#1899=AXIS2_PLACEMENT_3D('',#2818,#2186,#2187);
#1900=AXIS2_PLACEMENT_3D('',#2828,#2193,#2194);
#1901=AXIS2_PLACEMENT_3D('',#2832,#2197,#2198);
#1902=AXIS2_PLACEMENT_3D('',#2842,#2199,#2200);
#1903=AXIS2_PLACEMENT_3D('',#2844,#2201,#2202);
#1904=AXIS2_PLACEMENT_3D('',#2845,#2203,#2204);
#1905=AXIS2_PLACEMENT_3D('',#2853,#2205,#2206);
#1906=AXIS2_PLACEMENT_3D('',#2854,#2207,#2208);
#1907=AXIS2_PLACEMENT_3D('',#2858,#2210,#2211);
#1908=AXIS2_PLACEMENT_3D('',#2862,#2213,#2214);
#1909=AXIS2_PLACEMENT_3D('',#2864,#2216,#2217);
#1910=AXIS2_PLACEMENT_3D('',#2867,#2219,#2220);
#1911=AXIS2_PLACEMENT_3D('',#2868,#2221,#2222);
#1912=AXIS2_PLACEMENT_3D('',#2869,#2223,#2224);
#1913=AXIS2_PLACEMENT_3D('',#2874,#2228,#2229);
#1914=AXIS2_PLACEMENT_3D('',#2876,#2231,#2232);
#1915=AXIS2_PLACEMENT_3D('',#2880,#2235,#2236);
#1916=AXIS2_PLACEMENT_3D('',#2884,#2239,#2240);
#1917=AXIS2_PLACEMENT_3D('',#2888,#2243,#2244);
#1918=AXIS2_PLACEMENT_3D('',#2897,#2249,#2250);
#1919=AXIS2_PLACEMENT_3D('',#2903,#2254,#2255);
#1920=AXIS2_PLACEMENT_3D('',#2907,#2257,#2258);
#1921=AXIS2_PLACEMENT_3D('',#2911,#2261,#2262);
#1922=AXIS2_PLACEMENT_3D('',#2918,#2266,#2267);
#1923=AXIS2_PLACEMENT_3D('',#2920,#2268,#2269);
#1924=AXIS2_PLACEMENT_3D('',#2924,#2271,#2272);
#1925=AXIS2_PLACEMENT_3D('',#2928,#2274,#2275);
#1926=AXIS2_PLACEMENT_3D('',#2930,#2276,#2277);
#1927=AXIS2_PLACEMENT_3D('',#2934,#2279,#2280);
#1928=AXIS2_PLACEMENT_3D('',#2936,#2281,#2282);
#1929=AXIS2_PLACEMENT_3D('',#2943,#2286,#2287);
#1930=AXIS2_PLACEMENT_3D('',#3003,#2289,#2290);
#1931=AXIS2_PLACEMENT_3D('',#3007,#2292,#2293);
#1932=AXIS2_PLACEMENT_3D('',#3013,#2296,#2297);
#1933=AXIS2_PLACEMENT_3D('',#3017,#2299,#2300);
#1934=AXIS2_PLACEMENT_3D('',#3023,#2303,#2304);
#1935=AXIS2_PLACEMENT_3D('',#3027,#2306,#2307);
#1936=AXIS2_PLACEMENT_3D('',#3029,#2309,#2310);
#1937=AXIS2_PLACEMENT_3D('',#3030,#2311,#2312);
#1938=AXIS2_PLACEMENT_3D('',#3031,#2313,#2314);
#1939=AXIS2_PLACEMENT_3D('',#3032,#2315,#2316);
#1940=AXIS2_PLACEMENT_3D('',#3038,#2319,#2320);
#1941=AXIS2_PLACEMENT_3D('',#3052,#2328,#2329);
#1942=AXIS2_PLACEMENT_3D('',#3054,#2331,#2332);
#1943=AXIS2_PLACEMENT_3D('',#3056,#2334,#2335);
#1944=AXIS2_PLACEMENT_3D('',#3062,#2339,#2340);
#1945=AXIS2_PLACEMENT_3D('',#3066,#2343,#2344);
#1946=AXIS2_PLACEMENT_3D('',#3070,#2347,#2348);
#1947=AXIS2_PLACEMENT_3D('',#3074,#2351,#2352);
#1948=AXIS2_PLACEMENT_3D('',#3078,#2355,#2356);
#1949=AXIS2_PLACEMENT_3D('',#3080,#2358,#2359);
#1950=AXIS2_PLACEMENT_3D('',#3114,#2361,#2362);
#1951=AXIS2_PLACEMENT_3D('',#3116,#2364,#2365);
#1952=AXIS2_PLACEMENT_3D('',#3117,#2366,#2367);
#1953=AXIS2_PLACEMENT_3D('',#3120,#2368,#2369);
#1954=AXIS2_PLACEMENT_3D('',#3122,#2370,#2371);
#1955=AXIS2_PLACEMENT_3D('',#3123,#2372,#2373);
#1956=AXIS2_PLACEMENT_3D('',#3124,#2374,#2375);
#1957=AXIS2_PLACEMENT_3D('',#3125,#2376,#2377);
#1958=AXIS2_PLACEMENT_3D('',#3127,#2379,#2380);
#1959=AXIS2_PLACEMENT_3D('',#3128,#2381,#2382);
#1960=AXIS2_PLACEMENT_3D('',#3132,#2385,#2386);
#1961=AXIS2_PLACEMENT_3D('',#3134,#2387,#2388);
#1962=AXIS2_PLACEMENT_3D('',#3136,#2389,#2390);
#1963=AXIS2_PLACEMENT_3D('',#3138,#2391,#2392);
#1964=AXIS2_PLACEMENT_3D('',#3139,#2393,#2394);
#1965=AXIS2_PLACEMENT_3D('',#3221,#2395,#2396);
#1966=AXIS2_PLACEMENT_3D('',#3224,#2398,#2399);
#1967=AXIS2_PLACEMENT_3D('',#3225,#2400,#2401);
#1968=AXIS2_PLACEMENT_3D('',#3238,#2402,#2403);
#1969=AXIS2_PLACEMENT_3D('',#3240,#2404,#2405);
#1970=AXIS2_PLACEMENT_3D('',#3241,#2406,#2407);
#1971=AXIS2_PLACEMENT_3D('',#3242,#2408,#2409);
#1972=AXIS2_PLACEMENT_3D('',#3248,#2413,#2414);
#1973=AXIS2_PLACEMENT_3D('',#3252,#2416,#2417);
#1974=AXIS2_PLACEMENT_3D('',#3253,#2418,#2419);
#1975=AXIS2_PLACEMENT_3D('',#3254,#2420,#2421);
#1976=AXIS2_PLACEMENT_3D('',#3256,#2422,#2423);
#1977=AXIS2_PLACEMENT_3D('',#3257,#2424,#2425);
#1978=AXIS2_PLACEMENT_3D('',#3258,#2426,#2427);
#1979=AXIS2_PLACEMENT_3D('',#3259,#2428,#2429);
#1980=AXIS2_PLACEMENT_3D('',#3261,#2430,#2431);
#1981=AXIS2_PLACEMENT_3D('',#3330,#2434,#2435);
#1982=AXIS2_PLACEMENT_3D('',#3334,#2437,#2438);
#1983=AXIS2_PLACEMENT_3D('',#3336,#2440,#2441);
#1984=AXIS2_PLACEMENT_3D('',#3339,#2443,#2444);
#1985=AXIS2_PLACEMENT_3D('',#3340,#2445,#2446);
#1986=AXIS2_PLACEMENT_3D('',#3344,#2449,#2450);
#1987=AXIS2_PLACEMENT_3D('',#3347,#2452,#2453);
#1988=AXIS2_PLACEMENT_3D('',#3348,#2454,#2455);
#1989=AXIS2_PLACEMENT_3D('',#3350,#2457,#2458);
#1990=AXIS2_PLACEMENT_3D('',#3351,#2459,#2460);
#1991=AXIS2_PLACEMENT_3D('',#3352,#2461,#2462);
#1992=AXIS2_PLACEMENT_3D('',#3353,#2463,#2464);
#1993=AXIS2_PLACEMENT_3D('',#3355,#2465,#2466);
#1994=AXIS2_PLACEMENT_3D('',#3357,#2468,#2469);
#1995=AXIS2_PLACEMENT_3D('',#3359,#2470,#2471);
#1996=AXIS2_PLACEMENT_3D('',#3361,#2473,#2474);
#1997=AXIS2_PLACEMENT_3D('',#3363,#2475,#2476);
#1998=AXIS2_PLACEMENT_3D('',#3365,#2478,#2479);
#1999=AXIS2_PLACEMENT_3D('',#3367,#2480,#2481);
#2000=AXIS2_PLACEMENT_3D('',#3369,#2483,#2484);
#2001=AXIS2_PLACEMENT_3D('',#3370,#2485,#2486);
#2002=AXIS2_PLACEMENT_3D('',#3372,#2488,#2489);
#2003=AXIS2_PLACEMENT_3D('',#3373,#2490,#2491);
#2004=AXIS2_PLACEMENT_3D('',#3376,#2494,#2495);
#2005=AXIS2_PLACEMENT_3D('',#3378,#2497,#2498);
#2006=AXIS2_PLACEMENT_3D('',#3380,#2500,#2501);
#2007=AXIS2_PLACEMENT_3D('',#3382,#2503,#2504);
#2008=AXIS2_PLACEMENT_3D('',#3384,#2506,#2507);
#2009=AXIS2_PLACEMENT_3D('',#3386,#2509,#2510);
#2010=AXIS2_PLACEMENT_3D('',#3389,#2513,#2514);
#2011=AXIS2_PLACEMENT_3D('',#3390,#2515,#2516);
#2012=AXIS2_PLACEMENT_3D('',#3392,#2518,#2519);
#2013=AXIS2_PLACEMENT_3D('',#3394,#2521,#2522);
#2014=AXIS2_PLACEMENT_3D('',#3396,#2524,#2525);
#2015=AXIS2_PLACEMENT_3D('',#3398,#2527,#2528);
#2016=AXIS2_PLACEMENT_3D('',#3399,#2529,#2530);
#2017=AXIS2_PLACEMENT_3D('',#3401,#2532,#2533);
#2018=AXIS2_PLACEMENT_3D('',#3402,#2534,#2535);
#2019=AXIS2_PLACEMENT_3D('',#3403,#2536,#2537);
#2020=DIRECTION('axis',(0.,0.,1.));
#2021=DIRECTION('refdir',(1.,0.,0.));
#2022=DIRECTION('center_axis',(-1.,0.,0.));
#2023=DIRECTION('ref_axis',(0.,-0.632455532033676,-0.774596669241484));
#2024=DIRECTION('center_axis',(1.,0.,0.));
#2025=DIRECTION('ref_axis',(0.,-0.632455532033676,-0.774596669241484));
#2026=DIRECTION('',(1.,0.,0.));
#2027=DIRECTION('center_axis',(1.,0.,0.));
#2028=DIRECTION('ref_axis',(0.,-0.632455532033676,-0.774596669241484));
#2029=DIRECTION('',(-1.,0.,0.));
#2030=DIRECTION('center_axis',(1.,0.,0.));
#2031=DIRECTION('ref_axis',(0.,1.,0.));
#2032=DIRECTION('',(0.,0.,1.));
#2033=DIRECTION('',(0.,1.,0.));
#2034=DIRECTION('',(0.,0.,-1.));
#2035=DIRECTION('center_axis',(1.,0.,0.));
#2036=DIRECTION('ref_axis',(0.,0.632455532033667,-0.774596669241491));
#2037=DIRECTION('center_axis',(-1.,0.,0.));
#2038=DIRECTION('ref_axis',(0.,0.707106781186545,0.70710678118655));
#2039=DIRECTION('',(0.,-1.,0.));
#2040=DIRECTION('center_axis',(-1.,0.,0.));
#2041=DIRECTION('ref_axis',(0.,-0.707106781186546,0.707106781186549));
#2042=DIRECTION('center_axis',(0.,1.,0.));
#2043=DIRECTION('ref_axis',(0.,0.,1.));
#2044=DIRECTION('',(0.,0.,1.));
#2045=DIRECTION('',(1.,0.,0.));
#2046=DIRECTION('center_axis',(1.,0.,0.));
#2047=DIRECTION('ref_axis',(0.,0.632455532033667,-0.774596669241491));
#2048=DIRECTION('',(1.,0.,0.));
#2049=DIRECTION('center_axis',(1.,0.,0.));
#2050=DIRECTION('ref_axis',(0.,0.632455532033667,-0.774596669241491));
#2051=DIRECTION('',(-1.,0.,0.));
#2052=DIRECTION('center_axis',(-1.,0.,0.));
#2053=DIRECTION('ref_axis',(0.,0.707106781186545,0.70710678118655));
#2054=DIRECTION('center_axis',(1.,0.,0.));
#2055=DIRECTION('ref_axis',(0.,0.707106781186545,0.70710678118655));
#2056=DIRECTION('',(1.,0.,0.));
#2057=DIRECTION('center_axis',(-1.,0.,0.));
#2058=DIRECTION('ref_axis',(0.,0.707106781186545,0.70710678118655));
#2059=DIRECTION('',(-1.,0.,0.));
#2060=DIRECTION('center_axis',(-1.,0.,0.));
#2061=DIRECTION('ref_axis',(0.,-1.,0.));
#2062=DIRECTION('',(0.,0.,1.));
#2063=DIRECTION('',(0.,1.,1.4287052327616E-16));
#2064=DIRECTION('',(0.,1.48029736616688E-15,-1.));
#2065=DIRECTION('',(0.,0.,-1.));
#2066=DIRECTION('',(0.,-1.,0.));
#2067=DIRECTION('center_axis',(1.,0.,0.));
#2068=DIRECTION('ref_axis',(0.,1.,-2.30416310589784E-15));
#2069=DIRECTION('center_axis',(0.,-1.,0.));
#2070=DIRECTION('ref_axis',(0.,0.,-1.));
#2071=DIRECTION('',(-1.,0.,0.));
#2072=DIRECTION('center_axis',(-1.,0.,0.));
#2073=DIRECTION('ref_axis',(0.,-1.,0.));
#2074=DIRECTION('center_axis',(1.,0.,0.));
#2075=DIRECTION('ref_axis',(0.,-1.,-6.26732364804212E-15));
#2076=DIRECTION('',(0.,-1.,0.));
#2077=DIRECTION('center_axis',(1.,0.,0.));
#2078=DIRECTION('ref_axis',(0.,-0.707106781186546,0.707106781186549));
#2079=DIRECTION('',(0.,0.,1.));
#2080=DIRECTION('',(0.,1.,1.4287052327616E-16));
#2081=DIRECTION('',(0.,-1.62183574264188E-33,-1.));
#2082=DIRECTION('center_axis',(0.996194698091746,0.0871557427476582,0.));
#2083=DIRECTION('ref_axis',(-0.0616284167162187,0.70441602640276,0.707106781186546));
#2084=DIRECTION('',(0.996194698091746,0.0871557427476582,0.));
#2085=DIRECTION('',(-0.996194698091746,-0.0871557427476582,0.));
#2086=DIRECTION('center_axis',(0.,-1.,-1.48029736616688E-15));
#2087=DIRECTION('ref_axis',(0.,-1.48029736616688E-15,1.));
#2088=DIRECTION('center_axis',(0.,1.,1.48029736616688E-15));
#2089=DIRECTION('ref_axis',(-1.,0.,0.));
#2090=DIRECTION('',(0.,-1.48029736616688E-15,1.));
#2091=DIRECTION('',(-1.,0.,0.));
#2092=DIRECTION('',(0.,0.,1.));
#2093=DIRECTION('',(1.,-2.7078629654395E-27,1.82926959631856E-12));
#2094=DIRECTION('',(0.,1.48029736616688E-15,-1.));
#2095=DIRECTION('center_axis',(0.996194698091746,-0.0871557427476582,0.));
#2096=DIRECTION('ref_axis',(-0.0616284167162191,-0.704416026402756,0.70710678118655));
#2097=DIRECTION('',(0.996194698091746,-0.0871557427476582,0.));
#2098=DIRECTION('',(-0.996194698091746,0.0871557427476582,0.));
#2099=DIRECTION('center_axis',(-0.0871557427476582,-0.996194698091746,1.61566416799553E-33));
#2100=DIRECTION('ref_axis',(0.,-1.62183574264188E-33,-1.));
#2101=DIRECTION('center_axis',(-0.0871557427476582,-0.996194698091746,1.61566416799553E-33));
#2102=DIRECTION('ref_axis',(-0.996194698091746,0.0871557427476582,1.24519865728803E-17));
#2103=DIRECTION('',(0.,1.62183574264188E-33,1.));
#2104=DIRECTION('',(0.996194698091746,-0.0871557427476582,0.));
#2105=DIRECTION('',(0.,1.62183574264188E-33,1.));
#2106=DIRECTION('center_axis',(-0.0871557427476582,-0.996194698091746,1.61566416799553E-33));
#2107=DIRECTION('ref_axis',(0.996194698091746,-0.0871557427476582,0.));
#2108=DIRECTION('center_axis',(0.,-1.,-1.4287052327616E-16));
#2109=DIRECTION('ref_axis',(-1.,0.,0.));
#2110=DIRECTION('center_axis',(0.,-1.,0.));
#2111=DIRECTION('ref_axis',(-1.,0.,0.));
#2112=DIRECTION('',(0.,1.,1.4287052327616E-16));
#2113=DIRECTION('center_axis',(0.,0.,-1.));
#2114=DIRECTION('ref_axis',(0.,1.,0.));
#2115=DIRECTION('center_axis',(0.,0.,1.));
#2116=DIRECTION('ref_axis',(1.,0.,0.));
#2117=DIRECTION('',(0.,1.,0.));
#2118=DIRECTION('center_axis',(0.,0.,1.));
#2119=DIRECTION('ref_axis',(-0.707106781186549,0.707106781186546,0.));
#2120=DIRECTION('',(-1.,0.,0.));
#2121=DIRECTION('',(0.,-1.,0.));
#2122=DIRECTION('center_axis',(0.,-1.36642833800019E-15,1.));
#2123=DIRECTION('ref_axis',(1.,0.,0.));
#2124=DIRECTION('',(0.,-1.36642833800019E-15,1.));
#2125=DIRECTION('center_axis',(0.,-1.55431223447522E-15,1.));
#2126=DIRECTION('ref_axis',(1.,0.,0.));
#2127=DIRECTION('',(0.,-1.36642833800019E-15,1.));
#2128=DIRECTION('center_axis',(2.50390724702695E-14,-1.55431223447522E-15,
1.));
#2129=DIRECTION('ref_axis',(1.,0.,0.));
#2130=DIRECTION('',(0.,1.36642833800019E-15,-1.));
#2131=DIRECTION('center_axis',(0.,-1.48029736616688E-15,1.));
#2132=DIRECTION('ref_axis',(-0.707106781186549,-0.707106781186546,-2.85471356124323E-15));
#2133=DIRECTION('center_axis',(0.,-1.55431223447522E-15,1.));
#2134=DIRECTION('ref_axis',(-0.707106781186549,-0.707106781186546,-2.85471356124323E-15));
#2135=DIRECTION('',(0.,1.48029736616688E-15,-1.));
#2136=DIRECTION('center_axis',(0.,1.55431223447522E-15,-1.));
#2137=DIRECTION('ref_axis',(1.,0.,0.));
#2138=DIRECTION('',(0.,-1.,-1.55431223447522E-15));
#2139=DIRECTION('',(0.,1.,1.55431223447522E-15));
#2140=DIRECTION('center_axis',(0.,0.,-1.));
#2141=DIRECTION('ref_axis',(-0.707106781186549,0.707106781186546,0.));
#2142=DIRECTION('',(0.,0.,1.));
#2143=DIRECTION('center_axis',(1.82926959631856E-12,1.55431223447522E-15,
-1.));
#2144=DIRECTION('ref_axis',(-0.707106781186549,0.707106781186546,0.));
#2145=DIRECTION('',(0.,0.,-1.));
#2146=DIRECTION('center_axis',(1.,0.,0.));
#2147=DIRECTION('ref_axis',(0.,1.,0.));
#2148=DIRECTION('',(0.,-1.,-1.55431223447522E-15));
#2149=DIRECTION('',(2.88369616786027E-16,1.48029736616688E-15,-1.));
#2150=DIRECTION('',(0.,-1.,-7.61210131790295E-14));
#2151=DIRECTION('center_axis',(-1.,0.,0.));
#2152=DIRECTION('ref_axis',(0.,-0.707106781186573,0.707106781186522));
#2153=DIRECTION('',(0.,-1.10332722944143E-15,-1.));
#2154=DIRECTION('center_axis',(1.,0.,0.));
#2155=DIRECTION('ref_axis',(0.,0.707106781186548,-0.707106781186547));
#2156=DIRECTION('',(0.,-1.,1.5936579645579E-15));
#2157=DIRECTION('',(0.,0.,1.));
#2158=DIRECTION('center_axis',(-1.,0.,0.));
#2159=DIRECTION('ref_axis',(0.,0.707106781186553,0.707106781186542));
#2160=DIRECTION('',(0.,-1.,0.));
#2161=DIRECTION('center_axis',(-1.,0.,0.));
#2162=DIRECTION('ref_axis',(0.,-0.707106781186549,0.707106781186546));
#2163=DIRECTION('',(0.,0.,-1.));
#2164=DIRECTION('',(0.,-1.,1.5936579645579E-15));
#2165=DIRECTION('center_axis',(1.,0.,0.));
#2166=DIRECTION('ref_axis',(0.,-0.707106781186548,-0.707106781186547));
#2167=DIRECTION('',(0.,0.,1.));
#2168=DIRECTION('center_axis',(-1.,0.,0.));
#2169=DIRECTION('ref_axis',(0.,0.707106781186547,0.707106781186548));
#2170=DIRECTION('',(0.,-1.,1.76675645603148E-16));
#2171=DIRECTION('center_axis',(-1.,0.,0.));
#2172=DIRECTION('ref_axis',(0.,-1.,0.));
#2173=DIRECTION('',(0.,0.,-1.));
#2174=DIRECTION('',(0.,1.,0.));
#2175=DIRECTION('',(2.88369616786027E-16,1.48029736616688E-15,-1.));
#2176=DIRECTION('',(0.,1.,1.33226762955019E-15));
#2177=DIRECTION('center_axis',(1.,0.,0.));
#2178=DIRECTION('ref_axis',(0.,1.,0.));
#2179=DIRECTION('center_axis',(0.,-1.,0.));
#2180=DIRECTION('ref_axis',(0.,0.,-1.));
#2181=DIRECTION('',(-1.,0.,-1.82926959631856E-12));
#2182=DIRECTION('',(0.,0.,-1.));
#2183=DIRECTION('center_axis',(1.,0.,0.));
#2184=DIRECTION('ref_axis',(0.,0.,-1.));
#2185=DIRECTION('',(0.,-1.,-1.55431223447522E-15));
#2186=DIRECTION('center_axis',(1.,0.,0.));
#2187=DIRECTION('ref_axis',(0.,1.,0.));
#2188=DIRECTION('',(0.,1.,1.4287052327616E-16));
#2189=DIRECTION('',(0.,0.,-1.));
#2190=DIRECTION('',(0.,1.,1.33226762955019E-15));
#2191=DIRECTION('',(-2.88369616786027E-16,-1.48029736616688E-15,1.));
#2192=DIRECTION('',(0.,-1.,-1.55431223447522E-15));
#2193=DIRECTION('center_axis',(-1.82926959631856E-12,-1.55431223447522E-15,
1.));
#2194=DIRECTION('ref_axis',(-1.,2.7078629654395E-27,-1.82926959631856E-12));
#2195=DIRECTION('',(-1.,2.7078629654395E-27,-1.82926959631856E-12));
#2196=DIRECTION('',(0.,-1.,-1.55431223447522E-15));
#2197=DIRECTION('center_axis',(-1.,0.,0.));
#2198=DIRECTION('ref_axis',(0.,0.,1.));
#2199=DIRECTION('center_axis',(0.,-1.,0.));
#2200=DIRECTION('ref_axis',(0.,0.,-1.));
#2201=DIRECTION('center_axis',(-1.,0.,0.));
#2202=DIRECTION('ref_axis',(0.,1.,0.));
#2203=DIRECTION('center_axis',(-1.,0.,0.));
#2204=DIRECTION('ref_axis',(0.,1.,0.));
#2205=DIRECTION('center_axis',(1.,0.,0.));
#2206=DIRECTION('ref_axis',(0.,1.,0.));
#2207=DIRECTION('center_axis',(0.,-1.,-1.55431223447522E-15));
#2208=DIRECTION('ref_axis',(0.707106781186539,0.,-0.707106781186556));
#2209=DIRECTION('',(0.,-1.,-1.55431223447522E-15));
#2210=DIRECTION('center_axis',(0.,1.,1.55431223447522E-15));
#2211=DIRECTION('ref_axis',(0.707106781186539,0.,-0.707106781186556));
#2212=DIRECTION('',(0.,1.,1.55431223447522E-15));
#2213=DIRECTION('center_axis',(-0.0871557427476582,0.996194698091746,1.32719794899715E-15));
#2214=DIRECTION('ref_axis',(0.996194698091746,0.0871557427476582,1.03687339765403E-14));
#2215=DIRECTION('',(0.,-1.,-1.55431223447522E-15));
#2216=DIRECTION('center_axis',(-1.,0.,0.));
#2217=DIRECTION('ref_axis',(0.,1.,0.));
#2218=DIRECTION('',(-1.,0.,0.));
#2219=DIRECTION('center_axis',(-1.,0.,0.));
#2220=DIRECTION('ref_axis',(0.,1.,0.));
#2221=DIRECTION('center_axis',(1.,0.,0.));
#2222=DIRECTION('ref_axis',(0.,0.,-1.));
#2223=DIRECTION('center_axis',(-0.0871557427476582,0.996194698091746,1.32719794899715E-15));
#2224=DIRECTION('ref_axis',(0.,-1.33226762955019E-15,1.));
#2225=DIRECTION('',(-0.996194698091746,-0.0871557427476582,2.480832400276E-14));
#2226=DIRECTION('',(0.99243250913881,0.0868265938642337,0.0868265938660632));
#2227=DIRECTION('',(0.,1.33226762955019E-15,-1.));
#2228=DIRECTION('center_axis',(-2.50390724702695E-14,1.55431223447522E-15,
-1.));
#2229=DIRECTION('ref_axis',(1.,3.70652730290015E-29,-2.50390724702695E-14));
#2230=DIRECTION('',(1.,3.70652730290015E-29,-2.50390724702695E-14));
#2231=DIRECTION('center_axis',(-0.0871557427494805,-1.5483976071631E-15,
0.996194698091586));
#2232=DIRECTION('ref_axis',(-0.996194698091586,1.35467237260157E-16,-0.0871557427494805));
#2233=DIRECTION('',(-0.99243250913881,-0.0868265938642338,-0.0868265938660632));
#2234=DIRECTION('',(0.,1.,1.55431223447522E-15));
#2235=DIRECTION('center_axis',(0.,-1.,-1.55431223447522E-15));
#2236=DIRECTION('ref_axis',(0.,1.55431223447522E-15,-1.));
#2237=DIRECTION('',(0.,-1.48029736616688E-15,1.));
#2238=DIRECTION('',(1.,0.,0.));
#2239=DIRECTION('center_axis',(0.,-1.,-1.55431223447522E-15));
#2240=DIRECTION('ref_axis',(0.,1.55431223447522E-15,-1.));
#2241=DIRECTION('',(0.,1.55431223447522E-15,-1.));
#2242=DIRECTION('',(-1.,0.,0.));
#2243=DIRECTION('center_axis',(0.,-1.,-1.55431223447522E-15));
#2244=DIRECTION('ref_axis',(0.,1.55431223447522E-15,-1.));
#2245=DIRECTION('',(0.,-1.55431223447522E-15,1.));
#2246=DIRECTION('',(-1.,0.,0.));
#2247=DIRECTION('',(0.,-1.48029736616688E-15,1.));
#2248=DIRECTION('',(-1.,2.7078629654395E-27,-1.82926959631856E-12));
#2249=DIRECTION('center_axis',(-1.82926959631856E-12,-1.55431223447522E-15,
1.));
#2250=DIRECTION('ref_axis',(-1.,2.7078629654395E-27,-1.82926959631856E-12));
#2251=DIRECTION('',(0.,1.,1.55431223447522E-15));
#2252=DIRECTION('',(0.,-1.,-1.55431223447522E-15));
#2253=DIRECTION('',(1.,-2.7078629654395E-27,1.82926959631856E-12));
#2254=DIRECTION('center_axis',(0.,-1.,-1.48029736616688E-15));
#2255=DIRECTION('ref_axis',(0.,1.48029736616688E-15,-1.));
#2256=DIRECTION('',(0.,1.48029736616688E-15,-1.));
#2257=DIRECTION('center_axis',(0.,1.,1.48029736616688E-15));
#2258=DIRECTION('ref_axis',(0.707106781186547,0.,0.707106781186547));
#2259=DIRECTION('',(1.,0.,0.));
#2260=DIRECTION('',(0.,-1.48029736616688E-15,1.));
#2261=DIRECTION('center_axis',(1.,0.,0.));
#2262=DIRECTION('ref_axis',(0.,0.,-1.));
#2263=DIRECTION('',(0.,0.,-1.));
#2264=DIRECTION('',(0.,1.,0.));
#2265=DIRECTION('',(0.,-1.,0.));
#2266=DIRECTION('center_axis',(1.,0.,0.));
#2267=DIRECTION('ref_axis',(0.,-0.891673688752289,-0.452678730212594));
#2268=DIRECTION('center_axis',(-1.,0.,0.));
#2269=DIRECTION('ref_axis',(0.,1.,0.));
#2270=DIRECTION('',(0.,1.,0.));
#2271=DIRECTION('center_axis',(1.,0.,0.));
#2272=DIRECTION('ref_axis',(0.,0.,-1.));
#2273=DIRECTION('',(0.,1.,0.));
#2274=DIRECTION('center_axis',(-1.,0.,0.));
#2275=DIRECTION('ref_axis',(0.,1.,0.));
#2276=DIRECTION('center_axis',(1.,0.,0.));
#2277=DIRECTION('ref_axis',(0.,0.891673688752289,-0.452678730212594));
#2278=DIRECTION('',(0.,-1.,0.));
#2279=DIRECTION('center_axis',(1.,0.,0.));
#2280=DIRECTION('ref_axis',(0.,1.,0.));
#2281=DIRECTION('center_axis',(1.,0.,0.));
#2282=DIRECTION('ref_axis',(0.,1.,0.));
#2283=DIRECTION('',(0.,-1.,0.));
#2284=DIRECTION('',(0.,0.,1.));
#2285=DIRECTION('',(0.,1.,0.));
#2286=DIRECTION('center_axis',(-1.,0.,0.));
#2287=DIRECTION('ref_axis',(0.,-1.,0.));
#2288=DIRECTION('',(0.,1.,-1.76675645603148E-16));
#2289=DIRECTION('center_axis',(1.,0.,0.));
#2290=DIRECTION('ref_axis',(0.,0.707106781186547,0.707106781186548));
#2291=DIRECTION('',(0.,0.,-1.));
#2292=DIRECTION('center_axis',(-1.,0.,0.));
#2293=DIRECTION('ref_axis',(0.,-0.707106781186548,-0.707106781186547));
#2294=DIRECTION('',(0.,1.,-1.5936579645579E-15));
#2295=DIRECTION('',(0.,0.,1.));
#2296=DIRECTION('center_axis',(1.,0.,0.));
#2297=DIRECTION('ref_axis',(0.,-0.707106781186549,0.707106781186546));
#2298=DIRECTION('',(0.,1.,0.));
#2299=DIRECTION('center_axis',(1.,0.,0.));
#2300=DIRECTION('ref_axis',(0.,0.707106781186553,0.707106781186542));
#2301=DIRECTION('',(0.,0.,-1.));
#2302=DIRECTION('',(0.,1.,-1.5936579645579E-15));
#2303=DIRECTION('center_axis',(-1.,0.,0.));
#2304=DIRECTION('ref_axis',(0.,0.707106781186548,-0.707106781186547));
#2305=DIRECTION('',(0.,1.10332722944143E-15,1.));
#2306=DIRECTION('center_axis',(1.,0.,0.));
#2307=DIRECTION('ref_axis',(0.,-0.707106781186573,0.707106781186522));
#2308=DIRECTION('',(0.,1.,-8.78797828391527E-15));
#2309=DIRECTION('center_axis',(-0.0871557427476582,0.996194698091746,0.));
#2310=DIRECTION('ref_axis',(0.,0.,1.));
#2311=DIRECTION('center_axis',(-0.0871557427476582,0.996194698091746,0.));
#2312=DIRECTION('ref_axis',(0.996194698091746,0.0871557427476582,0.));
#2313=DIRECTION('center_axis',(-0.0871557427476582,0.996194698091746,0.));
#2314=DIRECTION('ref_axis',(-0.996194698091746,-0.0871557427476582,-1.24519865728803E-17));
#2315=DIRECTION('center_axis',(1.,0.,0.));
#2316=DIRECTION('ref_axis',(0.,1.,0.));
#2317=DIRECTION('',(0.,-1.,0.));
#2318=DIRECTION('',(0.,0.,1.));
#2319=DIRECTION('center_axis',(-1.,0.,0.));
#2320=DIRECTION('ref_axis',(0.,-0.707106781186546,0.707106781186549));
#2321=DIRECTION('',(0.,1.,0.));
#2322=DIRECTION('',(0.,-1.,-9.77529717013106E-15));
#2323=DIRECTION('',(0.,3.78103670969811E-14,-1.));
#2324=DIRECTION('',(0.,1.,9.112244890021E-15));
#2325=DIRECTION('',(0.,-3.51435850121876E-14,1.));
#2326=DIRECTION('',(0.,-1.,-9.3370037776831E-15));
#2327=DIRECTION('',(0.,-3.83560962298706E-14,1.));
#2328=DIRECTION('center_axis',(0.,0.,1.));
#2329=DIRECTION('ref_axis',(0.,1.,0.));
#2330=DIRECTION('',(-1.,0.,0.));
#2331=DIRECTION('center_axis',(0.,7.61210131790295E-14,-1.));
#2332=DIRECTION('ref_axis',(0.,1.,7.61210131790295E-14));
#2333=DIRECTION('',(1.,0.,0.));
#2334=DIRECTION('center_axis',(0.,-9.77529717013106E-15,1.));
#2335=DIRECTION('ref_axis',(0.,1.,9.77529717013106E-15));
#2336=DIRECTION('',(-1.,0.,0.));
#2337=DIRECTION('',(0.,1.,9.77529717013106E-15));
#2338=DIRECTION('',(-1.,0.,0.));
#2339=DIRECTION('center_axis',(0.,-1.,-3.78103670969811E-14));
#2340=DIRECTION('ref_axis',(0.,-3.78103670969811E-14,1.));
#2341=DIRECTION('',(0.,-3.78103670969811E-14,1.));
#2342=DIRECTION('',(-1.,0.,0.));
#2343=DIRECTION('center_axis',(0.,9.112244890021E-15,-1.));
#2344=DIRECTION('ref_axis',(0.,-1.,-9.112244890021E-15));
#2345=DIRECTION('',(0.,-1.,-9.112244890021E-15));
#2346=DIRECTION('',(-1.,0.,0.));
#2347=DIRECTION('center_axis',(0.,1.,3.51435850121876E-14));
#2348=DIRECTION('ref_axis',(0.,3.51435850121876E-14,-1.));
#2349=DIRECTION('',(0.,3.51435850121876E-14,-1.));
#2350=DIRECTION('',(-1.,0.,0.));
#2351=DIRECTION('center_axis',(0.,-9.3370037776831E-15,1.));
#2352=DIRECTION('ref_axis',(0.,1.,9.3370037776831E-15));
#2353=DIRECTION('',(0.,1.,9.3370037776831E-15));
#2354=DIRECTION('',(-1.,0.,0.));
#2355=DIRECTION('center_axis',(0.,1.,3.83560962298706E-14));
#2356=DIRECTION('ref_axis',(0.,3.83560962298706E-14,-1.));
#2357=DIRECTION('',(0.,3.83560962298706E-14,-1.));
#2358=DIRECTION('center_axis',(0.,0.,1.));
#2359=DIRECTION('ref_axis',(0.,-1.,0.));
#2360=DIRECTION('',(0.,-1.,0.));
#2361=DIRECTION('center_axis',(0.,-1.76675645603148E-16,-1.));
#2362=DIRECTION('ref_axis',(0.,1.,-1.76675645603148E-16));
#2363=DIRECTION('',(-1.,0.,0.));
#2364=DIRECTION('center_axis',(1.,0.,0.));
#2365=DIRECTION('ref_axis',(0.,0.100586303853516,-0.994928336855016));
#2366=DIRECTION('center_axis',(1.,0.,0.));
#2367=DIRECTION('ref_axis',(0.,0.,-1.));
#2368=DIRECTION('center_axis',(-1.,0.,0.));
#2369=DIRECTION('ref_axis',(0.,1.,0.));
#2370=DIRECTION('center_axis',(0.,-1.,0.));
#2371=DIRECTION('ref_axis',(0.,0.,1.));
#2372=DIRECTION('center_axis',(1.,0.,0.));
#2373=DIRECTION('ref_axis',(0.,1.,0.));
#2374=DIRECTION('center_axis',(-1.,0.,0.));
#2375=DIRECTION('ref_axis',(0.,1.,0.));
#2376=DIRECTION('center_axis',(1.,0.,0.));
#2377=DIRECTION('ref_axis',(0.,1.,0.));
#2378=DIRECTION('',(0.998629534754574,-0.0523359562429438,6.40930612932371E-18));
#2379=DIRECTION('center_axis',(-1.,0.,0.));
#2380=DIRECTION('ref_axis',(0.,0.,1.));
#2381=DIRECTION('center_axis',(0.,0.,1.));
#2382=DIRECTION('ref_axis',(0.,-1.,0.));
#2383=DIRECTION('',(0.,1.,0.));
#2384=DIRECTION('',(-1.,0.,0.));
#2385=DIRECTION('center_axis',(1.,0.,0.));
#2386=DIRECTION('ref_axis',(0.,0.,-1.));
#2387=DIRECTION('center_axis',(1.22827250224336E-15,-0.558139487754466,
-0.829747137511894));
#2388=DIRECTION('ref_axis',(0.,0.829747137511894,-0.558139487754466));
#2389=DIRECTION('center_axis',(1.22827250224336E-15,0.558139487754466,-0.829747137511894));
#2390=DIRECTION('ref_axis',(1.,0.,1.48029736616688E-15));
#2391=DIRECTION('center_axis',(-1.,0.,0.));
#2392=DIRECTION('ref_axis',(0.,0.,-1.));
#2393=DIRECTION('center_axis',(-1.,0.,0.));
#2394=DIRECTION('ref_axis',(0.,0.,-1.));
#2395=DIRECTION('center_axis',(1.,0.,0.));
#2396=DIRECTION('ref_axis',(0.,1.,0.));
#2397=DIRECTION('',(-1.,0.,0.));
#2398=DIRECTION('center_axis',(-1.,0.,0.));
#2399=DIRECTION('ref_axis',(0.,1.,0.));
#2400=DIRECTION('center_axis',(-1.,0.,0.));
#2401=DIRECTION('ref_axis',(0.,0.,1.));
#2402=DIRECTION('center_axis',(0.,-1.,1.61486985400023E-16));
#2403=DIRECTION('ref_axis',(0.,-1.61486985400023E-16,-1.));
#2404=DIRECTION('center_axis',(-1.,0.,0.));
#2405=DIRECTION('ref_axis',(0.,1.,0.));
#2406=DIRECTION('center_axis',(-1.,0.,0.));
#2407=DIRECTION('ref_axis',(0.,1.,0.));
#2408=DIRECTION('center_axis',(0.,0.,1.));
#2409=DIRECTION('ref_axis',(0.,-1.,0.));
#2410=DIRECTION('',(1.,0.,0.));
#2411=DIRECTION('',(0.,1.,0.));
#2412=DIRECTION('',(1.,0.,0.));
#2413=DIRECTION('center_axis',(1.,0.,0.));
#2414=DIRECTION('ref_axis',(0.,1.,0.));
#2415=DIRECTION('',(-1.,0.,0.));
#2416=DIRECTION('center_axis',(1.,0.,0.));
#2417=DIRECTION('ref_axis',(0.,1.,0.));
#2418=DIRECTION('center_axis',(1.,0.,0.));
#2419=DIRECTION('ref_axis',(0.,1.,0.));
#2420=DIRECTION('center_axis',(-1.,0.,0.));
#2421=DIRECTION('ref_axis',(0.,0.,1.));
#2422=DIRECTION('center_axis',(-1.,0.,0.));
#2423=DIRECTION('ref_axis',(0.,1.,0.));
#2424=DIRECTION('center_axis',(0.,-1.,0.));
#2425=DIRECTION('ref_axis',(0.,0.,-1.));
#2426=DIRECTION('center_axis',(1.,0.,0.));
#2427=DIRECTION('ref_axis',(0.,1.,0.));
#2428=DIRECTION('center_axis',(0.,-1.,0.));
#2429=DIRECTION('ref_axis',(0.707106781186547,0.,0.707106781186547));
#2430=DIRECTION('center_axis',(0.,-1.,0.));
#2431=DIRECTION('ref_axis',(0.707106781186547,0.,0.707106781186547));
#2432=DIRECTION('',(0.,1.,0.));
#2433=DIRECTION('',(0.,1.,0.));
#2434=DIRECTION('center_axis',(1.,0.,0.));
#2435=DIRECTION('ref_axis',(0.,-1.,1.22464679914735E-16));
#2436=DIRECTION('',(1.,0.,0.));
#2437=DIRECTION('center_axis',(-1.,0.,0.));
#2438=DIRECTION('ref_axis',(0.,1.,0.));
#2439=DIRECTION('',(-1.,0.,0.));
#2440=DIRECTION('center_axis',(1.,0.,0.));
#2441=DIRECTION('ref_axis',(0.,0.891673688752288,0.452678730212597));
#2442=DIRECTION('',(-1.,0.,0.));
#2443=DIRECTION('center_axis',(1.,0.,0.));
#2444=DIRECTION('ref_axis',(0.,0.891673688752288,0.452678730212597));
#2445=DIRECTION('center_axis',(0.,0.,-1.));
#2446=DIRECTION('ref_axis',(0.,1.,0.));
#2447=DIRECTION('',(1.,0.,0.));
#2448=DIRECTION('',(0.,-1.,0.));
#2449=DIRECTION('center_axis',(1.,0.,0.));
#2450=DIRECTION('ref_axis',(0.,-0.707106781186549,0.707106781186546));
#2451=DIRECTION('',(-1.,0.,0.));
#2452=DIRECTION('center_axis',(1.,0.,0.));
#2453=DIRECTION('ref_axis',(0.,-0.707106781186549,0.707106781186546));
#2454=DIRECTION('center_axis',(0.,1.,0.));
#2455=DIRECTION('ref_axis',(0.,0.,1.));
#2456=DIRECTION('',(0.,0.,-1.));
#2457=DIRECTION('center_axis',(-1.,0.,0.));
#2458=DIRECTION('ref_axis',(0.,0.891673688752289,-0.452678730212594));
#2459=DIRECTION('center_axis',(1.,0.,0.));
#2460=DIRECTION('ref_axis',(0.,0.891673688752289,-0.452678730212594));
#2461=DIRECTION('center_axis',(1.,0.,0.));
#2462=DIRECTION('ref_axis',(0.,1.,0.));
#2463=DIRECTION('center_axis',(1.,0.,0.));
#2464=DIRECTION('ref_axis',(0.,-0.891673688752289,-0.452678730212594));
#2465=DIRECTION('center_axis',(1.,0.,0.));
#2466=DIRECTION('ref_axis',(0.,-0.891673688752289,-0.452678730212594));
#2467=DIRECTION('',(1.,0.,0.));
#2468=DIRECTION('center_axis',(1.,0.,0.));
#2469=DIRECTION('ref_axis',(0.,1.,0.));
#2470=DIRECTION('center_axis',(-1.,0.,0.));
#2471=DIRECTION('ref_axis',(0.,1.,0.));
#2472=DIRECTION('',(-1.,0.,0.));
#2473=DIRECTION('center_axis',(-1.,0.,0.));
#2474=DIRECTION('ref_axis',(0.,-0.891673688752288,0.452678730212597));
#2475=DIRECTION('center_axis',(1.,0.,0.));
#2476=DIRECTION('ref_axis',(0.,-0.891673688752288,0.452678730212597));
#2477=DIRECTION('',(1.,0.,0.));
#2478=DIRECTION('center_axis',(1.,0.,0.));
#2479=DIRECTION('ref_axis',(0.,1.,0.));
#2480=DIRECTION('center_axis',(1.,0.,0.));
#2481=DIRECTION('ref_axis',(0.,0.707106781186552,0.707106781186543));
#2482=DIRECTION('',(0.,-1.,0.));
#2483=DIRECTION('center_axis',(1.,0.,0.));
#2484=DIRECTION('ref_axis',(0.,1.,0.));
#2485=DIRECTION('center_axis',(0.,0.,-1.));
#2486=DIRECTION('ref_axis',(0.,1.,0.));
#2487=DIRECTION('',(-1.,0.,0.));
#2488=DIRECTION('center_axis',(1.,0.,0.));
#2489=DIRECTION('ref_axis',(0.,0.707106781186552,0.707106781186543));
#2490=DIRECTION('center_axis',(-1.,0.,0.));
#2491=DIRECTION('ref_axis',(0.,0.707106781186553,0.707106781186542));
#2492=DIRECTION('',(-1.,0.,0.));
#2493=DIRECTION('',(1.,0.,0.));
#2494=DIRECTION('center_axis',(0.,0.,1.));
#2495=DIRECTION('ref_axis',(0.,1.,0.));
#2496=DIRECTION('',(1.,0.,0.));
#2497=DIRECTION('center_axis',(-1.,0.,0.));
#2498=DIRECTION('ref_axis',(0.,-0.707106781186549,0.707106781186546));
#2499=DIRECTION('',(-1.,0.,0.));
#2500=DIRECTION('center_axis',(0.,-1.,0.));
#2501=DIRECTION('ref_axis',(0.,0.,1.));
#2502=DIRECTION('',(1.,0.,0.));
#2503=DIRECTION('center_axis',(0.,1.,0.));
#2504=DIRECTION('ref_axis',(0.,0.,-1.));
#2505=DIRECTION('',(-1.,0.,0.));
#2506=DIRECTION('center_axis',(0.,-1.5936579645579E-15,-1.));
#2507=DIRECTION('ref_axis',(0.,1.,-1.5936579645579E-15));
#2508=DIRECTION('',(-1.,0.,0.));
#2509=DIRECTION('center_axis',(-1.,0.,0.));
#2510=DIRECTION('ref_axis',(0.,-0.707106781186546,0.707106781186549));
#2511=DIRECTION('',(1.,0.,0.));
#2512=DIRECTION('',(-1.,0.,0.));
#2513=DIRECTION('center_axis',(0.,0.,-1.));
#2514=DIRECTION('ref_axis',(0.,-1.,0.));
#2515=DIRECTION('center_axis',(1.,0.,0.));
#2516=DIRECTION('ref_axis',(0.,0.707106781186547,0.707106781186548));
#2517=DIRECTION('',(1.,0.,0.));
#2518=DIRECTION('center_axis',(0.,-1.,0.));
#2519=DIRECTION('ref_axis',(0.,0.,-1.));
#2520=DIRECTION('',(-1.,0.,0.));
#2521=DIRECTION('center_axis',(1.,0.,0.));
#2522=DIRECTION('ref_axis',(0.,-0.707106781186573,0.707106781186522));
#2523=DIRECTION('',(-1.,0.,0.));
#2524=DIRECTION('center_axis',(1.,0.,0.));
#2525=DIRECTION('ref_axis',(0.,-0.707106781186548,-0.707106781186547));
#2526=DIRECTION('',(1.,0.,0.));
#2527=DIRECTION('center_axis',(0.,-1.5936579645579E-15,-1.));
#2528=DIRECTION('ref_axis',(0.,1.,-1.5936579645579E-15));
#2529=DIRECTION('center_axis',(1.,0.,0.));
#2530=DIRECTION('ref_axis',(0.,0.707106781186548,-0.707106781186547));
#2531=DIRECTION('',(1.,0.,0.));
#2532=DIRECTION('center_axis',(0.,-1.,-1.4287052327616E-16));
#2533=DIRECTION('ref_axis',(-1.,0.,0.));
#2534=DIRECTION('center_axis',(0.,1.,0.));
#2535=DIRECTION('ref_axis',(0.,0.,-1.));
#2536=DIRECTION('center_axis',(0.,1.,-1.10332722944143E-15));
#2537=DIRECTION('ref_axis',(0.,1.10332722944143E-15,1.));
#2538=CARTESIAN_POINT('',(0.,0.,0.));
#2539=CARTESIAN_POINT('Origin',(0.,3.,23.9494897427832));
#2540=CARTESIAN_POINT('',(-5.,2.,23.9494897427832));
#2541=CARTESIAN_POINT('',(-5.,3.2,22.9696938456699));
#2542=CARTESIAN_POINT('Origin',(-5.,3.,23.9494897427832));
#2543=CARTESIAN_POINT('',(-3.45,3.2,22.9696938456699));
#2544=CARTESIAN_POINT('',(0.,3.2,22.9696938456699));
#2545=CARTESIAN_POINT('',(-3.45,2.,23.9494897427832));
#2546=CARTESIAN_POINT('Origin',(-3.45,3.,23.9494897427832));
#2547=CARTESIAN_POINT('',(0.,2.,23.9494897427832));
#2548=CARTESIAN_POINT('Origin',(-5.,46.625,12.5));
#2549=CARTESIAN_POINT('',(-5.,2.,25.));
#2550=CARTESIAN_POINT('',(-5.,2.,14.75));
#2551=CARTESIAN_POINT('',(-5.,91.25,25.));
#2552=CARTESIAN_POINT('',(-5.,3.08148791101958E-32,25.));
#2553=CARTESIAN_POINT('',(-5.,91.25,23.9494897427832));
#2554=CARTESIAN_POINT('',(-5.,91.25,18.75));
#2555=CARTESIAN_POINT('',(-5.,90.05,22.9696938456699));
#2556=CARTESIAN_POINT('Origin',(-5.,90.25,23.9494897427832));
#2557=CARTESIAN_POINT('',(-5.,89.75,23.));
#2558=CARTESIAN_POINT('Origin',(-5.,89.75,21.5));
#2559=CARTESIAN_POINT('',(-5.,3.5,23.));
#2560=CARTESIAN_POINT('',(-5.,2.,23.));
#2561=CARTESIAN_POINT('Origin',(-5.,3.5,21.5));
#2562=CARTESIAN_POINT('Origin',(-5.,2.,17.));
#2563=CARTESIAN_POINT('',(-3.45,2.,25.));
#2564=CARTESIAN_POINT('',(-3.45,2.,21.5));
#2565=CARTESIAN_POINT('',(-2.5,1.99999999999999,25.));
#2566=CARTESIAN_POINT('Origin',(0.,90.25,23.9494897427832));
#2567=CARTESIAN_POINT('',(-3.45,91.25,23.9494897427832));
#2568=CARTESIAN_POINT('',(0.,91.25,23.9494897427832));
#2569=CARTESIAN_POINT('',(-3.45,90.05,22.9696938456699));
#2570=CARTESIAN_POINT('Origin',(-3.45,90.25,23.9494897427832));
#2571=CARTESIAN_POINT('',(0.,90.05,22.9696938456699));
#2572=CARTESIAN_POINT('Origin',(0.,89.75,21.5));
#2573=CARTESIAN_POINT('',(-3.45,91.25,21.5));
#2574=CARTESIAN_POINT('Origin',(-3.45,89.75,21.5));
#2575=CARTESIAN_POINT('',(0.8,91.25,21.5));
#2576=CARTESIAN_POINT('',(0.,91.25,21.5));
#2577=CARTESIAN_POINT('',(0.8,89.75,23.));
#2578=CARTESIAN_POINT('Origin',(0.8,89.75,21.5));
#2579=CARTESIAN_POINT('',(0.,89.75,23.));
#2580=CARTESIAN_POINT('Origin',(-3.45,92.7639958982148,21.0008194701927));
#2581=CARTESIAN_POINT('',(-3.45,93.3856074284652,17.));
#2582=CARTESIAN_POINT('',(-3.45,93.3856074284652,23.5));
#2583=CARTESIAN_POINT('',(-3.45,93.3856074284652,13.5004097350964));
#2584=CARTESIAN_POINT('',(-3.45,91.25,17.));
#2585=CARTESIAN_POINT('',(-3.45,93.25,17.));
#2586=CARTESIAN_POINT('',(-3.45,91.25,16.0004097350964));
#2587=CARTESIAN_POINT('',(-3.45,91.25,25.));
#2588=CARTESIAN_POINT('',(-3.45,91.25,18.55));
#2589=CARTESIAN_POINT('',(-3.45,91.8798776721502,25.));
#2590=CARTESIAN_POINT('',(-3.45,93.0069979491074,25.));
#2591=CARTESIAN_POINT('Origin',(-3.45,91.8798776721502,23.5));
#2592=CARTESIAN_POINT('Origin',(-5.,91.25,25.));
#2593=CARTESIAN_POINT('',(-2.5,91.25,25.));
#2594=CARTESIAN_POINT('Origin',(-3.45,0.486004101785196,21.0010801386182));
#2595=CARTESIAN_POINT('',(-3.45,1.37012232784982,25.));
#2596=CARTESIAN_POINT('',(-3.45,-0.135607428465182,23.5));
#2597=CARTESIAN_POINT('Origin',(-3.45,1.37012232784983,23.5));
#2598=CARTESIAN_POINT('',(-3.45,46.8680020508926,25.));
#2599=CARTESIAN_POINT('',(-3.45,2.,21.5));
#2600=CARTESIAN_POINT('Origin',(-3.45,3.5,21.5));
#2601=CARTESIAN_POINT('',(-3.45,1.99999999999999,17.));
#2602=CARTESIAN_POINT('',(-3.45,2.,22.0005400693091));
#2603=CARTESIAN_POINT('',(-3.45,-0.135607428465182,17.));
#2604=CARTESIAN_POINT('',(-3.45,93.25,17.));
#2605=CARTESIAN_POINT('',(-3.45,-0.135607428465182,23.0005400693091));
#2606=CARTESIAN_POINT('Origin',(0.102230050616111,92.1906575318152,23.5));
#2607=CARTESIAN_POINT('',(1.75,92.334818722485,25.));
#2608=CARTESIAN_POINT('',(0.102230050616111,92.1906575318152,25.));
#2609=CARTESIAN_POINT('',(5.32071421427142,94.1529454932396,23.5));
#2610=CARTESIAN_POINT('Ctrl Pts',(1.75,92.334818722485,25.));
#2611=CARTESIAN_POINT('Ctrl Pts',(2.07495018364458,92.5419105898221,25.));
#2612=CARTESIAN_POINT('Ctrl Pts',(2.43030703524827,92.7686926314604,24.9665634744621));
#2613=CARTESIAN_POINT('Ctrl Pts',(3.13470926506756,93.2024632737073,24.8178990902081));
#2614=CARTESIAN_POINT('Ctrl Pts',(3.48402143642431,93.4089333212663,24.7024230013426));
#2615=CARTESIAN_POINT('Ctrl Pts',(4.05371826372337,93.7157652562132,24.4464110046675));
#2616=CARTESIAN_POINT('Ctrl Pts',(4.32765680981071,93.8519149676999,24.2962092186603));
#2617=CARTESIAN_POINT('Ctrl Pts',(4.8526527999906,94.0613613712455,23.9338626362389));
#2618=CARTESIAN_POINT('Ctrl Pts',(5.10373941768776,94.1339626582677,23.7213585686571));
#2619=CARTESIAN_POINT('Ctrl Pts',(5.32071421427142,94.1529454932396,23.5));
#2620=CARTESIAN_POINT('',(-0.0285035635053755,93.6849495789528,23.5));
#2621=CARTESIAN_POINT('Origin',(0.,91.25,11.));
#2622=CARTESIAN_POINT('',(-3.9,91.25,15.9079835166079));
#2623=CARTESIAN_POINT('Origin',(-5.,91.25,17.));
#2624=CARTESIAN_POINT('',(-3.9,91.25,11.0999999999997));
#2625=CARTESIAN_POINT('',(-3.9,91.25,11.75));
#2626=CARTESIAN_POINT('',(-1.9,91.25,11.0999999999997));
#2627=CARTESIAN_POINT('',(-3.75,91.25,11.0999999999997));
#2628=CARTESIAN_POINT('',(-1.9,91.25,12.5000000000108));
#2629=CARTESIAN_POINT('',(-1.9,91.25,11.0999999999997));
#2630=CARTESIAN_POINT('',(0.8,91.25,12.4999999999961));
#2631=CARTESIAN_POINT('',(3.37499999999863,91.25,12.5000000000008));
#2632=CARTESIAN_POINT('',(0.8,91.25,11.75));
#2633=CARTESIAN_POINT('Origin',(-3.9459430912442,1.4135117260877,23.5));
#2634=CARTESIAN_POINT('',(5.32071421427143,-0.902945493239615,23.5));
#2635=CARTESIAN_POINT('',(-4.07667670536569,-0.0807803210499089,23.5));
#2636=CARTESIAN_POINT('',(1.75,0.915181277515025,25.));
#2637=CARTESIAN_POINT('Ctrl Pts',(5.32071421427143,-0.902945493239622,23.5));
#2638=CARTESIAN_POINT('Ctrl Pts',(5.10373941768777,-0.883962658267709,23.7213585686571));
#2639=CARTESIAN_POINT('Ctrl Pts',(4.85265279999062,-0.811361371245477,23.9338626362389));
#2640=CARTESIAN_POINT('Ctrl Pts',(4.32765680981073,-0.601914967699877,24.2962092186603));
#2641=CARTESIAN_POINT('Ctrl Pts',(4.05371826372338,-0.465765256213242,24.4464110046675));
#2642=CARTESIAN_POINT('Ctrl Pts',(3.48402143642433,-0.158933321266322,24.7024230013426));
#2643=CARTESIAN_POINT('Ctrl Pts',(3.13470926506757,0.0475367262926928,24.8178990902081));
#2644=CARTESIAN_POINT('Ctrl Pts',(2.43030703524828,0.481307368539625,24.9665634744621));
#2645=CARTESIAN_POINT('Ctrl Pts',(2.07495018364458,0.708089410177952,25.));
#2646=CARTESIAN_POINT('Ctrl Pts',(1.75,0.915181277515026,25.));
#2647=CARTESIAN_POINT('',(-3.9459430912442,1.4135117260877,25.));
#2648=CARTESIAN_POINT('Origin',(-0.0190265095412723,-0.435778713738291,
25.));
#2649=CARTESIAN_POINT('',(-5.,0.,15.45));
#2650=CARTESIAN_POINT('Origin',(-5.,0.,17.));
#2651=CARTESIAN_POINT('',(-5.,0.,6.));
#2652=CARTESIAN_POINT('',(-5.,3.08148791101958E-32,25.));
#2653=CARTESIAN_POINT('',(6.75,-1.02799179642961,6.));
#2654=CARTESIAN_POINT('',(-5.,0.,6.));
#2655=CARTESIAN_POINT('',(6.75,-1.02799179642961,20.));
#2656=CARTESIAN_POINT('',(6.75,-1.02799179642961,18.75));
#2657=CARTESIAN_POINT('Origin',(1.75,-0.590548478799988,20.));
#2658=CARTESIAN_POINT('Origin',(-5.,93.25,17.));
#2659=CARTESIAN_POINT('',(-5.,1.99999999999999,15.45));
#2660=CARTESIAN_POINT('Origin',(-5.,1.99999999999999,17.));
#2661=CARTESIAN_POINT('',(-5.,93.25,15.45));
#2662=CARTESIAN_POINT('Origin',(-5.,83.75,10.4999999999997));
#2663=CARTESIAN_POINT('',(-5.,83.75,10.4999999999997));
#2664=CARTESIAN_POINT('',(-1.9,84.8269909508134,10.4999999999997));
#2665=CARTESIAN_POINT('Origin',(-5.,88.75,10.4999999999997));
#2666=CARTESIAN_POINT('',(-5.,82.65,10.4999999999997));
#2667=CARTESIAN_POINT('',(-5.,65.1875,10.4999999999997));
#2668=CARTESIAN_POINT('',(-3.9,83.75,10.4999999999997));
#2669=CARTESIAN_POINT('Origin',(-3.9,82.65,10.4999999999997));
#2670=CARTESIAN_POINT('',(-1.9,83.75,10.4999999999997));
#2671=CARTESIAN_POINT('',(-5.,83.75,10.4999999999997));
#2672=CARTESIAN_POINT('',(-1.9,83.75,10.4999999999997));
#2673=CARTESIAN_POINT('Origin',(-5.,88.7500000000001,-1.90000000000029));
#2674=CARTESIAN_POINT('',(-1.9,84.8269909508134,11.0999999999997));
#2675=CARTESIAN_POINT('',(-1.9,84.8269909508134,-1.90000000000029));
#2676=CARTESIAN_POINT('',(-5.,93.75,11.0999999999997));
#2677=CARTESIAN_POINT('Origin',(-5.,88.75,11.0999999999997));
#2678=CARTESIAN_POINT('',(-5.,93.7500000000001,-2.9));
#2679=CARTESIAN_POINT('',(-5.,93.7500000000001,-1.90000000000028));
#2680=CARTESIAN_POINT('',(-5.,83.7500000000001,-2.90000000000029));
#2681=CARTESIAN_POINT('Origin',(-5.,88.7500000000001,-2.9));
#2682=CARTESIAN_POINT('',(-5.,83.7500000000001,-1.90000000000029));
#2683=CARTESIAN_POINT('Origin',(-3.9,92.35,11.75));
#2684=CARTESIAN_POINT('',(-5.,92.35,11.0999999999997));
#2685=CARTESIAN_POINT('Origin',(-3.9,92.35,11.0999999999997));
#2686=CARTESIAN_POINT('',(-5.,92.35,15.45));
#2687=CARTESIAN_POINT('Ctrl Pts',(-3.9,91.25,15.9079835166079));
#2688=CARTESIAN_POINT('Ctrl Pts',(-3.93619018436862,91.25,15.8715287529565));
#2689=CARTESIAN_POINT('Ctrl Pts',(-3.9739596461907,91.2517893492105,15.8371161607178));
#2690=CARTESIAN_POINT('Ctrl Pts',(-4.08467548866177,91.2632185421179,15.7456737891426));
#2691=CARTESIAN_POINT('Ctrl Pts',(-4.16790807185049,91.2793974609184,15.6887272366955));
#2692=CARTESIAN_POINT('Ctrl Pts',(-4.33698681877989,91.3365864179436,15.5956401092187));
#2693=CARTESIAN_POINT('Ctrl Pts',(-4.42263269681734,91.377940983224,15.5593478971007));
#2694=CARTESIAN_POINT('Ctrl Pts',(-4.57045642961152,91.4736681034086,15.5087348356968));
#2695=CARTESIAN_POINT('Ctrl Pts',(-4.6400856168798,91.531118644815,15.4910475673802));
#2696=CARTESIAN_POINT('Ctrl Pts',(-4.76463210581984,91.6639291850216,15.4666441541611));
#2697=CARTESIAN_POINT('Ctrl Pts',(-4.8195619519737,91.7392699406323,15.4598873271823));
#2698=CARTESIAN_POINT('Ctrl Pts',(-4.95337208192302,91.9829177139738,15.448115623438));
#2699=CARTESIAN_POINT('Ctrl Pts',(-5.,92.1701518159313,15.45));
#2700=CARTESIAN_POINT('Ctrl Pts',(-5.,92.35,15.45));
#2701=CARTESIAN_POINT('',(-5.,92.35,11.75));
#2702=CARTESIAN_POINT('Origin',(-2.5,88.75,11.0999999999997));
#2703=CARTESIAN_POINT('',(-5.,67.6875,11.0999999999997));
#2704=CARTESIAN_POINT('',(-1.9,88.125,11.0999999999997));
#2705=CARTESIAN_POINT('Origin',(-3.9,82.65,12.5000000000054));
#2706=CARTESIAN_POINT('',(-5.,82.65,12.4999999999855));
#2707=CARTESIAN_POINT('',(-5.,82.65,11.0999999999997));
#2708=CARTESIAN_POINT('',(-3.9,83.75,12.4999999999875));
#2709=CARTESIAN_POINT('Origin',(-3.9,82.65,12.500000000007));
#2710=CARTESIAN_POINT('',(-3.9,83.75,12.5000000000054));
#2711=CARTESIAN_POINT('Origin',(-5.,46.625,12.5));
#2712=CARTESIAN_POINT('',(-5.,81.2500000000001,-2.90000000000001));
#2713=CARTESIAN_POINT('',(-5.,91.2500000000001,-2.9));
#2714=CARTESIAN_POINT('',(-5.,81.25,8.99999999999996));
#2715=CARTESIAN_POINT('',(-5.,81.25,12.4999999999855));
#2716=CARTESIAN_POINT('',(-5.,56.0320009809999,8.99999999999804));
#2717=CARTESIAN_POINT('',(-5.,82.0538475772933,9.00000000000002));
#2718=CARTESIAN_POINT('',(-5.,54.532000981,7.49999999999804));
#2719=CARTESIAN_POINT('Origin',(-5.,56.032000981,7.49999999999804));
#2720=CARTESIAN_POINT('',(-5.,54.532000981,2.45));
#2721=CARTESIAN_POINT('',(-5.,54.532000981,8.99999999999792));
#2722=CARTESIAN_POINT('',(-5.,53.032000981,0.950000000000003));
#2723=CARTESIAN_POINT('Origin',(-5.,53.032000981,2.45));
#2724=CARTESIAN_POINT('',(-5.,52.2820009511765,0.950000000000034));
#2725=CARTESIAN_POINT('',(-5.,54.532000981,0.950000000000001));
#2726=CARTESIAN_POINT('',(-5.,52.2820009511765,7.49999999999981));
#2727=CARTESIAN_POINT('',(-5.,52.2820009511765,10.7499999999999));
#2728=CARTESIAN_POINT('',(-5.,50.7820009511765,8.99999999999981));
#2729=CARTESIAN_POINT('Origin',(-5.,50.7820009511765,7.49999999999981));
#2730=CARTESIAN_POINT('',(-5.,40.082,8.99999999999981));
#2731=CARTESIAN_POINT('',(-5.,42.6035,8.99999999999981));
#2732=CARTESIAN_POINT('',(-5.,38.582,7.49999999999981));
#2733=CARTESIAN_POINT('Origin',(-5.,40.082,7.49999999999981));
#2734=CARTESIAN_POINT('',(-5.,38.582,0.950000000000025));
#2735=CARTESIAN_POINT('',(-5.,38.582,6.72500000000001));
#2736=CARTESIAN_POINT('',(-5.,37.832,0.950000000000027));
#2737=CARTESIAN_POINT('',(-5.,54.532000981,0.950000000000001));
#2738=CARTESIAN_POINT('',(-5.,36.332,2.45000000000003));
#2739=CARTESIAN_POINT('Origin',(-5.,37.832,2.45000000000003));
#2740=CARTESIAN_POINT('',(-5.,36.332,7.5));
#2741=CARTESIAN_POINT('',(-5.,36.332,0.95000000000003));
#2742=CARTESIAN_POINT('',(-5.,34.832,9.));
#2743=CARTESIAN_POINT('Origin',(-5.,34.832,7.5));
#2744=CARTESIAN_POINT('',(-4.99999999879741,13.354317043614,9.00000000000001));
#2745=CARTESIAN_POINT('',(-5.,36.332,9.));
#2746=CARTESIAN_POINT('',(-4.99999999983044,11.8785887457546,7.20091396804404));
#2747=CARTESIAN_POINT('Ctrl Pts',(-5.0000000000004,11.8785887457251,7.20091396805055));
#2748=CARTESIAN_POINT('Ctrl Pts',(-5.00000000014952,11.8666264454725,7.25947057991941));
#2749=CARTESIAN_POINT('Ctrl Pts',(-5.00000722814959,11.85829299191,7.31855628292689));
#2750=CARTESIAN_POINT('Ctrl Pts',(-5.0000139878402,11.8535043848392,7.37785429579272));
#2751=CARTESIAN_POINT('Ctrl Pts',(-5.00002082507094,11.8486608478605,7.43783251364023));
#2752=CARTESIAN_POINT('Ctrl Pts',(-5.00002718207233,11.8474439369136,7.49802894068253));
#2753=CARTESIAN_POINT('Ctrl Pts',(-5.00002976151936,11.8498190099785,7.55812557329153));
#2754=CARTESIAN_POINT('Ctrl Pts',(-5.00003232483324,11.85217922814,7.61784633128419));
#2755=CARTESIAN_POINT('Ctrl Pts',(-5.00003116736257,11.8580867469226,7.67746954454709));
#2756=CARTESIAN_POINT('Ctrl Pts',(-5.00002755073706,11.8675579561676,7.73667770127869));
#2757=CARTESIAN_POINT('Ctrl Pts',(-5.00002668646563,11.8698213078765,7.75082677973882));
#2758=CARTESIAN_POINT('Ctrl Pts',(-5.00002570170632,11.8722883965613,7.76495209239478));
#2759=CARTESIAN_POINT('Ctrl Pts',(-5.00002465118461,11.8749598661055,7.77904916155966));
#2760=CARTESIAN_POINT('Ctrl Pts',(-5.00002031768472,11.8859799266742,7.83720088422328));
#2761=CARTESIAN_POINT('Ctrl Pts',(-5.00001466656509,11.9004095956293,7.89453190787867));
#2762=CARTESIAN_POINT('Ctrl Pts',(-5.00001415378688,11.918202956539,7.95074870524865));
#2763=CARTESIAN_POINT('Ctrl Pts',(-5.0000136323637,11.9362962972684,8.00791326649637));
#2764=CARTESIAN_POINT('Ctrl Pts',(-5.0000184173497,11.9578676293185,8.06392672771649));
#2765=CARTESIAN_POINT('Ctrl Pts',(-5.00002227562781,11.982722869367,8.11850542222358));
#2766=CARTESIAN_POINT('Ctrl Pts',(-5.00002613726011,12.0075997172329,8.17313156453079));
#2767=CARTESIAN_POINT('Ctrl Pts',(-5.00002911741217,12.0357667099544,8.22632138473616));
#2768=CARTESIAN_POINT('Ctrl Pts',(-5.00002903820207,12.0670748665854,8.27776696485201));
#2769=CARTESIAN_POINT('Ctrl Pts',(-5.00002901846373,12.0748765378557,8.29058667535436));
#2770=CARTESIAN_POINT('Ctrl Pts',(-5.00002882657875,12.0828734610348,8.30329792334082));
#2771=CARTESIAN_POINT('Ctrl Pts',(-5.0000284629555,12.0910637129377,8.31589561065431));
#2772=CARTESIAN_POINT('Ctrl Pts',(-5.00002699830645,12.1240534750395,8.36663821447576));
#2773=CARTESIAN_POINT('Ctrl Pts',(-5.00002270445456,12.1599815043412,8.41524075609804));
#2774=CARTESIAN_POINT('Ctrl Pts',(-5.00001811161749,12.198643799588,8.46142577428979));
#2775=CARTESIAN_POINT('Ctrl Pts',(-5.00001368817735,12.2358801191693,8.50590735734854));
#2776=CARTESIAN_POINT('Ctrl Pts',(-5.00000905378366,12.275653472744,8.54814712432315));
#2777=CARTESIAN_POINT('Ctrl Pts',(-5.00000990867819,12.3178201339965,8.58787285461891));
#2778=CARTESIAN_POINT('Ctrl Pts',(-5.00001079852625,12.3617108373592,8.62922282619575));
#2779=CARTESIAN_POINT('Ctrl Pts',(-5.00001768556831,12.4081951154113,8.66784979622807));
#2780=CARTESIAN_POINT('Ctrl Pts',(-5.00002487506707,12.4569751146254,8.70363018829225));
#2781=CARTESIAN_POINT('Ctrl Pts',(-5.00002676727577,12.4698135532613,8.71304725215619));
#2782=CARTESIAN_POINT('Ctrl Pts',(-5.00002869353731,12.4828111616185,8.72226689663553));
#2783=CARTESIAN_POINT('Ctrl Pts',(-5.00003057492252,12.4959627882333,8.73128634017335));
#2784=CARTESIAN_POINT('Ctrl Pts',(-5.00003767793885,12.5456156814581,8.76533851334139));
#2785=CARTESIAN_POINT('Ctrl Pts',(-5.00004410604377,12.5972062235806,8.79636533172483));
#2786=CARTESIAN_POINT('Ctrl Pts',(-5.00004749993845,12.6504144245792,8.82428194047285));
#2787=CARTESIAN_POINT('Ctrl Pts',(-5.00005092099003,12.7040483811408,8.85242192928725));
#2788=CARTESIAN_POINT('Ctrl Pts',(-5.00005134248815,12.7593269223933,8.87740219998362));
#2789=CARTESIAN_POINT('Ctrl Pts',(-5.00004880221764,12.8159497874181,8.89909136961333));
#2790=CARTESIAN_POINT('Ctrl Pts',(-5.00004748721756,12.8452612611502,8.91031901635275));
#2791=CARTESIAN_POINT('Ctrl Pts',(-5.00004541075187,12.8749333383498,8.92066396849518));
#2792=CARTESIAN_POINT('Ctrl Pts',(-5.00004272005039,12.9049259556587,8.9301027326922));
#2793=CARTESIAN_POINT('Ctrl Pts',(-5.00003751638798,12.962929958336,8.94835676161265));
#2794=CARTESIAN_POINT('Ctrl Pts',(-5.00003009064901,13.0218723257893,8.9631428269229));
#2795=CARTESIAN_POINT('Ctrl Pts',(-5.00002259716203,13.081447365447,8.97434532566446));
#2796=CARTESIAN_POINT('Ctrl Pts',(-5.00001523947682,13.1399427480053,8.98534480553492));
#2797=CARTESIAN_POINT('Ctrl Pts',(-5.00000790171216,13.1990490337306,8.99288966766137));
#2798=CARTESIAN_POINT('Ctrl Pts',(-5.00000365718233,13.2584884134234,8.99682241119625));
#2799=CARTESIAN_POINT('Ctrl Pts',(-5.00000138198453,13.2903497386837,8.99893048200012));
#2800=CARTESIAN_POINT('Ctrl Pts',(-5.00000000575034,13.3223068852352,8.99999984071768));
#2801=CARTESIAN_POINT('Ctrl Pts',(-5.000000000557,13.3543170494855,9.00000000000001));
#2802=CARTESIAN_POINT('Origin',(-5.,6.,6.));
#2803=CARTESIAN_POINT('',(-5.,1.99999999999999,11.));
#2804=CARTESIAN_POINT('',(-5.,2.,11.));
#2805=CARTESIAN_POINT('',(-5.,81.25,11.));
#2806=CARTESIAN_POINT('',(-5.,91.25,11.));
#2807=CARTESIAN_POINT('',(-5.,81.25,12.4999999999855));
#2808=CARTESIAN_POINT('',(-5.,81.25,12.4999999999855));
#2809=CARTESIAN_POINT('',(-5.,91.25,12.4999999999855));
#2810=CARTESIAN_POINT('',(-5.,2.125,6.));
#2811=CARTESIAN_POINT('Origin',(-5.,6.,6.));
#2812=CARTESIAN_POINT('Origin',(-5.,83.75,12.5000000000108));
#2813=CARTESIAN_POINT('',(-1.9,83.75,12.5000000000108));
#2814=CARTESIAN_POINT('',(0.875,83.75,12.4999999999962));
#2815=CARTESIAN_POINT('',(-1.9,83.75,11.0999999999997));
#2816=CARTESIAN_POINT('Origin',(-1.9,87.5,11.8000000000053));
#2817=CARTESIAN_POINT('',(-1.9,89.375,12.4999999999911));
#2818=CARTESIAN_POINT('Origin',(-5.,46.625,12.5));
#2819=CARTESIAN_POINT('',(-5.,93.25,15.45));
#2820=CARTESIAN_POINT('',(-5.,93.25,15.45));
#2821=CARTESIAN_POINT('',(-5.,93.25,12.4999999999855));
#2822=CARTESIAN_POINT('',(-5.,93.25,6.00000000000003));
#2823=CARTESIAN_POINT('',(-5.,96.25,12.4999999999855));
#2824=CARTESIAN_POINT('',(-5.,91.25,12.4999999999855));
#2825=CARTESIAN_POINT('',(-5.,96.2500000000001,-2.89999999999999));
#2826=CARTESIAN_POINT('',(-5.,96.25,12.4999999999855));
#2827=CARTESIAN_POINT('',(-5.,91.2500000000001,-2.9));
#2828=CARTESIAN_POINT('Origin',(6.75,91.25,12.500000000007));
#2829=CARTESIAN_POINT('',(0.8,81.25,12.4999999999961));
#2830=CARTESIAN_POINT('',(6.75,81.25,12.5000000000069));
#2831=CARTESIAN_POINT('',(0.800000000000001,68.9375,12.499999999996));
#2832=CARTESIAN_POINT('Origin',(5.25,87.25,6.00000000000003));
#2833=CARTESIAN_POINT('',(6.75,85.040786338989,1.0999999999998));
#2834=CARTESIAN_POINT('',(6.73912744641176,87.25,0.80527603374601));
#2835=CARTESIAN_POINT('Ctrl Pts',(6.75,85.040786338989,1.0999999999998));
#2836=CARTESIAN_POINT('Ctrl Pts',(6.75,85.0467057372884,1.09840356312652));
#2837=CARTESIAN_POINT('Ctrl Pts',(6.74999904428333,85.0526268216373,1.09681337949125));
#2838=CARTESIAN_POINT('Ctrl Pts',(6.74976983923148,85.7712574476869,0.904629947530098));
#2839=CARTESIAN_POINT('Ctrl Pts',(6.73912744641176,86.5076923080823,0.805276033746011));
#2840=CARTESIAN_POINT('Ctrl Pts',(6.73912744641176,87.25,0.80527603374601));
#2841=CARTESIAN_POINT('',(5.25,87.25,2.12500000000004));
#2842=CARTESIAN_POINT('Origin',(5.25,87.25,0.625000000000041));
#2843=CARTESIAN_POINT('',(5.25,83.375,6.00000000000003));
#2844=CARTESIAN_POINT('Origin',(5.25,87.25,6.00000000000003));
#2845=CARTESIAN_POINT('Origin',(5.25,87.25,6.00000000000003));
#2846=CARTESIAN_POINT('',(6.75,89.459213661011,1.0999999999998));
#2847=CARTESIAN_POINT('Ctrl Pts',(6.73912744641176,87.25,0.80527603374601));
#2848=CARTESIAN_POINT('Ctrl Pts',(6.73912744641176,87.9923076904009,0.805276033746009));
#2849=CARTESIAN_POINT('Ctrl Pts',(6.74976983922901,88.728742544544,0.904629945466926));
#2850=CARTESIAN_POINT('Ctrl Pts',(6.74999904428338,89.4473731785229,1.09681337953362));
#2851=CARTESIAN_POINT('Ctrl Pts',(6.75,89.4532942625526,1.09840356308364));
#2852=CARTESIAN_POINT('Ctrl Pts',(6.75,89.459213661011,1.09999999999981));
#2853=CARTESIAN_POINT('Origin',(6.75,87.25,6.00000000000003));
#2854=CARTESIAN_POINT('Origin',(2.75,68.9375,1.09999999999977));
#2855=CARTESIAN_POINT('',(6.75,81.2500000000001,1.09999999999979));
#2856=CARTESIAN_POINT('',(6.75,68.9375,1.09999999999977));
#2857=CARTESIAN_POINT('',(2.7499999999999,81.2500000000001,-2.90000000000021));
#2858=CARTESIAN_POINT('Origin',(2.75,81.2500000000001,1.09999999999979));
#2859=CARTESIAN_POINT('',(2.7499999999999,96.928037142326,-2.90000000000019));
#2860=CARTESIAN_POINT('',(2.7499999999999,68.9375000000001,-2.90000000000023));
#2861=CARTESIAN_POINT('',(6.75,97.2779917964297,1.09999999999982));
#2862=CARTESIAN_POINT('Origin',(2.75,96.928037142326,1.09999999999982));
#2863=CARTESIAN_POINT('',(6.75,68.9375,1.09999999999977));
#2864=CARTESIAN_POINT('Origin',(6.75,87.25,6.00000000000003));
#2865=CARTESIAN_POINT('',(0.25,83.375,6.00000000000003));
#2866=CARTESIAN_POINT('',(6.75,83.375,6.00000000000003));
#2867=CARTESIAN_POINT('Origin',(0.25,87.25,6.00000000000003));
#2868=CARTESIAN_POINT('Origin',(0.25,87.25,6.00000000000003));
#2869=CARTESIAN_POINT('Origin',(0.852643851289002,96.7620399886425,4.80000000000334));
#2870=CARTESIAN_POINT('',(-2.29073829643926,96.4870296855865,-2.90000000000006));
#2871=CARTESIAN_POINT('',(6.75,97.2779917964296,13.5279917964367));
#2872=CARTESIAN_POINT('',(3.16560586230054,96.9643979437722,13.2143979437727));
#2873=CARTESIAN_POINT('',(6.75,97.2779917964296,8.6500000000017));
#2874=CARTESIAN_POINT('Origin',(-5.,91.2500000000001,-2.9));
#2875=CARTESIAN_POINT('',(-5.,81.2500000000001,-2.90000000000002));
#2876=CARTESIAN_POINT('Origin',(6.70528770257614,91.25,13.5240799772919));
#2877=CARTESIAN_POINT('',(6.75,94.2779917964296,13.5279917964367));
#2878=CARTESIAN_POINT('',(2.91401240342063,93.9423863683029,13.1923863683029));
#2879=CARTESIAN_POINT('',(6.75,68.9375,13.5279917964367));
#2880=CARTESIAN_POINT('Origin',(0.874999999999998,81.2500000000001,4.80000000000332));
#2881=CARTESIAN_POINT('',(6.75,81.25,8.99999999999996));
#2882=CARTESIAN_POINT('',(6.75,81.2500000000001,-2.90000000000031));
#2883=CARTESIAN_POINT('',(0.437499999999999,81.2500000000001,8.99999999999996));
#2884=CARTESIAN_POINT('Origin',(0.874999999999998,81.2500000000001,4.80000000000332));
#2885=CARTESIAN_POINT('',(0.8,81.2500000000001,11.));
#2886=CARTESIAN_POINT('',(0.8,81.2500000000001,8.65000000000168));
#2887=CARTESIAN_POINT('',(0.437499999999999,81.2500000000001,11.));
#2888=CARTESIAN_POINT('Origin',(0.874999999999998,81.2500000000001,4.80000000000332));
#2889=CARTESIAN_POINT('',(2.3,81.25,11.));
#2890=CARTESIAN_POINT('',(2.3,81.25,12.4999999999988));
#2891=CARTESIAN_POINT('',(2.3,81.2500000000001,8.65000000000168));
#2892=CARTESIAN_POINT('',(6.75,81.25,11.));
#2893=CARTESIAN_POINT('',(1.5875,81.25,11.));
#2894=CARTESIAN_POINT('',(6.75,81.25,12.5000000000069));
#2895=CARTESIAN_POINT('',(6.75,81.2500000000001,-2.90000000000031));
#2896=CARTESIAN_POINT('',(6.75,81.25,12.5000000000069));
#2897=CARTESIAN_POINT('Origin',(6.75,91.25,12.500000000007));
#2898=CARTESIAN_POINT('',(2.3,91.25,12.4999999999988));
#2899=CARTESIAN_POINT('',(2.3,68.9375,12.4999999999988));
#2900=CARTESIAN_POINT('',(6.75,91.25,12.500000000007));
#2901=CARTESIAN_POINT('',(6.75,91.25,12.500000000007));
#2902=CARTESIAN_POINT('',(4.5250000000096,91.2500000000001,12.5000000000029));
#2903=CARTESIAN_POINT('Origin',(2.3,91.25,23.));
#2904=CARTESIAN_POINT('',(6.75,91.25,20.));
#2905=CARTESIAN_POINT('',(6.75,91.25,17.75));
#2906=CARTESIAN_POINT('',(6.51969600708473,91.25,21.5));
#2907=CARTESIAN_POINT('Origin',(1.75,91.25,20.));
#2908=CARTESIAN_POINT('',(2.3,91.25,21.5));
#2909=CARTESIAN_POINT('',(2.3,91.25,21.5));
#2910=CARTESIAN_POINT('',(2.3,91.25,17.75));
#2911=CARTESIAN_POINT('Origin',(6.75,46.625,12.5));
#2912=CARTESIAN_POINT('',(6.75,94.2779917964296,20.));
#2913=CARTESIAN_POINT('',(6.75,94.2779917964296,9.25000000000001));
#2914=CARTESIAN_POINT('',(6.75,69.9375,20.));
#2915=CARTESIAN_POINT('',(6.75,37.1555361261226,11.));
#2916=CARTESIAN_POINT('',(6.75,68.9375,11.));
#2917=CARTESIAN_POINT('',(6.75,35.9446109865575,13.3852459016393));
#2918=CARTESIAN_POINT('Origin',(6.75,37.1555361261226,12.5));
#2919=CARTESIAN_POINT('',(6.75,36.3400023408235,20.));
#2920=CARTESIAN_POINT('Origin',(6.75,31.,17.));
#2921=CARTESIAN_POINT('',(6.75,35.4598913260624,20.));
#2922=CARTESIAN_POINT('',(6.75,69.9375,20.));
#2923=CARTESIAN_POINT('',(6.75,26.5401095978096,20.));
#2924=CARTESIAN_POINT('Origin',(6.75,31.000000461936,17.0000002533197));
#2925=CARTESIAN_POINT('',(6.75,25.6599976591765,20.));
#2926=CARTESIAN_POINT('',(6.75,69.9375,20.));
#2927=CARTESIAN_POINT('',(6.75,26.0553890134425,13.3852459016393));
#2928=CARTESIAN_POINT('Origin',(6.75,31.,17.));
#2929=CARTESIAN_POINT('',(6.75,24.8444638738774,11.));
#2930=CARTESIAN_POINT('Origin',(6.75,24.8444638738774,12.5));
#2931=CARTESIAN_POINT('',(6.75,7.97246672975744,11.));
#2932=CARTESIAN_POINT('',(6.75,68.9375,11.));
#2933=CARTESIAN_POINT('',(6.75,6.,0.625));
#2934=CARTESIAN_POINT('Origin',(6.75,6.,6.));
#2935=CARTESIAN_POINT('',(6.75,4.02753327024256,11.));
#2936=CARTESIAN_POINT('Origin',(6.75,6.,6.));
#2937=CARTESIAN_POINT('',(6.75,1.99999999999999,11.));
#2938=CARTESIAN_POINT('',(6.75,68.9375,11.));
#2939=CARTESIAN_POINT('',(6.75,2.,20.));
#2940=CARTESIAN_POINT('',(6.75,2.,11.75));
#2941=CARTESIAN_POINT('',(6.75,69.9375,20.));
#2942=CARTESIAN_POINT('',(6.75000000021058,12.9182745078469,7.23699091559963));
#2943=CARTESIAN_POINT('Origin',(6.75,6.,6.));
#2944=CARTESIAN_POINT('',(6.75000000086366,14.4008573099629,9.00000000000001));
#2945=CARTESIAN_POINT('Ctrl Pts',(6.75,14.4008573098094,9.00000000000001));
#2946=CARTESIAN_POINT('Ctrl Pts',(6.75,14.3413178828801,9.00000000000001));
#2947=CARTESIAN_POINT('Ctrl Pts',(6.74999553829456,14.2819971993639,8.99630860712515));
#2948=CARTESIAN_POINT('Ctrl Pts',(6.74998944546806,14.2231698242971,8.98912087038094));
#2949=CARTESIAN_POINT('Ctrl Pts',(6.7499832449262,14.163302437281,8.98180606129849));
#2950=CARTESIAN_POINT('Ctrl Pts',(6.74997543810129,14.1039450211917,8.9708699352494));
#2951=CARTESIAN_POINT('Ctrl Pts',(6.74996888597985,14.0453883272419,8.95646377231301));
#2952=CARTESIAN_POINT('Ctrl Pts',(6.74996231197927,13.986636098002,8.94200950363397));
#2953=CARTESIAN_POINT('Ctrl Pts',(6.74995708803065,13.9286889690099,8.92406161468221));
#2954=CARTESIAN_POINT('Ctrl Pts',(6.74995469623699,13.8718564407626,8.90272365424056));
#2955=CARTESIAN_POINT('Ctrl Pts',(6.74995407061062,13.8569906398193,8.89714224017639));
#2956=CARTESIAN_POINT('Ctrl Pts',(6.74995362738054,13.8422012277703,8.89132863325688));
#2957=CARTESIAN_POINT('Ctrl Pts',(6.74995336566545,13.8274940519091,8.88528418120572));
#2958=CARTESIAN_POINT('Ctrl Pts',(6.74995236502776,13.7712628477607,8.86217391037852));
#2959=CARTESIAN_POINT('Ctrl Pts',(6.74995450645198,13.716556651615,8.8358261422969));
#2960=CARTESIAN_POINT('Ctrl Pts',(6.74995899473016,13.6636642882454,8.80639857469582));
#2961=CARTESIAN_POINT('Ctrl Pts',(6.74996343025673,13.6113935791566,8.77731687504626));
#2962=CARTESIAN_POINT('Ctrl Pts',(6.74997023702337,13.5608934251812,8.74522684366897));
#2963=CARTESIAN_POINT('Ctrl Pts',(6.74997684047983,13.5124629124256,8.71023516909359));
#2964=CARTESIAN_POINT('Ctrl Pts',(6.74998333419986,13.4648372193604,8.67582498719911));
#2965=CARTESIAN_POINT('Ctrl Pts',(6.74998970131837,13.4192121645358,8.63860833787544));
#2966=CARTESIAN_POINT('Ctrl Pts',(6.74999064230493,13.3759042460833,8.59864953386322));
#2967=CARTESIAN_POINT('Ctrl Pts',(6.74999090423279,13.3638492914087,8.58752682031734));
#2968=CARTESIAN_POINT('Ctrl Pts',(6.74999072481385,13.351974106725,8.57619143557687));
#2969=CARTESIAN_POINT('Ctrl Pts',(6.74999023570415,13.3402827505815,8.56464879235509));
#2970=CARTESIAN_POINT('Ctrl Pts',(6.7499884554112,13.2977278007238,8.52263513735228));
#2971=CARTESIAN_POINT('Ctrl Pts',(6.74998314375867,13.2578520452581,8.47812205991378));
#2972=CARTESIAN_POINT('Ctrl Pts',(6.74997913191574,13.2207834849907,8.43143503338723));
#2973=CARTESIAN_POINT('Ctrl Pts',(6.74997507793136,13.1833255469216,8.38425759418671));
#2974=CARTESIAN_POINT('Ctrl Pts',(6.74997240511334,13.1487334821973,8.33485942158979));
#2975=CARTESIAN_POINT('Ctrl Pts',(6.74997271301556,13.1171774641758,8.28353930359176));
#2976=CARTESIAN_POINT('Ctrl Pts',(6.74997301779459,13.0859415323975,8.23273974759105));
#2977=CARTESIAN_POINT('Ctrl Pts',(6.74997628555052,13.0576798904772,8.1800560995659));
#2978=CARTESIAN_POINT('Ctrl Pts',(6.74998006681515,13.0326026071343,8.12575574847957));
#2979=CARTESIAN_POINT('Ctrl Pts',(6.74998103746501,13.0261652736164,8.11181685943379));
#2980=CARTESIAN_POINT('Ctrl Pts',(6.74998201939408,13.0199380265732,8.09777136248823));
#2981=CARTESIAN_POINT('Ctrl Pts',(6.74998292270305,13.0139249647474,8.08362365401129));
#2982=CARTESIAN_POINT('Ctrl Pts',(6.74998518748004,12.9988490112283,8.04815250776611));
#2983=CARTESIAN_POINT('Ctrl Pts',(6.74998706595114,12.985168706172,8.01215628191899));
#2984=CARTESIAN_POINT('Ctrl Pts',(6.74998673295307,12.9729268866993,7.97571291943604));
#2985=CARTESIAN_POINT('Ctrl Pts',(6.74998621145679,12.9537554138242,7.91864028110158));
#2986=CARTESIAN_POINT('Ctrl Pts',(6.74998050238499,12.9381092500471,7.86047143749363));
#2987=CARTESIAN_POINT('Ctrl Pts',(6.74997636971989,12.9259979540613,7.80152745064287));
#2988=CARTESIAN_POINT('Ctrl Pts',(6.74997325747733,12.9168771349497,7.75713769727496));
#2989=CARTESIAN_POINT('Ctrl Pts',(6.74997094929556,12.909762075684,7.71230779769376));
#2990=CARTESIAN_POINT('Ctrl Pts',(6.74997062364359,12.9046761085375,7.66717228223047));
#2991=CARTESIAN_POINT('Ctrl Pts',(6.74997019132046,12.8979241724972,7.6072520930555));
#2992=CARTESIAN_POINT('Ctrl Pts',(6.74997344345846,12.894776606106,7.54706087626584));
#2993=CARTESIAN_POINT('Ctrl Pts',(6.74997906206088,12.895237296305,7.48691887890236));
#2994=CARTESIAN_POINT('Ctrl Pts',(6.74998463607243,12.895694330332,7.42725418599528));
#2995=CARTESIAN_POINT('Ctrl Pts',(6.74999254037775,12.8997025618886,7.36763692969799));
#2996=CARTESIAN_POINT('Ctrl Pts',(6.7499970098158,12.9073161874288,7.30837828427051));
#2997=CARTESIAN_POINT('Ctrl Pts',(6.749998809468,12.9103818699159,7.28451735355684));
#2998=CARTESIAN_POINT('Ctrl Pts',(6.75000000110487,12.9140326808343,7.26071463145261));
#2999=CARTESIAN_POINT('Ctrl Pts',(6.74999999953878,12.9182745084664,7.23699092448647));
#3000=CARTESIAN_POINT('',(6.75,34.832,9.));
#3001=CARTESIAN_POINT('',(6.75,28.9105762113533,9.));
#3002=CARTESIAN_POINT('',(6.75,36.332,7.5));
#3003=CARTESIAN_POINT('Origin',(6.75,34.832,7.5));
#3004=CARTESIAN_POINT('',(6.75,36.332,2.45000000000003));
#3005=CARTESIAN_POINT('',(6.75,36.332,10.75));
#3006=CARTESIAN_POINT('',(6.75,37.832,0.950000000000027));
#3007=CARTESIAN_POINT('Origin',(6.75,37.832,2.45000000000003));
#3008=CARTESIAN_POINT('',(6.75,38.582,0.950000000000025));
#3009=CARTESIAN_POINT('',(6.75,41.4785,0.950000000000021));
#3010=CARTESIAN_POINT('',(6.75,38.582,7.49999999999981));
#3011=CARTESIAN_POINT('',(6.75,38.582,6.72500000000001));
#3012=CARTESIAN_POINT('',(6.75,40.082,8.99999999999981));
#3013=CARTESIAN_POINT('Origin',(6.75,40.082,7.49999999999981));
#3014=CARTESIAN_POINT('',(6.75,50.7820009511765,8.99999999999981));
#3015=CARTESIAN_POINT('',(6.75,42.6035,8.99999999999981));
#3016=CARTESIAN_POINT('',(6.75,52.2820009511765,7.49999999999981));
#3017=CARTESIAN_POINT('Origin',(6.75,50.7820009511765,7.49999999999981));
#3018=CARTESIAN_POINT('',(6.75,52.2820009511765,0.950000000000034));
#3019=CARTESIAN_POINT('',(6.75,52.2820009511765,10.7499999999999));
#3020=CARTESIAN_POINT('',(6.75,53.032000981,0.950000000000002));
#3021=CARTESIAN_POINT('',(6.75,41.4785,0.950000000000021));
#3022=CARTESIAN_POINT('',(6.75,54.532000981,2.45));
#3023=CARTESIAN_POINT('Origin',(6.75,53.032000981,2.45));
#3024=CARTESIAN_POINT('',(6.75,54.532000981,7.49999999999804));
#3025=CARTESIAN_POINT('',(6.75,54.532000981,6.72499999999999));
#3026=CARTESIAN_POINT('',(6.75,56.0320009809999,8.99999999999804));
#3027=CARTESIAN_POINT('Origin',(6.75,56.032000981,7.49999999999804));
#3028=CARTESIAN_POINT('',(6.75,60.8801888772933,8.99999999999985));
#3029=CARTESIAN_POINT('Origin',(-0.0190265095412734,93.6857787137383,6.00000000000003));
#3030=CARTESIAN_POINT('Origin',(1.75,93.8405484788,20.));
#3031=CARTESIAN_POINT('Origin',(-5.,93.25,17.));
#3032=CARTESIAN_POINT('Origin',(0.8,46.625,12.5));
#3033=CARTESIAN_POINT('',(0.8,2.,11.));
#3034=CARTESIAN_POINT('',(0.8,24.3125,11.));
#3035=CARTESIAN_POINT('',(0.8,2.,21.5));
#3036=CARTESIAN_POINT('',(0.8,2.,17.75));
#3037=CARTESIAN_POINT('',(0.8,3.5,23.));
#3038=CARTESIAN_POINT('Origin',(0.8,3.5,21.5));
#3039=CARTESIAN_POINT('',(0.8,68.9375,23.));
#3040=CARTESIAN_POINT('',(0.8,86.5671896040436,21.9631650447845));
#3041=CARTESIAN_POINT('',(0.8,84.7499999999996,21.9631650447845));
#3042=CARTESIAN_POINT('',(0.8,65.6874999999998,21.9631650447843));
#3043=CARTESIAN_POINT('',(0.8,84.75,13.0368354320526));
#3044=CARTESIAN_POINT('',(0.8,84.75,12.768417716027));
#3045=CARTESIAN_POINT('',(0.8,91.0856064260006,13.0368354320526));
#3046=CARTESIAN_POINT('',(0.8,68.8553032130003,13.0368354320524));
#3047=CARTESIAN_POINT('',(0.8,91.0856064260005,14.553206205368));
#3048=CARTESIAN_POINT('',(0.8,91.0856064260005,13.5266031026848));
#3049=CARTESIAN_POINT('',(0.8,86.5671896040439,14.553206205368));
#3050=CARTESIAN_POINT('',(0.8,66.5960948020219,14.5532062053678));
#3051=CARTESIAN_POINT('',(0.8,86.5671896040438,17.231582522393));
#3052=CARTESIAN_POINT('Origin',(0.,1.99999999999999,11.));
#3053=CARTESIAN_POINT('',(0.,2.,11.));
#3054=CARTESIAN_POINT('Origin',(0.,54.532000981,8.99999999999792));
#3055=CARTESIAN_POINT('',(0.,56.0320009809999,8.99999999999804));
#3056=CARTESIAN_POINT('Origin',(2.3,84.7499999999996,21.9631650447845));
#3057=CARTESIAN_POINT('',(2.3,86.5671896040436,21.9631650447845));
#3058=CARTESIAN_POINT('',(2.3,86.5671896040436,21.9631650447845));
#3059=CARTESIAN_POINT('',(2.3,84.7499999999996,21.9631650447845));
#3060=CARTESIAN_POINT('',(2.3,65.6874999999998,21.9631650447843));
#3061=CARTESIAN_POINT('',(2.3,84.7499999999996,21.9631650447845));
#3062=CARTESIAN_POINT('Origin',(2.3,84.75,13.0368354320526));
#3063=CARTESIAN_POINT('',(2.3,84.75,13.0368354320526));
#3064=CARTESIAN_POINT('',(2.3,84.75,12.768417716027));
#3065=CARTESIAN_POINT('',(2.3,84.75,13.0368354320526));
#3066=CARTESIAN_POINT('Origin',(2.3,91.0856064260006,13.0368354320526));
#3067=CARTESIAN_POINT('',(2.3,91.0856064260006,13.0368354320526));
#3068=CARTESIAN_POINT('',(2.3,68.8553032130003,13.0368354320524));
#3069=CARTESIAN_POINT('',(2.3,91.0856064260006,13.0368354320526));
#3070=CARTESIAN_POINT('Origin',(2.3,91.0856064260005,14.553206205368));
#3071=CARTESIAN_POINT('',(2.3,91.0856064260005,14.553206205368));
#3072=CARTESIAN_POINT('',(2.3,91.0856064260005,13.5266031026848));
#3073=CARTESIAN_POINT('',(2.3,91.0856064260005,14.553206205368));
#3074=CARTESIAN_POINT('Origin',(2.3,86.5671896040439,14.553206205368));
#3075=CARTESIAN_POINT('',(2.3,86.5671896040439,14.553206205368));
#3076=CARTESIAN_POINT('',(2.3,66.5960948020219,14.5532062053678));
#3077=CARTESIAN_POINT('',(2.3,86.5671896040439,14.553206205368));
#3078=CARTESIAN_POINT('Origin',(2.3,86.5671896040436,21.9631650447845));
#3079=CARTESIAN_POINT('',(2.3,86.5671896040438,17.231582522393));
#3080=CARTESIAN_POINT('Origin',(0.,93.25,25.));
#3081=CARTESIAN_POINT('',(1.75,69.9375,25.));
#3082=CARTESIAN_POINT('Ctrl Pts',(-5.00356914111506,11.8782725828631,7.20090150571664));
#3083=CARTESIAN_POINT('Ctrl Pts',(-1.04221404710948,12.2291788037083,7.2147338970061));
#3084=CARTESIAN_POINT('Ctrl Pts',(2.91923028484813,12.5796669930449,7.22667595095882));
#3085=CARTESIAN_POINT('Ctrl Pts',(6.88073361499192,12.9298303740299,7.23734342551105));
#3086=CARTESIAN_POINT('Ctrl Pts',(-4.99908083766938,11.8280092245842,7.44889657515322));
#3087=CARTESIAN_POINT('Ctrl Pts',(-1.03796645329875,12.1815133431428,7.46188869615838));
#3088=CARTESIAN_POINT('Ctrl Pts',(2.92327700996321,12.5341896834056,7.47306335131783));
#3089=CARTESIAN_POINT('Ctrl Pts',(6.8846017574931,12.8863056703857,7.48303195552594));
#3090=CARTESIAN_POINT('Ctrl Pts',(-5.00154313751188,11.8555838885239,7.96994683715491));
#3091=CARTESIAN_POINT('Ctrl Pts',(-1.04078369941097,12.2131165118351,7.9797736700818));
#3092=CARTESIAN_POINT('Ctrl Pts',(2.92016162450072,12.5691948791856,7.98821417427807));
#3093=CARTESIAN_POINT('Ctrl Pts',(6.88122474375301,12.9243041469659,7.99569711945783));
#3094=CARTESIAN_POINT('Ctrl Pts',(-5.04459580386818,12.3377196487541,8.7472778229646));
#3095=CARTESIAN_POINT('Ctrl Pts',(-1.08388239970665,12.6966984966597,8.75009786716621));
#3096=CARTESIAN_POINT('Ctrl Pts',(2.87702497161464,13.0539435600969,8.75247807216323));
#3097=CARTESIAN_POINT('Ctrl Pts',(6.83805583993051,13.4100447175226,8.75460707309115));
#3098=CARTESIAN_POINT('Ctrl Pts',(-5.1005390187223,12.9642133530046,9.00000000000001));
#3099=CARTESIAN_POINT('Ctrl Pts',(-1.13942981500965,13.3199679031917,8.9999423007444));
#3100=CARTESIAN_POINT('Ctrl Pts',(2.82181334427654,13.6743905095728,9.00004247491577));
#3101=CARTESIAN_POINT('Ctrl Pts',(6.78313574340647,14.028010814839,9.00000000000001));
#3102=CARTESIAN_POINT('Ctrl Pts',(-5.13430275523655,13.342324772116,9.00000000000001));
#3103=CARTESIAN_POINT('Ctrl Pts',(-1.17294766123097,13.6960568808889,9.00000000000001));
#3104=CARTESIAN_POINT('Ctrl Pts',(2.78849667072664,14.0487892171279,9.00000000000001));
#3105=CARTESIAN_POINT('Ctrl Pts',(6.75000000087043,14.4008573098868,9.00000000000001));
#3106=CARTESIAN_POINT('Ctrl Pts',(-4.9999999993449,13.3543170495937,9.00000000000001));
#3107=CARTESIAN_POINT('Ctrl Pts',(-1.08341048889674,13.7040293057447,9.00000000000001));
#3108=CARTESIAN_POINT('Ctrl Pts',(2.83326591986927,14.0527679653067,9.00000000000001));
#3109=CARTESIAN_POINT('Ctrl Pts',(6.75000000087043,14.4008573098868,9.00000000000001));
#3110=CARTESIAN_POINT('Ctrl Pts',(6.74999999975099,12.9182745084852,7.23699092448704));
#3111=CARTESIAN_POINT('Ctrl Pts',(2.83326559373007,12.5720611315,7.22641620114104));
#3112=CARTESIAN_POINT('Ctrl Pts',(-1.08341081483637,12.2255292433469,7.21458892150387));
#3113=CARTESIAN_POINT('Ctrl Pts',(-4.99999999982952,11.8785887457402,7.20091396805115));
#3114=CARTESIAN_POINT('Origin',(0.,11.1961524227066,9.00000000000001));
#3115=CARTESIAN_POINT('',(0.,34.832,9.));
#3116=CARTESIAN_POINT('Origin',(-5.,6.,6.));
#3117=CARTESIAN_POINT('Origin',(-9.,6.,6.));
#3118=CARTESIAN_POINT('',(-9.05233595624294,2.33737392837551,6.));
#3119=CARTESIAN_POINT('',(-9.05233595624294,6.,9.66262607162449));
#3120=CARTESIAN_POINT('Origin',(-9.05233595624294,6.,6.));
#3121=CARTESIAN_POINT('',(-10.,6.,8.66399653686992));
#3122=CARTESIAN_POINT('Origin',(-9.,6.,8.66399653686992));
#3123=CARTESIAN_POINT('Origin',(-10.,6.,6.));
#3124=CARTESIAN_POINT('Origin',(-9.05233595624294,6.,6.));
#3125=CARTESIAN_POINT('Origin',(-5.,6.,6.));
#3126=CARTESIAN_POINT('',(-5.,2.125,6.));
#3127=CARTESIAN_POINT('Origin',(-10.,46.625,6.00000000000001));
#3128=CARTESIAN_POINT('Origin',(2.3,91.25,11.));
#3129=CARTESIAN_POINT('',(2.3,37.1555361261226,11.));
#3130=CARTESIAN_POINT('',(2.3,68.9375,11.));
#3131=CARTESIAN_POINT('',(0.,37.1555361261226,11.));
#3132=CARTESIAN_POINT('Origin',(5.25,31.000000461936,17.0000002533197));
#3133=CARTESIAN_POINT('',(5.25,27.7847303040774,19.1627907683683));
#3134=CARTESIAN_POINT('Origin',(5.25,26.5401095978096,20.));
#3135=CARTESIAN_POINT('',(5.25,34.2152706197946,19.1627907683683));
#3136=CARTESIAN_POINT('Origin',(5.25,35.4598913260624,20.));
#3137=CARTESIAN_POINT('',(5.25,27.125000461936,17.0000002533197));
#3138=CARTESIAN_POINT('Origin',(5.25,31.000000461936,17.0000002533197));
#3139=CARTESIAN_POINT('Origin',(5.25,31.000000461936,17.0000002533197));
#3140=CARTESIAN_POINT('Ctrl Pts',(5.25,27.7847303040774,19.1627907683683));
#3141=CARTESIAN_POINT('Ctrl Pts',(5.25,28.1954339351305,19.7733552772568));
#3142=CARTESIAN_POINT('Ctrl Pts',(4.7986160170055,29.0504984927365,20.4792048317224));
#3143=CARTESIAN_POINT('Ctrl Pts',(4.30763087190337,30.4347629921373,20.8853938029869));
#3144=CARTESIAN_POINT('Ctrl Pts',(4.30879307855503,31.5620536318945,20.8865837301408));
#3145=CARTESIAN_POINT('Ctrl Pts',(4.67833962898028,32.6035103954032,20.5789977153024));
#3146=CARTESIAN_POINT('Ctrl Pts',(5.09627860427448,33.5126166160703,20.0148284018614));
#3147=CARTESIAN_POINT('Ctrl Pts',(5.25,34.009918804268,19.4680730228125));
#3148=CARTESIAN_POINT('Ctrl Pts',(5.25,34.2152706197946,19.1627907683683));
#3149=CARTESIAN_POINT('Ctrl Pts',(5.47439947525641,27.7847303040774,19.1627907683683));
#3150=CARTESIAN_POINT('Ctrl Pts',(5.49365130898998,28.2206115174819,19.810648819856));
#3151=CARTESIAN_POINT('Ctrl Pts',(5.07093335691409,29.1388713276468,20.5279583660241));
#3152=CARTESIAN_POINT('Ctrl Pts',(4.63935967059623,30.4901862995751,20.8834449585024));
#3153=CARTESIAN_POINT('Ctrl Pts',(4.64018079144085,31.5083644251502,20.8854065902066));
#3154=CARTESIAN_POINT('Ctrl Pts',(4.96425193272363,32.5232235185937,20.6158487729179));
#3155=CARTESIAN_POINT('Ctrl Pts',(5.34969131129417,33.4686221155316,20.0568929344184));
#3156=CARTESIAN_POINT('Ctrl Pts',(5.4840253921232,33.9973300130924,19.4867197941121));
#3157=CARTESIAN_POINT('Ctrl Pts',(5.47439947525641,34.2152706197946,19.1627907683683));
#3158=CARTESIAN_POINT('Ctrl Pts',(5.92311349550353,27.6997240180352,19.2199712789149));
#3159=CARTESIAN_POINT('Ctrl Pts',(5.98097999730724,28.1818597239309,19.9688071945184));
#3160=CARTESIAN_POINT('Ctrl Pts',(5.61529462769798,29.2191731104179,20.7737767744286));
#3161=CARTESIAN_POINT('Ctrl Pts',(5.30340656832745,30.564804105894,21.1118026159859));
#3162=CARTESIAN_POINT('Ctrl Pts',(5.30339655923403,31.4369583300382,21.114372690144));
#3163=CARTESIAN_POINT('Ctrl Pts',(5.53619203446531,32.4440561250166,20.8588641188952));
#3164=CARTESIAN_POINT('Ctrl Pts',(5.85631534590224,33.4724985693995,20.2445848353288));
#3165=CARTESIAN_POINT('Ctrl Pts',(5.95204674640539,34.059209052889,19.5943892367166));
#3166=CARTESIAN_POINT('Ctrl Pts',(5.92311349550353,34.3002769058368,19.2199712789149));
#3167=CARTESIAN_POINT('Ctrl Pts',(6.41771512787555,27.3723290665312,19.4401974686355));
#3168=CARTESIAN_POINT('Ctrl Pts',(6.49735490800821,27.8984005491178,20.3694521374547));
#3169=CARTESIAN_POINT('Ctrl Pts',(6.13026282107685,29.034569071645,21.4108072453063));
#3170=CARTESIAN_POINT('Ctrl Pts',(5.8275877650394,30.5221476139859,21.9216153046299));
#3171=CARTESIAN_POINT('Ctrl Pts',(5.82746151795974,31.4802059304319,21.9237333623747));
#3172=CARTESIAN_POINT('Ctrl Pts',(6.05280141854395,32.5931545961712,21.538799739742));
#3173=CARTESIAN_POINT('Ctrl Pts',(6.37227013212145,33.724042612161,20.7234980051868));
#3174=CARTESIAN_POINT('Ctrl Pts',(6.45753501794188,34.3646361160476,19.9048248030449));
#3175=CARTESIAN_POINT('Ctrl Pts',(6.41771512787555,34.6276718573408,19.4401974686355));
#3176=CARTESIAN_POINT('Ctrl Pts',(6.69272753507946,26.9589496120625,19.7182621783943));
#3177=CARTESIAN_POINT('Ctrl Pts',(6.75095174400633,27.5111076551881,20.8105519955301));
#3178=CARTESIAN_POINT('Ctrl Pts',(6.28227612491358,28.6855162679284,22.073957195089));
#3179=CARTESIAN_POINT('Ctrl Pts',(5.82138521779754,30.383600442154,22.7804912072272));
#3180=CARTESIAN_POINT('Ctrl Pts',(5.82205981177294,31.6159647943741,22.7821924469392));
#3181=CARTESIAN_POINT('Ctrl Pts',(6.16732733107586,32.8897770196958,22.2491580766585));
#3182=CARTESIAN_POINT('Ctrl Pts',(6.591469688513,34.0942090809463,21.2398320839609));
#3183=CARTESIAN_POINT('Ctrl Pts',(6.72183963954289,34.7649722902468,20.2644070869619));
#3184=CARTESIAN_POINT('Ctrl Pts',(6.69272753507945,35.0410513118095,19.7182621783943));
#3185=CARTESIAN_POINT('Ctrl Pts',(6.75000000000001,26.6797557144995,19.906065343871));
#3186=CARTESIAN_POINT('Ctrl Pts',(6.77276987024471,27.2436240854397,21.0813480193552));
#3187=CARTESIAN_POINT('Ctrl Pts',(6.19266784947626,28.4259306763326,22.4455355536486));
#3188=CARTESIAN_POINT('Ctrl Pts',(5.57430300710358,30.2719942543113,23.2312270161448));
#3189=CARTESIAN_POINT('Ctrl Pts',(5.57563681131496,31.7249364468249,23.2332300373544));
#3190=CARTESIAN_POINT('Ctrl Pts',(6.04053886369545,33.1125667702943,22.6391427735443));
#3191=CARTESIAN_POINT('Ctrl Pts',(6.57532047623535,34.3548111793343,21.5466371352144));
#3192=CARTESIAN_POINT('Ctrl Pts',(6.76138493512235,35.0383110239026,20.4937066816129));
#3193=CARTESIAN_POINT('Ctrl Pts',(6.75,35.3202452093725,19.906065343871));
#3194=CARTESIAN_POINT('Ctrl Pts',(6.75000000000001,26.5401095978096,20.));
#3195=CARTESIAN_POINT('Ctrl Pts',(6.75000000000001,27.1097952795933,21.2098743724524));
#3196=CARTESIAN_POINT('Ctrl Pts',(6.10516573857928,28.2958525691754,22.6085624296879));
#3197=CARTESIAN_POINT('Ctrl Pts',(5.4037583884334,30.215961390925,23.413453017908));
#3198=CARTESIAN_POINT('Ctrl Pts',(5.40541868365004,31.7796226009107,23.4158109380746));
#3199=CARTESIAN_POINT('Ctrl Pts',(5.93334232711471,33.2242239180358,22.8063086966896));
#3200=CARTESIAN_POINT('Ctrl Pts',(6.53039800610641,34.4852422241223,21.6883695041568));
#3201=CARTESIAN_POINT('Ctrl Pts',(6.75,35.1750484851707,20.6049371862259));
#3202=CARTESIAN_POINT('Ctrl Pts',(6.75,35.4598913260624,20.));
#3203=CARTESIAN_POINT('Ctrl Pts',(6.75,35.4598913260624,20.));
#3204=CARTESIAN_POINT('Ctrl Pts',(6.75,35.1750484851707,20.6049371862259));
#3205=CARTESIAN_POINT('Ctrl Pts',(6.53039800610641,34.4852422241223,21.6883695041568));
#3206=CARTESIAN_POINT('Ctrl Pts',(5.93334232711471,33.2242239180358,22.8063086966896));
#3207=CARTESIAN_POINT('Ctrl Pts',(5.40541868365004,31.7796226009107,23.4158109380746));
#3208=CARTESIAN_POINT('Ctrl Pts',(5.4037583884334,30.215961390925,23.413453017908));
#3209=CARTESIAN_POINT('Ctrl Pts',(6.10516573857928,28.2958525691754,22.6085624296879));
#3210=CARTESIAN_POINT('Ctrl Pts',(6.75000000000001,27.1097952795933,21.2098743724524));
#3211=CARTESIAN_POINT('Ctrl Pts',(6.75000000000001,26.5401095978096,20.));
#3212=CARTESIAN_POINT('Ctrl Pts',(5.25,27.7847303040774,19.1627907683683));
#3213=CARTESIAN_POINT('Ctrl Pts',(5.25,28.1954339351305,19.7733552772568));
#3214=CARTESIAN_POINT('Ctrl Pts',(4.7986160170055,29.0504984927365,20.4792048317224));
#3215=CARTESIAN_POINT('Ctrl Pts',(4.30763087190337,30.4347629921373,20.8853938029869));
#3216=CARTESIAN_POINT('Ctrl Pts',(4.30879307855503,31.5620536318945,20.8865837301408));
#3217=CARTESIAN_POINT('Ctrl Pts',(4.67833962898028,32.6035103954032,20.5789977153024));
#3218=CARTESIAN_POINT('Ctrl Pts',(5.09627860427448,33.5126166160703,20.0148284018614));
#3219=CARTESIAN_POINT('Ctrl Pts',(5.25,34.009918804268,19.4680730228125));
#3220=CARTESIAN_POINT('Ctrl Pts',(5.25,34.2152706197946,19.1627907683683));
#3221=CARTESIAN_POINT('Origin',(0.,31.000000461936,17.0000002533197));
#3222=CARTESIAN_POINT('',(3.,27.125000461936,17.0000002533197));
#3223=CARTESIAN_POINT('',(0.,27.125000461936,17.0000002533197));
#3224=CARTESIAN_POINT('Origin',(3.,31.000000461936,17.0000002533197));
#3225=CARTESIAN_POINT('Origin',(5.25,6.,6.));
#3226=CARTESIAN_POINT('Ctrl Pts',(6.75,7.97246672975744,11.));
#3227=CARTESIAN_POINT('Ctrl Pts',(6.75,7.78614621861841,11.));
#3228=CARTESIAN_POINT('Ctrl Pts',(6.74432214054741,7.56263371058713,11.));
#3229=CARTESIAN_POINT('Ctrl Pts',(6.72354522969826,6.94632028468265,11.));
#3230=CARTESIAN_POINT('Ctrl Pts',(6.70236875482778,6.43034302676032,11.));
#3231=CARTESIAN_POINT('Ctrl Pts',(6.70236875482778,6.,11.));
#3232=CARTESIAN_POINT('Ctrl Pts',(6.70236875482778,5.56965697323968,11.));
#3233=CARTESIAN_POINT('Ctrl Pts',(6.72354522969826,5.05367971531735,11.));
#3234=CARTESIAN_POINT('Ctrl Pts',(6.74432214054741,4.43736628941288,11.));
#3235=CARTESIAN_POINT('Ctrl Pts',(6.75,4.21385378138159,11.));
#3236=CARTESIAN_POINT('Ctrl Pts',(6.75,4.02753327024256,11.));
#3237=CARTESIAN_POINT('',(5.25,6.,2.125));
#3238=CARTESIAN_POINT('Origin',(5.25,6.,0.625));
#3239=CARTESIAN_POINT('',(5.25,2.125,6.));
#3240=CARTESIAN_POINT('Origin',(5.25,6.,6.));
#3241=CARTESIAN_POINT('Origin',(5.25,6.,6.));
#3242=CARTESIAN_POINT('Origin',(2.3,91.25,11.));
#3243=CARTESIAN_POINT('',(2.3,24.8444638738774,11.));
#3244=CARTESIAN_POINT('',(0.,24.8444638738774,11.));
#3245=CARTESIAN_POINT('',(2.3,2.,11.));
#3246=CARTESIAN_POINT('',(2.3,68.9375,11.));
#3247=CARTESIAN_POINT('',(2.3,2.,11.));
#3248=CARTESIAN_POINT('Origin',(0.,6.,6.));
#3249=CARTESIAN_POINT('',(1.,2.125,6.));
#3250=CARTESIAN_POINT('',(0.,2.125,6.));
#3251=CARTESIAN_POINT('',(1.,6.,2.125));
#3252=CARTESIAN_POINT('Origin',(1.,6.,6.));
#3253=CARTESIAN_POINT('Origin',(1.,6.,6.));
#3254=CARTESIAN_POINT('Origin',(1.,6.,6.));
#3255=CARTESIAN_POINT('',(-0.5,6.,3.625));
#3256=CARTESIAN_POINT('Origin',(-0.5,6.,6.));
#3257=CARTESIAN_POINT('Origin',(1.,6.,3.625));
#3258=CARTESIAN_POINT('Origin',(-0.5,6.,6.));
#3259=CARTESIAN_POINT('Origin',(1.75,69.9375,20.));
#3260=CARTESIAN_POINT('',(6.51969600708473,2.,21.5));
#3261=CARTESIAN_POINT('Origin',(1.75,2.,20.));
#3262=CARTESIAN_POINT('',(5.75,3.50000000000001,23.));
#3263=CARTESIAN_POINT('Ctrl Pts',(6.51969600708473,2.,21.5));
#3264=CARTESIAN_POINT('Ctrl Pts',(6.45886628523138,2.,21.693426187624));
#3265=CARTESIAN_POINT('Ctrl Pts',(6.38130139585119,2.03936308167627,21.8952181155988));
#3266=CARTESIAN_POINT('Ctrl Pts',(6.2133232022642,2.19308218411895,22.2626423220968));
#3267=CARTESIAN_POINT('Ctrl Pts',(6.12330833189749,2.30722529735593,22.4285456409156));
#3268=CARTESIAN_POINT('Ctrl Pts',(5.9681442152563,2.56745409748802,22.6887744410477));
#3269=CARTESIAN_POINT('Ctrl Pts',(5.89123266596009,2.73129104723279,22.8034380271512));
#3270=CARTESIAN_POINT('Ctrl Pts',(5.78145256198113,3.0990057937757,22.959132247041));
#3271=CARTESIAN_POINT('Ctrl Pts',(5.75,3.30337375169793,23.));
#3272=CARTESIAN_POINT('Ctrl Pts',(5.75,3.50000000000001,23.));
#3273=CARTESIAN_POINT('',(5.75,24.8444638738774,23.));
#3274=CARTESIAN_POINT('',(5.75,69.9375,23.));
#3275=CARTESIAN_POINT('',(6.71206382451382,26.0553890134425,20.6147540983607));
#3276=CARTESIAN_POINT('Ctrl Pts',(5.75,24.8444638738774,23.));
#3277=CARTESIAN_POINT('Ctrl Pts',(5.75,25.0356243036508,23.));
#3278=CARTESIAN_POINT('Ctrl Pts',(5.77974503330174,25.2349642603059,22.9613158079505));
#3279=CARTESIAN_POINT('Ctrl Pts',(5.88455422439036,25.5952144264675,22.8131294148271));
#3280=CARTESIAN_POINT('Ctrl Pts',(5.95829963173197,25.7565814588853,22.7038083944668));
#3281=CARTESIAN_POINT('Ctrl Pts',(6.11222210760462,26.0222744349295,22.4485035503756));
#3282=CARTESIAN_POINT('Ctrl Pts',(6.20464762135964,26.1418140064811,22.2800645592734));
#3283=CARTESIAN_POINT('Ctrl Pts',(6.37737466040114,26.303021146299,21.9052515905056));
#3284=CARTESIAN_POINT('Ctrl Pts',(6.45724476015736,26.3444638738774,21.6985823087379));
#3285=CARTESIAN_POINT('Ctrl Pts',(6.57731667159021,26.3444638738774,21.3167779643884));
#3286=CARTESIAN_POINT('Ctrl Pts',(6.62719337483371,26.3086412004342,21.1174252258932));
#3287=CARTESIAN_POINT('Ctrl Pts',(6.68371197373315,26.186726848964,20.8194982601639));
#3288=CARTESIAN_POINT('Ctrl Pts',(6.70002664572196,26.1264174497779,20.7119136774372));
#3289=CARTESIAN_POINT('Ctrl Pts',(6.71206382451382,26.0553890134425,20.6147540983607));
#3290=CARTESIAN_POINT('Ctrl Pts',(6.71206382451382,26.0553890134425,20.6147540983607));
#3291=CARTESIAN_POINT('Ctrl Pts',(6.71908458837991,26.0139612098093,20.5580851334961));
#3292=CARTESIAN_POINT('Ctrl Pts',(6.72520971229172,25.9734968810288,20.5006891338588));
#3293=CARTESIAN_POINT('Ctrl Pts',(6.7427906757114,25.839060024723,20.3028575986627));
#3294=CARTESIAN_POINT('Ctrl Pts',(6.75,25.7468252384183,20.1545531587996));
#3295=CARTESIAN_POINT('Ctrl Pts',(6.75,25.6599976591765,20.));
#3296=CARTESIAN_POINT('',(6.71206382451382,35.9446109865575,20.6147540983607));
#3297=CARTESIAN_POINT('Ctrl Pts',(6.75,36.3400023408235,20.));
#3298=CARTESIAN_POINT('Ctrl Pts',(6.75,36.2531747615817,20.1545531587996));
#3299=CARTESIAN_POINT('Ctrl Pts',(6.7427906757114,36.160939975277,20.3028575986627));
#3300=CARTESIAN_POINT('Ctrl Pts',(6.72520971229172,36.0265031189712,20.5006891338588));
#3301=CARTESIAN_POINT('Ctrl Pts',(6.71908458837991,35.9860387901907,20.5580851334961));
#3302=CARTESIAN_POINT('Ctrl Pts',(6.71206382451382,35.9446109865575,20.6147540983607));
#3303=CARTESIAN_POINT('',(5.75,37.1555361261226,23.));
#3304=CARTESIAN_POINT('Ctrl Pts',(6.71206382451383,35.9446109865575,20.6147540983607));
#3305=CARTESIAN_POINT('Ctrl Pts',(6.70002664572196,35.8735825502221,20.7119136774372));
#3306=CARTESIAN_POINT('Ctrl Pts',(6.68371197373315,35.813273151036,20.8194982601639));
#3307=CARTESIAN_POINT('Ctrl Pts',(6.62719337483371,35.6913587995658,21.1174252258932));
#3308=CARTESIAN_POINT('Ctrl Pts',(6.57731667159021,35.6555361261226,21.3167779643884));
#3309=CARTESIAN_POINT('Ctrl Pts',(6.45724476015736,35.6555361261226,21.6985823087379));
#3310=CARTESIAN_POINT('Ctrl Pts',(6.37737466040115,35.696978853701,21.9052515905056));
#3311=CARTESIAN_POINT('Ctrl Pts',(6.20464762135964,35.8581859935189,22.2800645592734));
#3312=CARTESIAN_POINT('Ctrl Pts',(6.11222210760462,35.9777255650705,22.4485035503756));
#3313=CARTESIAN_POINT('Ctrl Pts',(5.95829963173197,36.2434185411147,22.7038083944668));
#3314=CARTESIAN_POINT('Ctrl Pts',(5.88455422439036,36.4047855735325,22.8131294148271));
#3315=CARTESIAN_POINT('Ctrl Pts',(5.77974503330174,36.7650357396941,22.9613158079505));
#3316=CARTESIAN_POINT('Ctrl Pts',(5.75,36.9643756963492,23.));
#3317=CARTESIAN_POINT('Ctrl Pts',(5.75,37.1555361261226,23.));
#3318=CARTESIAN_POINT('',(5.75,89.75,23.));
#3319=CARTESIAN_POINT('',(5.75,69.9375,23.));
#3320=CARTESIAN_POINT('Ctrl Pts',(5.75,89.75,23.));
#3321=CARTESIAN_POINT('Ctrl Pts',(5.75,89.9411604297734,23.));
#3322=CARTESIAN_POINT('Ctrl Pts',(5.77974503330174,90.1405003864285,22.9613158079505));
#3323=CARTESIAN_POINT('Ctrl Pts',(5.88455422439036,90.5007505525901,22.8131294148271));
#3324=CARTESIAN_POINT('Ctrl Pts',(5.95829963173198,90.6621175850079,22.7038083944668));
#3325=CARTESIAN_POINT('Ctrl Pts',(6.11222210760462,90.9278105610521,22.4485035503756));
#3326=CARTESIAN_POINT('Ctrl Pts',(6.20464762135964,91.0473501326038,22.2800645592734));
#3327=CARTESIAN_POINT('Ctrl Pts',(6.37737466040114,91.2085572724216,21.9052515905056));
#3328=CARTESIAN_POINT('Ctrl Pts',(6.45724476015736,91.25,21.6985823087379));
#3329=CARTESIAN_POINT('Ctrl Pts',(6.51969600708473,91.25,21.5));
#3330=CARTESIAN_POINT('Origin',(0.,31.,17.));
#3331=CARTESIAN_POINT('',(2.3,26.0553890134425,20.6147540983607));
#3332=CARTESIAN_POINT('',(0.,26.0553890134425,20.6147540983607));
#3333=CARTESIAN_POINT('',(2.3,26.0553890134425,13.3852459016393));
#3334=CARTESIAN_POINT('Origin',(2.3,31.,17.));
#3335=CARTESIAN_POINT('',(0.,26.0553890134425,13.3852459016393));
#3336=CARTESIAN_POINT('Origin',(0.,24.8444638738774,21.5));
#3337=CARTESIAN_POINT('',(2.3,24.8444638738774,23.));
#3338=CARTESIAN_POINT('',(0.,24.8444638738774,23.));
#3339=CARTESIAN_POINT('Origin',(2.3,24.8444638738774,21.5));
#3340=CARTESIAN_POINT('Origin',(2.3,2.,23.));
#3341=CARTESIAN_POINT('',(2.3,3.5,23.));
#3342=CARTESIAN_POINT('',(2.3,3.5,23.));
#3343=CARTESIAN_POINT('',(2.3,24.3125,23.));
#3344=CARTESIAN_POINT('Origin',(2.3,3.5,21.5));
#3345=CARTESIAN_POINT('',(2.3,2.,21.5));
#3346=CARTESIAN_POINT('',(2.3,2.,21.5));
#3347=CARTESIAN_POINT('Origin',(2.3,3.5,21.5));
#3348=CARTESIAN_POINT('Origin',(2.3,2.,11.));
#3349=CARTESIAN_POINT('',(2.3,2.,11.75));
#3350=CARTESIAN_POINT('Origin',(0.,24.8444638738774,12.5));
#3351=CARTESIAN_POINT('Origin',(2.3,24.8444638738774,12.5));
#3352=CARTESIAN_POINT('Origin',(2.3,46.625,12.5));
#3353=CARTESIAN_POINT('Origin',(0.,37.1555361261226,12.5));
#3354=CARTESIAN_POINT('',(2.3,35.9446109865575,13.3852459016393));
#3355=CARTESIAN_POINT('Origin',(2.3,37.1555361261226,12.5));
#3356=CARTESIAN_POINT('',(0.,35.9446109865575,13.3852459016393));
#3357=CARTESIAN_POINT('Origin',(0.,31.,17.));
#3358=CARTESIAN_POINT('',(2.3,35.9446109865575,20.6147540983607));
#3359=CARTESIAN_POINT('Origin',(2.3,31.,17.));
#3360=CARTESIAN_POINT('',(0.,35.9446109865575,20.6147540983607));
#3361=CARTESIAN_POINT('Origin',(0.,37.1555361261226,21.5));
#3362=CARTESIAN_POINT('',(2.3,37.1555361261226,23.));
#3363=CARTESIAN_POINT('Origin',(2.3,37.1555361261226,21.5));
#3364=CARTESIAN_POINT('',(0.,37.1555361261226,23.));
#3365=CARTESIAN_POINT('Origin',(2.3,46.625,12.5));
#3366=CARTESIAN_POINT('',(2.3,89.75,23.));
#3367=CARTESIAN_POINT('Origin',(2.3,89.75,21.5));
#3368=CARTESIAN_POINT('',(2.3,24.3125,23.));
#3369=CARTESIAN_POINT('Origin',(3.,31.000000461936,17.0000002533197));
#3370=CARTESIAN_POINT('Origin',(2.3,2.,23.));
#3371=CARTESIAN_POINT('',(2.3,89.75,23.));
#3372=CARTESIAN_POINT('Origin',(2.3,89.75,21.5));
#3373=CARTESIAN_POINT('Origin',(6.75,50.7820009511765,7.49999999999981));
#3374=CARTESIAN_POINT('',(6.75,50.7820009511765,8.99999999999981));
#3375=CARTESIAN_POINT('',(6.75,52.2820009511765,7.49999999999981));
#3376=CARTESIAN_POINT('Origin',(6.75,38.582,8.99999999999981));
#3377=CARTESIAN_POINT('',(6.75,40.082,8.99999999999981));
#3378=CARTESIAN_POINT('Origin',(6.75,40.082,7.49999999999981));
#3379=CARTESIAN_POINT('',(6.75,38.582,7.49999999999981));
#3380=CARTESIAN_POINT('Origin',(6.75,38.582,0.950000000000025));
#3381=CARTESIAN_POINT('',(3.375,38.582,0.950000000000026));
#3382=CARTESIAN_POINT('Origin',(6.75,52.2820009511765,8.99999999999981));
#3383=CARTESIAN_POINT('',(3.375,52.2820009511765,0.950000000000004));
#3384=CARTESIAN_POINT('Origin',(0.,36.332,0.95000000000003));
#3385=CARTESIAN_POINT('',(0.,53.032000981,0.950000000000003));
#3386=CARTESIAN_POINT('Origin',(0.,3.5,21.5));
#3387=CARTESIAN_POINT('',(0.,3.5,23.));
#3388=CARTESIAN_POINT('',(0.,2.,21.5));
#3389=CARTESIAN_POINT('Origin',(0.,91.25,23.));
#3390=CARTESIAN_POINT('Origin',(0.,34.832,7.5));
#3391=CARTESIAN_POINT('',(0.,36.332,7.5));
#3392=CARTESIAN_POINT('Origin',(0.,36.332,9.));
#3393=CARTESIAN_POINT('',(0.,36.332,2.45000000000003));
#3394=CARTESIAN_POINT('Origin',(0.,56.032000981,7.49999999999804));
#3395=CARTESIAN_POINT('',(0.,54.532000981,7.49999999999804));
#3396=CARTESIAN_POINT('Origin',(0.,37.832,2.45000000000003));
#3397=CARTESIAN_POINT('',(0.,37.832,0.950000000000027));
#3398=CARTESIAN_POINT('Origin',(0.,36.332,0.95000000000003));
#3399=CARTESIAN_POINT('Origin',(0.,53.032000981,2.45));
#3400=CARTESIAN_POINT('',(0.,54.532000981,2.45));
#3401=CARTESIAN_POINT('Origin',(-5.,93.25,17.));
#3402=CARTESIAN_POINT('Origin',(0.,2.,23.));
#3403=CARTESIAN_POINT('Origin',(0.,54.532000981,0.950000000000001));
#3404=UNCERTAINTY_MEASURE_WITH_UNIT(LENGTH_MEASURE(0.01),#3408,
'DISTANCE_ACCURACY_VALUE',
'Maximum model space distance between geometric entities at asserted c
onnectivities');
#3405=UNCERTAINTY_MEASURE_WITH_UNIT(LENGTH_MEASURE(0.01),#3408,
'DISTANCE_ACCURACY_VALUE',
'Maximum model space distance between geometric entities at asserted c
onnectivities');
#3406=(
GEOMETRIC_REPRESENTATION_CONTEXT(3)
GLOBAL_UNCERTAINTY_ASSIGNED_CONTEXT((#3404))
GLOBAL_UNIT_ASSIGNED_CONTEXT((#3408,#3410,#3411))
REPRESENTATION_CONTEXT('','3D')
);
#3407=(
GEOMETRIC_REPRESENTATION_CONTEXT(3)
GLOBAL_UNCERTAINTY_ASSIGNED_CONTEXT((#3405))
GLOBAL_UNIT_ASSIGNED_CONTEXT((#3408,#3410,#3411))
REPRESENTATION_CONTEXT('','3D')
);
#3408=(
LENGTH_UNIT()
NAMED_UNIT(*)
SI_UNIT(.MILLI.,.METRE.)
);
#3409=(
LENGTH_UNIT()
NAMED_UNIT(*)
SI_UNIT($,.METRE.)
);
#3410=(
NAMED_UNIT(*)
PLANE_ANGLE_UNIT()
SI_UNIT($,.RADIAN.)
);
#3411=(
NAMED_UNIT(*)
SI_UNIT($,.STERADIAN.)
SOLID_ANGLE_UNIT()
);
#3412=SHAPE_DEFINITION_REPRESENTATION(#3413,#3414);
#3413=PRODUCT_DEFINITION_SHAPE('',$,#3416);
#3414=SHAPE_REPRESENTATION('',(#1848),#3406);
#3415=PRODUCT_DEFINITION_CONTEXT('part definition',#3420,'design');
#3416=PRODUCT_DEFINITION('retraction_housing_top_rev_D',
'retraction_housing_top_rev_D v5',#3417,#3415);
#3417=PRODUCT_DEFINITION_FORMATION('',$,#3422);
#3418=PRODUCT_RELATED_PRODUCT_CATEGORY(
'retraction_housing_top_rev_D v5','retraction_housing_top_rev_D v5',(#3422));
#3419=APPLICATION_PROTOCOL_DEFINITION('international standard',
'automotive_design',2009,#3420);
#3420=APPLICATION_CONTEXT(
'Core Data for Automotive Mechanical Design Process');
#3421=PRODUCT_CONTEXT('part definition',#3420,'mechanical');
#3422=PRODUCT('retraction_housing_top_rev_D',
'retraction_housing_top_rev_D v5',$,(#3421));
#3423=PRESENTATION_STYLE_ASSIGNMENT((#3425));
#3424=PRESENTATION_STYLE_ASSIGNMENT((#3426));
#3425=SURFACE_STYLE_USAGE(.BOTH.,#3427);
#3426=SURFACE_STYLE_USAGE(.BOTH.,#3428);
#3427=SURFACE_SIDE_STYLE('',(#3429));
#3428=SURFACE_SIDE_STYLE('',(#3430));
#3429=SURFACE_STYLE_FILL_AREA(#3431);
#3430=SURFACE_STYLE_FILL_AREA(#3432);
#3431=FILL_AREA_STYLE('ABS (White)',(#3433));
#3432=FILL_AREA_STYLE('Plastic - Matte (Black)',(#3434));
#3433=FILL_AREA_STYLE_COLOUR('ABS (White)',#3435);
#3434=FILL_AREA_STYLE_COLOUR('Plastic - Matte (Black)',#3436);
#3435=COLOUR_RGB('ABS (White)',0.964705882352941,0.964705882352941,0.952941176470588);
#3436=COLOUR_RGB('Plastic - Matte (Black)',0.0980392156862745,0.0980392156862745,
0.0980392156862745);
ENDSEC;
END-ISO-10303-21;
