ISO-10303-21;
HEADER;
/* Generated by software containing ST-Developer
 * from STEP Tools, Inc. (www.steptools.com) 
 */

FILE_DESCRIPTION(
/* description */ (''),
/* implementation_level */ '2;1');

FILE_NAME(
/* name */ 'STEP_retraction_housing_bot_rev_H_v9.step',
/* time_stamp */ '2025-05-31T05:01:42-04:00',
/* author */ (''),
/* organization */ (''),
/* preprocessor_version */ 'ST-DEVELOPER v20.1',
/* originating_system */ 'Autodesk Translation Framework v14.10.0.0',
/* authorisation */ '');

FILE_SCHEMA (('AUTOMOTIVE_DESIGN { 1 0 10303 214 3 1 1 }'));
ENDSEC;

DATA;
#10=MECHANICAL_DESIGN_GEOMETRIC_PRESENTATION_REPRESENTATION('',(#13),#5579);
#11=SHAPE_REPRESENTATION_RELATIONSHIP('SRR','None',#5585,#12);
#12=ADVANCED_BREP_SHAPE_REPRESENTATION('',(#14),#5578);
#13=STYLED_ITEM('',(#5595),#14);
#14=MANIFOLD_SOLID_BREP('Body1',#2756);
#15=(
BOUNDED_CURVE()
B_SPLINE_CURVE(2,(#4913,#4914,#4915),.UNSPECIFIED.,.F.,.F.)
B_SPLINE_CURVE_WITH_KNOTS((3,3),(0.,1.24454797288038),.UNSPECIFIED.)
CURVE()
GEOMETRIC_REPRESENTATION_ITEM()
RATIONAL_B_SPLINE_CURVE((1.,1.04195296584617,1.))
REPRESENTATION_ITEM('')
);
#16=(
BOUNDED_CURVE()
B_SPLINE_CURVE(2,(#4936,#4937,#4938),.UNSPECIFIED.,.F.,.F.)
B_SPLINE_CURVE_WITH_KNOTS((3,3),(1.24454797288038,1.6736459210346),
 .UNSPECIFIED.)
CURVE()
GEOMETRIC_REPRESENTATION_ITEM()
RATIONAL_B_SPLINE_CURVE((1.,1.01446463451463,1.01895497293738))
REPRESENTATION_ITEM('')
);
#17=B_SPLINE_SURFACE_WITH_KNOTS('',3,3,((#4634,#4635,#4636,#4637,#4638),
(#4639,#4640,#4641,#4642,#4643),(#4644,#4645,#4646,#4647,#4648),(#4649,
#4650,#4651,#4652,#4653),(#4654,#4655,#4656,#4657,#4658)),.UNSPECIFIED.,
 .F.,.F.,.F.,(4,1,4),(4,1,4),(0.,0.571428571428571,1.),(-1.35295105292492,
-1.22335745616174,-1.09376385939856),.UNSPECIFIED.);
#18=B_SPLINE_SURFACE_WITH_KNOTS('',3,3,((#4661,#4662,#4663,#4664,#4665,
#4666,#4667,#4668,#4669),(#4670,#4671,#4672,#4673,#4674,#4675,#4676,#4677,
#4678),(#4679,#4680,#4681,#4682,#4683,#4684,#4685,#4686,#4687),(#4688,#4689,
#4690,#4691,#4692,#4693,#4694,#4695,#4696),(#4697,#4698,#4699,#4700,#4701,
#4702,#4703,#4704,#4705)),.UNSPECIFIED.,.F.,.F.,.F.,(4,1,4),(4,1,1,1,1,
1,4),(0.,0.5,1.),(0.590499677848118,0.702952396406105,0.927857833522078,
1.04031055208006,1.15276327063805,1.26521598919604,1.37766870775402),
 .UNSPECIFIED.);
#19=B_SPLINE_SURFACE_WITH_KNOTS('',3,3,((#4720,#4721,#4722,#4723,#4724,
#4725,#4726,#4727,#4728,#4729,#4730,#4731,#4732,#4733,#4734),(#4735,#4736,
#4737,#4738,#4739,#4740,#4741,#4742,#4743,#4744,#4745,#4746,#4747,#4748,
#4749),(#4750,#4751,#4752,#4753,#4754,#4755,#4756,#4757,#4758,#4759,#4760,
#4761,#4762,#4763,#4764),(#4765,#4766,#4767,#4768,#4769,#4770,#4771,#4772,
#4773,#4774,#4775,#4776,#4777,#4778,#4779),(#4780,#4781,#4782,#4783,#4784,
#4785,#4786,#4787,#4788,#4789,#4790,#4791,#4792,#4793,#4794)),
 .UNSPECIFIED.,.F.,.F.,.F.,(4,1,4),(4,1,1,1,1,1,1,1,1,1,2,4),(0.,0.571428571428571,
1.),(-0.226545755831732,-0.203891180248559,-0.181236604665386,-0.158582029082213,
-0.135927453499039,-0.113272877915866,-0.0906183023326929,-0.0679637267495196,
-0.0453091511663464,-0.0226545755831732,0.,0.000307183279816408),
 .UNSPECIFIED.);
#20=B_SPLINE_SURFACE_WITH_KNOTS('',3,3,((#4829,#4830,#4831,#4832,#4833,
#4834,#4835,#4836),(#4837,#4838,#4839,#4840,#4841,#4842,#4843,#4844),(#4845,
#4846,#4847,#4848,#4849,#4850,#4851,#4852),(#4853,#4854,#4855,#4856,#4857,
#4858,#4859,#4860),(#4861,#4862,#4863,#4864,#4865,#4866,#4867,#4868)),
 .UNSPECIFIED.,.F.,.F.,.F.,(4,1,4),(4,1,1,1,1,4),(0.,0.5,1.),(1.64391868520975,
1.86985249500771,1.98281939990669,2.20875320970464,2.32172011460362,2.4346870195026),
 .UNSPECIFIED.);
#21=B_SPLINE_SURFACE_WITH_KNOTS('',3,3,((#5057,#5058,#5059,#5060),(#5061,
#5062,#5063,#5064),(#5065,#5066,#5067,#5068),(#5069,#5070,#5071,#5072),
(#5073,#5074,#5075,#5076),(#5077,#5078,#5079,#5080)),.UNSPECIFIED.,.F.,
 .F.,.F.,(4,1,1,4),(4,4),(0.,0.285714285714286,0.571428571428571,1.),(0.13855174437308,
1.33024863113114),.UNSPECIFIED.);
#22=B_SPLINE_SURFACE_WITH_KNOTS('',3,3,((#5231,#5232,#5233,#5234,#5235,
#5236,#5237,#5238,#5239),(#5240,#5241,#5242,#5243,#5244,#5245,#5246,#5247,
#5248),(#5249,#5250,#5251,#5252,#5253,#5254,#5255,#5256,#5257),(#5258,#5259,
#5260,#5261,#5262,#5263,#5264,#5265,#5266),(#5267,#5268,#5269,#5270,#5271,
#5272,#5273,#5274,#5275),(#5276,#5277,#5278,#5279,#5280,#5281,#5282,#5283,
#5284),(#5285,#5286,#5287,#5288,#5289,#5290,#5291,#5292,#5293)),
 .UNSPECIFIED.,.F.,.F.,.F.,(4,1,1,1,4),(4,1,1,1,1,1,4),(0.,0.285714285714286,
0.571428571428571,0.785714285714286,1.),(0.,0.306206059887918,0.459309089831876,
0.612412119775835,0.765515149719794,0.918618179663753,1.07172120960771),
 .UNSPECIFIED.);
#23=B_SPLINE_SURFACE_WITH_KNOTS('',3,3,((#5319,#5320,#5321,#5322),(#5323,
#5324,#5325,#5326),(#5327,#5328,#5329,#5330),(#5331,#5332,#5333,#5334),
(#5335,#5336,#5337,#5338),(#5339,#5340,#5341,#5342)),.UNSPECIFIED.,.F.,
 .F.,.F.,(4,1,1,4),(4,4),(0.,0.285714285714286,0.571428571428571,1.),(0.137466080795368,
1.33057904171728),.UNSPECIFIED.);
#24=B_SPLINE_SURFACE_WITH_KNOTS('',3,1,((#5353,#5354),(#5355,#5356),(#5357,
#5358),(#5359,#5360),(#5361,#5362)),.UNSPECIFIED.,.F.,.F.,.F.,(4,1,4),(2,
2),(0.,0.103897596148541,0.163403138871287),(0.,0.37262918545654),
 .UNSPECIFIED.);
#25=B_SPLINE_SURFACE_WITH_KNOTS('',3,1,((#5364,#5365),(#5366,#5367),(#5368,
#5369),(#5370,#5371),(#5372,#5373)),.UNSPECIFIED.,.F.,.F.,.F.,(4,1,4),(2,
2),(0.,0.0351426521530569,0.066717919049229),(0.,0.37262918545654),
 .UNSPECIFIED.);
#26=B_SPLINE_SURFACE_WITH_KNOTS('',3,1,((#5375,#5376),(#5377,#5378),(#5379,
#5380),(#5381,#5382),(#5383,#5384)),.UNSPECIFIED.,.F.,.F.,.F.,(4,1,4),(2,
2),(0.,0.0380612845822436,0.0922984676085941),(0.,0.37262918545654),
 .UNSPECIFIED.);
#27=B_SPLINE_SURFACE_WITH_KNOTS('',3,1,((#5391,#5392),(#5393,#5394),(#5395,
#5396),(#5397,#5398),(#5399,#5400)),.UNSPECIFIED.,.F.,.F.,.F.,(4,1,4),(2,
2),(0.,0.124695565149878,0.211721222952848),(0.,0.37262918545654),
 .UNSPECIFIED.);
#28=B_SPLINE_SURFACE_WITH_KNOTS('',3,1,((#5402,#5403),(#5404,#5405),(#5406,
#5407),(#5408,#5409),(#5410,#5411)),.UNSPECIFIED.,.F.,.F.,.F.,(4,1,4),(2,
2),(0.,0.0678183155774044,0.137547156821542),(0.,0.37262918545654),
 .UNSPECIFIED.);
#29=B_SPLINE_SURFACE_WITH_KNOTS('',3,1,((#5413,#5414),(#5415,#5416),(#5417,
#5418),(#5419,#5420),(#5421,#5422)),.UNSPECIFIED.,.F.,.F.,.F.,(4,1,4),(2,
2),(0.,0.0726966415755381,0.148692205638482),(0.,0.37262918545654),
 .UNSPECIFIED.);
#30=B_SPLINE_SURFACE_WITH_KNOTS('',3,1,((#5424,#5425),(#5426,#5427),(#5428,
#5429),(#5430,#5431),(#5432,#5433)),.UNSPECIFIED.,.F.,.F.,.F.,(4,1,4),(2,
2),(0.,0.0936617368532231,0.180799027489367),(0.,0.37262918545654),
 .UNSPECIFIED.);
#31=B_SPLINE_SURFACE_WITH_KNOTS('',3,1,((#5435,#5436),(#5437,#5438),(#5439,
#5440),(#5441,#5442),(#5443,#5444)),.UNSPECIFIED.,.F.,.F.,.F.,(4,1,4),(2,
2),(0.,0.0917164604122746,0.199550870701532),(0.,0.37262918545654),
 .UNSPECIFIED.);
#32=B_SPLINE_SURFACE_WITH_KNOTS('',3,1,((#5446,#5447),(#5448,#5449),(#5450,
#5451),(#5452,#5453),(#5454,#5455)),.UNSPECIFIED.,.F.,.F.,.F.,(4,1,4),(2,
2),(0.,0.0647664818376798,0.12349523882693),(0.,0.37262918545654),
 .UNSPECIFIED.);
#33=B_SPLINE_SURFACE_WITH_KNOTS('',3,1,((#5457,#5458),(#5459,#5460),(#5461,
#5462),(#5463,#5464),(#5465,#5466)),.UNSPECIFIED.,.F.,.F.,.F.,(4,1,4),(2,
2),(0.,0.0727247292844904,0.179188636614405),(0.,0.37262918545654),
 .UNSPECIFIED.);
#34=B_SPLINE_SURFACE_WITH_KNOTS('',3,1,((#5467,#5468),(#5469,#5470),(#5471,
#5472),(#5473,#5474),(#5475,#5476)),.UNSPECIFIED.,.F.,.F.,.F.,(4,1,4),(2,
2),(0.,0.0326751347727784,0.0644822777294587),(0.,0.37262918545654),
 .UNSPECIFIED.);
#35=B_SPLINE_SURFACE_WITH_KNOTS('',3,1,((#5486,#5487),(#5488,#5489),(#5490,
#5491),(#5492,#5493),(#5494,#5495)),.UNSPECIFIED.,.F.,.F.,.F.,(4,1,4),(2,
2),(0.,0.106243354190497,0.163935852286295),(0.,0.37262918545654),
 .UNSPECIFIED.);
#36=B_SPLINE_SURFACE_WITH_KNOTS('',3,1,((#5509,#5510),(#5511,#5512),(#5513,
#5514),(#5515,#5516),(#5517,#5518)),.UNSPECIFIED.,.F.,.F.,.F.,(4,1,4),(2,
2),(0.,0.0442617592685929,0.132668940837641),(0.,0.37262918545654),
 .UNSPECIFIED.);
#37=B_SPLINE_SURFACE_WITH_KNOTS('',3,1,((#5526,#5527),(#5528,#5529),(#5530,
#5531),(#5532,#5533),(#5534,#5535)),.UNSPECIFIED.,.F.,.F.,.F.,(4,1,4),(2,
2),(0.,0.0370715592225434,0.0782321287601895),(0.,0.37262918545654),
 .UNSPECIFIED.);
#38=B_SPLINE_SURFACE_WITH_KNOTS('',3,1,((#5543,#5544),(#5545,#5546),(#5547,
#5548),(#5549,#5550),(#5551,#5552)),.UNSPECIFIED.,.F.,.F.,.F.,(4,1,4),(2,
2),(0.,0.0415008007594303,0.0785755992205325),(0.,0.37262918545654),
 .UNSPECIFIED.);
#39=B_SPLINE_SURFACE_WITH_KNOTS('',3,1,((#5560,#5561),(#5562,#5563),(#5564,
#5565),(#5566,#5567),(#5568,#5569)),.UNSPECIFIED.,.F.,.F.,.F.,(4,1,4),(2,
2),(0.,0.033380891203867,0.0708070541463725),(0.,0.37262918545654),
 .UNSPECIFIED.);
#40=TOROIDAL_SURFACE('',#2817,1.45,0.45);
#41=TOROIDAL_SURFACE('',#2823,0.55,0.45);
#42=TOROIDAL_SURFACE('',#2826,2.38108824377664,0.45);
#43=TOROIDAL_SURFACE('',#2872,5.37499999999999,1.5);
#44=TOROIDAL_SURFACE('',#2943,5.375,1.5);
#45=TOROIDAL_SURFACE('',#2948,5.375,1.5);
#46=FACE_BOUND('',#395,.T.);
#47=FACE_BOUND('',#396,.T.);
#48=FACE_BOUND('',#427,.T.);
#49=FACE_BOUND('',#429,.T.);
#50=FACE_BOUND('',#430,.T.);
#51=FACE_BOUND('',#451,.T.);
#52=FACE_BOUND('',#452,.T.);
#53=ELLIPSE('',#2770,5.01909918771674,5.);
#54=ELLIPSE('',#2771,1.55592074819219,1.55);
#55=ELLIPSE('',#2776,2.12132034355964,1.5);
#56=ELLIPSE('',#2783,1.50572975631502,1.5);
#57=ELLIPSE('',#2840,16.5718134191765,3.25);
#58=ELLIPSE('',#2877,4.01527935017339,4.);
#59=ELLIPSE('',#2937,1.55592074819219,1.55);
#60=PLANE('',#2768);
#61=PLANE('',#2769);
#62=PLANE('',#2781);
#63=PLANE('',#2784);
#64=PLANE('',#2798);
#65=PLANE('',#2799);
#66=PLANE('',#2807);
#67=PLANE('',#2808);
#68=PLANE('',#2809);
#69=PLANE('',#2810);
#70=PLANE('',#2811);
#71=PLANE('',#2812);
#72=PLANE('',#2813);
#73=PLANE('',#2814);
#74=PLANE('',#2815);
#75=PLANE('',#2832);
#76=PLANE('',#2836);
#77=PLANE('',#2839);
#78=PLANE('',#2845);
#79=PLANE('',#2847);
#80=PLANE('',#2851);
#81=PLANE('',#2867);
#82=PLANE('',#2870);
#83=PLANE('',#2871);
#84=PLANE('',#2886);
#85=PLANE('',#2887);
#86=PLANE('',#2888);
#87=PLANE('',#2889);
#88=PLANE('',#2890);
#89=PLANE('',#2891);
#90=PLANE('',#2892);
#91=PLANE('',#2898);
#92=PLANE('',#2900);
#93=PLANE('',#2901);
#94=PLANE('',#2903);
#95=PLANE('',#2904);
#96=PLANE('',#2905);
#97=PLANE('',#2906);
#98=PLANE('',#2907);
#99=PLANE('',#2908);
#100=PLANE('',#2911);
#101=PLANE('',#2912);
#102=PLANE('',#2915);
#103=PLANE('',#2916);
#104=PLANE('',#2919);
#105=PLANE('',#2920);
#106=PLANE('',#2923);
#107=PLANE('',#2924);
#108=PLANE('',#2925);
#109=PLANE('',#2926);
#110=PLANE('',#2927);
#111=PLANE('',#2928);
#112=PLANE('',#2933);
#113=PLANE('',#2936);
#114=PLANE('',#2954);
#115=PLANE('',#2956);
#116=PLANE('',#2957);
#117=PLANE('',#2958);
#118=PLANE('',#2961);
#119=PLANE('',#2962);
#120=PLANE('',#2963);
#121=PLANE('',#2964);
#122=PLANE('',#2965);
#123=PLANE('',#2966);
#124=PLANE('',#2967);
#125=PLANE('',#2968);
#126=PLANE('',#2969);
#127=PLANE('',#2970);
#128=PLANE('',#2971);
#129=PLANE('',#2972);
#130=(
BOUNDED_SURFACE()
B_SPLINE_SURFACE(2,2,((#3677,#3678,#3679),(#3680,#3681,#3682),(#3683,#3684,
#3685)),.UNSPECIFIED.,.F.,.F.,.F.)
B_SPLINE_SURFACE_WITH_KNOTS((3,3),(3,3),(-3.14159265358979,-1.5707963267949),
(3.05432619099008,3.14159265358979),.UNSPECIFIED.)
GEOMETRIC_REPRESENTATION_ITEM()
RATIONAL_B_SPLINE_SURFACE(((1.,0.999048221581858,1.),(0.707106781186553,
0.706433772212898,0.707106781186553),(1.,0.999048221581858,1.)))
REPRESENTATION_ITEM('')
SURFACE()
);
#131=(
BOUNDED_SURFACE()
B_SPLINE_SURFACE(2,2,((#3804,#3805,#3806),(#3807,#3808,#3809),(#3810,#3811,
#3812)),.UNSPECIFIED.,.F.,.F.,.F.)
B_SPLINE_SURFACE_WITH_KNOTS((3,3),(3,3),(-3.14159265358979,-1.5707963267949),
(-3.14159265358979,-3.05432619099008),.UNSPECIFIED.)
GEOMETRIC_REPRESENTATION_ITEM()
RATIONAL_B_SPLINE_SURFACE(((1.,0.999048221581858,1.),(0.707106781186558,
0.706433772212903,0.707106781186558),(1.,0.999048221581858,1.)))
REPRESENTATION_ITEM('')
SURFACE()
);
#132=B_SPLINE_CURVE_WITH_KNOTS('',3,(#3666,#3667,#3668,#3669,#3670,#3671,
#3672,#3673,#3674,#3675),.UNSPECIFIED.,.F.,.F.,(4,2,2,2,4),(0.,0.115599176913601,
0.231198353827202,0.324361771360382,0.417525188893562),.UNSPECIFIED.);
#133=B_SPLINE_CURVE_WITH_KNOTS('',3,(#3715,#3716,#3717,#3718,#3719,#3720,
#3721,#3722),.UNSPECIFIED.,.F.,.F.,(4,2,2,4),(0.918493201425121,1.01196720742511,
1.11978762188567,1.33542845080679),.UNSPECIFIED.);
#134=B_SPLINE_CURVE_WITH_KNOTS('',3,(#3724,#3725,#3726,#3727,#3728,#3729,
#3730,#3731,#3732,#3733),.UNSPECIFIED.,.F.,.F.,(4,2,2,2,4),(0.,0.209539991797189,
0.314309987695784,0.419079983594379,0.423310516884062),.UNSPECIFIED.);
#135=B_SPLINE_CURVE_WITH_KNOTS('',3,(#3737,#3738,#3739,#3740,#3741,#3742,
#3743,#3744,#3745),.UNSPECIFIED.,.F.,.F.,(4,1,1,1,1,1,4),(-1.07172120960771,
-0.918618179663753,-0.765515149719794,-0.612412119775835,-0.459309089831876,
-0.306206059887918,0.),.UNSPECIFIED.);
#136=B_SPLINE_CURVE_WITH_KNOTS('',3,(#3749,#3750,#3751,#3752),
 .UNSPECIFIED.,.F.,.F.,(4,4),(0.00311574352344295,0.0667362158062645),
 .UNSPECIFIED.);
#137=B_SPLINE_CURVE_WITH_KNOTS('',3,(#3754,#3755,#3756,#3757,#3758,#3759,
#3760,#3761,#3762,#3763,#3764,#3765,#3766,#3767,#3768,#3769,#3770,#3771,
#3772,#3773,#3774,#3775,#3776,#3777,#3778,#3779,#3780,#3781,#3782,#3783,
#3784,#3785,#3786,#3787,#3788,#3789,#3790),.UNSPECIFIED.,.F.,.F.,(4,3,3,
3,3,3,3,3,3,3,3,3,4),(0.,0.0166019414546369,0.0397586787193816,0.0586609390593157,
0.075007848421507,0.0894555616874314,0.0973055670326381,0.115084691389471,
0.117522358461265,0.141753149861437,0.186703393030031,0.209315733913501,
0.231653636198626),.UNSPECIFIED.);
#138=B_SPLINE_CURVE_WITH_KNOTS('',3,(#3852,#3853,#3854,#3855,#3856,#3857,
#3858,#3859,#3860,#3861,#3862,#3863,#3864,#3865,#3866,#3867,#3868,#3869,
#3870,#3871,#3872,#3873,#3874,#3875,#3876,#3877,#3878,#3879,#3880,#3881,
#3882,#3883,#3884,#3885,#3886,#3887,#3888,#3889,#3890,#3891,#3892,#3893,
#3894,#3895,#3896,#3897,#3898,#3899,#3900,#3901,#3902,#3903,#3904,#3905,
#3906),.UNSPECIFIED.,.F.,.F.,(4,3,3,3,3,3,3,3,3,3,3,3,3,3,3,3,3,3,4),(0.,
0.0178580639360343,0.0360332988328301,0.0542724494851148,0.0590483720551338,
0.0772875161496239,0.0953158992653708,0.113039961565225,0.117974068331938,
0.135936627226042,0.154087176230172,0.172052766038358,0.176657260553485,
0.1882189489501,0.206324938491039,0.219960792875743,0.238062530303143,0.256018328499218,
0.263252308875735),.UNSPECIFIED.);
#139=B_SPLINE_CURVE_WITH_KNOTS('',3,(#3926,#3927,#3928,#3929,#3930,#3931,
#3932,#3933,#3934,#3935,#3936,#3937,#3938,#3939,#3940,#3941,#3942,#3943,
#3944,#3945,#3946,#3947,#3948,#3949,#3950,#3951,#3952,#3953,#3954,#3955,
#3956,#3957,#3958,#3959,#3960,#3961,#3962,#3963,#3964,#3965,#3966,#3967,
#3968,#3969,#3970,#3971,#3972,#3973,#3974,#3975,#3976,#3977,#3978,#3979,
#3980),.UNSPECIFIED.,.F.,.F.,(4,3,3,3,3,3,3,3,3,3,3,3,3,3,3,3,3,3,4),(0.,
0.0179310067804989,0.0360658336628943,0.0540842732845709,0.0583908302094411,
0.0751064946732685,0.0931679842312727,0.111248747006462,0.116817677430528,
0.134965165166878,0.150330500013619,0.168524543893035,0.175442195724912,
0.193538257259029,0.211749127509729,0.219317349150688,0.237551134126265,
0.255455339101448,0.263214207051582),.UNSPECIFIED.);
#140=B_SPLINE_CURVE_WITH_KNOTS('',3,(#3987,#3988,#3989,#3990,#3991),
 .UNSPECIFIED.,.F.,.F.,(4,1,4),(-0.132668940837641,-0.0442617592685929,
0.),.UNSPECIFIED.);
#141=B_SPLINE_CURVE_WITH_KNOTS('',3,(#3993,#3994,#3995,#3996,#3997),
 .UNSPECIFIED.,.F.,.F.,(4,1,4),(-0.0782321287601895,-0.0370715592225434,
0.),.UNSPECIFIED.);
#142=B_SPLINE_CURVE_WITH_KNOTS('',3,(#3999,#4000,#4001,#4002,#4003),
 .UNSPECIFIED.,.F.,.F.,(4,1,4),(-0.0785755992205325,-0.0415008007594303,
0.),.UNSPECIFIED.);
#143=B_SPLINE_CURVE_WITH_KNOTS('',3,(#4005,#4006,#4007,#4008,#4009),
 .UNSPECIFIED.,.F.,.F.,(4,1,4),(-0.0708070541463725,-0.033380891203867,
0.),.UNSPECIFIED.);
#144=B_SPLINE_CURVE_WITH_KNOTS('',3,(#4011,#4012,#4013,#4014,#4015),
 .UNSPECIFIED.,.F.,.F.,(4,1,4),(-0.0644822777294587,-0.0326751347727784,
0.),.UNSPECIFIED.);
#145=B_SPLINE_CURVE_WITH_KNOTS('',3,(#4017,#4018,#4019,#4020,#4021),
 .UNSPECIFIED.,.F.,.F.,(4,1,4),(-0.163935852286295,-0.106243354190497,0.),
 .UNSPECIFIED.);
#146=B_SPLINE_CURVE_WITH_KNOTS('',3,(#4033,#4034,#4035,#4036,#4037),
 .UNSPECIFIED.,.F.,.F.,(4,1,4),(-0.0922984676085941,-0.0380612845822436,
0.),.UNSPECIFIED.);
#147=B_SPLINE_CURVE_WITH_KNOTS('',3,(#4039,#4040,#4041,#4042,#4043),
 .UNSPECIFIED.,.F.,.F.,(4,1,4),(-0.066717919049229,-0.0351426521530569,
0.),.UNSPECIFIED.);
#148=B_SPLINE_CURVE_WITH_KNOTS('',3,(#4045,#4046,#4047,#4048,#4049),
 .UNSPECIFIED.,.F.,.F.,(4,1,4),(-0.163403138871287,-0.103897596148541,0.),
 .UNSPECIFIED.);
#149=B_SPLINE_CURVE_WITH_KNOTS('',3,(#4057,#4058,#4059,#4060,#4061),
 .UNSPECIFIED.,.F.,.F.,(4,1,4),(-0.179188636614405,-0.0727247292844904,
0.),.UNSPECIFIED.);
#150=B_SPLINE_CURVE_WITH_KNOTS('',3,(#4063,#4064,#4065,#4066,#4067),
 .UNSPECIFIED.,.F.,.F.,(4,1,4),(-0.12349523882693,-0.0647664818376798,0.),
 .UNSPECIFIED.);
#151=B_SPLINE_CURVE_WITH_KNOTS('',3,(#4069,#4070,#4071,#4072,#4073),
 .UNSPECIFIED.,.F.,.F.,(4,1,4),(-0.199550870701532,-0.0917164604122746,
0.),.UNSPECIFIED.);
#152=B_SPLINE_CURVE_WITH_KNOTS('',3,(#4075,#4076,#4077,#4078,#4079),
 .UNSPECIFIED.,.F.,.F.,(4,1,4),(-0.180799027489367,-0.0936617368532231,
0.),.UNSPECIFIED.);
#153=B_SPLINE_CURVE_WITH_KNOTS('',3,(#4081,#4082,#4083,#4084,#4085),
 .UNSPECIFIED.,.F.,.F.,(4,1,4),(-0.148692205638482,-0.0726966415755381,
0.),.UNSPECIFIED.);
#154=B_SPLINE_CURVE_WITH_KNOTS('',3,(#4086,#4087,#4088,#4089,#4090,#4091,
#4092),.UNSPECIFIED.,.F.,.F.,(4,3,4),(0.,0.070999035924595,0.0847409803585914),
 .UNSPECIFIED.);
#155=B_SPLINE_CURVE_WITH_KNOTS('',3,(#4210,#4211,#4212,#4213,#4214,#4215,
#4216,#4217,#4218,#4219),.UNSPECIFIED.,.F.,.F.,(4,2,2,2,4),(0.045430414719641,
0.0506299754600628,0.0636260440507027,0.0771375078031947,0.0774996619651715),
 .UNSPECIFIED.);
#156=B_SPLINE_CURVE_WITH_KNOTS('',3,(#4221,#4222,#4223,#4224,#4225,#4226,
#4227,#4228,#4229,#4230),.UNSPECIFIED.,.F.,.F.,(4,2,2,2,4),(-0.0492453724730485,
-0.0387533644375346,-0.0193766822187673,-0.00968834110938366,-0.0090021054442299),
 .UNSPECIFIED.);
#157=B_SPLINE_CURVE_WITH_KNOTS('',3,(#4234,#4235,#4236,#4237,#4238,#4239,
#4240,#4241,#4242,#4243,#4244,#4245),.UNSPECIFIED.,.F.,.F.,(4,2,2,2,2,4),
(-0.000326419964153869,0.,0.0138577411374103,0.0276487079768571,0.0452627316431898,
0.0625548062044944),.UNSPECIFIED.);
#158=B_SPLINE_CURVE_WITH_KNOTS('',3,(#4256,#4257,#4258,#4259,#4260,#4261,
#4262,#4263,#4264,#4265,#4266,#4267),.UNSPECIFIED.,.F.,.F.,(4,2,2,2,2,4),
(-0.00033537838179301,0.,0.0147441524232547,0.029383679288246,0.0470894878850463,
0.0638195788116149),.UNSPECIFIED.);
#159=B_SPLINE_CURVE_WITH_KNOTS('',3,(#4268,#4269,#4270,#4271,#4272,#4273),
 .UNSPECIFIED.,.F.,.F.,(4,2,4),(0.145505934034333,0.148742183276978,0.155523697616471),
 .UNSPECIFIED.);
#160=B_SPLINE_CURVE_WITH_KNOTS('',3,(#4284,#4285,#4286,#4287,#4288,#4289,
#4290,#4291,#4292,#4293,#4294,#4295),.UNSPECIFIED.,.F.,.F.,(4,2,2,2,2,4),
(0.313964309183328,0.323857083293012,0.33406004220983,0.346342644784753,
0.362930083803923,0.366202693569868),.UNSPECIFIED.);
#161=B_SPLINE_CURVE_WITH_KNOTS('',3,(#4312,#4313,#4314,#4315,#4316,#4317),
 .UNSPECIFIED.,.F.,.F.,(4,2,4),(-0.316901680320947,-0.180478386005627,-0.121409979603425),
 .UNSPECIFIED.);
#162=B_SPLINE_CURVE_WITH_KNOTS('',3,(#4324,#4325,#4326,#4327),
 .UNSPECIFIED.,.F.,.F.,(4,4),(0.0368901704015839,0.254566398888655),
 .UNSPECIFIED.);
#163=B_SPLINE_CURVE_WITH_KNOTS('',3,(#4347,#4348,#4349,#4350,#4351,#4352,
#4353,#4354,#4355),.UNSPECIFIED.,.F.,.F.,(4,1,1,1,1,1,4),(-1.37766870775402,
-1.26521598919604,-1.15276327063805,-1.04031055208006,-0.927857833522078,
-0.702952396406105,-0.590499677848118),.UNSPECIFIED.);
#164=B_SPLINE_CURVE_WITH_KNOTS('',3,(#4357,#4358,#4359,#4360,#4361),
 .UNSPECIFIED.,.F.,.F.,(4,1,4),(1.09376385939856,1.22335745616174,1.35295105292492),
 .UNSPECIFIED.);
#165=B_SPLINE_CURVE_WITH_KNOTS('',3,(#4363,#4364,#4365,#4366,#4367,#4368,
#4369,#4370,#4371,#4372,#4373,#4374,#4375,#4376,#4377),.UNSPECIFIED.,.F.,
 .F.,(4,2,1,1,1,1,1,1,1,1,1,4),(-0.000307182949475867,0.,0.0226545755831732,
0.0453091511663464,0.0679637267495196,0.0906183023326929,0.113272877915866,
0.135927453499039,0.158582029082213,0.181236604665386,0.203891180248559,
0.226545755831732),.UNSPECIFIED.);
#166=B_SPLINE_CURVE_WITH_KNOTS('',3,(#4378,#4379,#4380,#4381,#4382,#4383,
#4384),.UNSPECIFIED.,.F.,.F.,(4,1,1,1,4),(-2.4346870195026,-2.32172011460362,
-2.20875320970464,-1.98281939990669,-1.87093917482454),.UNSPECIFIED.);
#167=B_SPLINE_CURVE_WITH_KNOTS('',3,(#4428,#4429,#4430,#4431,#4432,#4433,
#4434,#4435,#4436,#4437,#4438,#4439,#4440,#4441,#4442,#4443,#4444,#4445,
#4446,#4447,#4448,#4449,#4450,#4451,#4452,#4453,#4454,#4455,#4456,#4457,
#4458,#4459,#4460,#4461,#4462,#4463,#4464,#4465,#4466,#4467,#4468,#4469,
#4470,#4471,#4472,#4473,#4474,#4475,#4476,#4477,#4478,#4479,#4480,#4481,
#4482),.UNSPECIFIED.,.F.,.F.,(4,3,3,3,3,3,3,3,3,3,3,3,3,3,3,3,3,3,4),(0.,
0.0178562783980154,0.0360326953119323,0.0542781859200567,0.0590535064643741,
0.077298450643478,0.0959600883487615,0.114621726054045,0.117982980652457,
0.135925913503119,0.154071571956564,0.172053719670606,0.176667228167977,
0.190855162687191,0.208967500563467,0.221815611778503,0.239918169711891,
0.257884821073082,0.26695134791097),.UNSPECIFIED.);
#168=B_SPLINE_CURVE_WITH_KNOTS('',3,(#4502,#4503,#4504,#4505,#4506,#4507,
#4508,#4509,#4510,#4511,#4512,#4513,#4514,#4515,#4516,#4517,#4518,#4519,
#4520,#4521,#4522,#4523,#4524,#4525,#4526,#4527,#4528,#4529,#4530,#4531,
#4532,#4533,#4534,#4535),.UNSPECIFIED.,.F.,.F.,(4,3,3,3,3,3,3,3,3,3,3,4),
(0.0983539135690897,0.116811748830748,0.134962318999829,0.152438869000543,
0.170633443381898,0.175420785364769,0.193501190821896,0.211722841178641,
0.221154815325727,0.239397268973201,0.257306352795688,0.266912517379121),
 .UNSPECIFIED.);
#169=B_SPLINE_CURVE_WITH_KNOTS('',3,(#4566,#4567,#4568,#4569,#4570,#4571,
#4572,#4573,#4574,#4575),.UNSPECIFIED.,.F.,.F.,(4,2,2,2,4),(-0.00183926888000204,
0.,0.221326154587506,0.442652309409036,0.444491578274619),.UNSPECIFIED.);
#170=B_SPLINE_CURVE_WITH_KNOTS('',3,(#4590,#4591,#4592,#4593,#4594,#4595,
#4596,#4597),.UNSPECIFIED.,.F.,.F.,(4,2,2,4),(-0.143118040649931,-0.125716714411547,
-0.104480346238442,-0.0832439780653378),.UNSPECIFIED.);
#171=B_SPLINE_CURVE_WITH_KNOTS('',3,(#4599,#4600,#4601,#4602),
 .UNSPECIFIED.,.F.,.F.,(4,4),(2.34033135399378,2.39904490504029),
 .UNSPECIFIED.);
#172=B_SPLINE_CURVE_WITH_KNOTS('',3,(#4604,#4605,#4606,#4607,#4608,#4609,
#4610,#4611),.UNSPECIFIED.,.F.,.F.,(4,1,1,1,1,4),(1.64391868520975,1.86985249500771,
1.98281939990669,2.20875320970464,2.32172011460362,2.34033135399378),
 .UNSPECIFIED.);
#173=B_SPLINE_CURVE_WITH_KNOTS('',3,(#4615,#4616,#4617,#4618,#4619,#4620,
#4621,#4622,#4623),.UNSPECIFIED.,.F.,.F.,(4,1,1,1,1,1,4),(0.625967781073104,
0.702952396406105,0.927857833522078,1.04031055208006,1.15276327063805,1.26521598919604,
1.37766870775402),.UNSPECIFIED.);
#174=B_SPLINE_CURVE_WITH_KNOTS('',3,(#4625,#4626,#4627,#4628,#4629,#4630,
#4631,#4632),.UNSPECIFIED.,.F.,.F.,(4,2,2,4),(0.182969569261312,0.200370895510607,
0.221607263683711,0.242843631856816),.UNSPECIFIED.);
#175=B_SPLINE_CURVE_WITH_KNOTS('',3,(#4706,#4707,#4708,#4709,#4710,#4711,
#4712,#4713,#4714,#4715,#4716,#4717,#4718,#4719),.UNSPECIFIED.,.F.,.F.,
(4,2,2,2,2,2,4),(0.,0.00173629882962775,0.0187563766109605,0.038990889129544,
0.0565489834227397,0.0740559511790293,0.0744068237205857),.UNSPECIFIED.);
#176=B_SPLINE_CURVE_WITH_KNOTS('',3,(#4795,#4796,#4797,#4798,#4799,#4800,
#4801,#4802,#4803,#4804,#4805,#4806,#4807,#4808,#4809,#4810,#4811,#4812,
#4813,#4814,#4815,#4816,#4817,#4818,#4819,#4820,#4821,#4822,#4823,#4824,
#4825,#4826,#4827,#4828),.UNSPECIFIED.,.F.,.F.,(4,3,3,3,3,3,3,3,3,3,3,4),
(0.,0.028239884575024,0.0564797691500481,0.0847196537250723,0.112959538300096,
0.14119942287512,0.169439307450145,0.197679192025169,0.225919076600193,
0.254158961175217,0.282398845750241,0.282781762672853),.UNSPECIFIED.);
#177=B_SPLINE_CURVE_WITH_KNOTS('',3,(#4869,#4870,#4871,#4872,#4873,#4874,
#4875,#4876,#4877,#4878,#4879,#4880,#4881,#4882,#4883,#4884,#4885,#4886,
#4887,#4888,#4889,#4890,#4891,#4892,#4893,#4894,#4895,#4896,#4897,#4898,
#4899,#4900,#4901,#4902,#4903,#4904,#4905,#4906,#4907,#4908),
 .UNSPECIFIED.,.F.,.F.,(4,3,3,3,3,3,3,3,3,3,3,3,3,4),(-0.0744611054920759,
-0.0674099243458579,-0.0599780988143628,-0.0575650183567415,-0.0500065977046343,
-0.0420679543484734,-0.0380757036022823,-0.0376708657001329,-0.0295711847272158,
-0.0212116028094541,-0.018825292384272,-0.00941264619213599,0.,0.000352714772016478),
 .UNSPECIFIED.);
#178=B_SPLINE_CURVE_WITH_KNOTS('',3,(#4918,#4919,#4920,#4921,#4922,#4923,
#4924,#4925,#4926,#4927,#4928,#4929,#4930,#4931,#4932,#4933,#4934,#4935),
 .UNSPECIFIED.,.F.,.F.,(4,2,2,2,2,2,2,2,4),(-0.274419219382103,-0.238357177053646,
-0.223831487007623,-0.214911515075186,-0.206884230923456,-0.197371846761769,
-0.182118037362851,-0.149492032611918,-0.00146506105642294),
 .UNSPECIFIED.);
#179=B_SPLINE_CURVE_WITH_KNOTS('',3,(#4957,#4958,#4959,#4960,#4961),
 .UNSPECIFIED.,.F.,.F.,(4,1,4),(0.,0.124695565149878,0.211721222952848),
 .UNSPECIFIED.);
#180=B_SPLINE_CURVE_WITH_KNOTS('',3,(#4963,#4964,#4965,#4966,#4967),
 .UNSPECIFIED.,.F.,.F.,(4,1,4),(0.,0.0678183155774044,0.137547156821542),
 .UNSPECIFIED.);
#181=B_SPLINE_CURVE_WITH_KNOTS('',3,(#4969,#4970,#4971,#4972,#4973),
 .UNSPECIFIED.,.F.,.F.,(4,1,4),(0.,0.0726966415755381,0.148692205638482),
 .UNSPECIFIED.);
#182=B_SPLINE_CURVE_WITH_KNOTS('',3,(#4975,#4976,#4977,#4978,#4979),
 .UNSPECIFIED.,.F.,.F.,(4,1,4),(0.,0.0936617368532231,0.180799027489367),
 .UNSPECIFIED.);
#183=B_SPLINE_CURVE_WITH_KNOTS('',3,(#4981,#4982,#4983,#4984,#4985),
 .UNSPECIFIED.,.F.,.F.,(4,1,4),(0.,0.0917164604122746,0.199550870701532),
 .UNSPECIFIED.);
#184=B_SPLINE_CURVE_WITH_KNOTS('',3,(#4987,#4988,#4989,#4990,#4991),
 .UNSPECIFIED.,.F.,.F.,(4,1,4),(0.,0.0647664818376798,0.12349523882693),
 .UNSPECIFIED.);
#185=B_SPLINE_CURVE_WITH_KNOTS('',3,(#4993,#4994,#4995,#4996,#4997),
 .UNSPECIFIED.,.F.,.F.,(4,1,4),(0.,0.0727247292844904,0.179188636614405),
 .UNSPECIFIED.);
#186=B_SPLINE_CURVE_WITH_KNOTS('',3,(#5005,#5006,#5007,#5008,#5009),
 .UNSPECIFIED.,.F.,.F.,(4,1,4),(0.,0.103897596148541,0.163403138871287),
 .UNSPECIFIED.);
#187=B_SPLINE_CURVE_WITH_KNOTS('',3,(#5011,#5012,#5013,#5014,#5015),
 .UNSPECIFIED.,.F.,.F.,(4,1,4),(0.,0.0351426521530569,0.066717919049229),
 .UNSPECIFIED.);
#188=B_SPLINE_CURVE_WITH_KNOTS('',3,(#5017,#5018,#5019,#5020,#5021),
 .UNSPECIFIED.,.F.,.F.,(4,1,4),(0.,0.0380612845822436,0.0922984676085941),
 .UNSPECIFIED.);
#189=B_SPLINE_CURVE_WITH_KNOTS('',3,(#5081,#5082,#5083,#5084),
 .UNSPECIFIED.,.F.,.F.,(4,4),(0.150597205882278,1.33024863113114),
 .UNSPECIFIED.);
#190=B_SPLINE_CURVE_WITH_KNOTS('',3,(#5085,#5086,#5087,#5088),
 .UNSPECIFIED.,.F.,.F.,(4,4),(-1.31712374037016,-0.275096391442131),
 .UNSPECIFIED.);
#191=B_SPLINE_CURVE_WITH_KNOTS('',3,(#5215,#5216,#5217,#5218,#5219,#5220,
#5221,#5222,#5223),.UNSPECIFIED.,.F.,.F.,(4,1,1,1,1,1,4),(0.,0.306206059887918,
0.459309089831876,0.612412119775835,0.765515149719794,0.918618179663753,
1.07172120960771),.UNSPECIFIED.);
#192=B_SPLINE_CURVE_WITH_KNOTS('',3,(#5309,#5310,#5311,#5312),
 .UNSPECIFIED.,.F.,.F.,(4,4),(-1.33024288230247,-0.150590971556429),
 .UNSPECIFIED.);
#193=B_SPLINE_CURVE_WITH_KNOTS('',3,(#5315,#5316,#5317,#5318),
 .UNSPECIFIED.,.F.,.F.,(4,4),(0.137466080795368,1.31711750604455),
 .UNSPECIFIED.);
#194=B_SPLINE_CURVE_WITH_KNOTS('',3,(#5480,#5481,#5482,#5483,#5484),
 .UNSPECIFIED.,.F.,.F.,(4,1,4),(0.,0.0326751347727784,0.0644822777294587),
 .UNSPECIFIED.);
#195=B_SPLINE_CURVE_WITH_KNOTS('',3,(#5497,#5498,#5499,#5500,#5501),
 .UNSPECIFIED.,.F.,.F.,(4,1,4),(0.,0.106243354190497,0.163935852286295),
 .UNSPECIFIED.);
#196=B_SPLINE_CURVE_WITH_KNOTS('',3,(#5520,#5521,#5522,#5523,#5524),
 .UNSPECIFIED.,.F.,.F.,(4,1,4),(0.,0.0442617592685929,0.132668940837641),
 .UNSPECIFIED.);
#197=B_SPLINE_CURVE_WITH_KNOTS('',3,(#5537,#5538,#5539,#5540,#5541),
 .UNSPECIFIED.,.F.,.F.,(4,1,4),(0.,0.0370715592225434,0.0782321287601895),
 .UNSPECIFIED.);
#198=B_SPLINE_CURVE_WITH_KNOTS('',3,(#5554,#5555,#5556,#5557,#5558),
 .UNSPECIFIED.,.F.,.F.,(4,1,4),(0.,0.0415008007594303,0.0785755992205325),
 .UNSPECIFIED.);
#199=B_SPLINE_CURVE_WITH_KNOTS('',3,(#5570,#5571,#5572,#5573,#5574),
 .UNSPECIFIED.,.F.,.F.,(4,1,4),(0.,0.033380891203867,0.0708070541463725),
 .UNSPECIFIED.);
#200=CYLINDRICAL_SURFACE('',#2760,0.5);
#201=CYLINDRICAL_SURFACE('',#2762,1.5);
#202=CYLINDRICAL_SURFACE('',#2766,1.5);
#203=CYLINDRICAL_SURFACE('',#2772,5.);
#204=CYLINDRICAL_SURFACE('',#2774,1.5);
#205=CYLINDRICAL_SURFACE('',#2779,1.5);
#206=CYLINDRICAL_SURFACE('',#2782,1.5);
#207=CYLINDRICAL_SURFACE('',#2795,0.5);
#208=CYLINDRICAL_SURFACE('',#2805,0.499999999999993);
#209=CYLINDRICAL_SURFACE('',#2816,0.45);
#210=CYLINDRICAL_SURFACE('',#2821,0.45);
#211=CYLINDRICAL_SURFACE('',#2829,1.);
#212=CYLINDRICAL_SURFACE('',#2833,1.);
#213=CYLINDRICAL_SURFACE('',#2841,3.25);
#214=CYLINDRICAL_SURFACE('',#2843,3.25);
#215=CYLINDRICAL_SURFACE('',#2848,4.5);
#216=CYLINDRICAL_SURFACE('',#2849,5.);
#217=CYLINDRICAL_SURFACE('',#2865,1.);
#218=CYLINDRICAL_SURFACE('',#2868,1.);
#219=CYLINDRICAL_SURFACE('',#2876,4.);
#220=CYLINDRICAL_SURFACE('',#2879,3.87499999999999);
#221=CYLINDRICAL_SURFACE('',#2885,0.5);
#222=CYLINDRICAL_SURFACE('',#2909,1.00000000000223);
#223=CYLINDRICAL_SURFACE('',#2913,1.3);
#224=CYLINDRICAL_SURFACE('',#2917,1.3);
#225=CYLINDRICAL_SURFACE('',#2921,1.00000000000159);
#226=CYLINDRICAL_SURFACE('',#2929,1.75);
#227=CYLINDRICAL_SURFACE('',#2930,9.29999999999998);
#228=CYLINDRICAL_SURFACE('',#2932,1.75);
#229=CYLINDRICAL_SURFACE('',#2935,1.3);
#230=CYLINDRICAL_SURFACE('',#2938,1.55);
#231=CYLINDRICAL_SURFACE('',#2939,1.55);
#232=CYLINDRICAL_SURFACE('',#2940,3.875);
#233=CYLINDRICAL_SURFACE('',#2945,3.875);
#234=CYLINDRICAL_SURFACE('',#2951,1.5);
#235=CYLINDRICAL_SURFACE('',#2952,1.5);
#236=CYLINDRICAL_SURFACE('',#2953,1.5);
#237=CYLINDRICAL_SURFACE('',#2955,1.5);
#238=FACE_OUTER_BOUND('',#381,.T.);
#239=FACE_OUTER_BOUND('',#382,.T.);
#240=FACE_OUTER_BOUND('',#383,.T.);
#241=FACE_OUTER_BOUND('',#384,.T.);
#242=FACE_OUTER_BOUND('',#385,.T.);
#243=FACE_OUTER_BOUND('',#386,.T.);
#244=FACE_OUTER_BOUND('',#387,.T.);
#245=FACE_OUTER_BOUND('',#388,.T.);
#246=FACE_OUTER_BOUND('',#389,.T.);
#247=FACE_OUTER_BOUND('',#390,.T.);
#248=FACE_OUTER_BOUND('',#391,.T.);
#249=FACE_OUTER_BOUND('',#392,.T.);
#250=FACE_OUTER_BOUND('',#393,.T.);
#251=FACE_OUTER_BOUND('',#394,.T.);
#252=FACE_OUTER_BOUND('',#397,.T.);
#253=FACE_OUTER_BOUND('',#398,.T.);
#254=FACE_OUTER_BOUND('',#399,.T.);
#255=FACE_OUTER_BOUND('',#400,.T.);
#256=FACE_OUTER_BOUND('',#401,.T.);
#257=FACE_OUTER_BOUND('',#402,.T.);
#258=FACE_OUTER_BOUND('',#403,.T.);
#259=FACE_OUTER_BOUND('',#404,.T.);
#260=FACE_OUTER_BOUND('',#405,.T.);
#261=FACE_OUTER_BOUND('',#406,.T.);
#262=FACE_OUTER_BOUND('',#407,.T.);
#263=FACE_OUTER_BOUND('',#408,.T.);
#264=FACE_OUTER_BOUND('',#409,.T.);
#265=FACE_OUTER_BOUND('',#410,.T.);
#266=FACE_OUTER_BOUND('',#411,.T.);
#267=FACE_OUTER_BOUND('',#412,.T.);
#268=FACE_OUTER_BOUND('',#413,.T.);
#269=FACE_OUTER_BOUND('',#414,.T.);
#270=FACE_OUTER_BOUND('',#415,.T.);
#271=FACE_OUTER_BOUND('',#416,.T.);
#272=FACE_OUTER_BOUND('',#417,.T.);
#273=FACE_OUTER_BOUND('',#418,.T.);
#274=FACE_OUTER_BOUND('',#419,.T.);
#275=FACE_OUTER_BOUND('',#420,.T.);
#276=FACE_OUTER_BOUND('',#421,.T.);
#277=FACE_OUTER_BOUND('',#422,.T.);
#278=FACE_OUTER_BOUND('',#423,.T.);
#279=FACE_OUTER_BOUND('',#424,.T.);
#280=FACE_OUTER_BOUND('',#425,.T.);
#281=FACE_OUTER_BOUND('',#426,.T.);
#282=FACE_OUTER_BOUND('',#428,.T.);
#283=FACE_OUTER_BOUND('',#431,.T.);
#284=FACE_OUTER_BOUND('',#432,.T.);
#285=FACE_OUTER_BOUND('',#433,.T.);
#286=FACE_OUTER_BOUND('',#434,.T.);
#287=FACE_OUTER_BOUND('',#435,.T.);
#288=FACE_OUTER_BOUND('',#436,.T.);
#289=FACE_OUTER_BOUND('',#437,.T.);
#290=FACE_OUTER_BOUND('',#438,.T.);
#291=FACE_OUTER_BOUND('',#439,.T.);
#292=FACE_OUTER_BOUND('',#440,.T.);
#293=FACE_OUTER_BOUND('',#441,.T.);
#294=FACE_OUTER_BOUND('',#442,.T.);
#295=FACE_OUTER_BOUND('',#443,.T.);
#296=FACE_OUTER_BOUND('',#444,.T.);
#297=FACE_OUTER_BOUND('',#445,.T.);
#298=FACE_OUTER_BOUND('',#446,.T.);
#299=FACE_OUTER_BOUND('',#447,.T.);
#300=FACE_OUTER_BOUND('',#448,.T.);
#301=FACE_OUTER_BOUND('',#449,.T.);
#302=FACE_OUTER_BOUND('',#450,.T.);
#303=FACE_OUTER_BOUND('',#453,.T.);
#304=FACE_OUTER_BOUND('',#454,.T.);
#305=FACE_OUTER_BOUND('',#455,.T.);
#306=FACE_OUTER_BOUND('',#456,.T.);
#307=FACE_OUTER_BOUND('',#457,.T.);
#308=FACE_OUTER_BOUND('',#458,.T.);
#309=FACE_OUTER_BOUND('',#459,.T.);
#310=FACE_OUTER_BOUND('',#460,.T.);
#311=FACE_OUTER_BOUND('',#461,.T.);
#312=FACE_OUTER_BOUND('',#462,.T.);
#313=FACE_OUTER_BOUND('',#463,.T.);
#314=FACE_OUTER_BOUND('',#464,.T.);
#315=FACE_OUTER_BOUND('',#465,.T.);
#316=FACE_OUTER_BOUND('',#466,.T.);
#317=FACE_OUTER_BOUND('',#467,.T.);
#318=FACE_OUTER_BOUND('',#468,.T.);
#319=FACE_OUTER_BOUND('',#469,.T.);
#320=FACE_OUTER_BOUND('',#470,.T.);
#321=FACE_OUTER_BOUND('',#471,.T.);
#322=FACE_OUTER_BOUND('',#472,.T.);
#323=FACE_OUTER_BOUND('',#473,.T.);
#324=FACE_OUTER_BOUND('',#474,.T.);
#325=FACE_OUTER_BOUND('',#475,.T.);
#326=FACE_OUTER_BOUND('',#476,.T.);
#327=FACE_OUTER_BOUND('',#477,.T.);
#328=FACE_OUTER_BOUND('',#478,.T.);
#329=FACE_OUTER_BOUND('',#479,.T.);
#330=FACE_OUTER_BOUND('',#480,.T.);
#331=FACE_OUTER_BOUND('',#481,.T.);
#332=FACE_OUTER_BOUND('',#482,.T.);
#333=FACE_OUTER_BOUND('',#483,.T.);
#334=FACE_OUTER_BOUND('',#484,.T.);
#335=FACE_OUTER_BOUND('',#485,.T.);
#336=FACE_OUTER_BOUND('',#486,.T.);
#337=FACE_OUTER_BOUND('',#487,.T.);
#338=FACE_OUTER_BOUND('',#488,.T.);
#339=FACE_OUTER_BOUND('',#489,.T.);
#340=FACE_OUTER_BOUND('',#490,.T.);
#341=FACE_OUTER_BOUND('',#491,.T.);
#342=FACE_OUTER_BOUND('',#492,.T.);
#343=FACE_OUTER_BOUND('',#493,.T.);
#344=FACE_OUTER_BOUND('',#494,.T.);
#345=FACE_OUTER_BOUND('',#495,.T.);
#346=FACE_OUTER_BOUND('',#496,.T.);
#347=FACE_OUTER_BOUND('',#497,.T.);
#348=FACE_OUTER_BOUND('',#498,.T.);
#349=FACE_OUTER_BOUND('',#499,.T.);
#350=FACE_OUTER_BOUND('',#500,.T.);
#351=FACE_OUTER_BOUND('',#501,.T.);
#352=FACE_OUTER_BOUND('',#502,.T.);
#353=FACE_OUTER_BOUND('',#503,.T.);
#354=FACE_OUTER_BOUND('',#504,.T.);
#355=FACE_OUTER_BOUND('',#505,.T.);
#356=FACE_OUTER_BOUND('',#506,.T.);
#357=FACE_OUTER_BOUND('',#507,.T.);
#358=FACE_OUTER_BOUND('',#508,.T.);
#359=FACE_OUTER_BOUND('',#509,.T.);
#360=FACE_OUTER_BOUND('',#510,.T.);
#361=FACE_OUTER_BOUND('',#511,.T.);
#362=FACE_OUTER_BOUND('',#512,.T.);
#363=FACE_OUTER_BOUND('',#513,.T.);
#364=FACE_OUTER_BOUND('',#514,.T.);
#365=FACE_OUTER_BOUND('',#515,.T.);
#366=FACE_OUTER_BOUND('',#516,.T.);
#367=FACE_OUTER_BOUND('',#517,.T.);
#368=FACE_OUTER_BOUND('',#518,.T.);
#369=FACE_OUTER_BOUND('',#519,.T.);
#370=FACE_OUTER_BOUND('',#520,.T.);
#371=FACE_OUTER_BOUND('',#521,.T.);
#372=FACE_OUTER_BOUND('',#522,.T.);
#373=FACE_OUTER_BOUND('',#523,.T.);
#374=FACE_OUTER_BOUND('',#524,.T.);
#375=FACE_OUTER_BOUND('',#525,.T.);
#376=FACE_OUTER_BOUND('',#526,.T.);
#377=FACE_OUTER_BOUND('',#527,.T.);
#378=FACE_OUTER_BOUND('',#528,.T.);
#379=FACE_OUTER_BOUND('',#529,.T.);
#380=FACE_OUTER_BOUND('',#530,.T.);
#381=EDGE_LOOP('',(#1787,#1788,#1789));
#382=EDGE_LOOP('',(#1790,#1791,#1792,#1793));
#383=EDGE_LOOP('',(#1794,#1795,#1796,#1797));
#384=EDGE_LOOP('',(#1798,#1799,#1800));
#385=EDGE_LOOP('',(#1801,#1802,#1803,#1804));
#386=EDGE_LOOP('',(#1805,#1806,#1807,#1808));
#387=EDGE_LOOP('',(#1809,#1810,#1811,#1812,#1813,#1814,#1815));
#388=EDGE_LOOP('',(#1816,#1817,#1818,#1819,#1820,#1821,#1822,#1823,#1824,
#1825,#1826,#1827,#1828));
#389=EDGE_LOOP('',(#1829,#1830,#1831,#1832,#1833));
#390=EDGE_LOOP('',(#1834,#1835,#1836));
#391=EDGE_LOOP('',(#1837,#1838,#1839,#1840));
#392=EDGE_LOOP('',(#1841,#1842,#1843,#1844,#1845,#1846,#1847,#1848));
#393=EDGE_LOOP('',(#1849,#1850,#1851,#1852,#1853));
#394=EDGE_LOOP('',(#1854,#1855,#1856,#1857,#1858,#1859,#1860,#1861,#1862,
#1863,#1864,#1865,#1866,#1867,#1868,#1869,#1870,#1871,#1872,#1873,#1874,
#1875,#1876,#1877,#1878,#1879,#1880,#1881,#1882,#1883,#1884,#1885,#1886,
#1887,#1888,#1889,#1890,#1891,#1892,#1893,#1894,#1895,#1896,#1897,#1898,
#1899,#1900,#1901,#1902,#1903,#1904));
#395=EDGE_LOOP('',(#1905,#1906,#1907,#1908));
#396=EDGE_LOOP('',(#1909));
#397=EDGE_LOOP('',(#1910,#1911,#1912,#1913));
#398=EDGE_LOOP('',(#1914,#1915,#1916,#1917,#1918,#1919,#1920,#1921,#1922,
#1923,#1924,#1925));
#399=EDGE_LOOP('',(#1926,#1927,#1928,#1929,#1930,#1931,#1932,#1933,#1934));
#400=EDGE_LOOP('',(#1935,#1936,#1937,#1938));
#401=EDGE_LOOP('',(#1939,#1940,#1941,#1942,#1943,#1944,#1945,#1946));
#402=EDGE_LOOP('',(#1947,#1948,#1949,#1950));
#403=EDGE_LOOP('',(#1951,#1952,#1953,#1954));
#404=EDGE_LOOP('',(#1955,#1956,#1957,#1958));
#405=EDGE_LOOP('',(#1959,#1960,#1961,#1962,#1963));
#406=EDGE_LOOP('',(#1964,#1965,#1966,#1967));
#407=EDGE_LOOP('',(#1968,#1969,#1970,#1971));
#408=EDGE_LOOP('',(#1972,#1973,#1974,#1975));
#409=EDGE_LOOP('',(#1976,#1977,#1978,#1979,#1980));
#410=EDGE_LOOP('',(#1981,#1982,#1983,#1984,#1985));
#411=EDGE_LOOP('',(#1986,#1987,#1988,#1989,#1990));
#412=EDGE_LOOP('',(#1991,#1992,#1993,#1994));
#413=EDGE_LOOP('',(#1995,#1996,#1997,#1998,#1999));
#414=EDGE_LOOP('',(#2000,#2001,#2002,#2003));
#415=EDGE_LOOP('',(#2004,#2005,#2006,#2007,#2008,#2009));
#416=EDGE_LOOP('',(#2010,#2011,#2012,#2013));
#417=EDGE_LOOP('',(#2014,#2015,#2016,#2017,#2018,#2019,#2020));
#418=EDGE_LOOP('',(#2021,#2022,#2023,#2024,#2025));
#419=EDGE_LOOP('',(#2026,#2027,#2028,#2029,#2030));
#420=EDGE_LOOP('',(#2031,#2032,#2033,#2034));
#421=EDGE_LOOP('',(#2035,#2036,#2037,#2038));
#422=EDGE_LOOP('',(#2039,#2040,#2041,#2042,#2043,#2044));
#423=EDGE_LOOP('',(#2045,#2046,#2047,#2048,#2049,#2050,#2051));
#424=EDGE_LOOP('',(#2052,#2053,#2054));
#425=EDGE_LOOP('',(#2055,#2056,#2057,#2058));
#426=EDGE_LOOP('',(#2059,#2060,#2061,#2062));
#427=EDGE_LOOP('',(#2063,#2064,#2065,#2066,#2067));
#428=EDGE_LOOP('',(#2068,#2069,#2070,#2071,#2072,#2073,#2074,#2075,#2076,
#2077,#2078,#2079,#2080,#2081,#2082,#2083,#2084,#2085,#2086,#2087,#2088,
#2089,#2090,#2091,#2092,#2093,#2094,#2095,#2096,#2097,#2098,#2099,#2100,
#2101,#2102,#2103,#2104,#2105));
#429=EDGE_LOOP('',(#2106));
#430=EDGE_LOOP('',(#2107));
#431=EDGE_LOOP('',(#2108,#2109,#2110,#2111));
#432=EDGE_LOOP('',(#2112,#2113,#2114,#2115));
#433=EDGE_LOOP('',(#2116,#2117,#2118,#2119,#2120));
#434=EDGE_LOOP('',(#2121,#2122,#2123,#2124,#2125,#2126,#2127,#2128,#2129,
#2130,#2131,#2132));
#435=EDGE_LOOP('',(#2133,#2134,#2135,#2136,#2137,#2138));
#436=EDGE_LOOP('',(#2139,#2140,#2141,#2142,#2143,#2144,#2145));
#437=EDGE_LOOP('',(#2146,#2147,#2148,#2149,#2150,#2151));
#438=EDGE_LOOP('',(#2152,#2153,#2154,#2155,#2156,#2157,#2158,#2159,#2160,
#2161,#2162,#2163));
#439=EDGE_LOOP('',(#2164,#2165,#2166,#2167));
#440=EDGE_LOOP('',(#2168,#2169,#2170,#2171));
#441=EDGE_LOOP('',(#2172,#2173,#2174));
#442=EDGE_LOOP('',(#2175,#2176,#2177,#2178,#2179));
#443=EDGE_LOOP('',(#2180,#2181,#2182,#2183,#2184,#2185));
#444=EDGE_LOOP('',(#2186,#2187,#2188));
#445=EDGE_LOOP('',(#2189,#2190,#2191,#2192,#2193));
#446=EDGE_LOOP('',(#2194,#2195,#2196));
#447=EDGE_LOOP('',(#2197,#2198,#2199,#2200));
#448=EDGE_LOOP('',(#2201,#2202,#2203,#2204,#2205));
#449=EDGE_LOOP('',(#2206,#2207,#2208,#2209,#2210));
#450=EDGE_LOOP('',(#2211,#2212,#2213,#2214,#2215,#2216,#2217,#2218,#2219,
#2220,#2221,#2222,#2223,#2224,#2225,#2226,#2227,#2228,#2229,#2230,#2231,
#2232,#2233,#2234,#2235,#2236,#2237,#2238,#2239,#2240));
#451=EDGE_LOOP('',(#2241));
#452=EDGE_LOOP('',(#2242,#2243,#2244,#2245,#2246,#2247));
#453=EDGE_LOOP('',(#2248,#2249,#2250,#2251,#2252));
#454=EDGE_LOOP('',(#2253,#2254,#2255,#2256,#2257,#2258,#2259,#2260,#2261));
#455=EDGE_LOOP('',(#2262,#2263,#2264,#2265));
#456=EDGE_LOOP('',(#2266,#2267,#2268,#2269,#2270,#2271,#2272,#2273,#2274,
#2275,#2276,#2277,#2278,#2279,#2280,#2281,#2282,#2283));
#457=EDGE_LOOP('',(#2284,#2285,#2286,#2287));
#458=EDGE_LOOP('',(#2288,#2289,#2290,#2291));
#459=EDGE_LOOP('',(#2292,#2293,#2294,#2295,#2296,#2297,#2298,#2299));
#460=EDGE_LOOP('',(#2300,#2301,#2302,#2303));
#461=EDGE_LOOP('',(#2304,#2305,#2306,#2307));
#462=EDGE_LOOP('',(#2308,#2309,#2310,#2311));
#463=EDGE_LOOP('',(#2312,#2313,#2314,#2315));
#464=EDGE_LOOP('',(#2316,#2317,#2318,#2319));
#465=EDGE_LOOP('',(#2320,#2321,#2322,#2323));
#466=EDGE_LOOP('',(#2324,#2325,#2326,#2327));
#467=EDGE_LOOP('',(#2328,#2329,#2330,#2331));
#468=EDGE_LOOP('',(#2332,#2333,#2334,#2335));
#469=EDGE_LOOP('',(#2336,#2337,#2338,#2339));
#470=EDGE_LOOP('',(#2340,#2341,#2342,#2343));
#471=EDGE_LOOP('',(#2344,#2345,#2346,#2347));
#472=EDGE_LOOP('',(#2348,#2349,#2350,#2351));
#473=EDGE_LOOP('',(#2352,#2353,#2354,#2355));
#474=EDGE_LOOP('',(#2356,#2357,#2358,#2359));
#475=EDGE_LOOP('',(#2360,#2361,#2362,#2363));
#476=EDGE_LOOP('',(#2364,#2365,#2366,#2367));
#477=EDGE_LOOP('',(#2368,#2369,#2370,#2371));
#478=EDGE_LOOP('',(#2372,#2373,#2374,#2375,#2376,#2377));
#479=EDGE_LOOP('',(#2378,#2379,#2380,#2381));
#480=EDGE_LOOP('',(#2382,#2383,#2384,#2385,#2386,#2387));
#481=EDGE_LOOP('',(#2388,#2389,#2390,#2391));
#482=EDGE_LOOP('',(#2392,#2393,#2394,#2395,#2396,#2397,#2398,#2399,#2400,
#2401,#2402,#2403));
#483=EDGE_LOOP('',(#2404,#2405,#2406,#2407));
#484=EDGE_LOOP('',(#2408,#2409,#2410,#2411,#2412,#2413));
#485=EDGE_LOOP('',(#2414,#2415,#2416,#2417));
#486=EDGE_LOOP('',(#2418,#2419,#2420,#2421));
#487=EDGE_LOOP('',(#2422,#2423,#2424,#2425,#2426));
#488=EDGE_LOOP('',(#2427,#2428,#2429,#2430,#2431));
#489=EDGE_LOOP('',(#2432,#2433,#2434,#2435,#2436,#2437));
#490=EDGE_LOOP('',(#2438,#2439,#2440,#2441,#2442));
#491=EDGE_LOOP('',(#2443,#2444,#2445,#2446));
#492=EDGE_LOOP('',(#2447,#2448,#2449,#2450));
#493=EDGE_LOOP('',(#2451,#2452,#2453,#2454));
#494=EDGE_LOOP('',(#2455,#2456,#2457,#2458));
#495=EDGE_LOOP('',(#2459,#2460,#2461,#2462));
#496=EDGE_LOOP('',(#2463,#2464,#2465,#2466));
#497=EDGE_LOOP('',(#2467,#2468,#2469,#2470));
#498=EDGE_LOOP('',(#2471,#2472,#2473,#2474));
#499=EDGE_LOOP('',(#2475,#2476,#2477,#2478));
#500=EDGE_LOOP('',(#2479,#2480,#2481,#2482));
#501=EDGE_LOOP('',(#2483,#2484,#2485,#2486));
#502=EDGE_LOOP('',(#2487,#2488,#2489,#2490));
#503=EDGE_LOOP('',(#2491,#2492,#2493,#2494));
#504=EDGE_LOOP('',(#2495,#2496,#2497,#2498));
#505=EDGE_LOOP('',(#2499,#2500,#2501,#2502));
#506=EDGE_LOOP('',(#2503,#2504,#2505,#2506));
#507=EDGE_LOOP('',(#2507,#2508,#2509,#2510));
#508=EDGE_LOOP('',(#2511,#2512,#2513,#2514));
#509=EDGE_LOOP('',(#2515,#2516,#2517,#2518));
#510=EDGE_LOOP('',(#2519,#2520,#2521,#2522));
#511=EDGE_LOOP('',(#2523,#2524,#2525,#2526));
#512=EDGE_LOOP('',(#2527,#2528,#2529,#2530));
#513=EDGE_LOOP('',(#2531,#2532,#2533,#2534));
#514=EDGE_LOOP('',(#2535,#2536,#2537,#2538));
#515=EDGE_LOOP('',(#2539,#2540,#2541,#2542));
#516=EDGE_LOOP('',(#2543,#2544,#2545,#2546,#2547));
#517=EDGE_LOOP('',(#2548,#2549,#2550,#2551));
#518=EDGE_LOOP('',(#2552,#2553,#2554,#2555));
#519=EDGE_LOOP('',(#2556,#2557,#2558,#2559));
#520=EDGE_LOOP('',(#2560,#2561,#2562,#2563));
#521=EDGE_LOOP('',(#2564,#2565,#2566,#2567));
#522=EDGE_LOOP('',(#2568,#2569,#2570,#2571));
#523=EDGE_LOOP('',(#2572,#2573,#2574,#2575));
#524=EDGE_LOOP('',(#2576,#2577,#2578,#2579));
#525=EDGE_LOOP('',(#2580,#2581,#2582,#2583));
#526=EDGE_LOOP('',(#2584,#2585,#2586,#2587));
#527=EDGE_LOOP('',(#2588,#2589,#2590,#2591));
#528=EDGE_LOOP('',(#2592,#2593,#2594,#2595));
#529=EDGE_LOOP('',(#2596,#2597,#2598,#2599));
#530=EDGE_LOOP('',(#2600,#2601,#2602,#2603,#2604,#2605,#2606,#2607,#2608));
#531=LINE('',#3654,#775);
#532=LINE('',#3658,#776);
#533=LINE('',#3664,#777);
#534=LINE('',#3676,#778);
#535=LINE('',#3693,#779);
#536=LINE('',#3694,#780);
#537=LINE('',#3697,#781);
#538=LINE('',#3699,#782);
#539=LINE('',#3700,#783);
#540=LINE('',#3705,#784);
#541=LINE('',#3707,#785);
#542=LINE('',#3709,#786);
#543=LINE('',#3713,#787);
#544=LINE('',#3735,#788);
#545=LINE('',#3747,#789);
#546=LINE('',#3792,#790);
#547=LINE('',#3795,#791);
#548=LINE('',#3801,#792);
#549=LINE('',#3803,#793);
#550=LINE('',#3820,#794);
#551=LINE('',#3821,#795);
#552=LINE('',#3824,#796);
#553=LINE('',#3826,#797);
#554=LINE('',#3827,#798);
#555=LINE('',#3830,#799);
#556=LINE('',#3833,#800);
#557=LINE('',#3836,#801);
#558=LINE('',#3838,#802);
#559=LINE('',#3840,#803);
#560=LINE('',#3846,#804);
#561=LINE('',#3848,#805);
#562=LINE('',#3908,#806);
#563=LINE('',#3912,#807);
#564=LINE('',#3916,#808);
#565=LINE('',#3920,#809);
#566=LINE('',#3924,#810);
#567=LINE('',#3983,#811);
#568=LINE('',#3985,#812);
#569=LINE('',#4023,#813);
#570=LINE('',#4025,#814);
#571=LINE('',#4027,#815);
#572=LINE('',#4029,#816);
#573=LINE('',#4031,#817);
#574=LINE('',#4051,#818);
#575=LINE('',#4053,#819);
#576=LINE('',#4055,#820);
#577=LINE('',#4096,#821);
#578=LINE('',#4098,#822);
#579=LINE('',#4100,#823);
#580=LINE('',#4101,#824);
#581=LINE('',#4109,#825);
#582=LINE('',#4112,#826);
#583=LINE('',#4115,#827);
#584=LINE('',#4117,#828);
#585=LINE('',#4119,#829);
#586=LINE('',#4121,#830);
#587=LINE('',#4123,#831);
#588=LINE('',#4125,#832);
#589=LINE('',#4127,#833);
#590=LINE('',#4129,#834);
#591=LINE('',#4131,#835);
#592=LINE('',#4133,#836);
#593=LINE('',#4134,#837);
#594=LINE('',#4143,#838);
#595=LINE('',#4147,#839);
#596=LINE('',#4151,#840);
#597=LINE('',#4154,#841);
#598=LINE('',#4157,#842);
#599=LINE('',#4159,#843);
#600=LINE('',#4161,#844);
#601=LINE('',#4163,#845);
#602=LINE('',#4165,#846);
#603=LINE('',#4167,#847);
#604=LINE('',#4169,#848);
#605=LINE('',#4170,#849);
#606=LINE('',#4173,#850);
#607=LINE('',#4174,#851);
#608=LINE('',#4177,#852);
#609=LINE('',#4179,#853);
#610=LINE('',#4180,#854);
#611=LINE('',#4183,#855);
#612=LINE('',#4185,#856);
#613=LINE('',#4186,#857);
#614=LINE('',#4188,#858);
#615=LINE('',#4191,#859);
#616=LINE('',#4193,#860);
#617=LINE('',#4194,#861);
#618=LINE('',#4197,#862);
#619=LINE('',#4198,#863);
#620=LINE('',#4201,#864);
#621=LINE('',#4203,#865);
#622=LINE('',#4204,#866);
#623=LINE('',#4206,#867);
#624=LINE('',#4232,#868);
#625=LINE('',#4246,#869);
#626=LINE('',#4278,#870);
#627=LINE('',#4279,#871);
#628=LINE('',#4301,#872);
#629=LINE('',#4305,#873);
#630=LINE('',#4308,#874);
#631=LINE('',#4309,#875);
#632=LINE('',#4319,#876);
#633=LINE('',#4341,#877);
#634=LINE('',#4345,#878);
#635=LINE('',#4387,#879);
#636=LINE('',#4389,#880);
#637=LINE('',#4391,#881);
#638=LINE('',#4393,#882);
#639=LINE('',#4397,#883);
#640=LINE('',#4401,#884);
#641=LINE('',#4403,#885);
#642=LINE('',#4407,#886);
#643=LINE('',#4411,#887);
#644=LINE('',#4413,#888);
#645=LINE('',#4421,#889);
#646=LINE('',#4423,#890);
#647=LINE('',#4424,#891);
#648=LINE('',#4484,#892);
#649=LINE('',#4488,#893);
#650=LINE('',#4492,#894);
#651=LINE('',#4496,#895);
#652=LINE('',#4500,#896);
#653=LINE('',#4537,#897);
#654=LINE('',#4539,#898);
#655=LINE('',#4540,#899);
#656=LINE('',#4545,#900);
#657=LINE('',#4549,#901);
#658=LINE('',#4550,#902);
#659=LINE('',#4555,#903);
#660=LINE('',#4557,#904);
#661=LINE('',#4558,#905);
#662=LINE('',#4561,#906);
#663=LINE('',#4563,#907);
#664=LINE('',#4564,#908);
#665=LINE('',#4586,#909);
#666=LINE('',#4910,#910);
#667=LINE('',#4941,#911);
#668=LINE('',#4942,#912);
#669=LINE('',#4944,#913);
#670=LINE('',#4945,#914);
#671=LINE('',#4949,#915);
#672=LINE('',#4951,#916);
#673=LINE('',#4953,#917);
#674=LINE('',#4955,#918);
#675=LINE('',#4999,#919);
#676=LINE('',#5001,#920);
#677=LINE('',#5003,#921);
#678=LINE('',#5023,#922);
#679=LINE('',#5025,#923);
#680=LINE('',#5027,#924);
#681=LINE('',#5029,#925);
#682=LINE('',#5031,#926);
#683=LINE('',#5039,#927);
#684=LINE('',#5042,#928);
#685=LINE('',#5047,#929);
#686=LINE('',#5049,#930);
#687=LINE('',#5051,#931);
#688=LINE('',#5053,#932);
#689=LINE('',#5055,#933);
#690=LINE('',#5056,#934);
#691=LINE('',#5091,#935);
#692=LINE('',#5093,#936);
#693=LINE('',#5096,#937);
#694=LINE('',#5098,#938);
#695=LINE('',#5099,#939);
#696=LINE('',#5100,#940);
#697=LINE('',#5101,#941);
#698=LINE('',#5103,#942);
#699=LINE('',#5104,#943);
#700=LINE('',#5106,#944);
#701=LINE('',#5107,#945);
#702=LINE('',#5109,#946);
#703=LINE('',#5110,#947);
#704=LINE('',#5113,#948);
#705=LINE('',#5115,#949);
#706=LINE('',#5116,#950);
#707=LINE('',#5118,#951);
#708=LINE('',#5120,#952);
#709=LINE('',#5121,#953);
#710=LINE('',#5122,#954);
#711=LINE('',#5125,#955);
#712=LINE('',#5126,#956);
#713=LINE('',#5129,#957);
#714=LINE('',#5130,#958);
#715=LINE('',#5132,#959);
#716=LINE('',#5135,#960);
#717=LINE('',#5137,#961);
#718=LINE('',#5141,#962);
#719=LINE('',#5142,#963);
#720=LINE('',#5145,#964);
#721=LINE('',#5146,#965);
#722=LINE('',#5149,#966);
#723=LINE('',#5152,#967);
#724=LINE('',#5156,#968);
#725=LINE('',#5158,#969);
#726=LINE('',#5162,#970);
#727=LINE('',#5163,#971);
#728=LINE('',#5166,#972);
#729=LINE('',#5167,#973);
#730=LINE('',#5170,#974);
#731=LINE('',#5173,#975);
#732=LINE('',#5176,#976);
#733=LINE('',#5178,#977);
#734=LINE('',#5179,#978);
#735=LINE('',#5181,#979);
#736=LINE('',#5183,#980);
#737=LINE('',#5186,#981);
#738=LINE('',#5188,#982);
#739=LINE('',#5189,#983);
#740=LINE('',#5192,#984);
#741=LINE('',#5195,#985);
#742=LINE('',#5208,#986);
#743=LINE('',#5226,#987);
#744=LINE('',#5295,#988);
#745=LINE('',#5297,#989);
#746=LINE('',#5299,#990);
#747=LINE('',#5301,#991);
#748=LINE('',#5304,#992);
#749=LINE('',#5306,#993);
#750=LINE('',#5345,#994);
#751=LINE('',#5347,#995);
#752=LINE('',#5348,#996);
#753=LINE('',#5350,#997);
#754=LINE('',#5352,#998);
#755=LINE('',#5363,#999);
#756=LINE('',#5374,#1000);
#757=LINE('',#5385,#1001);
#758=LINE('',#5387,#1002);
#759=LINE('',#5390,#1003);
#760=LINE('',#5401,#1004);
#761=LINE('',#5412,#1005);
#762=LINE('',#5423,#1006);
#763=LINE('',#5434,#1007);
#764=LINE('',#5445,#1008);
#765=LINE('',#5456,#1009);
#766=LINE('',#5478,#1010);
#767=LINE('',#5485,#1011);
#768=LINE('',#5502,#1012);
#769=LINE('',#5504,#1013);
#770=LINE('',#5507,#1014);
#771=LINE('',#5508,#1015);
#772=LINE('',#5525,#1016);
#773=LINE('',#5542,#1017);
#774=LINE('',#5559,#1018);
#775=VECTOR('',#2979,0.25);
#776=VECTOR('',#2984,0.5);
#777=VECTOR('',#2989,10.);
#778=VECTOR('',#2990,10.);
#779=VECTOR('',#2999,1.5);
#780=VECTOR('',#3000,1.5);
#781=VECTOR('',#3003,10.);
#782=VECTOR('',#3004,10.);
#783=VECTOR('',#3005,10.);
#784=VECTOR('',#3010,10.);
#785=VECTOR('',#3011,10.);
#786=VECTOR('',#3012,10.);
#787=VECTOR('',#3017,10.);
#788=VECTOR('',#3018,10.);
#789=VECTOR('',#3019,10.);
#790=VECTOR('',#3020,10.);
#791=VECTOR('',#3023,10.);
#792=VECTOR('',#3028,10.);
#793=VECTOR('',#3031,10.);
#794=VECTOR('',#3040,1.5);
#795=VECTOR('',#3041,1.5);
#796=VECTOR('',#3044,10.);
#797=VECTOR('',#3045,10.);
#798=VECTOR('',#3046,10.);
#799=VECTOR('',#3049,10.);
#800=VECTOR('',#3052,10.);
#801=VECTOR('',#3055,10.);
#802=VECTOR('',#3056,10.);
#803=VECTOR('',#3057,10.);
#804=VECTOR('',#3062,10.);
#805=VECTOR('',#3063,10.);
#806=VECTOR('',#3066,10.);
#807=VECTOR('',#3069,10.);
#808=VECTOR('',#3072,10.);
#809=VECTOR('',#3075,10.);
#810=VECTOR('',#3078,10.);
#811=VECTOR('',#3081,10.);
#812=VECTOR('',#3082,10.);
#813=VECTOR('',#3083,10.);
#814=VECTOR('',#3084,10.);
#815=VECTOR('',#3085,10.);
#816=VECTOR('',#3086,10.);
#817=VECTOR('',#3087,10.);
#818=VECTOR('',#3088,10.);
#819=VECTOR('',#3089,10.);
#820=VECTOR('',#3090,10.);
#821=VECTOR('',#3093,10.);
#822=VECTOR('',#3094,10.);
#823=VECTOR('',#3095,10.);
#824=VECTOR('',#3096,10.);
#825=VECTOR('',#3103,10.);
#826=VECTOR('',#3106,10.);
#827=VECTOR('',#3109,10.);
#828=VECTOR('',#3110,10.);
#829=VECTOR('',#3111,10.);
#830=VECTOR('',#3112,10.);
#831=VECTOR('',#3113,10.);
#832=VECTOR('',#3114,10.);
#833=VECTOR('',#3115,10.);
#834=VECTOR('',#3116,10.);
#835=VECTOR('',#3117,10.);
#836=VECTOR('',#3118,10.);
#837=VECTOR('',#3119,10.);
#838=VECTOR('',#3128,10.);
#839=VECTOR('',#3131,10.);
#840=VECTOR('',#3136,0.5);
#841=VECTOR('',#3139,10.);
#842=VECTOR('',#3142,10.);
#843=VECTOR('',#3143,10.);
#844=VECTOR('',#3144,10.);
#845=VECTOR('',#3145,10.);
#846=VECTOR('',#3146,10.);
#847=VECTOR('',#3147,10.);
#848=VECTOR('',#3148,10.);
#849=VECTOR('',#3149,10.);
#850=VECTOR('',#3152,10.);
#851=VECTOR('',#3153,10.);
#852=VECTOR('',#3156,10.);
#853=VECTOR('',#3157,10.);
#854=VECTOR('',#3158,10.);
#855=VECTOR('',#3161,10.);
#856=VECTOR('',#3162,10.);
#857=VECTOR('',#3163,10.);
#858=VECTOR('',#3166,10.);
#859=VECTOR('',#3169,10.);
#860=VECTOR('',#3170,10.);
#861=VECTOR('',#3171,10.);
#862=VECTOR('',#3174,10.);
#863=VECTOR('',#3175,10.);
#864=VECTOR('',#3178,10.);
#865=VECTOR('',#3179,10.);
#866=VECTOR('',#3180,10.);
#867=VECTOR('',#3183,10.);
#868=VECTOR('',#3186,10.);
#869=VECTOR('',#3187,10.);
#870=VECTOR('',#3200,10.);
#871=VECTOR('',#3201,10.);
#872=VECTOR('',#3216,10.);
#873=VECTOR('',#3221,10.);
#874=VECTOR('',#3224,10.);
#875=VECTOR('',#3225,10.);
#876=VECTOR('',#3228,10.);
#877=VECTOR('',#3261,10.);
#878=VECTOR('',#3264,10.);
#879=VECTOR('',#3267,10.);
#880=VECTOR('',#3268,10.);
#881=VECTOR('',#3269,10.);
#882=VECTOR('',#3270,10.);
#883=VECTOR('',#3273,10.);
#884=VECTOR('',#3276,10.);
#885=VECTOR('',#3277,10.);
#886=VECTOR('',#3280,10.);
#887=VECTOR('',#3283,10.);
#888=VECTOR('',#3284,10.);
#889=VECTOR('',#3291,10.);
#890=VECTOR('',#3292,10.);
#891=VECTOR('',#3293,10.);
#892=VECTOR('',#3296,10.);
#893=VECTOR('',#3299,10.);
#894=VECTOR('',#3302,10.);
#895=VECTOR('',#3305,10.);
#896=VECTOR('',#3308,10.);
#897=VECTOR('',#3309,10.);
#898=VECTOR('',#3310,10.);
#899=VECTOR('',#3311,10.);
#900=VECTOR('',#3316,10.);
#901=VECTOR('',#3321,10.);
#902=VECTOR('',#3322,10.);
#903=VECTOR('',#3329,10.);
#904=VECTOR('',#3330,10.);
#905=VECTOR('',#3331,10.);
#906=VECTOR('',#3334,10.);
#907=VECTOR('',#3335,10.);
#908=VECTOR('',#3336,10.);
#909=VECTOR('',#3353,3.87499999999999);
#910=VECTOR('',#3366,10.);
#911=VECTOR('',#3375,10.);
#912=VECTOR('',#3376,10.);
#913=VECTOR('',#3379,10.);
#914=VECTOR('',#3380,10.);
#915=VECTOR('',#3385,10.);
#916=VECTOR('',#3386,10.);
#917=VECTOR('',#3387,10.);
#918=VECTOR('',#3388,10.);
#919=VECTOR('',#3389,10.);
#920=VECTOR('',#3390,10.);
#921=VECTOR('',#3391,10.);
#922=VECTOR('',#3392,10.);
#923=VECTOR('',#3393,10.);
#924=VECTOR('',#3394,10.);
#925=VECTOR('',#3395,10.);
#926=VECTOR('',#3396,10.);
#927=VECTOR('',#3403,10.);
#928=VECTOR('',#3406,10.);
#929=VECTOR('',#3409,10.);
#930=VECTOR('',#3410,10.);
#931=VECTOR('',#3411,10.);
#932=VECTOR('',#3412,10.);
#933=VECTOR('',#3413,10.);
#934=VECTOR('',#3414,10.);
#935=VECTOR('',#3419,10.);
#936=VECTOR('',#3422,10.);
#937=VECTOR('',#3425,10.);
#938=VECTOR('',#3426,10.);
#939=VECTOR('',#3427,10.);
#940=VECTOR('',#3428,10.);
#941=VECTOR('',#3429,10.);
#942=VECTOR('',#3432,10.);
#943=VECTOR('',#3433,10.);
#944=VECTOR('',#3436,10.);
#945=VECTOR('',#3437,10.);
#946=VECTOR('',#3440,10.);
#947=VECTOR('',#3441,10.);
#948=VECTOR('',#3444,10.);
#949=VECTOR('',#3445,10.);
#950=VECTOR('',#3446,10.);
#951=VECTOR('',#3447,10.);
#952=VECTOR('',#3448,10.);
#953=VECTOR('',#3449,10.);
#954=VECTOR('',#3450,10.);
#955=VECTOR('',#3453,10.);
#956=VECTOR('',#3454,10.);
#957=VECTOR('',#3457,10.);
#958=VECTOR('',#3458,10.);
#959=VECTOR('',#3461,10.);
#960=VECTOR('',#3464,10.);
#961=VECTOR('',#3465,10.);
#962=VECTOR('',#3470,10.);
#963=VECTOR('',#3471,10.);
#964=VECTOR('',#3474,10.);
#965=VECTOR('',#3475,10.);
#966=VECTOR('',#3478,10.);
#967=VECTOR('',#3483,1.75);
#968=VECTOR('',#3488,10.);
#969=VECTOR('',#3489,10.);
#970=VECTOR('',#3494,10.);
#971=VECTOR('',#3495,10.);
#972=VECTOR('',#3498,10.);
#973=VECTOR('',#3499,10.);
#974=VECTOR('',#3502,10.);
#975=VECTOR('',#3507,10.);
#976=VECTOR('',#3510,10.);
#977=VECTOR('',#3511,10.);
#978=VECTOR('',#3512,10.);
#979=VECTOR('',#3515,10.);
#980=VECTOR('',#3518,10.);
#981=VECTOR('',#3523,10.);
#982=VECTOR('',#3524,10.);
#983=VECTOR('',#3525,10.);
#984=VECTOR('',#3530,1.75);
#985=VECTOR('',#3533,10.);
#986=VECTOR('',#3554,3.875);
#987=VECTOR('',#3565,3.875);
#988=VECTOR('',#3576,10.);
#989=VECTOR('',#3579,10.);
#990=VECTOR('',#3582,10.);
#991=VECTOR('',#3585,10.);
#992=VECTOR('',#3590,10.);
#993=VECTOR('',#3593,10.);
#994=VECTOR('',#3606,10.);
#995=VECTOR('',#3609,10.);
#996=VECTOR('',#3610,10.);
#997=VECTOR('',#3613,10.);
#998=VECTOR('',#3616,10.);
#999=VECTOR('',#3617,10.);
#1000=VECTOR('',#3618,10.);
#1001=VECTOR('',#3619,10.);
#1002=VECTOR('',#3622,10.);
#1003=VECTOR('',#3627,10.);
#1004=VECTOR('',#3628,10.);
#1005=VECTOR('',#3629,10.);
#1006=VECTOR('',#3630,10.);
#1007=VECTOR('',#3631,10.);
#1008=VECTOR('',#3632,10.);
#1009=VECTOR('',#3633,10.);
#1010=VECTOR('',#3634,10.);
#1011=VECTOR('',#3635,10.);
#1012=VECTOR('',#3636,10.);
#1013=VECTOR('',#3639,10.);
#1014=VECTOR('',#3642,10.);
#1015=VECTOR('',#3643,10.);
#1016=VECTOR('',#3644,10.);
#1017=VECTOR('',#3645,10.);
#1018=VECTOR('',#3646,10.);
#1019=CIRCLE('',#2759,0.5);
#1020=CIRCLE('',#2761,0.5);
#1021=CIRCLE('',#2763,1.5);
#1022=CIRCLE('',#2764,1.5);
#1023=CIRCLE('',#2765,1.5);
#1024=CIRCLE('',#2767,1.5);
#1025=CIRCLE('',#2773,5.);
#1026=CIRCLE('',#2775,1.5);
#1027=CIRCLE('',#2777,1.5);
#1028=CIRCLE('',#2778,1.5);
#1029=CIRCLE('',#2780,1.5);
#1030=CIRCLE('',#2785,5.37499999999999);
#1031=CIRCLE('',#2786,5.37499999999999);
#1032=CIRCLE('',#2787,7.0279917964296);
#1033=CIRCLE('',#2788,1.5);
#1034=CIRCLE('',#2789,1.5);
#1035=CIRCLE('',#2790,1.5);
#1036=CIRCLE('',#2791,1.5);
#1037=CIRCLE('',#2792,7.02799179642961);
#1038=CIRCLE('',#2793,5.375);
#1039=CIRCLE('',#2794,5.375);
#1040=CIRCLE('',#2796,0.5);
#1041=CIRCLE('',#2797,0.5);
#1042=CIRCLE('',#2800,4.5);
#1043=CIRCLE('',#2801,0.499999999999993);
#1044=CIRCLE('',#2802,1.);
#1045=CIRCLE('',#2803,1.);
#1046=CIRCLE('',#2804,5.);
#1047=CIRCLE('',#2806,0.499999999999993);
#1048=CIRCLE('',#2818,1.);
#1049=CIRCLE('',#2819,0.449999999999999);
#1050=CIRCLE('',#2820,1.45);
#1051=CIRCLE('',#2822,0.449999999999999);
#1052=CIRCLE('',#2824,0.55);
#1053=CIRCLE('',#2825,1.);
#1054=CIRCLE('',#2827,2.82234954783756);
#1055=CIRCLE('',#2828,2.38108824377664);
#1056=CIRCLE('',#2830,1.);
#1057=CIRCLE('',#2831,1.);
#1058=CIRCLE('',#2834,1.);
#1059=CIRCLE('',#2835,1.);
#1060=CIRCLE('',#2838,3.25);
#1061=CIRCLE('',#2842,3.25);
#1062=CIRCLE('',#2844,3.25);
#1063=CIRCLE('',#2846,4.5);
#1064=CIRCLE('',#2850,5.);
#1065=CIRCLE('',#2852,1.75);
#1066=CIRCLE('',#2853,1.3);
#1067=CIRCLE('',#2854,1.00000000000159);
#1068=CIRCLE('',#2855,1.00000000000223);
#1069=CIRCLE('',#2856,1.3);
#1070=CIRCLE('',#2857,9.29999999999998);
#1071=CIRCLE('',#2858,1.75);
#1072=CIRCLE('',#2859,6.);
#1073=CIRCLE('',#2860,1.5);
#1074=CIRCLE('',#2861,1.5);
#1075=CIRCLE('',#2862,1.5);
#1076=CIRCLE('',#2863,1.5);
#1077=CIRCLE('',#2864,3.875);
#1078=CIRCLE('',#2866,1.);
#1079=CIRCLE('',#2869,1.);
#1080=CIRCLE('',#2873,1.5);
#1081=CIRCLE('',#2874,3.87499999999999);
#1082=CIRCLE('',#2875,3.87499999999999);
#1083=CIRCLE('',#2878,4.);
#1084=CIRCLE('',#2880,3.87499999999999);
#1085=CIRCLE('',#2881,3.87499999999999);
#1086=CIRCLE('',#2882,3.87499999999999);
#1087=CIRCLE('',#2883,0.499999999999996);
#1088=CIRCLE('',#2884,0.500000000000004);
#1089=CIRCLE('',#2893,1.75);
#1090=CIRCLE('',#2894,9.29999999999998);
#1091=CIRCLE('',#2895,1.3);
#1092=CIRCLE('',#2896,1.75);
#1093=CIRCLE('',#2897,3.875);
#1094=CIRCLE('',#2899,1.55);
#1095=CIRCLE('',#2902,1.55);
#1096=CIRCLE('',#2910,1.00000000000223);
#1097=CIRCLE('',#2914,1.3);
#1098=CIRCLE('',#2918,1.3);
#1099=CIRCLE('',#2922,1.00000000000159);
#1100=CIRCLE('',#2931,9.29999999999998);
#1101=CIRCLE('',#2934,1.3);
#1102=CIRCLE('',#2941,3.875);
#1103=CIRCLE('',#2942,3.875);
#1104=CIRCLE('',#2944,1.5);
#1105=CIRCLE('',#2946,3.875);
#1106=CIRCLE('',#2947,3.875);
#1107=CIRCLE('',#2949,1.5);
#1108=CIRCLE('',#2950,1.5);
#1109=VERTEX_POINT('',#3651);
#1110=VERTEX_POINT('',#3653);
#1111=VERTEX_POINT('',#3656);
#1112=VERTEX_POINT('',#3660);
#1113=VERTEX_POINT('',#3661);
#1114=VERTEX_POINT('',#3663);
#1115=VERTEX_POINT('',#3665);
#1116=VERTEX_POINT('',#3686);
#1117=VERTEX_POINT('',#3690);
#1118=VERTEX_POINT('',#3691);
#1119=VERTEX_POINT('',#3696);
#1120=VERTEX_POINT('',#3698);
#1121=VERTEX_POINT('',#3702);
#1122=VERTEX_POINT('',#3704);
#1123=VERTEX_POINT('',#3706);
#1124=VERTEX_POINT('',#3708);
#1125=VERTEX_POINT('',#3712);
#1126=VERTEX_POINT('',#3714);
#1127=VERTEX_POINT('',#3723);
#1128=VERTEX_POINT('',#3734);
#1129=VERTEX_POINT('',#3736);
#1130=VERTEX_POINT('',#3746);
#1131=VERTEX_POINT('',#3748);
#1132=VERTEX_POINT('',#3753);
#1133=VERTEX_POINT('',#3791);
#1134=VERTEX_POINT('',#3793);
#1135=VERTEX_POINT('',#3797);
#1136=VERTEX_POINT('',#3798);
#1137=VERTEX_POINT('',#3800);
#1138=VERTEX_POINT('',#3813);
#1139=VERTEX_POINT('',#3817);
#1140=VERTEX_POINT('',#3818);
#1141=VERTEX_POINT('',#3823);
#1142=VERTEX_POINT('',#3825);
#1143=VERTEX_POINT('',#3829);
#1144=VERTEX_POINT('',#3831);
#1145=VERTEX_POINT('',#3835);
#1146=VERTEX_POINT('',#3837);
#1147=VERTEX_POINT('',#3839);
#1148=VERTEX_POINT('',#3841);
#1149=VERTEX_POINT('',#3843);
#1150=VERTEX_POINT('',#3845);
#1151=VERTEX_POINT('',#3847);
#1152=VERTEX_POINT('',#3849);
#1153=VERTEX_POINT('',#3851);
#1154=VERTEX_POINT('',#3907);
#1155=VERTEX_POINT('',#3909);
#1156=VERTEX_POINT('',#3911);
#1157=VERTEX_POINT('',#3913);
#1158=VERTEX_POINT('',#3915);
#1159=VERTEX_POINT('',#3917);
#1160=VERTEX_POINT('',#3919);
#1161=VERTEX_POINT('',#3921);
#1162=VERTEX_POINT('',#3923);
#1163=VERTEX_POINT('',#3925);
#1164=VERTEX_POINT('',#3982);
#1165=VERTEX_POINT('',#3984);
#1166=VERTEX_POINT('',#3986);
#1167=VERTEX_POINT('',#3992);
#1168=VERTEX_POINT('',#3998);
#1169=VERTEX_POINT('',#4004);
#1170=VERTEX_POINT('',#4010);
#1171=VERTEX_POINT('',#4016);
#1172=VERTEX_POINT('',#4022);
#1173=VERTEX_POINT('',#4024);
#1174=VERTEX_POINT('',#4026);
#1175=VERTEX_POINT('',#4028);
#1176=VERTEX_POINT('',#4030);
#1177=VERTEX_POINT('',#4032);
#1178=VERTEX_POINT('',#4038);
#1179=VERTEX_POINT('',#4044);
#1180=VERTEX_POINT('',#4050);
#1181=VERTEX_POINT('',#4052);
#1182=VERTEX_POINT('',#4054);
#1183=VERTEX_POINT('',#4056);
#1184=VERTEX_POINT('',#4062);
#1185=VERTEX_POINT('',#4068);
#1186=VERTEX_POINT('',#4074);
#1187=VERTEX_POINT('',#4080);
#1188=VERTEX_POINT('',#4094);
#1189=VERTEX_POINT('',#4095);
#1190=VERTEX_POINT('',#4097);
#1191=VERTEX_POINT('',#4099);
#1192=VERTEX_POINT('',#4102);
#1193=VERTEX_POINT('',#4105);
#1194=VERTEX_POINT('',#4106);
#1195=VERTEX_POINT('',#4108);
#1196=VERTEX_POINT('',#4110);
#1197=VERTEX_POINT('',#4114);
#1198=VERTEX_POINT('',#4116);
#1199=VERTEX_POINT('',#4118);
#1200=VERTEX_POINT('',#4120);
#1201=VERTEX_POINT('',#4122);
#1202=VERTEX_POINT('',#4124);
#1203=VERTEX_POINT('',#4126);
#1204=VERTEX_POINT('',#4128);
#1205=VERTEX_POINT('',#4130);
#1206=VERTEX_POINT('',#4132);
#1207=VERTEX_POINT('',#4136);
#1208=VERTEX_POINT('',#4138);
#1209=VERTEX_POINT('',#4140);
#1210=VERTEX_POINT('',#4142);
#1211=VERTEX_POINT('',#4144);
#1212=VERTEX_POINT('',#4146);
#1213=VERTEX_POINT('',#4150);
#1214=VERTEX_POINT('',#4152);
#1215=VERTEX_POINT('',#4156);
#1216=VERTEX_POINT('',#4158);
#1217=VERTEX_POINT('',#4160);
#1218=VERTEX_POINT('',#4162);
#1219=VERTEX_POINT('',#4164);
#1220=VERTEX_POINT('',#4166);
#1221=VERTEX_POINT('',#4168);
#1222=VERTEX_POINT('',#4172);
#1223=VERTEX_POINT('',#4176);
#1224=VERTEX_POINT('',#4178);
#1225=VERTEX_POINT('',#4182);
#1226=VERTEX_POINT('',#4184);
#1227=VERTEX_POINT('',#4190);
#1228=VERTEX_POINT('',#4192);
#1229=VERTEX_POINT('',#4196);
#1230=VERTEX_POINT('',#4200);
#1231=VERTEX_POINT('',#4202);
#1232=VERTEX_POINT('',#4208);
#1233=VERTEX_POINT('',#4209);
#1234=VERTEX_POINT('',#4220);
#1235=VERTEX_POINT('',#4231);
#1236=VERTEX_POINT('',#4233);
#1237=VERTEX_POINT('',#4248);
#1238=VERTEX_POINT('',#4249);
#1239=VERTEX_POINT('',#4251);
#1240=VERTEX_POINT('',#4253);
#1241=VERTEX_POINT('',#4255);
#1242=VERTEX_POINT('',#4275);
#1243=VERTEX_POINT('',#4276);
#1244=VERTEX_POINT('',#4282);
#1245=VERTEX_POINT('',#4300);
#1246=VERTEX_POINT('',#4303);
#1247=VERTEX_POINT('',#4307);
#1248=VERTEX_POINT('',#4311);
#1249=VERTEX_POINT('',#4318);
#1250=VERTEX_POINT('',#4340);
#1251=VERTEX_POINT('',#4343);
#1252=VERTEX_POINT('',#4344);
#1253=VERTEX_POINT('',#4346);
#1254=VERTEX_POINT('',#4356);
#1255=VERTEX_POINT('',#4362);
#1256=VERTEX_POINT('',#4386);
#1257=VERTEX_POINT('',#4388);
#1258=VERTEX_POINT('',#4390);
#1259=VERTEX_POINT('',#4392);
#1260=VERTEX_POINT('',#4394);
#1261=VERTEX_POINT('',#4396);
#1262=VERTEX_POINT('',#4398);
#1263=VERTEX_POINT('',#4400);
#1264=VERTEX_POINT('',#4402);
#1265=VERTEX_POINT('',#4404);
#1266=VERTEX_POINT('',#4406);
#1267=VERTEX_POINT('',#4408);
#1268=VERTEX_POINT('',#4410);
#1269=VERTEX_POINT('',#4412);
#1270=VERTEX_POINT('',#4414);
#1271=VERTEX_POINT('',#4416);
#1272=VERTEX_POINT('',#4418);
#1273=VERTEX_POINT('',#4420);
#1274=VERTEX_POINT('',#4422);
#1275=VERTEX_POINT('',#4425);
#1276=VERTEX_POINT('',#4427);
#1277=VERTEX_POINT('',#4483);
#1278=VERTEX_POINT('',#4485);
#1279=VERTEX_POINT('',#4487);
#1280=VERTEX_POINT('',#4489);
#1281=VERTEX_POINT('',#4491);
#1282=VERTEX_POINT('',#4493);
#1283=VERTEX_POINT('',#4495);
#1284=VERTEX_POINT('',#4497);
#1285=VERTEX_POINT('',#4499);
#1286=VERTEX_POINT('',#4501);
#1287=VERTEX_POINT('',#4536);
#1288=VERTEX_POINT('',#4538);
#1289=VERTEX_POINT('',#4541);
#1290=VERTEX_POINT('',#4544);
#1291=VERTEX_POINT('',#4548);
#1292=VERTEX_POINT('',#4554);
#1293=VERTEX_POINT('',#4556);
#1294=VERTEX_POINT('',#4560);
#1295=VERTEX_POINT('',#4562);
#1296=VERTEX_POINT('',#4576);
#1297=VERTEX_POINT('',#4578);
#1298=VERTEX_POINT('',#4585);
#1299=VERTEX_POINT('',#4587);
#1300=VERTEX_POINT('',#4589);
#1301=VERTEX_POINT('',#4598);
#1302=VERTEX_POINT('',#4603);
#1303=VERTEX_POINT('',#4612);
#1304=VERTEX_POINT('',#4614);
#1305=VERTEX_POINT('',#4624);
#1306=VERTEX_POINT('',#4917);
#1307=VERTEX_POINT('',#4940);
#1308=VERTEX_POINT('',#4948);
#1309=VERTEX_POINT('',#4950);
#1310=VERTEX_POINT('',#4952);
#1311=VERTEX_POINT('',#4954);
#1312=VERTEX_POINT('',#4956);
#1313=VERTEX_POINT('',#4962);
#1314=VERTEX_POINT('',#4968);
#1315=VERTEX_POINT('',#4974);
#1316=VERTEX_POINT('',#4980);
#1317=VERTEX_POINT('',#4986);
#1318=VERTEX_POINT('',#4992);
#1319=VERTEX_POINT('',#4998);
#1320=VERTEX_POINT('',#5000);
#1321=VERTEX_POINT('',#5002);
#1322=VERTEX_POINT('',#5004);
#1323=VERTEX_POINT('',#5010);
#1324=VERTEX_POINT('',#5016);
#1325=VERTEX_POINT('',#5022);
#1326=VERTEX_POINT('',#5024);
#1327=VERTEX_POINT('',#5026);
#1328=VERTEX_POINT('',#5028);
#1329=VERTEX_POINT('',#5030);
#1330=VERTEX_POINT('',#5032);
#1331=VERTEX_POINT('',#5034);
#1332=VERTEX_POINT('',#5036);
#1333=VERTEX_POINT('',#5038);
#1334=VERTEX_POINT('',#5040);
#1335=VERTEX_POINT('',#5043);
#1336=VERTEX_POINT('',#5045);
#1337=VERTEX_POINT('',#5046);
#1338=VERTEX_POINT('',#5048);
#1339=VERTEX_POINT('',#5050);
#1340=VERTEX_POINT('',#5052);
#1341=VERTEX_POINT('',#5054);
#1342=VERTEX_POINT('',#5095);
#1343=VERTEX_POINT('',#5097);
#1344=VERTEX_POINT('',#5112);
#1345=VERTEX_POINT('',#5114);
#1346=VERTEX_POINT('',#5117);
#1347=VERTEX_POINT('',#5119);
#1348=VERTEX_POINT('',#5124);
#1349=VERTEX_POINT('',#5128);
#1350=VERTEX_POINT('',#5134);
#1351=VERTEX_POINT('',#5136);
#1352=VERTEX_POINT('',#5140);
#1353=VERTEX_POINT('',#5144);
#1354=VERTEX_POINT('',#5148);
#1355=VERTEX_POINT('',#5155);
#1356=VERTEX_POINT('',#5157);
#1357=VERTEX_POINT('',#5161);
#1358=VERTEX_POINT('',#5165);
#1359=VERTEX_POINT('',#5169);
#1360=VERTEX_POINT('',#5175);
#1361=VERTEX_POINT('',#5177);
#1362=VERTEX_POINT('',#5187);
#1363=VERTEX_POINT('',#5193);
#1364=VERTEX_POINT('',#5205);
#1365=VERTEX_POINT('',#5206);
#1366=VERTEX_POINT('',#5213);
#1367=VERTEX_POINT('',#5214);
#1368=VERTEX_POINT('',#5224);
#1369=VERTEX_POINT('',#5477);
#1370=VERTEX_POINT('',#5479);
#1371=VERTEX_POINT('',#5496);
#1372=VERTEX_POINT('',#5506);
#1373=VERTEX_POINT('',#5519);
#1374=VERTEX_POINT('',#5536);
#1375=VERTEX_POINT('',#5553);
#1376=EDGE_CURVE('',#1109,#1109,#1019,.T.);
#1377=EDGE_CURVE('',#1109,#1110,#531,.T.);
#1378=EDGE_CURVE('',#1111,#1111,#1020,.T.);
#1379=EDGE_CURVE('',#1111,#1109,#532,.T.);
#1380=EDGE_CURVE('',#1112,#1113,#1021,.T.);
#1381=EDGE_CURVE('',#1113,#1114,#533,.T.);
#1382=EDGE_CURVE('',#1114,#1115,#132,.T.);
#1383=EDGE_CURVE('',#1115,#1112,#534,.T.);
#1384=EDGE_CURVE('',#1112,#1116,#1022,.T.);
#1385=EDGE_CURVE('',#1116,#1113,#1023,.T.);
#1386=EDGE_CURVE('',#1117,#1118,#1024,.T.);
#1387=EDGE_CURVE('',#1118,#1116,#535,.T.);
#1388=EDGE_CURVE('',#1112,#1117,#536,.T.);
#1389=EDGE_CURVE('',#1112,#1119,#537,.T.);
#1390=EDGE_CURVE('',#1119,#1120,#538,.T.);
#1391=EDGE_CURVE('',#1117,#1120,#539,.T.);
#1392=EDGE_CURVE('',#1121,#1115,#53,.F.);
#1393=EDGE_CURVE('',#1122,#1121,#540,.T.);
#1394=EDGE_CURVE('',#1122,#1123,#541,.T.);
#1395=EDGE_CURVE('',#1124,#1123,#542,.T.);
#1396=EDGE_CURVE('',#1124,#1119,#54,.F.);
#1397=EDGE_CURVE('',#1114,#1125,#543,.T.);
#1398=EDGE_CURVE('',#1126,#1125,#133,.T.);
#1399=EDGE_CURVE('',#1127,#1126,#134,.T.);
#1400=EDGE_CURVE('',#1127,#1128,#544,.T.);
#1401=EDGE_CURVE('',#1129,#1128,#135,.T.);
#1402=EDGE_CURVE('',#1129,#1130,#545,.T.);
#1403=EDGE_CURVE('',#1130,#1131,#136,.T.);
#1404=EDGE_CURVE('',#1131,#1132,#137,.T.);
#1405=EDGE_CURVE('',#1132,#1133,#546,.T.);
#1406=EDGE_CURVE('',#1133,#1134,#1025,.T.);
#1407=EDGE_CURVE('',#1134,#1121,#547,.T.);
#1408=EDGE_CURVE('',#1135,#1136,#1026,.T.);
#1409=EDGE_CURVE('',#1136,#1137,#548,.T.);
#1410=EDGE_CURVE('',#1137,#1126,#55,.T.);
#1411=EDGE_CURVE('',#1125,#1135,#549,.T.);
#1412=EDGE_CURVE('',#1138,#1136,#1027,.T.);
#1413=EDGE_CURVE('',#1135,#1138,#1028,.T.);
#1414=EDGE_CURVE('',#1139,#1140,#1029,.T.);
#1415=EDGE_CURVE('',#1140,#1136,#550,.T.);
#1416=EDGE_CURVE('',#1138,#1139,#551,.T.);
#1417=EDGE_CURVE('',#1141,#1116,#552,.T.);
#1418=EDGE_CURVE('',#1142,#1141,#553,.T.);
#1419=EDGE_CURVE('',#1138,#1142,#554,.T.);
#1420=EDGE_CURVE('',#1137,#1143,#555,.T.);
#1421=EDGE_CURVE('',#1143,#1144,#56,.F.);
#1422=EDGE_CURVE('',#1144,#1127,#556,.T.);
#1423=EDGE_CURVE('',#1144,#1145,#557,.T.);
#1424=EDGE_CURVE('',#1146,#1145,#558,.F.);
#1425=EDGE_CURVE('',#1147,#1146,#559,.T.);
#1426=EDGE_CURVE('',#1148,#1147,#1030,.T.);
#1427=EDGE_CURVE('',#1149,#1148,#1031,.T.);
#1428=EDGE_CURVE('',#1150,#1149,#560,.T.);
#1429=EDGE_CURVE('',#1151,#1150,#561,.T.);
#1430=EDGE_CURVE('',#1151,#1152,#1032,.T.);
#1431=EDGE_CURVE('',#1153,#1152,#138,.T.);
#1432=EDGE_CURVE('',#1153,#1154,#562,.T.);
#1433=EDGE_CURVE('',#1155,#1154,#1033,.T.);
#1434=EDGE_CURVE('',#1155,#1156,#563,.T.);
#1435=EDGE_CURVE('',#1157,#1156,#1034,.T.);
#1436=EDGE_CURVE('',#1157,#1158,#564,.T.);
#1437=EDGE_CURVE('',#1159,#1158,#1035,.T.);
#1438=EDGE_CURVE('',#1159,#1160,#565,.T.);
#1439=EDGE_CURVE('',#1161,#1160,#1036,.T.);
#1440=EDGE_CURVE('',#1161,#1162,#566,.T.);
#1441=EDGE_CURVE('',#1163,#1162,#139,.T.);
#1442=EDGE_CURVE('',#1163,#1122,#1037,.T.);
#1443=EDGE_CURVE('',#1134,#1164,#567,.T.);
#1444=EDGE_CURVE('',#1164,#1165,#568,.T.);
#1445=EDGE_CURVE('',#1165,#1166,#140,.T.);
#1446=EDGE_CURVE('',#1166,#1167,#141,.T.);
#1447=EDGE_CURVE('',#1167,#1168,#142,.T.);
#1448=EDGE_CURVE('',#1168,#1169,#143,.T.);
#1449=EDGE_CURVE('',#1169,#1170,#144,.T.);
#1450=EDGE_CURVE('',#1170,#1171,#145,.T.);
#1451=EDGE_CURVE('',#1171,#1172,#569,.T.);
#1452=EDGE_CURVE('',#1172,#1173,#570,.T.);
#1453=EDGE_CURVE('',#1173,#1174,#571,.T.);
#1454=EDGE_CURVE('',#1174,#1175,#572,.T.);
#1455=EDGE_CURVE('',#1175,#1176,#573,.T.);
#1456=EDGE_CURVE('',#1176,#1177,#146,.T.);
#1457=EDGE_CURVE('',#1177,#1178,#147,.T.);
#1458=EDGE_CURVE('',#1178,#1179,#148,.T.);
#1459=EDGE_CURVE('',#1179,#1180,#574,.T.);
#1460=EDGE_CURVE('',#1180,#1181,#575,.T.);
#1461=EDGE_CURVE('',#1181,#1182,#576,.T.);
#1462=EDGE_CURVE('',#1182,#1183,#149,.T.);
#1463=EDGE_CURVE('',#1183,#1184,#150,.T.);
#1464=EDGE_CURVE('',#1184,#1185,#151,.T.);
#1465=EDGE_CURVE('',#1185,#1186,#152,.T.);
#1466=EDGE_CURVE('',#1186,#1187,#153,.T.);
#1467=EDGE_CURVE('',#1187,#1130,#154,.T.);
#1468=EDGE_CURVE('',#1128,#1129,#1038,.T.);
#1469=EDGE_CURVE('',#1188,#1189,#577,.T.);
#1470=EDGE_CURVE('',#1189,#1190,#578,.T.);
#1471=EDGE_CURVE('',#1190,#1191,#579,.T.);
#1472=EDGE_CURVE('',#1191,#1188,#580,.T.);
#1473=EDGE_CURVE('',#1192,#1192,#1039,.T.);
#1474=EDGE_CURVE('',#1193,#1194,#1040,.T.);
#1475=EDGE_CURVE('',#1194,#1195,#581,.T.);
#1476=EDGE_CURVE('',#1195,#1196,#1041,.F.);
#1477=EDGE_CURVE('',#1196,#1193,#582,.T.);
#1478=EDGE_CURVE('',#1197,#1195,#583,.T.);
#1479=EDGE_CURVE('',#1198,#1194,#584,.T.);
#1480=EDGE_CURVE('',#1198,#1199,#585,.T.);
#1481=EDGE_CURVE('',#1199,#1200,#586,.T.);
#1482=EDGE_CURVE('',#1201,#1200,#587,.T.);
#1483=EDGE_CURVE('',#1202,#1201,#588,.T.);
#1484=EDGE_CURVE('',#1202,#1203,#589,.T.);
#1485=EDGE_CURVE('',#1203,#1204,#590,.T.);
#1486=EDGE_CURVE('',#1204,#1205,#591,.T.);
#1487=EDGE_CURVE('',#1205,#1206,#592,.T.);
#1488=EDGE_CURVE('',#1197,#1206,#593,.T.);
#1489=EDGE_CURVE('',#1193,#1207,#1042,.T.);
#1490=EDGE_CURVE('',#1208,#1207,#1043,.T.);
#1491=EDGE_CURVE('',#1208,#1209,#1044,.T.);
#1492=EDGE_CURVE('',#1209,#1210,#594,.T.);
#1493=EDGE_CURVE('',#1210,#1211,#1045,.T.);
#1494=EDGE_CURVE('',#1212,#1211,#595,.T.);
#1495=EDGE_CURVE('',#1198,#1212,#1046,.T.);
#1496=EDGE_CURVE('',#1207,#1213,#596,.T.);
#1497=EDGE_CURVE('',#1214,#1213,#1047,.T.);
#1498=EDGE_CURVE('',#1214,#1208,#597,.T.);
#1499=EDGE_CURVE('',#1214,#1215,#598,.T.);
#1500=EDGE_CURVE('',#1215,#1216,#599,.T.);
#1501=EDGE_CURVE('',#1217,#1216,#600,.T.);
#1502=EDGE_CURVE('',#1218,#1217,#601,.T.);
#1503=EDGE_CURVE('',#1218,#1219,#602,.T.);
#1504=EDGE_CURVE('',#1220,#1219,#603,.T.);
#1505=EDGE_CURVE('',#1220,#1221,#604,.T.);
#1506=EDGE_CURVE('',#1221,#1214,#605,.T.);
#1507=EDGE_CURVE('',#1142,#1222,#606,.T.);
#1508=EDGE_CURVE('',#1139,#1222,#607,.T.);
#1509=EDGE_CURVE('',#1223,#1140,#608,.T.);
#1510=EDGE_CURVE('',#1224,#1223,#609,.T.);
#1511=EDGE_CURVE('',#1224,#1136,#610,.T.);
#1512=EDGE_CURVE('',#1225,#1224,#611,.T.);
#1513=EDGE_CURVE('',#1226,#1223,#612,.T.);
#1514=EDGE_CURVE('',#1225,#1226,#613,.T.);
#1515=EDGE_CURVE('',#1222,#1226,#614,.T.);
#1516=EDGE_CURVE('',#1227,#1142,#615,.T.);
#1517=EDGE_CURVE('',#1141,#1228,#616,.T.);
#1518=EDGE_CURVE('',#1228,#1227,#617,.T.);
#1519=EDGE_CURVE('',#1229,#1118,#618,.T.);
#1520=EDGE_CURVE('',#1141,#1229,#619,.T.);
#1521=EDGE_CURVE('',#1119,#1230,#620,.T.);
#1522=EDGE_CURVE('',#1230,#1231,#621,.T.);
#1523=EDGE_CURVE('',#1120,#1231,#622,.T.);
#1524=EDGE_CURVE('',#1231,#1229,#623,.T.);
#1525=EDGE_CURVE('',#1232,#1233,#155,.T.);
#1526=EDGE_CURVE('',#1232,#1234,#156,.T.);
#1527=EDGE_CURVE('',#1234,#1235,#624,.T.);
#1528=EDGE_CURVE('',#1236,#1235,#157,.T.);
#1529=EDGE_CURVE('',#1236,#1233,#625,.T.);
#1530=EDGE_CURVE('',#1237,#1238,#1048,.T.);
#1531=EDGE_CURVE('',#1238,#1239,#1049,.T.);
#1532=EDGE_CURVE('',#1239,#1240,#1050,.T.);
#1533=EDGE_CURVE('',#1240,#1241,#158,.T.);
#1534=EDGE_CURVE('',#1241,#1237,#159,.T.);
#1535=EDGE_CURVE('',#1242,#1243,#1051,.T.);
#1536=EDGE_CURVE('',#1243,#1239,#626,.T.);
#1537=EDGE_CURVE('',#1238,#1242,#627,.T.);
#1538=EDGE_CURVE('',#1233,#1243,#1052,.T.);
#1539=EDGE_CURVE('',#1242,#1244,#1053,.T.);
#1540=EDGE_CURVE('',#1244,#1232,#160,.T.);
#1541=EDGE_CURVE('',#1235,#1241,#1054,.T.);
#1542=EDGE_CURVE('',#1240,#1236,#1055,.T.);
#1543=EDGE_CURVE('',#1242,#1245,#628,.T.);
#1544=EDGE_CURVE('',#1245,#1220,#1056,.T.);
#1545=EDGE_CURVE('',#1219,#1246,#1057,.T.);
#1546=EDGE_CURVE('',#1246,#1244,#629,.T.);
#1547=EDGE_CURVE('',#1247,#1238,#630,.T.);
#1548=EDGE_CURVE('',#1247,#1245,#631,.T.);
#1549=EDGE_CURVE('',#1237,#1248,#161,.T.);
#1550=EDGE_CURVE('',#1249,#1248,#632,.T.);
#1551=EDGE_CURVE('',#1249,#1197,#1058,.T.);
#1552=EDGE_CURVE('',#1206,#1247,#1059,.T.);
#1553=EDGE_CURVE('',#1235,#1216,#162,.T.);
#1554=EDGE_CURVE('',#1216,#1248,#1060,.T.);
#1555=EDGE_CURVE('',#1234,#1217,#57,.T.);
#1556=EDGE_CURVE('',#1249,#1215,#1061,.T.);
#1557=EDGE_CURVE('',#1218,#1246,#1062,.T.);
#1558=EDGE_CURVE('',#1213,#1196,#1063,.T.);
#1559=EDGE_CURVE('',#1250,#1212,#633,.T.);
#1560=EDGE_CURVE('',#1199,#1250,#1064,.T.);
#1561=EDGE_CURVE('',#1251,#1252,#634,.T.);
#1562=EDGE_CURVE('',#1253,#1252,#163,.T.);
#1563=EDGE_CURVE('',#1254,#1253,#164,.T.);
#1564=EDGE_CURVE('',#1255,#1254,#165,.T.);
#1565=EDGE_CURVE('',#1251,#1255,#166,.T.);
#1566=EDGE_CURVE('',#1211,#1256,#635,.T.);
#1567=EDGE_CURVE('',#1257,#1256,#636,.T.);
#1568=EDGE_CURVE('',#1258,#1257,#637,.T.);
#1569=EDGE_CURVE('',#1258,#1259,#638,.T.);
#1570=EDGE_CURVE('',#1260,#1259,#1065,.T.);
#1571=EDGE_CURVE('',#1260,#1261,#639,.T.);
#1572=EDGE_CURVE('',#1261,#1262,#1066,.T.);
#1573=EDGE_CURVE('',#1262,#1263,#640,.T.);
#1574=EDGE_CURVE('',#1263,#1264,#641,.T.);
#1575=EDGE_CURVE('',#1264,#1265,#1067,.T.);
#1576=EDGE_CURVE('',#1265,#1266,#642,.T.);
#1577=EDGE_CURVE('',#1266,#1267,#1068,.T.);
#1578=EDGE_CURVE('',#1267,#1268,#643,.T.);
#1579=EDGE_CURVE('',#1268,#1269,#644,.T.);
#1580=EDGE_CURVE('',#1269,#1270,#1069,.T.);
#1581=EDGE_CURVE('',#1270,#1271,#1070,.T.);
#1582=EDGE_CURVE('',#1272,#1271,#1071,.T.);
#1583=EDGE_CURVE('',#1272,#1273,#645,.T.);
#1584=EDGE_CURVE('',#1273,#1274,#646,.T.);
#1585=EDGE_CURVE('',#1274,#1124,#647,.T.);
#1586=EDGE_CURVE('',#1123,#1275,#1072,.T.);
#1587=EDGE_CURVE('',#1276,#1275,#167,.T.);
#1588=EDGE_CURVE('',#1276,#1277,#648,.T.);
#1589=EDGE_CURVE('',#1278,#1277,#1073,.T.);
#1590=EDGE_CURVE('',#1278,#1279,#649,.T.);
#1591=EDGE_CURVE('',#1280,#1279,#1074,.T.);
#1592=EDGE_CURVE('',#1280,#1281,#650,.T.);
#1593=EDGE_CURVE('',#1282,#1281,#1075,.T.);
#1594=EDGE_CURVE('',#1282,#1283,#651,.T.);
#1595=EDGE_CURVE('',#1284,#1283,#1076,.T.);
#1596=EDGE_CURVE('',#1284,#1285,#652,.T.);
#1597=EDGE_CURVE('',#1286,#1285,#168,.T.);
#1598=EDGE_CURVE('',#1287,#1286,#653,.T.);
#1599=EDGE_CURVE('',#1288,#1287,#654,.T.);
#1600=EDGE_CURVE('',#1288,#1250,#655,.T.);
#1601=EDGE_CURVE('',#1289,#1289,#1077,.T.);
#1602=EDGE_CURVE('',#1290,#1210,#656,.T.);
#1603=EDGE_CURVE('',#1290,#1256,#1078,.T.);
#1604=EDGE_CURVE('',#1291,#1209,#657,.T.);
#1605=EDGE_CURVE('',#1290,#1291,#658,.T.);
#1606=EDGE_CURVE('',#1221,#1291,#1079,.T.);
#1607=EDGE_CURVE('',#1292,#1205,#659,.T.);
#1608=EDGE_CURVE('',#1293,#1292,#660,.T.);
#1609=EDGE_CURVE('',#1257,#1293,#661,.T.);
#1610=EDGE_CURVE('',#1294,#1288,#662,.T.);
#1611=EDGE_CURVE('',#1295,#1294,#663,.T.);
#1612=EDGE_CURVE('',#1200,#1295,#664,.T.);
#1613=EDGE_CURVE('',#1147,#1149,#169,.T.);
#1614=EDGE_CURVE('',#1148,#1296,#1080,.T.);
#1615=EDGE_CURVE('',#1296,#1297,#1081,.T.);
#1616=EDGE_CURVE('',#1297,#1296,#1082,.T.);
#1617=EDGE_CURVE('',#1146,#1295,#58,.F.);
#1618=EDGE_CURVE('',#1294,#1150,#1083,.T.);
#1619=EDGE_CURVE('',#1297,#1298,#665,.T.);
#1620=EDGE_CURVE('',#1298,#1299,#1084,.T.);
#1621=EDGE_CURVE('',#1300,#1299,#170,.T.);
#1622=EDGE_CURVE('',#1301,#1300,#171,.T.);
#1623=EDGE_CURVE('',#1302,#1301,#172,.T.);
#1624=EDGE_CURVE('',#1302,#1303,#1085,.T.);
#1625=EDGE_CURVE('',#1304,#1303,#173,.T.);
#1626=EDGE_CURVE('',#1305,#1304,#174,.F.);
#1627=EDGE_CURVE('',#1305,#1298,#1086,.T.);
#1628=EDGE_CURVE('',#1253,#1303,#1087,.T.);
#1629=EDGE_CURVE('',#1302,#1254,#1088,.T.);
#1630=EDGE_CURVE('',#1252,#1304,#175,.F.);
#1631=EDGE_CURVE('',#1255,#1302,#176,.F.);
#1632=EDGE_CURVE('',#1300,#1251,#177,.T.);
#1633=EDGE_CURVE('',#1299,#1305,#666,.T.);
#1634=EDGE_CURVE('',#1151,#1287,#15,.T.);
#1635=EDGE_CURVE('',#1306,#1286,#178,.T.);
#1636=EDGE_CURVE('',#1287,#1306,#16,.T.);
#1637=EDGE_CURVE('',#1307,#1293,#667,.T.);
#1638=EDGE_CURVE('',#1258,#1307,#668,.T.);
#1639=EDGE_CURVE('',#1202,#1143,#669,.T.);
#1640=EDGE_CURVE('',#1145,#1201,#670,.F.);
#1641=EDGE_CURVE('',#1292,#1308,#671,.T.);
#1642=EDGE_CURVE('',#1308,#1309,#672,.T.);
#1643=EDGE_CURVE('',#1309,#1310,#673,.T.);
#1644=EDGE_CURVE('',#1310,#1311,#674,.T.);
#1645=EDGE_CURVE('',#1311,#1312,#179,.T.);
#1646=EDGE_CURVE('',#1312,#1313,#180,.T.);
#1647=EDGE_CURVE('',#1313,#1314,#181,.T.);
#1648=EDGE_CURVE('',#1314,#1315,#182,.T.);
#1649=EDGE_CURVE('',#1315,#1316,#183,.T.);
#1650=EDGE_CURVE('',#1316,#1317,#184,.T.);
#1651=EDGE_CURVE('',#1317,#1318,#185,.T.);
#1652=EDGE_CURVE('',#1318,#1319,#675,.T.);
#1653=EDGE_CURVE('',#1319,#1320,#676,.T.);
#1654=EDGE_CURVE('',#1320,#1321,#677,.T.);
#1655=EDGE_CURVE('',#1321,#1322,#186,.T.);
#1656=EDGE_CURVE('',#1322,#1323,#187,.T.);
#1657=EDGE_CURVE('',#1323,#1324,#188,.T.);
#1658=EDGE_CURVE('',#1324,#1325,#678,.T.);
#1659=EDGE_CURVE('',#1325,#1326,#679,.T.);
#1660=EDGE_CURVE('',#1326,#1327,#680,.T.);
#1661=EDGE_CURVE('',#1327,#1328,#681,.T.);
#1662=EDGE_CURVE('',#1328,#1329,#682,.T.);
#1663=EDGE_CURVE('',#1329,#1330,#1089,.T.);
#1664=EDGE_CURVE('',#1330,#1331,#1090,.T.);
#1665=EDGE_CURVE('',#1331,#1332,#1091,.T.);
#1666=EDGE_CURVE('',#1332,#1333,#683,.T.);
#1667=EDGE_CURVE('',#1334,#1333,#1092,.F.);
#1668=EDGE_CURVE('',#1334,#1307,#684,.T.);
#1669=EDGE_CURVE('',#1335,#1335,#1093,.T.);
#1670=EDGE_CURVE('',#1336,#1337,#685,.T.);
#1671=EDGE_CURVE('',#1338,#1336,#686,.T.);
#1672=EDGE_CURVE('',#1339,#1338,#687,.T.);
#1673=EDGE_CURVE('',#1339,#1340,#688,.T.);
#1674=EDGE_CURVE('',#1340,#1341,#689,.T.);
#1675=EDGE_CURVE('',#1341,#1337,#690,.T.);
#1676=EDGE_CURVE('',#1285,#1153,#189,.T.);
#1677=EDGE_CURVE('',#1152,#1306,#190,.T.);
#1678=EDGE_CURVE('',#1204,#1225,#1094,.T.);
#1679=EDGE_CURVE('',#1308,#1227,#691,.T.);
#1680=EDGE_CURVE('',#1259,#1334,#692,.T.);
#1681=EDGE_CURVE('',#1172,#1342,#693,.T.);
#1682=EDGE_CURVE('',#1342,#1343,#694,.T.);
#1683=EDGE_CURVE('',#1343,#1164,#695,.T.);
#1684=EDGE_CURVE('',#1310,#1133,#696,.T.);
#1685=EDGE_CURVE('',#1309,#1228,#697,.T.);
#1686=EDGE_CURVE('',#1230,#1274,#1095,.T.);
#1687=EDGE_CURVE('',#1328,#1273,#698,.T.);
#1688=EDGE_CURVE('',#1327,#1173,#699,.T.);
#1689=EDGE_CURVE('',#1279,#1159,#700,.T.);
#1690=EDGE_CURVE('',#1160,#1278,#701,.T.);
#1691=EDGE_CURVE('',#1156,#1282,#702,.T.);
#1692=EDGE_CURVE('',#1283,#1155,#703,.T.);
#1693=EDGE_CURVE('',#1344,#1189,#704,.T.);
#1694=EDGE_CURVE('',#1345,#1188,#705,.T.);
#1695=EDGE_CURVE('',#1337,#1345,#706,.F.);
#1696=EDGE_CURVE('',#1337,#1346,#707,.T.);
#1697=EDGE_CURVE('',#1347,#1346,#708,.T.);
#1698=EDGE_CURVE('',#1339,#1347,#709,.T.);
#1699=EDGE_CURVE('',#1344,#1339,#710,.F.);
#1700=EDGE_CURVE('',#1348,#1344,#711,.T.);
#1701=EDGE_CURVE('',#1348,#1190,#712,.T.);
#1702=EDGE_CURVE('',#1349,#1348,#713,.T.);
#1703=EDGE_CURVE('',#1349,#1191,#714,.T.);
#1704=EDGE_CURVE('',#1345,#1349,#715,.T.);
#1705=EDGE_CURVE('',#1267,#1350,#716,.T.);
#1706=EDGE_CURVE('',#1351,#1266,#717,.T.);
#1707=EDGE_CURVE('',#1351,#1350,#1096,.T.);
#1708=EDGE_CURVE('',#1268,#1352,#718,.T.);
#1709=EDGE_CURVE('',#1350,#1352,#719,.T.);
#1710=EDGE_CURVE('',#1269,#1353,#720,.T.);
#1711=EDGE_CURVE('',#1352,#1353,#721,.T.);
#1712=EDGE_CURVE('',#1270,#1354,#722,.T.);
#1713=EDGE_CURVE('',#1353,#1354,#1097,.T.);
#1714=EDGE_CURVE('',#1329,#1272,#723,.T.);
#1715=EDGE_CURVE('',#1262,#1355,#724,.T.);
#1716=EDGE_CURVE('',#1261,#1356,#725,.T.);
#1717=EDGE_CURVE('',#1356,#1355,#1098,.T.);
#1718=EDGE_CURVE('',#1263,#1357,#726,.T.);
#1719=EDGE_CURVE('',#1355,#1357,#727,.T.);
#1720=EDGE_CURVE('',#1264,#1358,#728,.T.);
#1721=EDGE_CURVE('',#1357,#1358,#729,.T.);
#1722=EDGE_CURVE('',#1265,#1359,#730,.T.);
#1723=EDGE_CURVE('',#1358,#1359,#1099,.T.);
#1724=EDGE_CURVE('',#1359,#1351,#731,.T.);
#1725=EDGE_CURVE('',#1346,#1360,#732,.T.);
#1726=EDGE_CURVE('',#1360,#1361,#733,.T.);
#1727=EDGE_CURVE('',#1361,#1347,#734,.T.);
#1728=EDGE_CURVE('',#1341,#1360,#735,.T.);
#1729=EDGE_CURVE('',#1340,#1361,#736,.T.);
#1730=EDGE_CURVE('',#1333,#1260,#737,.T.);
#1731=EDGE_CURVE('',#1332,#1362,#738,.T.);
#1732=EDGE_CURVE('',#1362,#1356,#739,.T.);
#1733=EDGE_CURVE('',#1271,#1330,#740,.T.);
#1734=EDGE_CURVE('',#1354,#1363,#1100,.T.);
#1735=EDGE_CURVE('',#1331,#1363,#741,.T.);
#1736=EDGE_CURVE('',#1363,#1362,#1101,.T.);
#1737=EDGE_CURVE('',#1224,#1203,#59,.F.);
#1738=EDGE_CURVE('',#1364,#1365,#1102,.T.);
#1739=EDGE_CURVE('',#1364,#1289,#742,.T.);
#1740=EDGE_CURVE('',#1365,#1364,#1103,.T.);
#1741=EDGE_CURVE('',#1192,#1365,#1104,.T.);
#1742=EDGE_CURVE('',#1366,#1367,#191,.T.);
#1743=EDGE_CURVE('',#1368,#1366,#1105,.T.);
#1744=EDGE_CURVE('',#1368,#1335,#743,.T.);
#1745=EDGE_CURVE('',#1367,#1368,#1106,.T.);
#1746=EDGE_CURVE('',#1128,#1366,#1107,.T.);
#1747=EDGE_CURVE('',#1367,#1129,#1108,.T.);
#1748=EDGE_CURVE('',#1277,#1161,#744,.T.);
#1749=EDGE_CURVE('',#1154,#1284,#745,.T.);
#1750=EDGE_CURVE('',#1281,#1157,#746,.T.);
#1751=EDGE_CURVE('',#1158,#1280,#747,.T.);
#1752=EDGE_CURVE('',#1348,#1338,#748,.T.);
#1753=EDGE_CURVE('',#1349,#1336,#749,.T.);
#1754=EDGE_CURVE('',#1275,#1163,#192,.T.);
#1755=EDGE_CURVE('',#1162,#1276,#193,.T.);
#1756=EDGE_CURVE('',#1326,#1174,#750,.T.);
#1757=EDGE_CURVE('',#1319,#1181,#751,.T.);
#1758=EDGE_CURVE('',#1318,#1182,#752,.T.);
#1759=EDGE_CURVE('',#1320,#1180,#753,.T.);
#1760=EDGE_CURVE('',#1321,#1179,#754,.T.);
#1761=EDGE_CURVE('',#1322,#1178,#755,.T.);
#1762=EDGE_CURVE('',#1323,#1177,#756,.T.);
#1763=EDGE_CURVE('',#1324,#1176,#757,.T.);
#1764=EDGE_CURVE('',#1325,#1175,#758,.T.);
#1765=EDGE_CURVE('',#1311,#1132,#759,.T.);
#1766=EDGE_CURVE('',#1312,#1131,#760,.T.);
#1767=EDGE_CURVE('',#1313,#1187,#761,.T.);
#1768=EDGE_CURVE('',#1314,#1186,#762,.T.);
#1769=EDGE_CURVE('',#1315,#1185,#763,.T.);
#1770=EDGE_CURVE('',#1316,#1184,#764,.T.);
#1771=EDGE_CURVE('',#1317,#1183,#765,.T.);
#1772=EDGE_CURVE('',#1369,#1169,#766,.T.);
#1773=EDGE_CURVE('',#1370,#1369,#194,.T.);
#1774=EDGE_CURVE('',#1370,#1170,#767,.T.);
#1775=EDGE_CURVE('',#1371,#1370,#195,.T.);
#1776=EDGE_CURVE('',#1371,#1171,#768,.T.);
#1777=EDGE_CURVE('',#1342,#1371,#769,.T.);
#1778=EDGE_CURVE('',#1343,#1372,#770,.T.);
#1779=EDGE_CURVE('',#1372,#1165,#771,.T.);
#1780=EDGE_CURVE('',#1373,#1372,#196,.T.);
#1781=EDGE_CURVE('',#1373,#1166,#772,.T.);
#1782=EDGE_CURVE('',#1374,#1373,#197,.T.);
#1783=EDGE_CURVE('',#1374,#1167,#773,.T.);
#1784=EDGE_CURVE('',#1375,#1374,#198,.T.);
#1785=EDGE_CURVE('',#1375,#1168,#774,.T.);
#1786=EDGE_CURVE('',#1369,#1375,#199,.T.);
#1787=ORIENTED_EDGE('',*,*,#1376,.F.);
#1788=ORIENTED_EDGE('',*,*,#1377,.T.);
#1789=ORIENTED_EDGE('',*,*,#1377,.F.);
#1790=ORIENTED_EDGE('',*,*,#1378,.F.);
#1791=ORIENTED_EDGE('',*,*,#1379,.T.);
#1792=ORIENTED_EDGE('',*,*,#1376,.T.);
#1793=ORIENTED_EDGE('',*,*,#1379,.F.);
#1794=ORIENTED_EDGE('',*,*,#1380,.T.);
#1795=ORIENTED_EDGE('',*,*,#1381,.T.);
#1796=ORIENTED_EDGE('',*,*,#1382,.T.);
#1797=ORIENTED_EDGE('',*,*,#1383,.T.);
#1798=ORIENTED_EDGE('',*,*,#1384,.T.);
#1799=ORIENTED_EDGE('',*,*,#1385,.T.);
#1800=ORIENTED_EDGE('',*,*,#1380,.F.);
#1801=ORIENTED_EDGE('',*,*,#1386,.T.);
#1802=ORIENTED_EDGE('',*,*,#1387,.T.);
#1803=ORIENTED_EDGE('',*,*,#1384,.F.);
#1804=ORIENTED_EDGE('',*,*,#1388,.T.);
#1805=ORIENTED_EDGE('',*,*,#1388,.F.);
#1806=ORIENTED_EDGE('',*,*,#1389,.T.);
#1807=ORIENTED_EDGE('',*,*,#1390,.T.);
#1808=ORIENTED_EDGE('',*,*,#1391,.F.);
#1809=ORIENTED_EDGE('',*,*,#1383,.F.);
#1810=ORIENTED_EDGE('',*,*,#1392,.F.);
#1811=ORIENTED_EDGE('',*,*,#1393,.F.);
#1812=ORIENTED_EDGE('',*,*,#1394,.T.);
#1813=ORIENTED_EDGE('',*,*,#1395,.F.);
#1814=ORIENTED_EDGE('',*,*,#1396,.T.);
#1815=ORIENTED_EDGE('',*,*,#1389,.F.);
#1816=ORIENTED_EDGE('',*,*,#1382,.F.);
#1817=ORIENTED_EDGE('',*,*,#1397,.T.);
#1818=ORIENTED_EDGE('',*,*,#1398,.F.);
#1819=ORIENTED_EDGE('',*,*,#1399,.F.);
#1820=ORIENTED_EDGE('',*,*,#1400,.T.);
#1821=ORIENTED_EDGE('',*,*,#1401,.F.);
#1822=ORIENTED_EDGE('',*,*,#1402,.T.);
#1823=ORIENTED_EDGE('',*,*,#1403,.T.);
#1824=ORIENTED_EDGE('',*,*,#1404,.T.);
#1825=ORIENTED_EDGE('',*,*,#1405,.T.);
#1826=ORIENTED_EDGE('',*,*,#1406,.T.);
#1827=ORIENTED_EDGE('',*,*,#1407,.T.);
#1828=ORIENTED_EDGE('',*,*,#1392,.T.);
#1829=ORIENTED_EDGE('',*,*,#1408,.T.);
#1830=ORIENTED_EDGE('',*,*,#1409,.T.);
#1831=ORIENTED_EDGE('',*,*,#1410,.T.);
#1832=ORIENTED_EDGE('',*,*,#1398,.T.);
#1833=ORIENTED_EDGE('',*,*,#1411,.T.);
#1834=ORIENTED_EDGE('',*,*,#1412,.T.);
#1835=ORIENTED_EDGE('',*,*,#1408,.F.);
#1836=ORIENTED_EDGE('',*,*,#1413,.T.);
#1837=ORIENTED_EDGE('',*,*,#1414,.T.);
#1838=ORIENTED_EDGE('',*,*,#1415,.T.);
#1839=ORIENTED_EDGE('',*,*,#1412,.F.);
#1840=ORIENTED_EDGE('',*,*,#1416,.T.);
#1841=ORIENTED_EDGE('',*,*,#1385,.F.);
#1842=ORIENTED_EDGE('',*,*,#1417,.F.);
#1843=ORIENTED_EDGE('',*,*,#1418,.F.);
#1844=ORIENTED_EDGE('',*,*,#1419,.F.);
#1845=ORIENTED_EDGE('',*,*,#1413,.F.);
#1846=ORIENTED_EDGE('',*,*,#1411,.F.);
#1847=ORIENTED_EDGE('',*,*,#1397,.F.);
#1848=ORIENTED_EDGE('',*,*,#1381,.F.);
#1849=ORIENTED_EDGE('',*,*,#1410,.F.);
#1850=ORIENTED_EDGE('',*,*,#1420,.T.);
#1851=ORIENTED_EDGE('',*,*,#1421,.T.);
#1852=ORIENTED_EDGE('',*,*,#1422,.T.);
#1853=ORIENTED_EDGE('',*,*,#1399,.T.);
#1854=ORIENTED_EDGE('',*,*,#1422,.F.);
#1855=ORIENTED_EDGE('',*,*,#1423,.T.);
#1856=ORIENTED_EDGE('',*,*,#1424,.F.);
#1857=ORIENTED_EDGE('',*,*,#1425,.F.);
#1858=ORIENTED_EDGE('',*,*,#1426,.F.);
#1859=ORIENTED_EDGE('',*,*,#1427,.F.);
#1860=ORIENTED_EDGE('',*,*,#1428,.F.);
#1861=ORIENTED_EDGE('',*,*,#1429,.F.);
#1862=ORIENTED_EDGE('',*,*,#1430,.T.);
#1863=ORIENTED_EDGE('',*,*,#1431,.F.);
#1864=ORIENTED_EDGE('',*,*,#1432,.T.);
#1865=ORIENTED_EDGE('',*,*,#1433,.F.);
#1866=ORIENTED_EDGE('',*,*,#1434,.T.);
#1867=ORIENTED_EDGE('',*,*,#1435,.F.);
#1868=ORIENTED_EDGE('',*,*,#1436,.T.);
#1869=ORIENTED_EDGE('',*,*,#1437,.F.);
#1870=ORIENTED_EDGE('',*,*,#1438,.T.);
#1871=ORIENTED_EDGE('',*,*,#1439,.F.);
#1872=ORIENTED_EDGE('',*,*,#1440,.T.);
#1873=ORIENTED_EDGE('',*,*,#1441,.F.);
#1874=ORIENTED_EDGE('',*,*,#1442,.T.);
#1875=ORIENTED_EDGE('',*,*,#1393,.T.);
#1876=ORIENTED_EDGE('',*,*,#1407,.F.);
#1877=ORIENTED_EDGE('',*,*,#1443,.T.);
#1878=ORIENTED_EDGE('',*,*,#1444,.T.);
#1879=ORIENTED_EDGE('',*,*,#1445,.T.);
#1880=ORIENTED_EDGE('',*,*,#1446,.T.);
#1881=ORIENTED_EDGE('',*,*,#1447,.T.);
#1882=ORIENTED_EDGE('',*,*,#1448,.T.);
#1883=ORIENTED_EDGE('',*,*,#1449,.T.);
#1884=ORIENTED_EDGE('',*,*,#1450,.T.);
#1885=ORIENTED_EDGE('',*,*,#1451,.T.);
#1886=ORIENTED_EDGE('',*,*,#1452,.T.);
#1887=ORIENTED_EDGE('',*,*,#1453,.T.);
#1888=ORIENTED_EDGE('',*,*,#1454,.T.);
#1889=ORIENTED_EDGE('',*,*,#1455,.T.);
#1890=ORIENTED_EDGE('',*,*,#1456,.T.);
#1891=ORIENTED_EDGE('',*,*,#1457,.T.);
#1892=ORIENTED_EDGE('',*,*,#1458,.T.);
#1893=ORIENTED_EDGE('',*,*,#1459,.T.);
#1894=ORIENTED_EDGE('',*,*,#1460,.T.);
#1895=ORIENTED_EDGE('',*,*,#1461,.T.);
#1896=ORIENTED_EDGE('',*,*,#1462,.T.);
#1897=ORIENTED_EDGE('',*,*,#1463,.T.);
#1898=ORIENTED_EDGE('',*,*,#1464,.T.);
#1899=ORIENTED_EDGE('',*,*,#1465,.T.);
#1900=ORIENTED_EDGE('',*,*,#1466,.T.);
#1901=ORIENTED_EDGE('',*,*,#1467,.T.);
#1902=ORIENTED_EDGE('',*,*,#1402,.F.);
#1903=ORIENTED_EDGE('',*,*,#1468,.F.);
#1904=ORIENTED_EDGE('',*,*,#1400,.F.);
#1905=ORIENTED_EDGE('',*,*,#1469,.T.);
#1906=ORIENTED_EDGE('',*,*,#1470,.T.);
#1907=ORIENTED_EDGE('',*,*,#1471,.T.);
#1908=ORIENTED_EDGE('',*,*,#1472,.T.);
#1909=ORIENTED_EDGE('',*,*,#1473,.F.);
#1910=ORIENTED_EDGE('',*,*,#1474,.T.);
#1911=ORIENTED_EDGE('',*,*,#1475,.T.);
#1912=ORIENTED_EDGE('',*,*,#1476,.T.);
#1913=ORIENTED_EDGE('',*,*,#1477,.T.);
#1914=ORIENTED_EDGE('',*,*,#1478,.T.);
#1915=ORIENTED_EDGE('',*,*,#1475,.F.);
#1916=ORIENTED_EDGE('',*,*,#1479,.F.);
#1917=ORIENTED_EDGE('',*,*,#1480,.T.);
#1918=ORIENTED_EDGE('',*,*,#1481,.T.);
#1919=ORIENTED_EDGE('',*,*,#1482,.F.);
#1920=ORIENTED_EDGE('',*,*,#1483,.F.);
#1921=ORIENTED_EDGE('',*,*,#1484,.T.);
#1922=ORIENTED_EDGE('',*,*,#1485,.T.);
#1923=ORIENTED_EDGE('',*,*,#1486,.T.);
#1924=ORIENTED_EDGE('',*,*,#1487,.T.);
#1925=ORIENTED_EDGE('',*,*,#1488,.F.);
#1926=ORIENTED_EDGE('',*,*,#1474,.F.);
#1927=ORIENTED_EDGE('',*,*,#1489,.T.);
#1928=ORIENTED_EDGE('',*,*,#1490,.F.);
#1929=ORIENTED_EDGE('',*,*,#1491,.T.);
#1930=ORIENTED_EDGE('',*,*,#1492,.T.);
#1931=ORIENTED_EDGE('',*,*,#1493,.T.);
#1932=ORIENTED_EDGE('',*,*,#1494,.F.);
#1933=ORIENTED_EDGE('',*,*,#1495,.F.);
#1934=ORIENTED_EDGE('',*,*,#1479,.T.);
#1935=ORIENTED_EDGE('',*,*,#1490,.T.);
#1936=ORIENTED_EDGE('',*,*,#1496,.T.);
#1937=ORIENTED_EDGE('',*,*,#1497,.F.);
#1938=ORIENTED_EDGE('',*,*,#1498,.T.);
#1939=ORIENTED_EDGE('',*,*,#1499,.T.);
#1940=ORIENTED_EDGE('',*,*,#1500,.T.);
#1941=ORIENTED_EDGE('',*,*,#1501,.F.);
#1942=ORIENTED_EDGE('',*,*,#1502,.F.);
#1943=ORIENTED_EDGE('',*,*,#1503,.T.);
#1944=ORIENTED_EDGE('',*,*,#1504,.F.);
#1945=ORIENTED_EDGE('',*,*,#1505,.T.);
#1946=ORIENTED_EDGE('',*,*,#1506,.T.);
#1947=ORIENTED_EDGE('',*,*,#1416,.F.);
#1948=ORIENTED_EDGE('',*,*,#1419,.T.);
#1949=ORIENTED_EDGE('',*,*,#1507,.T.);
#1950=ORIENTED_EDGE('',*,*,#1508,.F.);
#1951=ORIENTED_EDGE('',*,*,#1415,.F.);
#1952=ORIENTED_EDGE('',*,*,#1509,.F.);
#1953=ORIENTED_EDGE('',*,*,#1510,.F.);
#1954=ORIENTED_EDGE('',*,*,#1511,.T.);
#1955=ORIENTED_EDGE('',*,*,#1512,.T.);
#1956=ORIENTED_EDGE('',*,*,#1510,.T.);
#1957=ORIENTED_EDGE('',*,*,#1513,.F.);
#1958=ORIENTED_EDGE('',*,*,#1514,.F.);
#1959=ORIENTED_EDGE('',*,*,#1414,.F.);
#1960=ORIENTED_EDGE('',*,*,#1508,.T.);
#1961=ORIENTED_EDGE('',*,*,#1515,.T.);
#1962=ORIENTED_EDGE('',*,*,#1513,.T.);
#1963=ORIENTED_EDGE('',*,*,#1509,.T.);
#1964=ORIENTED_EDGE('',*,*,#1516,.T.);
#1965=ORIENTED_EDGE('',*,*,#1418,.T.);
#1966=ORIENTED_EDGE('',*,*,#1517,.T.);
#1967=ORIENTED_EDGE('',*,*,#1518,.T.);
#1968=ORIENTED_EDGE('',*,*,#1387,.F.);
#1969=ORIENTED_EDGE('',*,*,#1519,.F.);
#1970=ORIENTED_EDGE('',*,*,#1520,.F.);
#1971=ORIENTED_EDGE('',*,*,#1417,.T.);
#1972=ORIENTED_EDGE('',*,*,#1521,.T.);
#1973=ORIENTED_EDGE('',*,*,#1522,.T.);
#1974=ORIENTED_EDGE('',*,*,#1523,.F.);
#1975=ORIENTED_EDGE('',*,*,#1390,.F.);
#1976=ORIENTED_EDGE('',*,*,#1386,.F.);
#1977=ORIENTED_EDGE('',*,*,#1391,.T.);
#1978=ORIENTED_EDGE('',*,*,#1523,.T.);
#1979=ORIENTED_EDGE('',*,*,#1524,.T.);
#1980=ORIENTED_EDGE('',*,*,#1519,.T.);
#1981=ORIENTED_EDGE('',*,*,#1525,.F.);
#1982=ORIENTED_EDGE('',*,*,#1526,.T.);
#1983=ORIENTED_EDGE('',*,*,#1527,.T.);
#1984=ORIENTED_EDGE('',*,*,#1528,.F.);
#1985=ORIENTED_EDGE('',*,*,#1529,.T.);
#1986=ORIENTED_EDGE('',*,*,#1530,.T.);
#1987=ORIENTED_EDGE('',*,*,#1531,.T.);
#1988=ORIENTED_EDGE('',*,*,#1532,.T.);
#1989=ORIENTED_EDGE('',*,*,#1533,.T.);
#1990=ORIENTED_EDGE('',*,*,#1534,.T.);
#1991=ORIENTED_EDGE('',*,*,#1535,.T.);
#1992=ORIENTED_EDGE('',*,*,#1536,.T.);
#1993=ORIENTED_EDGE('',*,*,#1531,.F.);
#1994=ORIENTED_EDGE('',*,*,#1537,.T.);
#1995=ORIENTED_EDGE('',*,*,#1525,.T.);
#1996=ORIENTED_EDGE('',*,*,#1538,.T.);
#1997=ORIENTED_EDGE('',*,*,#1535,.F.);
#1998=ORIENTED_EDGE('',*,*,#1539,.T.);
#1999=ORIENTED_EDGE('',*,*,#1540,.T.);
#2000=ORIENTED_EDGE('',*,*,#1541,.T.);
#2001=ORIENTED_EDGE('',*,*,#1533,.F.);
#2002=ORIENTED_EDGE('',*,*,#1542,.T.);
#2003=ORIENTED_EDGE('',*,*,#1528,.T.);
#2004=ORIENTED_EDGE('',*,*,#1539,.F.);
#2005=ORIENTED_EDGE('',*,*,#1543,.T.);
#2006=ORIENTED_EDGE('',*,*,#1544,.T.);
#2007=ORIENTED_EDGE('',*,*,#1504,.T.);
#2008=ORIENTED_EDGE('',*,*,#1545,.T.);
#2009=ORIENTED_EDGE('',*,*,#1546,.T.);
#2010=ORIENTED_EDGE('',*,*,#1537,.F.);
#2011=ORIENTED_EDGE('',*,*,#1547,.F.);
#2012=ORIENTED_EDGE('',*,*,#1548,.T.);
#2013=ORIENTED_EDGE('',*,*,#1543,.F.);
#2014=ORIENTED_EDGE('',*,*,#1530,.F.);
#2015=ORIENTED_EDGE('',*,*,#1549,.T.);
#2016=ORIENTED_EDGE('',*,*,#1550,.F.);
#2017=ORIENTED_EDGE('',*,*,#1551,.T.);
#2018=ORIENTED_EDGE('',*,*,#1488,.T.);
#2019=ORIENTED_EDGE('',*,*,#1552,.T.);
#2020=ORIENTED_EDGE('',*,*,#1547,.T.);
#2021=ORIENTED_EDGE('',*,*,#1532,.F.);
#2022=ORIENTED_EDGE('',*,*,#1536,.F.);
#2023=ORIENTED_EDGE('',*,*,#1538,.F.);
#2024=ORIENTED_EDGE('',*,*,#1529,.F.);
#2025=ORIENTED_EDGE('',*,*,#1542,.F.);
#2026=ORIENTED_EDGE('',*,*,#1541,.F.);
#2027=ORIENTED_EDGE('',*,*,#1553,.T.);
#2028=ORIENTED_EDGE('',*,*,#1554,.T.);
#2029=ORIENTED_EDGE('',*,*,#1549,.F.);
#2030=ORIENTED_EDGE('',*,*,#1534,.F.);
#2031=ORIENTED_EDGE('',*,*,#1527,.F.);
#2032=ORIENTED_EDGE('',*,*,#1555,.T.);
#2033=ORIENTED_EDGE('',*,*,#1501,.T.);
#2034=ORIENTED_EDGE('',*,*,#1553,.F.);
#2035=ORIENTED_EDGE('',*,*,#1554,.F.);
#2036=ORIENTED_EDGE('',*,*,#1500,.F.);
#2037=ORIENTED_EDGE('',*,*,#1556,.F.);
#2038=ORIENTED_EDGE('',*,*,#1550,.T.);
#2039=ORIENTED_EDGE('',*,*,#1540,.F.);
#2040=ORIENTED_EDGE('',*,*,#1546,.F.);
#2041=ORIENTED_EDGE('',*,*,#1557,.F.);
#2042=ORIENTED_EDGE('',*,*,#1502,.T.);
#2043=ORIENTED_EDGE('',*,*,#1555,.F.);
#2044=ORIENTED_EDGE('',*,*,#1526,.F.);
#2045=ORIENTED_EDGE('',*,*,#1556,.T.);
#2046=ORIENTED_EDGE('',*,*,#1499,.F.);
#2047=ORIENTED_EDGE('',*,*,#1497,.T.);
#2048=ORIENTED_EDGE('',*,*,#1558,.T.);
#2049=ORIENTED_EDGE('',*,*,#1476,.F.);
#2050=ORIENTED_EDGE('',*,*,#1478,.F.);
#2051=ORIENTED_EDGE('',*,*,#1551,.F.);
#2052=ORIENTED_EDGE('',*,*,#1557,.T.);
#2053=ORIENTED_EDGE('',*,*,#1545,.F.);
#2054=ORIENTED_EDGE('',*,*,#1503,.F.);
#2055=ORIENTED_EDGE('',*,*,#1477,.F.);
#2056=ORIENTED_EDGE('',*,*,#1558,.F.);
#2057=ORIENTED_EDGE('',*,*,#1496,.F.);
#2058=ORIENTED_EDGE('',*,*,#1489,.F.);
#2059=ORIENTED_EDGE('',*,*,#1495,.T.);
#2060=ORIENTED_EDGE('',*,*,#1559,.F.);
#2061=ORIENTED_EDGE('',*,*,#1560,.F.);
#2062=ORIENTED_EDGE('',*,*,#1480,.F.);
#2063=ORIENTED_EDGE('',*,*,#1561,.T.);
#2064=ORIENTED_EDGE('',*,*,#1562,.F.);
#2065=ORIENTED_EDGE('',*,*,#1563,.F.);
#2066=ORIENTED_EDGE('',*,*,#1564,.F.);
#2067=ORIENTED_EDGE('',*,*,#1565,.F.);
#2068=ORIENTED_EDGE('',*,*,#1494,.T.);
#2069=ORIENTED_EDGE('',*,*,#1566,.T.);
#2070=ORIENTED_EDGE('',*,*,#1567,.F.);
#2071=ORIENTED_EDGE('',*,*,#1568,.F.);
#2072=ORIENTED_EDGE('',*,*,#1569,.T.);
#2073=ORIENTED_EDGE('',*,*,#1570,.F.);
#2074=ORIENTED_EDGE('',*,*,#1571,.T.);
#2075=ORIENTED_EDGE('',*,*,#1572,.T.);
#2076=ORIENTED_EDGE('',*,*,#1573,.T.);
#2077=ORIENTED_EDGE('',*,*,#1574,.T.);
#2078=ORIENTED_EDGE('',*,*,#1575,.T.);
#2079=ORIENTED_EDGE('',*,*,#1576,.T.);
#2080=ORIENTED_EDGE('',*,*,#1577,.T.);
#2081=ORIENTED_EDGE('',*,*,#1578,.T.);
#2082=ORIENTED_EDGE('',*,*,#1579,.T.);
#2083=ORIENTED_EDGE('',*,*,#1580,.T.);
#2084=ORIENTED_EDGE('',*,*,#1581,.T.);
#2085=ORIENTED_EDGE('',*,*,#1582,.F.);
#2086=ORIENTED_EDGE('',*,*,#1583,.T.);
#2087=ORIENTED_EDGE('',*,*,#1584,.T.);
#2088=ORIENTED_EDGE('',*,*,#1585,.T.);
#2089=ORIENTED_EDGE('',*,*,#1395,.T.);
#2090=ORIENTED_EDGE('',*,*,#1586,.T.);
#2091=ORIENTED_EDGE('',*,*,#1587,.F.);
#2092=ORIENTED_EDGE('',*,*,#1588,.T.);
#2093=ORIENTED_EDGE('',*,*,#1589,.F.);
#2094=ORIENTED_EDGE('',*,*,#1590,.T.);
#2095=ORIENTED_EDGE('',*,*,#1591,.F.);
#2096=ORIENTED_EDGE('',*,*,#1592,.T.);
#2097=ORIENTED_EDGE('',*,*,#1593,.F.);
#2098=ORIENTED_EDGE('',*,*,#1594,.T.);
#2099=ORIENTED_EDGE('',*,*,#1595,.F.);
#2100=ORIENTED_EDGE('',*,*,#1596,.T.);
#2101=ORIENTED_EDGE('',*,*,#1597,.F.);
#2102=ORIENTED_EDGE('',*,*,#1598,.F.);
#2103=ORIENTED_EDGE('',*,*,#1599,.F.);
#2104=ORIENTED_EDGE('',*,*,#1600,.T.);
#2105=ORIENTED_EDGE('',*,*,#1559,.T.);
#2106=ORIENTED_EDGE('',*,*,#1378,.T.);
#2107=ORIENTED_EDGE('',*,*,#1601,.T.);
#2108=ORIENTED_EDGE('',*,*,#1602,.F.);
#2109=ORIENTED_EDGE('',*,*,#1603,.T.);
#2110=ORIENTED_EDGE('',*,*,#1566,.F.);
#2111=ORIENTED_EDGE('',*,*,#1493,.F.);
#2112=ORIENTED_EDGE('',*,*,#1602,.T.);
#2113=ORIENTED_EDGE('',*,*,#1492,.F.);
#2114=ORIENTED_EDGE('',*,*,#1604,.F.);
#2115=ORIENTED_EDGE('',*,*,#1605,.F.);
#2116=ORIENTED_EDGE('',*,*,#1506,.F.);
#2117=ORIENTED_EDGE('',*,*,#1606,.T.);
#2118=ORIENTED_EDGE('',*,*,#1604,.T.);
#2119=ORIENTED_EDGE('',*,*,#1491,.F.);
#2120=ORIENTED_EDGE('',*,*,#1498,.F.);
#2121=ORIENTED_EDGE('',*,*,#1606,.F.);
#2122=ORIENTED_EDGE('',*,*,#1505,.F.);
#2123=ORIENTED_EDGE('',*,*,#1544,.F.);
#2124=ORIENTED_EDGE('',*,*,#1548,.F.);
#2125=ORIENTED_EDGE('',*,*,#1552,.F.);
#2126=ORIENTED_EDGE('',*,*,#1487,.F.);
#2127=ORIENTED_EDGE('',*,*,#1607,.F.);
#2128=ORIENTED_EDGE('',*,*,#1608,.F.);
#2129=ORIENTED_EDGE('',*,*,#1609,.F.);
#2130=ORIENTED_EDGE('',*,*,#1567,.T.);
#2131=ORIENTED_EDGE('',*,*,#1603,.F.);
#2132=ORIENTED_EDGE('',*,*,#1605,.T.);
#2133=ORIENTED_EDGE('',*,*,#1560,.T.);
#2134=ORIENTED_EDGE('',*,*,#1600,.F.);
#2135=ORIENTED_EDGE('',*,*,#1610,.F.);
#2136=ORIENTED_EDGE('',*,*,#1611,.F.);
#2137=ORIENTED_EDGE('',*,*,#1612,.F.);
#2138=ORIENTED_EDGE('',*,*,#1481,.F.);
#2139=ORIENTED_EDGE('',*,*,#1613,.T.);
#2140=ORIENTED_EDGE('',*,*,#1427,.T.);
#2141=ORIENTED_EDGE('',*,*,#1614,.T.);
#2142=ORIENTED_EDGE('',*,*,#1615,.T.);
#2143=ORIENTED_EDGE('',*,*,#1616,.T.);
#2144=ORIENTED_EDGE('',*,*,#1614,.F.);
#2145=ORIENTED_EDGE('',*,*,#1426,.T.);
#2146=ORIENTED_EDGE('',*,*,#1613,.F.);
#2147=ORIENTED_EDGE('',*,*,#1425,.T.);
#2148=ORIENTED_EDGE('',*,*,#1617,.T.);
#2149=ORIENTED_EDGE('',*,*,#1611,.T.);
#2150=ORIENTED_EDGE('',*,*,#1618,.T.);
#2151=ORIENTED_EDGE('',*,*,#1428,.T.);
#2152=ORIENTED_EDGE('',*,*,#1616,.F.);
#2153=ORIENTED_EDGE('',*,*,#1619,.T.);
#2154=ORIENTED_EDGE('',*,*,#1620,.T.);
#2155=ORIENTED_EDGE('',*,*,#1621,.F.);
#2156=ORIENTED_EDGE('',*,*,#1622,.F.);
#2157=ORIENTED_EDGE('',*,*,#1623,.F.);
#2158=ORIENTED_EDGE('',*,*,#1624,.T.);
#2159=ORIENTED_EDGE('',*,*,#1625,.F.);
#2160=ORIENTED_EDGE('',*,*,#1626,.F.);
#2161=ORIENTED_EDGE('',*,*,#1627,.T.);
#2162=ORIENTED_EDGE('',*,*,#1619,.F.);
#2163=ORIENTED_EDGE('',*,*,#1615,.F.);
#2164=ORIENTED_EDGE('',*,*,#1628,.T.);
#2165=ORIENTED_EDGE('',*,*,#1624,.F.);
#2166=ORIENTED_EDGE('',*,*,#1629,.T.);
#2167=ORIENTED_EDGE('',*,*,#1563,.T.);
#2168=ORIENTED_EDGE('',*,*,#1630,.T.);
#2169=ORIENTED_EDGE('',*,*,#1625,.T.);
#2170=ORIENTED_EDGE('',*,*,#1628,.F.);
#2171=ORIENTED_EDGE('',*,*,#1562,.T.);
#2172=ORIENTED_EDGE('',*,*,#1629,.F.);
#2173=ORIENTED_EDGE('',*,*,#1631,.F.);
#2174=ORIENTED_EDGE('',*,*,#1564,.T.);
#2175=ORIENTED_EDGE('',*,*,#1565,.T.);
#2176=ORIENTED_EDGE('',*,*,#1631,.T.);
#2177=ORIENTED_EDGE('',*,*,#1623,.T.);
#2178=ORIENTED_EDGE('',*,*,#1622,.T.);
#2179=ORIENTED_EDGE('',*,*,#1632,.T.);
#2180=ORIENTED_EDGE('',*,*,#1633,.T.);
#2181=ORIENTED_EDGE('',*,*,#1626,.T.);
#2182=ORIENTED_EDGE('',*,*,#1630,.F.);
#2183=ORIENTED_EDGE('',*,*,#1561,.F.);
#2184=ORIENTED_EDGE('',*,*,#1632,.F.);
#2185=ORIENTED_EDGE('',*,*,#1621,.T.);
#2186=ORIENTED_EDGE('',*,*,#1633,.F.);
#2187=ORIENTED_EDGE('',*,*,#1620,.F.);
#2188=ORIENTED_EDGE('',*,*,#1627,.F.);
#2189=ORIENTED_EDGE('',*,*,#1618,.F.);
#2190=ORIENTED_EDGE('',*,*,#1610,.T.);
#2191=ORIENTED_EDGE('',*,*,#1599,.T.);
#2192=ORIENTED_EDGE('',*,*,#1634,.F.);
#2193=ORIENTED_EDGE('',*,*,#1429,.T.);
#2194=ORIENTED_EDGE('',*,*,#1635,.F.);
#2195=ORIENTED_EDGE('',*,*,#1636,.F.);
#2196=ORIENTED_EDGE('',*,*,#1598,.T.);
#2197=ORIENTED_EDGE('',*,*,#1637,.F.);
#2198=ORIENTED_EDGE('',*,*,#1638,.F.);
#2199=ORIENTED_EDGE('',*,*,#1568,.T.);
#2200=ORIENTED_EDGE('',*,*,#1609,.T.);
#2201=ORIENTED_EDGE('',*,*,#1639,.F.);
#2202=ORIENTED_EDGE('',*,*,#1483,.T.);
#2203=ORIENTED_EDGE('',*,*,#1640,.F.);
#2204=ORIENTED_EDGE('',*,*,#1423,.F.);
#2205=ORIENTED_EDGE('',*,*,#1421,.F.);
#2206=ORIENTED_EDGE('',*,*,#1617,.F.);
#2207=ORIENTED_EDGE('',*,*,#1424,.T.);
#2208=ORIENTED_EDGE('',*,*,#1640,.T.);
#2209=ORIENTED_EDGE('',*,*,#1482,.T.);
#2210=ORIENTED_EDGE('',*,*,#1612,.T.);
#2211=ORIENTED_EDGE('',*,*,#1637,.T.);
#2212=ORIENTED_EDGE('',*,*,#1608,.T.);
#2213=ORIENTED_EDGE('',*,*,#1641,.T.);
#2214=ORIENTED_EDGE('',*,*,#1642,.T.);
#2215=ORIENTED_EDGE('',*,*,#1643,.T.);
#2216=ORIENTED_EDGE('',*,*,#1644,.T.);
#2217=ORIENTED_EDGE('',*,*,#1645,.T.);
#2218=ORIENTED_EDGE('',*,*,#1646,.T.);
#2219=ORIENTED_EDGE('',*,*,#1647,.T.);
#2220=ORIENTED_EDGE('',*,*,#1648,.T.);
#2221=ORIENTED_EDGE('',*,*,#1649,.T.);
#2222=ORIENTED_EDGE('',*,*,#1650,.T.);
#2223=ORIENTED_EDGE('',*,*,#1651,.T.);
#2224=ORIENTED_EDGE('',*,*,#1652,.T.);
#2225=ORIENTED_EDGE('',*,*,#1653,.T.);
#2226=ORIENTED_EDGE('',*,*,#1654,.T.);
#2227=ORIENTED_EDGE('',*,*,#1655,.T.);
#2228=ORIENTED_EDGE('',*,*,#1656,.T.);
#2229=ORIENTED_EDGE('',*,*,#1657,.T.);
#2230=ORIENTED_EDGE('',*,*,#1658,.T.);
#2231=ORIENTED_EDGE('',*,*,#1659,.T.);
#2232=ORIENTED_EDGE('',*,*,#1660,.T.);
#2233=ORIENTED_EDGE('',*,*,#1661,.T.);
#2234=ORIENTED_EDGE('',*,*,#1662,.T.);
#2235=ORIENTED_EDGE('',*,*,#1663,.T.);
#2236=ORIENTED_EDGE('',*,*,#1664,.T.);
#2237=ORIENTED_EDGE('',*,*,#1665,.T.);
#2238=ORIENTED_EDGE('',*,*,#1666,.T.);
#2239=ORIENTED_EDGE('',*,*,#1667,.F.);
#2240=ORIENTED_EDGE('',*,*,#1668,.T.);
#2241=ORIENTED_EDGE('',*,*,#1669,.T.);
#2242=ORIENTED_EDGE('',*,*,#1670,.F.);
#2243=ORIENTED_EDGE('',*,*,#1671,.F.);
#2244=ORIENTED_EDGE('',*,*,#1672,.F.);
#2245=ORIENTED_EDGE('',*,*,#1673,.T.);
#2246=ORIENTED_EDGE('',*,*,#1674,.T.);
#2247=ORIENTED_EDGE('',*,*,#1675,.T.);
#2248=ORIENTED_EDGE('',*,*,#1635,.T.);
#2249=ORIENTED_EDGE('',*,*,#1597,.T.);
#2250=ORIENTED_EDGE('',*,*,#1676,.T.);
#2251=ORIENTED_EDGE('',*,*,#1431,.T.);
#2252=ORIENTED_EDGE('',*,*,#1677,.T.);
#2253=ORIENTED_EDGE('',*,*,#1607,.T.);
#2254=ORIENTED_EDGE('',*,*,#1486,.F.);
#2255=ORIENTED_EDGE('',*,*,#1678,.T.);
#2256=ORIENTED_EDGE('',*,*,#1514,.T.);
#2257=ORIENTED_EDGE('',*,*,#1515,.F.);
#2258=ORIENTED_EDGE('',*,*,#1507,.F.);
#2259=ORIENTED_EDGE('',*,*,#1516,.F.);
#2260=ORIENTED_EDGE('',*,*,#1679,.F.);
#2261=ORIENTED_EDGE('',*,*,#1641,.F.);
#2262=ORIENTED_EDGE('',*,*,#1638,.T.);
#2263=ORIENTED_EDGE('',*,*,#1668,.F.);
#2264=ORIENTED_EDGE('',*,*,#1680,.F.);
#2265=ORIENTED_EDGE('',*,*,#1569,.F.);
#2266=ORIENTED_EDGE('',*,*,#1681,.T.);
#2267=ORIENTED_EDGE('',*,*,#1682,.T.);
#2268=ORIENTED_EDGE('',*,*,#1683,.T.);
#2269=ORIENTED_EDGE('',*,*,#1443,.F.);
#2270=ORIENTED_EDGE('',*,*,#1406,.F.);
#2271=ORIENTED_EDGE('',*,*,#1684,.F.);
#2272=ORIENTED_EDGE('',*,*,#1643,.F.);
#2273=ORIENTED_EDGE('',*,*,#1685,.T.);
#2274=ORIENTED_EDGE('',*,*,#1517,.F.);
#2275=ORIENTED_EDGE('',*,*,#1520,.T.);
#2276=ORIENTED_EDGE('',*,*,#1524,.F.);
#2277=ORIENTED_EDGE('',*,*,#1522,.F.);
#2278=ORIENTED_EDGE('',*,*,#1686,.T.);
#2279=ORIENTED_EDGE('',*,*,#1584,.F.);
#2280=ORIENTED_EDGE('',*,*,#1687,.F.);
#2281=ORIENTED_EDGE('',*,*,#1661,.F.);
#2282=ORIENTED_EDGE('',*,*,#1688,.T.);
#2283=ORIENTED_EDGE('',*,*,#1452,.F.);
#2284=ORIENTED_EDGE('',*,*,#1689,.F.);
#2285=ORIENTED_EDGE('',*,*,#1590,.F.);
#2286=ORIENTED_EDGE('',*,*,#1690,.F.);
#2287=ORIENTED_EDGE('',*,*,#1438,.F.);
#2288=ORIENTED_EDGE('',*,*,#1691,.F.);
#2289=ORIENTED_EDGE('',*,*,#1434,.F.);
#2290=ORIENTED_EDGE('',*,*,#1692,.F.);
#2291=ORIENTED_EDGE('',*,*,#1594,.F.);
#2292=ORIENTED_EDGE('',*,*,#1693,.T.);
#2293=ORIENTED_EDGE('',*,*,#1469,.F.);
#2294=ORIENTED_EDGE('',*,*,#1694,.F.);
#2295=ORIENTED_EDGE('',*,*,#1695,.F.);
#2296=ORIENTED_EDGE('',*,*,#1696,.T.);
#2297=ORIENTED_EDGE('',*,*,#1697,.F.);
#2298=ORIENTED_EDGE('',*,*,#1698,.F.);
#2299=ORIENTED_EDGE('',*,*,#1699,.F.);
#2300=ORIENTED_EDGE('',*,*,#1700,.F.);
#2301=ORIENTED_EDGE('',*,*,#1701,.T.);
#2302=ORIENTED_EDGE('',*,*,#1470,.F.);
#2303=ORIENTED_EDGE('',*,*,#1693,.F.);
#2304=ORIENTED_EDGE('',*,*,#1702,.F.);
#2305=ORIENTED_EDGE('',*,*,#1703,.T.);
#2306=ORIENTED_EDGE('',*,*,#1471,.F.);
#2307=ORIENTED_EDGE('',*,*,#1701,.F.);
#2308=ORIENTED_EDGE('',*,*,#1704,.F.);
#2309=ORIENTED_EDGE('',*,*,#1694,.T.);
#2310=ORIENTED_EDGE('',*,*,#1472,.F.);
#2311=ORIENTED_EDGE('',*,*,#1703,.F.);
#2312=ORIENTED_EDGE('',*,*,#1705,.F.);
#2313=ORIENTED_EDGE('',*,*,#1577,.F.);
#2314=ORIENTED_EDGE('',*,*,#1706,.F.);
#2315=ORIENTED_EDGE('',*,*,#1707,.T.);
#2316=ORIENTED_EDGE('',*,*,#1708,.F.);
#2317=ORIENTED_EDGE('',*,*,#1578,.F.);
#2318=ORIENTED_EDGE('',*,*,#1705,.T.);
#2319=ORIENTED_EDGE('',*,*,#1709,.T.);
#2320=ORIENTED_EDGE('',*,*,#1710,.F.);
#2321=ORIENTED_EDGE('',*,*,#1579,.F.);
#2322=ORIENTED_EDGE('',*,*,#1708,.T.);
#2323=ORIENTED_EDGE('',*,*,#1711,.T.);
#2324=ORIENTED_EDGE('',*,*,#1712,.F.);
#2325=ORIENTED_EDGE('',*,*,#1580,.F.);
#2326=ORIENTED_EDGE('',*,*,#1710,.T.);
#2327=ORIENTED_EDGE('',*,*,#1713,.T.);
#2328=ORIENTED_EDGE('',*,*,#1714,.F.);
#2329=ORIENTED_EDGE('',*,*,#1662,.F.);
#2330=ORIENTED_EDGE('',*,*,#1687,.T.);
#2331=ORIENTED_EDGE('',*,*,#1583,.F.);
#2332=ORIENTED_EDGE('',*,*,#1642,.F.);
#2333=ORIENTED_EDGE('',*,*,#1679,.T.);
#2334=ORIENTED_EDGE('',*,*,#1518,.F.);
#2335=ORIENTED_EDGE('',*,*,#1685,.F.);
#2336=ORIENTED_EDGE('',*,*,#1715,.F.);
#2337=ORIENTED_EDGE('',*,*,#1572,.F.);
#2338=ORIENTED_EDGE('',*,*,#1716,.T.);
#2339=ORIENTED_EDGE('',*,*,#1717,.T.);
#2340=ORIENTED_EDGE('',*,*,#1718,.F.);
#2341=ORIENTED_EDGE('',*,*,#1573,.F.);
#2342=ORIENTED_EDGE('',*,*,#1715,.T.);
#2343=ORIENTED_EDGE('',*,*,#1719,.T.);
#2344=ORIENTED_EDGE('',*,*,#1720,.F.);
#2345=ORIENTED_EDGE('',*,*,#1574,.F.);
#2346=ORIENTED_EDGE('',*,*,#1718,.T.);
#2347=ORIENTED_EDGE('',*,*,#1721,.T.);
#2348=ORIENTED_EDGE('',*,*,#1722,.F.);
#2349=ORIENTED_EDGE('',*,*,#1575,.F.);
#2350=ORIENTED_EDGE('',*,*,#1720,.T.);
#2351=ORIENTED_EDGE('',*,*,#1723,.T.);
#2352=ORIENTED_EDGE('',*,*,#1706,.T.);
#2353=ORIENTED_EDGE('',*,*,#1576,.F.);
#2354=ORIENTED_EDGE('',*,*,#1722,.T.);
#2355=ORIENTED_EDGE('',*,*,#1724,.T.);
#2356=ORIENTED_EDGE('',*,*,#1725,.T.);
#2357=ORIENTED_EDGE('',*,*,#1726,.T.);
#2358=ORIENTED_EDGE('',*,*,#1727,.T.);
#2359=ORIENTED_EDGE('',*,*,#1697,.T.);
#2360=ORIENTED_EDGE('',*,*,#1675,.F.);
#2361=ORIENTED_EDGE('',*,*,#1728,.T.);
#2362=ORIENTED_EDGE('',*,*,#1725,.F.);
#2363=ORIENTED_EDGE('',*,*,#1696,.F.);
#2364=ORIENTED_EDGE('',*,*,#1674,.F.);
#2365=ORIENTED_EDGE('',*,*,#1729,.T.);
#2366=ORIENTED_EDGE('',*,*,#1726,.F.);
#2367=ORIENTED_EDGE('',*,*,#1728,.F.);
#2368=ORIENTED_EDGE('',*,*,#1673,.F.);
#2369=ORIENTED_EDGE('',*,*,#1698,.T.);
#2370=ORIENTED_EDGE('',*,*,#1727,.F.);
#2371=ORIENTED_EDGE('',*,*,#1729,.F.);
#2372=ORIENTED_EDGE('',*,*,#1730,.F.);
#2373=ORIENTED_EDGE('',*,*,#1666,.F.);
#2374=ORIENTED_EDGE('',*,*,#1731,.T.);
#2375=ORIENTED_EDGE('',*,*,#1732,.T.);
#2376=ORIENTED_EDGE('',*,*,#1716,.F.);
#2377=ORIENTED_EDGE('',*,*,#1571,.F.);
#2378=ORIENTED_EDGE('',*,*,#1570,.T.);
#2379=ORIENTED_EDGE('',*,*,#1680,.T.);
#2380=ORIENTED_EDGE('',*,*,#1667,.T.);
#2381=ORIENTED_EDGE('',*,*,#1730,.T.);
#2382=ORIENTED_EDGE('',*,*,#1733,.F.);
#2383=ORIENTED_EDGE('',*,*,#1581,.F.);
#2384=ORIENTED_EDGE('',*,*,#1712,.T.);
#2385=ORIENTED_EDGE('',*,*,#1734,.T.);
#2386=ORIENTED_EDGE('',*,*,#1735,.F.);
#2387=ORIENTED_EDGE('',*,*,#1664,.F.);
#2388=ORIENTED_EDGE('',*,*,#1582,.T.);
#2389=ORIENTED_EDGE('',*,*,#1733,.T.);
#2390=ORIENTED_EDGE('',*,*,#1663,.F.);
#2391=ORIENTED_EDGE('',*,*,#1714,.T.);
#2392=ORIENTED_EDGE('',*,*,#1707,.F.);
#2393=ORIENTED_EDGE('',*,*,#1724,.F.);
#2394=ORIENTED_EDGE('',*,*,#1723,.F.);
#2395=ORIENTED_EDGE('',*,*,#1721,.F.);
#2396=ORIENTED_EDGE('',*,*,#1719,.F.);
#2397=ORIENTED_EDGE('',*,*,#1717,.F.);
#2398=ORIENTED_EDGE('',*,*,#1732,.F.);
#2399=ORIENTED_EDGE('',*,*,#1736,.F.);
#2400=ORIENTED_EDGE('',*,*,#1734,.F.);
#2401=ORIENTED_EDGE('',*,*,#1713,.F.);
#2402=ORIENTED_EDGE('',*,*,#1711,.F.);
#2403=ORIENTED_EDGE('',*,*,#1709,.F.);
#2404=ORIENTED_EDGE('',*,*,#1665,.F.);
#2405=ORIENTED_EDGE('',*,*,#1735,.T.);
#2406=ORIENTED_EDGE('',*,*,#1736,.T.);
#2407=ORIENTED_EDGE('',*,*,#1731,.F.);
#2408=ORIENTED_EDGE('',*,*,#1409,.F.);
#2409=ORIENTED_EDGE('',*,*,#1511,.F.);
#2410=ORIENTED_EDGE('',*,*,#1737,.T.);
#2411=ORIENTED_EDGE('',*,*,#1484,.F.);
#2412=ORIENTED_EDGE('',*,*,#1639,.T.);
#2413=ORIENTED_EDGE('',*,*,#1420,.F.);
#2414=ORIENTED_EDGE('',*,*,#1585,.F.);
#2415=ORIENTED_EDGE('',*,*,#1686,.F.);
#2416=ORIENTED_EDGE('',*,*,#1521,.F.);
#2417=ORIENTED_EDGE('',*,*,#1396,.F.);
#2418=ORIENTED_EDGE('',*,*,#1485,.F.);
#2419=ORIENTED_EDGE('',*,*,#1737,.F.);
#2420=ORIENTED_EDGE('',*,*,#1512,.F.);
#2421=ORIENTED_EDGE('',*,*,#1678,.F.);
#2422=ORIENTED_EDGE('',*,*,#1738,.F.);
#2423=ORIENTED_EDGE('',*,*,#1739,.T.);
#2424=ORIENTED_EDGE('',*,*,#1601,.F.);
#2425=ORIENTED_EDGE('',*,*,#1739,.F.);
#2426=ORIENTED_EDGE('',*,*,#1740,.F.);
#2427=ORIENTED_EDGE('',*,*,#1473,.T.);
#2428=ORIENTED_EDGE('',*,*,#1741,.T.);
#2429=ORIENTED_EDGE('',*,*,#1740,.T.);
#2430=ORIENTED_EDGE('',*,*,#1738,.T.);
#2431=ORIENTED_EDGE('',*,*,#1741,.F.);
#2432=ORIENTED_EDGE('',*,*,#1742,.F.);
#2433=ORIENTED_EDGE('',*,*,#1743,.F.);
#2434=ORIENTED_EDGE('',*,*,#1744,.T.);
#2435=ORIENTED_EDGE('',*,*,#1669,.F.);
#2436=ORIENTED_EDGE('',*,*,#1744,.F.);
#2437=ORIENTED_EDGE('',*,*,#1745,.F.);
#2438=ORIENTED_EDGE('',*,*,#1746,.F.);
#2439=ORIENTED_EDGE('',*,*,#1468,.T.);
#2440=ORIENTED_EDGE('',*,*,#1747,.F.);
#2441=ORIENTED_EDGE('',*,*,#1745,.T.);
#2442=ORIENTED_EDGE('',*,*,#1743,.T.);
#2443=ORIENTED_EDGE('',*,*,#1747,.T.);
#2444=ORIENTED_EDGE('',*,*,#1401,.T.);
#2445=ORIENTED_EDGE('',*,*,#1746,.T.);
#2446=ORIENTED_EDGE('',*,*,#1742,.T.);
#2447=ORIENTED_EDGE('',*,*,#1589,.T.);
#2448=ORIENTED_EDGE('',*,*,#1748,.T.);
#2449=ORIENTED_EDGE('',*,*,#1439,.T.);
#2450=ORIENTED_EDGE('',*,*,#1690,.T.);
#2451=ORIENTED_EDGE('',*,*,#1433,.T.);
#2452=ORIENTED_EDGE('',*,*,#1749,.T.);
#2453=ORIENTED_EDGE('',*,*,#1595,.T.);
#2454=ORIENTED_EDGE('',*,*,#1692,.T.);
#2455=ORIENTED_EDGE('',*,*,#1593,.T.);
#2456=ORIENTED_EDGE('',*,*,#1750,.T.);
#2457=ORIENTED_EDGE('',*,*,#1435,.T.);
#2458=ORIENTED_EDGE('',*,*,#1691,.T.);
#2459=ORIENTED_EDGE('',*,*,#1751,.F.);
#2460=ORIENTED_EDGE('',*,*,#1436,.F.);
#2461=ORIENTED_EDGE('',*,*,#1750,.F.);
#2462=ORIENTED_EDGE('',*,*,#1592,.F.);
#2463=ORIENTED_EDGE('',*,*,#1591,.T.);
#2464=ORIENTED_EDGE('',*,*,#1689,.T.);
#2465=ORIENTED_EDGE('',*,*,#1437,.T.);
#2466=ORIENTED_EDGE('',*,*,#1751,.T.);
#2467=ORIENTED_EDGE('',*,*,#1700,.T.);
#2468=ORIENTED_EDGE('',*,*,#1699,.T.);
#2469=ORIENTED_EDGE('',*,*,#1672,.T.);
#2470=ORIENTED_EDGE('',*,*,#1752,.F.);
#2471=ORIENTED_EDGE('',*,*,#1702,.T.);
#2472=ORIENTED_EDGE('',*,*,#1752,.T.);
#2473=ORIENTED_EDGE('',*,*,#1671,.T.);
#2474=ORIENTED_EDGE('',*,*,#1753,.F.);
#2475=ORIENTED_EDGE('',*,*,#1670,.T.);
#2476=ORIENTED_EDGE('',*,*,#1695,.T.);
#2477=ORIENTED_EDGE('',*,*,#1704,.T.);
#2478=ORIENTED_EDGE('',*,*,#1753,.T.);
#2479=ORIENTED_EDGE('',*,*,#1754,.F.);
#2480=ORIENTED_EDGE('',*,*,#1586,.F.);
#2481=ORIENTED_EDGE('',*,*,#1394,.F.);
#2482=ORIENTED_EDGE('',*,*,#1442,.F.);
#2483=ORIENTED_EDGE('',*,*,#1636,.T.);
#2484=ORIENTED_EDGE('',*,*,#1677,.F.);
#2485=ORIENTED_EDGE('',*,*,#1430,.F.);
#2486=ORIENTED_EDGE('',*,*,#1634,.T.);
#2487=ORIENTED_EDGE('',*,*,#1755,.F.);
#2488=ORIENTED_EDGE('',*,*,#1440,.F.);
#2489=ORIENTED_EDGE('',*,*,#1748,.F.);
#2490=ORIENTED_EDGE('',*,*,#1588,.F.);
#2491=ORIENTED_EDGE('',*,*,#1441,.T.);
#2492=ORIENTED_EDGE('',*,*,#1755,.T.);
#2493=ORIENTED_EDGE('',*,*,#1587,.T.);
#2494=ORIENTED_EDGE('',*,*,#1754,.T.);
#2495=ORIENTED_EDGE('',*,*,#1676,.F.);
#2496=ORIENTED_EDGE('',*,*,#1596,.F.);
#2497=ORIENTED_EDGE('',*,*,#1749,.F.);
#2498=ORIENTED_EDGE('',*,*,#1432,.F.);
#2499=ORIENTED_EDGE('',*,*,#1453,.F.);
#2500=ORIENTED_EDGE('',*,*,#1688,.F.);
#2501=ORIENTED_EDGE('',*,*,#1660,.F.);
#2502=ORIENTED_EDGE('',*,*,#1756,.T.);
#2503=ORIENTED_EDGE('',*,*,#1461,.F.);
#2504=ORIENTED_EDGE('',*,*,#1757,.F.);
#2505=ORIENTED_EDGE('',*,*,#1652,.F.);
#2506=ORIENTED_EDGE('',*,*,#1758,.T.);
#2507=ORIENTED_EDGE('',*,*,#1460,.F.);
#2508=ORIENTED_EDGE('',*,*,#1759,.F.);
#2509=ORIENTED_EDGE('',*,*,#1653,.F.);
#2510=ORIENTED_EDGE('',*,*,#1757,.T.);
#2511=ORIENTED_EDGE('',*,*,#1459,.F.);
#2512=ORIENTED_EDGE('',*,*,#1760,.F.);
#2513=ORIENTED_EDGE('',*,*,#1654,.F.);
#2514=ORIENTED_EDGE('',*,*,#1759,.T.);
#2515=ORIENTED_EDGE('',*,*,#1458,.F.);
#2516=ORIENTED_EDGE('',*,*,#1761,.F.);
#2517=ORIENTED_EDGE('',*,*,#1655,.F.);
#2518=ORIENTED_EDGE('',*,*,#1760,.T.);
#2519=ORIENTED_EDGE('',*,*,#1457,.F.);
#2520=ORIENTED_EDGE('',*,*,#1762,.F.);
#2521=ORIENTED_EDGE('',*,*,#1656,.F.);
#2522=ORIENTED_EDGE('',*,*,#1761,.T.);
#2523=ORIENTED_EDGE('',*,*,#1456,.F.);
#2524=ORIENTED_EDGE('',*,*,#1763,.F.);
#2525=ORIENTED_EDGE('',*,*,#1657,.F.);
#2526=ORIENTED_EDGE('',*,*,#1762,.T.);
#2527=ORIENTED_EDGE('',*,*,#1455,.F.);
#2528=ORIENTED_EDGE('',*,*,#1764,.F.);
#2529=ORIENTED_EDGE('',*,*,#1658,.F.);
#2530=ORIENTED_EDGE('',*,*,#1763,.T.);
#2531=ORIENTED_EDGE('',*,*,#1454,.F.);
#2532=ORIENTED_EDGE('',*,*,#1756,.F.);
#2533=ORIENTED_EDGE('',*,*,#1659,.F.);
#2534=ORIENTED_EDGE('',*,*,#1764,.T.);
#2535=ORIENTED_EDGE('',*,*,#1405,.F.);
#2536=ORIENTED_EDGE('',*,*,#1765,.F.);
#2537=ORIENTED_EDGE('',*,*,#1644,.F.);
#2538=ORIENTED_EDGE('',*,*,#1684,.T.);
#2539=ORIENTED_EDGE('',*,*,#1404,.F.);
#2540=ORIENTED_EDGE('',*,*,#1766,.F.);
#2541=ORIENTED_EDGE('',*,*,#1645,.F.);
#2542=ORIENTED_EDGE('',*,*,#1765,.T.);
#2543=ORIENTED_EDGE('',*,*,#1467,.F.);
#2544=ORIENTED_EDGE('',*,*,#1767,.F.);
#2545=ORIENTED_EDGE('',*,*,#1646,.F.);
#2546=ORIENTED_EDGE('',*,*,#1766,.T.);
#2547=ORIENTED_EDGE('',*,*,#1403,.F.);
#2548=ORIENTED_EDGE('',*,*,#1466,.F.);
#2549=ORIENTED_EDGE('',*,*,#1768,.F.);
#2550=ORIENTED_EDGE('',*,*,#1647,.F.);
#2551=ORIENTED_EDGE('',*,*,#1767,.T.);
#2552=ORIENTED_EDGE('',*,*,#1465,.F.);
#2553=ORIENTED_EDGE('',*,*,#1769,.F.);
#2554=ORIENTED_EDGE('',*,*,#1648,.F.);
#2555=ORIENTED_EDGE('',*,*,#1768,.T.);
#2556=ORIENTED_EDGE('',*,*,#1464,.F.);
#2557=ORIENTED_EDGE('',*,*,#1770,.F.);
#2558=ORIENTED_EDGE('',*,*,#1649,.F.);
#2559=ORIENTED_EDGE('',*,*,#1769,.T.);
#2560=ORIENTED_EDGE('',*,*,#1463,.F.);
#2561=ORIENTED_EDGE('',*,*,#1771,.F.);
#2562=ORIENTED_EDGE('',*,*,#1650,.F.);
#2563=ORIENTED_EDGE('',*,*,#1770,.T.);
#2564=ORIENTED_EDGE('',*,*,#1462,.F.);
#2565=ORIENTED_EDGE('',*,*,#1758,.F.);
#2566=ORIENTED_EDGE('',*,*,#1651,.F.);
#2567=ORIENTED_EDGE('',*,*,#1771,.T.);
#2568=ORIENTED_EDGE('',*,*,#1449,.F.);
#2569=ORIENTED_EDGE('',*,*,#1772,.F.);
#2570=ORIENTED_EDGE('',*,*,#1773,.F.);
#2571=ORIENTED_EDGE('',*,*,#1774,.T.);
#2572=ORIENTED_EDGE('',*,*,#1450,.F.);
#2573=ORIENTED_EDGE('',*,*,#1774,.F.);
#2574=ORIENTED_EDGE('',*,*,#1775,.F.);
#2575=ORIENTED_EDGE('',*,*,#1776,.T.);
#2576=ORIENTED_EDGE('',*,*,#1451,.F.);
#2577=ORIENTED_EDGE('',*,*,#1776,.F.);
#2578=ORIENTED_EDGE('',*,*,#1777,.F.);
#2579=ORIENTED_EDGE('',*,*,#1681,.F.);
#2580=ORIENTED_EDGE('',*,*,#1444,.F.);
#2581=ORIENTED_EDGE('',*,*,#1683,.F.);
#2582=ORIENTED_EDGE('',*,*,#1778,.T.);
#2583=ORIENTED_EDGE('',*,*,#1779,.T.);
#2584=ORIENTED_EDGE('',*,*,#1445,.F.);
#2585=ORIENTED_EDGE('',*,*,#1779,.F.);
#2586=ORIENTED_EDGE('',*,*,#1780,.F.);
#2587=ORIENTED_EDGE('',*,*,#1781,.T.);
#2588=ORIENTED_EDGE('',*,*,#1446,.F.);
#2589=ORIENTED_EDGE('',*,*,#1781,.F.);
#2590=ORIENTED_EDGE('',*,*,#1782,.F.);
#2591=ORIENTED_EDGE('',*,*,#1783,.T.);
#2592=ORIENTED_EDGE('',*,*,#1447,.F.);
#2593=ORIENTED_EDGE('',*,*,#1783,.F.);
#2594=ORIENTED_EDGE('',*,*,#1784,.F.);
#2595=ORIENTED_EDGE('',*,*,#1785,.T.);
#2596=ORIENTED_EDGE('',*,*,#1448,.F.);
#2597=ORIENTED_EDGE('',*,*,#1785,.F.);
#2598=ORIENTED_EDGE('',*,*,#1786,.F.);
#2599=ORIENTED_EDGE('',*,*,#1772,.T.);
#2600=ORIENTED_EDGE('',*,*,#1773,.T.);
#2601=ORIENTED_EDGE('',*,*,#1786,.T.);
#2602=ORIENTED_EDGE('',*,*,#1784,.T.);
#2603=ORIENTED_EDGE('',*,*,#1782,.T.);
#2604=ORIENTED_EDGE('',*,*,#1780,.T.);
#2605=ORIENTED_EDGE('',*,*,#1778,.F.);
#2606=ORIENTED_EDGE('',*,*,#1682,.F.);
#2607=ORIENTED_EDGE('',*,*,#1777,.T.);
#2608=ORIENTED_EDGE('',*,*,#1775,.T.);
#2609=CONICAL_SURFACE('',#2758,0.25,1.02974425867665);
#2610=CONICAL_SURFACE('',#2837,3.,0.197395559849883);
#2611=CONICAL_SURFACE('',#2959,6.,0.0872664625997165);
#2612=CONICAL_SURFACE('',#2960,5.99999999999999,0.0872664625997165);
#2613=ADVANCED_FACE('',(#238),#2609,.F.);
#2614=ADVANCED_FACE('',(#239),#200,.F.);
#2615=ADVANCED_FACE('',(#240),#201,.T.);
#2616=ADVANCED_FACE('',(#241),#130,.T.);
#2617=ADVANCED_FACE('',(#242),#202,.T.);
#2618=ADVANCED_FACE('',(#243),#60,.T.);
#2619=ADVANCED_FACE('',(#244),#61,.T.);
#2620=ADVANCED_FACE('',(#245),#203,.T.);
#2621=ADVANCED_FACE('',(#246),#204,.T.);
#2622=ADVANCED_FACE('',(#247),#131,.T.);
#2623=ADVANCED_FACE('',(#248),#205,.T.);
#2624=ADVANCED_FACE('',(#249),#62,.T.);
#2625=ADVANCED_FACE('',(#250),#206,.T.);
#2626=ADVANCED_FACE('',(#251,#46,#47),#63,.F.);
#2627=ADVANCED_FACE('',(#252),#207,.T.);
#2628=ADVANCED_FACE('',(#253),#64,.T.);
#2629=ADVANCED_FACE('',(#254),#65,.T.);
#2630=ADVANCED_FACE('',(#255),#208,.T.);
#2631=ADVANCED_FACE('',(#256),#66,.T.);
#2632=ADVANCED_FACE('',(#257),#67,.T.);
#2633=ADVANCED_FACE('',(#258),#68,.T.);
#2634=ADVANCED_FACE('',(#259),#69,.T.);
#2635=ADVANCED_FACE('',(#260),#70,.T.);
#2636=ADVANCED_FACE('',(#261),#71,.T.);
#2637=ADVANCED_FACE('',(#262),#72,.T.);
#2638=ADVANCED_FACE('',(#263),#73,.T.);
#2639=ADVANCED_FACE('',(#264),#74,.T.);
#2640=ADVANCED_FACE('',(#265),#209,.T.);
#2641=ADVANCED_FACE('',(#266),#40,.T.);
#2642=ADVANCED_FACE('',(#267),#210,.T.);
#2643=ADVANCED_FACE('',(#268),#41,.T.);
#2644=ADVANCED_FACE('',(#269),#42,.T.);
#2645=ADVANCED_FACE('',(#270),#211,.T.);
#2646=ADVANCED_FACE('',(#271),#75,.T.);
#2647=ADVANCED_FACE('',(#272),#212,.F.);
#2648=ADVANCED_FACE('',(#273),#76,.T.);
#2649=ADVANCED_FACE('',(#274),#2610,.T.);
#2650=ADVANCED_FACE('',(#275),#77,.T.);
#2651=ADVANCED_FACE('',(#276),#213,.T.);
#2652=ADVANCED_FACE('',(#277),#214,.T.);
#2653=ADVANCED_FACE('',(#278),#78,.T.);
#2654=ADVANCED_FACE('',(#279),#79,.T.);
#2655=ADVANCED_FACE('',(#280),#215,.F.);
#2656=ADVANCED_FACE('',(#281,#48),#216,.F.);
#2657=ADVANCED_FACE('',(#282,#49,#50),#80,.T.);
#2658=ADVANCED_FACE('',(#283),#217,.F.);
#2659=ADVANCED_FACE('',(#284),#81,.T.);
#2660=ADVANCED_FACE('',(#285),#218,.T.);
#2661=ADVANCED_FACE('',(#286),#82,.T.);
#2662=ADVANCED_FACE('',(#287),#83,.T.);
#2663=ADVANCED_FACE('',(#288),#43,.T.);
#2664=ADVANCED_FACE('',(#289),#219,.T.);
#2665=ADVANCED_FACE('',(#290),#220,.F.);
#2666=ADVANCED_FACE('',(#291),#17,.F.);
#2667=ADVANCED_FACE('',(#292),#18,.F.);
#2668=ADVANCED_FACE('',(#293),#19,.F.);
#2669=ADVANCED_FACE('',(#294),#20,.F.);
#2670=ADVANCED_FACE('',(#295),#221,.T.);
#2671=ADVANCED_FACE('',(#296),#84,.F.);
#2672=ADVANCED_FACE('',(#297),#85,.T.);
#2673=ADVANCED_FACE('',(#298),#86,.T.);
#2674=ADVANCED_FACE('',(#299),#87,.T.);
#2675=ADVANCED_FACE('',(#300),#88,.T.);
#2676=ADVANCED_FACE('',(#301),#89,.T.);
#2677=ADVANCED_FACE('',(#302,#51,#52),#90,.T.);
#2678=ADVANCED_FACE('',(#303),#21,.T.);
#2679=ADVANCED_FACE('',(#304),#91,.T.);
#2680=ADVANCED_FACE('',(#305),#92,.T.);
#2681=ADVANCED_FACE('',(#306),#93,.T.);
#2682=ADVANCED_FACE('',(#307),#94,.T.);
#2683=ADVANCED_FACE('',(#308),#95,.T.);
#2684=ADVANCED_FACE('',(#309),#96,.T.);
#2685=ADVANCED_FACE('',(#310),#97,.T.);
#2686=ADVANCED_FACE('',(#311),#98,.T.);
#2687=ADVANCED_FACE('',(#312),#99,.T.);
#2688=ADVANCED_FACE('',(#313),#222,.F.);
#2689=ADVANCED_FACE('',(#314),#100,.T.);
#2690=ADVANCED_FACE('',(#315),#101,.T.);
#2691=ADVANCED_FACE('',(#316),#223,.F.);
#2692=ADVANCED_FACE('',(#317),#102,.T.);
#2693=ADVANCED_FACE('',(#318),#103,.T.);
#2694=ADVANCED_FACE('',(#319),#224,.F.);
#2695=ADVANCED_FACE('',(#320),#104,.T.);
#2696=ADVANCED_FACE('',(#321),#105,.T.);
#2697=ADVANCED_FACE('',(#322),#225,.F.);
#2698=ADVANCED_FACE('',(#323),#106,.T.);
#2699=ADVANCED_FACE('',(#324),#107,.T.);
#2700=ADVANCED_FACE('',(#325),#108,.T.);
#2701=ADVANCED_FACE('',(#326),#109,.T.);
#2702=ADVANCED_FACE('',(#327),#110,.T.);
#2703=ADVANCED_FACE('',(#328),#111,.T.);
#2704=ADVANCED_FACE('',(#329),#226,.T.);
#2705=ADVANCED_FACE('',(#330),#227,.F.);
#2706=ADVANCED_FACE('',(#331),#228,.T.);
#2707=ADVANCED_FACE('',(#332),#112,.T.);
#2708=ADVANCED_FACE('',(#333),#229,.F.);
#2709=ADVANCED_FACE('',(#334),#113,.T.);
#2710=ADVANCED_FACE('',(#335),#230,.F.);
#2711=ADVANCED_FACE('',(#336),#231,.F.);
#2712=ADVANCED_FACE('',(#337),#232,.F.);
#2713=ADVANCED_FACE('',(#338),#44,.T.);
#2714=ADVANCED_FACE('',(#339),#233,.F.);
#2715=ADVANCED_FACE('',(#340),#45,.T.);
#2716=ADVANCED_FACE('',(#341),#22,.F.);
#2717=ADVANCED_FACE('',(#342),#234,.F.);
#2718=ADVANCED_FACE('',(#343),#235,.F.);
#2719=ADVANCED_FACE('',(#344),#236,.T.);
#2720=ADVANCED_FACE('',(#345),#114,.T.);
#2721=ADVANCED_FACE('',(#346),#237,.T.);
#2722=ADVANCED_FACE('',(#347),#115,.T.);
#2723=ADVANCED_FACE('',(#348),#116,.T.);
#2724=ADVANCED_FACE('',(#349),#117,.T.);
#2725=ADVANCED_FACE('',(#350),#2611,.T.);
#2726=ADVANCED_FACE('',(#351),#2612,.T.);
#2727=ADVANCED_FACE('',(#352),#118,.T.);
#2728=ADVANCED_FACE('',(#353),#23,.T.);
#2729=ADVANCED_FACE('',(#354),#119,.T.);
#2730=ADVANCED_FACE('',(#355),#120,.F.);
#2731=ADVANCED_FACE('',(#356),#121,.F.);
#2732=ADVANCED_FACE('',(#357),#122,.F.);
#2733=ADVANCED_FACE('',(#358),#123,.F.);
#2734=ADVANCED_FACE('',(#359),#24,.F.);
#2735=ADVANCED_FACE('',(#360),#25,.F.);
#2736=ADVANCED_FACE('',(#361),#26,.F.);
#2737=ADVANCED_FACE('',(#362),#124,.F.);
#2738=ADVANCED_FACE('',(#363),#125,.F.);
#2739=ADVANCED_FACE('',(#364),#126,.F.);
#2740=ADVANCED_FACE('',(#365),#27,.F.);
#2741=ADVANCED_FACE('',(#366),#28,.F.);
#2742=ADVANCED_FACE('',(#367),#29,.F.);
#2743=ADVANCED_FACE('',(#368),#30,.F.);
#2744=ADVANCED_FACE('',(#369),#31,.F.);
#2745=ADVANCED_FACE('',(#370),#32,.F.);
#2746=ADVANCED_FACE('',(#371),#33,.F.);
#2747=ADVANCED_FACE('',(#372),#34,.F.);
#2748=ADVANCED_FACE('',(#373),#35,.F.);
#2749=ADVANCED_FACE('',(#374),#127,.F.);
#2750=ADVANCED_FACE('',(#375),#128,.F.);
#2751=ADVANCED_FACE('',(#376),#36,.F.);
#2752=ADVANCED_FACE('',(#377),#37,.F.);
#2753=ADVANCED_FACE('',(#378),#38,.F.);
#2754=ADVANCED_FACE('',(#379),#39,.F.);
#2755=ADVANCED_FACE('',(#380),#129,.T.);
#2756=CLOSED_SHELL('',(#2613,#2614,#2615,#2616,#2617,#2618,#2619,#2620,
#2621,#2622,#2623,#2624,#2625,#2626,#2627,#2628,#2629,#2630,#2631,#2632,
#2633,#2634,#2635,#2636,#2637,#2638,#2639,#2640,#2641,#2642,#2643,#2644,
#2645,#2646,#2647,#2648,#2649,#2650,#2651,#2652,#2653,#2654,#2655,#2656,
#2657,#2658,#2659,#2660,#2661,#2662,#2663,#2664,#2665,#2666,#2667,#2668,
#2669,#2670,#2671,#2672,#2673,#2674,#2675,#2676,#2677,#2678,#2679,#2680,
#2681,#2682,#2683,#2684,#2685,#2686,#2687,#2688,#2689,#2690,#2691,#2692,
#2693,#2694,#2695,#2696,#2697,#2698,#2699,#2700,#2701,#2702,#2703,#2704,
#2705,#2706,#2707,#2708,#2709,#2710,#2711,#2712,#2713,#2714,#2715,#2716,
#2717,#2718,#2719,#2720,#2721,#2722,#2723,#2724,#2725,#2726,#2727,#2728,
#2729,#2730,#2731,#2732,#2733,#2734,#2735,#2736,#2737,#2738,#2739,#2740,
#2741,#2742,#2743,#2744,#2745,#2746,#2747,#2748,#2749,#2750,#2751,#2752,
#2753,#2754,#2755));
#2757=AXIS2_PLACEMENT_3D('',#3649,#2973,#2974);
#2758=AXIS2_PLACEMENT_3D('',#3650,#2975,#2976);
#2759=AXIS2_PLACEMENT_3D('',#3652,#2977,#2978);
#2760=AXIS2_PLACEMENT_3D('',#3655,#2980,#2981);
#2761=AXIS2_PLACEMENT_3D('',#3657,#2982,#2983);
#2762=AXIS2_PLACEMENT_3D('',#3659,#2985,#2986);
#2763=AXIS2_PLACEMENT_3D('',#3662,#2987,#2988);
#2764=AXIS2_PLACEMENT_3D('',#3687,#2991,#2992);
#2765=AXIS2_PLACEMENT_3D('',#3688,#2993,#2994);
#2766=AXIS2_PLACEMENT_3D('',#3689,#2995,#2996);
#2767=AXIS2_PLACEMENT_3D('',#3692,#2997,#2998);
#2768=AXIS2_PLACEMENT_3D('',#3695,#3001,#3002);
#2769=AXIS2_PLACEMENT_3D('',#3701,#3006,#3007);
#2770=AXIS2_PLACEMENT_3D('',#3703,#3008,#3009);
#2771=AXIS2_PLACEMENT_3D('',#3710,#3013,#3014);
#2772=AXIS2_PLACEMENT_3D('',#3711,#3015,#3016);
#2773=AXIS2_PLACEMENT_3D('',#3794,#3021,#3022);
#2774=AXIS2_PLACEMENT_3D('',#3796,#3024,#3025);
#2775=AXIS2_PLACEMENT_3D('',#3799,#3026,#3027);
#2776=AXIS2_PLACEMENT_3D('',#3802,#3029,#3030);
#2777=AXIS2_PLACEMENT_3D('',#3814,#3032,#3033);
#2778=AXIS2_PLACEMENT_3D('',#3815,#3034,#3035);
#2779=AXIS2_PLACEMENT_3D('',#3816,#3036,#3037);
#2780=AXIS2_PLACEMENT_3D('',#3819,#3038,#3039);
#2781=AXIS2_PLACEMENT_3D('',#3822,#3042,#3043);
#2782=AXIS2_PLACEMENT_3D('',#3828,#3047,#3048);
#2783=AXIS2_PLACEMENT_3D('',#3832,#3050,#3051);
#2784=AXIS2_PLACEMENT_3D('',#3834,#3053,#3054);
#2785=AXIS2_PLACEMENT_3D('',#3842,#3058,#3059);
#2786=AXIS2_PLACEMENT_3D('',#3844,#3060,#3061);
#2787=AXIS2_PLACEMENT_3D('',#3850,#3064,#3065);
#2788=AXIS2_PLACEMENT_3D('',#3910,#3067,#3068);
#2789=AXIS2_PLACEMENT_3D('',#3914,#3070,#3071);
#2790=AXIS2_PLACEMENT_3D('',#3918,#3073,#3074);
#2791=AXIS2_PLACEMENT_3D('',#3922,#3076,#3077);
#2792=AXIS2_PLACEMENT_3D('',#3981,#3079,#3080);
#2793=AXIS2_PLACEMENT_3D('',#4093,#3091,#3092);
#2794=AXIS2_PLACEMENT_3D('',#4103,#3097,#3098);
#2795=AXIS2_PLACEMENT_3D('',#4104,#3099,#3100);
#2796=AXIS2_PLACEMENT_3D('',#4107,#3101,#3102);
#2797=AXIS2_PLACEMENT_3D('',#4111,#3104,#3105);
#2798=AXIS2_PLACEMENT_3D('',#4113,#3107,#3108);
#2799=AXIS2_PLACEMENT_3D('',#4135,#3120,#3121);
#2800=AXIS2_PLACEMENT_3D('',#4137,#3122,#3123);
#2801=AXIS2_PLACEMENT_3D('',#4139,#3124,#3125);
#2802=AXIS2_PLACEMENT_3D('',#4141,#3126,#3127);
#2803=AXIS2_PLACEMENT_3D('',#4145,#3129,#3130);
#2804=AXIS2_PLACEMENT_3D('',#4148,#3132,#3133);
#2805=AXIS2_PLACEMENT_3D('',#4149,#3134,#3135);
#2806=AXIS2_PLACEMENT_3D('',#4153,#3137,#3138);
#2807=AXIS2_PLACEMENT_3D('',#4155,#3140,#3141);
#2808=AXIS2_PLACEMENT_3D('',#4171,#3150,#3151);
#2809=AXIS2_PLACEMENT_3D('',#4175,#3154,#3155);
#2810=AXIS2_PLACEMENT_3D('',#4181,#3159,#3160);
#2811=AXIS2_PLACEMENT_3D('',#4187,#3164,#3165);
#2812=AXIS2_PLACEMENT_3D('',#4189,#3167,#3168);
#2813=AXIS2_PLACEMENT_3D('',#4195,#3172,#3173);
#2814=AXIS2_PLACEMENT_3D('',#4199,#3176,#3177);
#2815=AXIS2_PLACEMENT_3D('',#4205,#3181,#3182);
#2816=AXIS2_PLACEMENT_3D('',#4207,#3184,#3185);
#2817=AXIS2_PLACEMENT_3D('',#4247,#3188,#3189);
#2818=AXIS2_PLACEMENT_3D('',#4250,#3190,#3191);
#2819=AXIS2_PLACEMENT_3D('',#4252,#3192,#3193);
#2820=AXIS2_PLACEMENT_3D('',#4254,#3194,#3195);
#2821=AXIS2_PLACEMENT_3D('',#4274,#3196,#3197);
#2822=AXIS2_PLACEMENT_3D('',#4277,#3198,#3199);
#2823=AXIS2_PLACEMENT_3D('',#4280,#3202,#3203);
#2824=AXIS2_PLACEMENT_3D('',#4281,#3204,#3205);
#2825=AXIS2_PLACEMENT_3D('',#4283,#3206,#3207);
#2826=AXIS2_PLACEMENT_3D('',#4296,#3208,#3209);
#2827=AXIS2_PLACEMENT_3D('',#4297,#3210,#3211);
#2828=AXIS2_PLACEMENT_3D('',#4298,#3212,#3213);
#2829=AXIS2_PLACEMENT_3D('',#4299,#3214,#3215);
#2830=AXIS2_PLACEMENT_3D('',#4302,#3217,#3218);
#2831=AXIS2_PLACEMENT_3D('',#4304,#3219,#3220);
#2832=AXIS2_PLACEMENT_3D('',#4306,#3222,#3223);
#2833=AXIS2_PLACEMENT_3D('',#4310,#3226,#3227);
#2834=AXIS2_PLACEMENT_3D('',#4320,#3229,#3230);
#2835=AXIS2_PLACEMENT_3D('',#4321,#3231,#3232);
#2836=AXIS2_PLACEMENT_3D('',#4322,#3233,#3234);
#2837=AXIS2_PLACEMENT_3D('',#4323,#3235,#3236);
#2838=AXIS2_PLACEMENT_3D('',#4328,#3237,#3238);
#2839=AXIS2_PLACEMENT_3D('',#4329,#3239,#3240);
#2840=AXIS2_PLACEMENT_3D('',#4330,#3241,#3242);
#2841=AXIS2_PLACEMENT_3D('',#4331,#3243,#3244);
#2842=AXIS2_PLACEMENT_3D('',#4332,#3245,#3246);
#2843=AXIS2_PLACEMENT_3D('',#4333,#3247,#3248);
#2844=AXIS2_PLACEMENT_3D('',#4334,#3249,#3250);
#2845=AXIS2_PLACEMENT_3D('',#4335,#3251,#3252);
#2846=AXIS2_PLACEMENT_3D('',#4336,#3253,#3254);
#2847=AXIS2_PLACEMENT_3D('',#4337,#3255,#3256);
#2848=AXIS2_PLACEMENT_3D('',#4338,#3257,#3258);
#2849=AXIS2_PLACEMENT_3D('',#4339,#3259,#3260);
#2850=AXIS2_PLACEMENT_3D('',#4342,#3262,#3263);
#2851=AXIS2_PLACEMENT_3D('',#4385,#3265,#3266);
#2852=AXIS2_PLACEMENT_3D('',#4395,#3271,#3272);
#2853=AXIS2_PLACEMENT_3D('',#4399,#3274,#3275);
#2854=AXIS2_PLACEMENT_3D('',#4405,#3278,#3279);
#2855=AXIS2_PLACEMENT_3D('',#4409,#3281,#3282);
#2856=AXIS2_PLACEMENT_3D('',#4415,#3285,#3286);
#2857=AXIS2_PLACEMENT_3D('',#4417,#3287,#3288);
#2858=AXIS2_PLACEMENT_3D('',#4419,#3289,#3290);
#2859=AXIS2_PLACEMENT_3D('',#4426,#3294,#3295);
#2860=AXIS2_PLACEMENT_3D('',#4486,#3297,#3298);
#2861=AXIS2_PLACEMENT_3D('',#4490,#3300,#3301);
#2862=AXIS2_PLACEMENT_3D('',#4494,#3303,#3304);
#2863=AXIS2_PLACEMENT_3D('',#4498,#3306,#3307);
#2864=AXIS2_PLACEMENT_3D('',#4542,#3312,#3313);
#2865=AXIS2_PLACEMENT_3D('',#4543,#3314,#3315);
#2866=AXIS2_PLACEMENT_3D('',#4546,#3317,#3318);
#2867=AXIS2_PLACEMENT_3D('',#4547,#3319,#3320);
#2868=AXIS2_PLACEMENT_3D('',#4551,#3323,#3324);
#2869=AXIS2_PLACEMENT_3D('',#4552,#3325,#3326);
#2870=AXIS2_PLACEMENT_3D('',#4553,#3327,#3328);
#2871=AXIS2_PLACEMENT_3D('',#4559,#3332,#3333);
#2872=AXIS2_PLACEMENT_3D('',#4565,#3337,#3338);
#2873=AXIS2_PLACEMENT_3D('',#4577,#3339,#3340);
#2874=AXIS2_PLACEMENT_3D('',#4579,#3341,#3342);
#2875=AXIS2_PLACEMENT_3D('',#4580,#3343,#3344);
#2876=AXIS2_PLACEMENT_3D('',#4581,#3345,#3346);
#2877=AXIS2_PLACEMENT_3D('',#4582,#3347,#3348);
#2878=AXIS2_PLACEMENT_3D('',#4583,#3349,#3350);
#2879=AXIS2_PLACEMENT_3D('',#4584,#3351,#3352);
#2880=AXIS2_PLACEMENT_3D('',#4588,#3354,#3355);
#2881=AXIS2_PLACEMENT_3D('',#4613,#3356,#3357);
#2882=AXIS2_PLACEMENT_3D('',#4633,#3358,#3359);
#2883=AXIS2_PLACEMENT_3D('',#4659,#3360,#3361);
#2884=AXIS2_PLACEMENT_3D('',#4660,#3362,#3363);
#2885=AXIS2_PLACEMENT_3D('',#4909,#3364,#3365);
#2886=AXIS2_PLACEMENT_3D('',#4911,#3367,#3368);
#2887=AXIS2_PLACEMENT_3D('',#4912,#3369,#3370);
#2888=AXIS2_PLACEMENT_3D('',#4916,#3371,#3372);
#2889=AXIS2_PLACEMENT_3D('',#4939,#3373,#3374);
#2890=AXIS2_PLACEMENT_3D('',#4943,#3377,#3378);
#2891=AXIS2_PLACEMENT_3D('',#4946,#3381,#3382);
#2892=AXIS2_PLACEMENT_3D('',#4947,#3383,#3384);
#2893=AXIS2_PLACEMENT_3D('',#5033,#3397,#3398);
#2894=AXIS2_PLACEMENT_3D('',#5035,#3399,#3400);
#2895=AXIS2_PLACEMENT_3D('',#5037,#3401,#3402);
#2896=AXIS2_PLACEMENT_3D('',#5041,#3404,#3405);
#2897=AXIS2_PLACEMENT_3D('',#5044,#3407,#3408);
#2898=AXIS2_PLACEMENT_3D('',#5089,#3415,#3416);
#2899=AXIS2_PLACEMENT_3D('',#5090,#3417,#3418);
#2900=AXIS2_PLACEMENT_3D('',#5092,#3420,#3421);
#2901=AXIS2_PLACEMENT_3D('',#5094,#3423,#3424);
#2902=AXIS2_PLACEMENT_3D('',#5102,#3430,#3431);
#2903=AXIS2_PLACEMENT_3D('',#5105,#3434,#3435);
#2904=AXIS2_PLACEMENT_3D('',#5108,#3438,#3439);
#2905=AXIS2_PLACEMENT_3D('',#5111,#3442,#3443);
#2906=AXIS2_PLACEMENT_3D('',#5123,#3451,#3452);
#2907=AXIS2_PLACEMENT_3D('',#5127,#3455,#3456);
#2908=AXIS2_PLACEMENT_3D('',#5131,#3459,#3460);
#2909=AXIS2_PLACEMENT_3D('',#5133,#3462,#3463);
#2910=AXIS2_PLACEMENT_3D('',#5138,#3466,#3467);
#2911=AXIS2_PLACEMENT_3D('',#5139,#3468,#3469);
#2912=AXIS2_PLACEMENT_3D('',#5143,#3472,#3473);
#2913=AXIS2_PLACEMENT_3D('',#5147,#3476,#3477);
#2914=AXIS2_PLACEMENT_3D('',#5150,#3479,#3480);
#2915=AXIS2_PLACEMENT_3D('',#5151,#3481,#3482);
#2916=AXIS2_PLACEMENT_3D('',#5153,#3484,#3485);
#2917=AXIS2_PLACEMENT_3D('',#5154,#3486,#3487);
#2918=AXIS2_PLACEMENT_3D('',#5159,#3490,#3491);
#2919=AXIS2_PLACEMENT_3D('',#5160,#3492,#3493);
#2920=AXIS2_PLACEMENT_3D('',#5164,#3496,#3497);
#2921=AXIS2_PLACEMENT_3D('',#5168,#3500,#3501);
#2922=AXIS2_PLACEMENT_3D('',#5171,#3503,#3504);
#2923=AXIS2_PLACEMENT_3D('',#5172,#3505,#3506);
#2924=AXIS2_PLACEMENT_3D('',#5174,#3508,#3509);
#2925=AXIS2_PLACEMENT_3D('',#5180,#3513,#3514);
#2926=AXIS2_PLACEMENT_3D('',#5182,#3516,#3517);
#2927=AXIS2_PLACEMENT_3D('',#5184,#3519,#3520);
#2928=AXIS2_PLACEMENT_3D('',#5185,#3521,#3522);
#2929=AXIS2_PLACEMENT_3D('',#5190,#3526,#3527);
#2930=AXIS2_PLACEMENT_3D('',#5191,#3528,#3529);
#2931=AXIS2_PLACEMENT_3D('',#5194,#3531,#3532);
#2932=AXIS2_PLACEMENT_3D('',#5196,#3534,#3535);
#2933=AXIS2_PLACEMENT_3D('',#5197,#3536,#3537);
#2934=AXIS2_PLACEMENT_3D('',#5198,#3538,#3539);
#2935=AXIS2_PLACEMENT_3D('',#5199,#3540,#3541);
#2936=AXIS2_PLACEMENT_3D('',#5200,#3542,#3543);
#2937=AXIS2_PLACEMENT_3D('',#5201,#3544,#3545);
#2938=AXIS2_PLACEMENT_3D('',#5202,#3546,#3547);
#2939=AXIS2_PLACEMENT_3D('',#5203,#3548,#3549);
#2940=AXIS2_PLACEMENT_3D('',#5204,#3550,#3551);
#2941=AXIS2_PLACEMENT_3D('',#5207,#3552,#3553);
#2942=AXIS2_PLACEMENT_3D('',#5209,#3555,#3556);
#2943=AXIS2_PLACEMENT_3D('',#5210,#3557,#3558);
#2944=AXIS2_PLACEMENT_3D('',#5211,#3559,#3560);
#2945=AXIS2_PLACEMENT_3D('',#5212,#3561,#3562);
#2946=AXIS2_PLACEMENT_3D('',#5225,#3563,#3564);
#2947=AXIS2_PLACEMENT_3D('',#5227,#3566,#3567);
#2948=AXIS2_PLACEMENT_3D('',#5228,#3568,#3569);
#2949=AXIS2_PLACEMENT_3D('',#5229,#3570,#3571);
#2950=AXIS2_PLACEMENT_3D('',#5230,#3572,#3573);
#2951=AXIS2_PLACEMENT_3D('',#5294,#3574,#3575);
#2952=AXIS2_PLACEMENT_3D('',#5296,#3577,#3578);
#2953=AXIS2_PLACEMENT_3D('',#5298,#3580,#3581);
#2954=AXIS2_PLACEMENT_3D('',#5300,#3583,#3584);
#2955=AXIS2_PLACEMENT_3D('',#5302,#3586,#3587);
#2956=AXIS2_PLACEMENT_3D('',#5303,#3588,#3589);
#2957=AXIS2_PLACEMENT_3D('',#5305,#3591,#3592);
#2958=AXIS2_PLACEMENT_3D('',#5307,#3594,#3595);
#2959=AXIS2_PLACEMENT_3D('',#5308,#3596,#3597);
#2960=AXIS2_PLACEMENT_3D('',#5313,#3598,#3599);
#2961=AXIS2_PLACEMENT_3D('',#5314,#3600,#3601);
#2962=AXIS2_PLACEMENT_3D('',#5343,#3602,#3603);
#2963=AXIS2_PLACEMENT_3D('',#5344,#3604,#3605);
#2964=AXIS2_PLACEMENT_3D('',#5346,#3607,#3608);
#2965=AXIS2_PLACEMENT_3D('',#5349,#3611,#3612);
#2966=AXIS2_PLACEMENT_3D('',#5351,#3614,#3615);
#2967=AXIS2_PLACEMENT_3D('',#5386,#3620,#3621);
#2968=AXIS2_PLACEMENT_3D('',#5388,#3623,#3624);
#2969=AXIS2_PLACEMENT_3D('',#5389,#3625,#3626);
#2970=AXIS2_PLACEMENT_3D('',#5503,#3637,#3638);
#2971=AXIS2_PLACEMENT_3D('',#5505,#3640,#3641);
#2972=AXIS2_PLACEMENT_3D('',#5575,#3647,#3648);
#2973=DIRECTION('axis',(0.,0.,1.));
#2974=DIRECTION('refdir',(1.,0.,0.));
#2975=DIRECTION('center_axis',(1.,0.,0.));
#2976=DIRECTION('ref_axis',(0.,1.,0.));
#2977=DIRECTION('center_axis',(-1.,0.,0.));
#2978=DIRECTION('ref_axis',(0.,1.,0.));
#2979=DIRECTION('',(-0.515038074910054,0.857167300702112,-1.04972719113862E-16));
#2980=DIRECTION('center_axis',(-1.,0.,0.));
#2981=DIRECTION('ref_axis',(0.,1.,0.));
#2982=DIRECTION('center_axis',(-1.,0.,0.));
#2983=DIRECTION('ref_axis',(0.,1.,0.));
#2984=DIRECTION('',(-1.,0.,0.));
#2985=DIRECTION('center_axis',(0.996194698091746,0.0871557427476582,0.));
#2986=DIRECTION('ref_axis',(0.0616284167162195,-0.70441602640276,0.707106781186546));
#2987=DIRECTION('center_axis',(-0.996194698091745,-0.0871557427476592,0.));
#2988=DIRECTION('ref_axis',(0.0871557427476592,-0.996194698091745,0.));
#2989=DIRECTION('',(-0.996194698091746,-0.0871557427476582,0.));
#2990=DIRECTION('',(0.996194698091746,0.0871557427476582,0.));
#2991=DIRECTION('center_axis',(-1.,0.,0.));
#2992=DIRECTION('ref_axis',(0.,-1.,0.));
#2993=DIRECTION('center_axis',(0.,0.,1.));
#2994=DIRECTION('ref_axis',(0.0871557427476592,-0.996194698091745,0.));
#2995=DIRECTION('center_axis',(-1.,0.,0.));
#2996=DIRECTION('ref_axis',(0.,-1.,-2.96059473233375E-15));
#2997=DIRECTION('center_axis',(-1.,0.,0.));
#2998=DIRECTION('ref_axis',(0.,-1.,-2.96059473233375E-15));
#2999=DIRECTION('',(-1.,0.,0.));
#3000=DIRECTION('',(1.,0.,0.));
#3001=DIRECTION('center_axis',(0.,-1.,-2.75404161147326E-15));
#3002=DIRECTION('ref_axis',(0.,2.75404161147326E-15,-1.));
#3003=DIRECTION('',(0.,-1.62183574264188E-33,-1.));
#3004=DIRECTION('',(1.,0.,0.));
#3005=DIRECTION('',(0.,2.75404161147326E-15,-1.));
#3006=DIRECTION('center_axis',(0.0871557427476582,-0.996194698091746,1.61566416799553E-33));
#3007=DIRECTION('ref_axis',(0.,1.62183574264188E-33,1.));
#3008=DIRECTION('center_axis',(0.0871557427476582,-0.996194698091746,1.61566416799553E-33));
#3009=DIRECTION('ref_axis',(-0.996194698091746,-0.0871557427476582,0.));
#3010=DIRECTION('',(0.,1.62183574264188E-33,1.));
#3011=DIRECTION('',(0.996194698091746,0.0871557427476582,0.));
#3012=DIRECTION('',(0.,-1.62183574264188E-33,-1.));
#3013=DIRECTION('center_axis',(0.0871557427476582,-0.996194698091746,1.61566416799553E-33));
#3014=DIRECTION('ref_axis',(-0.996194698091746,-0.0871557427476582,1.03766554774002E-17));
#3015=DIRECTION('center_axis',(0.,1.,0.));
#3016=DIRECTION('ref_axis',(-0.707106781186547,0.,0.707106781186547));
#3017=DIRECTION('',(0.,1.,0.));
#3018=DIRECTION('',(0.,-1.,0.));
#3019=DIRECTION('',(0.,-1.,0.));
#3020=DIRECTION('',(0.,-1.,0.));
#3021=DIRECTION('center_axis',(0.,-1.,1.88121128600548E-15));
#3022=DIRECTION('ref_axis',(-0.707106781186547,0.,0.707106781186547));
#3023=DIRECTION('',(0.,-1.,0.));
#3024=DIRECTION('center_axis',(0.996194698091746,-0.0871557427476582,0.));
#3025=DIRECTION('ref_axis',(0.0616284167162201,0.70441602640276,0.707106781186546));
#3026=DIRECTION('center_axis',(-0.996194698091746,0.0871557427476573,0.));
#3027=DIRECTION('ref_axis',(0.,0.,1.));
#3028=DIRECTION('',(-0.996194698091746,0.0871557427476582,0.));
#3029=DIRECTION('center_axis',(0.704416026402759,-0.0616284167162192,0.707106781186547));
#3030=DIRECTION('ref_axis',(-0.704416026402759,0.0616284167162195,0.707106781186548));
#3031=DIRECTION('',(0.996194698091746,-0.0871557427476582,0.));
#3032=DIRECTION('center_axis',(-1.,0.,0.));
#3033=DIRECTION('ref_axis',(0.,0.,1.));
#3034=DIRECTION('center_axis',(0.,0.,1.));
#3035=DIRECTION('ref_axis',(0.0871557427476576,0.996194698091746,0.));
#3036=DIRECTION('center_axis',(-1.,0.,0.));
#3037=DIRECTION('ref_axis',(0.,1.86264514923096E-7,0.999999999999983));
#3038=DIRECTION('center_axis',(-1.,0.,0.));
#3039=DIRECTION('ref_axis',(0.,1.86264514923096E-7,0.999999999999983));
#3040=DIRECTION('',(-1.,0.,0.));
#3041=DIRECTION('',(1.,0.,0.));
#3042=DIRECTION('center_axis',(0.,0.,1.));
#3043=DIRECTION('ref_axis',(0.,1.,0.));
#3044=DIRECTION('',(0.,-1.,0.));
#3045=DIRECTION('',(0.,-1.,0.));
#3046=DIRECTION('',(0.,-1.,0.));
#3047=DIRECTION('center_axis',(0.,0.,-1.));
#3048=DIRECTION('ref_axis',(-0.67559020761566,0.737277336810124,0.));
#3049=DIRECTION('',(0.,0.,-1.));
#3050=DIRECTION('center_axis',(-0.0871557427476582,1.43779777808025E-15,
-0.996194698091746));
#3051=DIRECTION('ref_axis',(-0.996194698091745,1.97236361864855E-14,0.0871557427476582));
#3052=DIRECTION('',(0.,0.,1.));
#3053=DIRECTION('center_axis',(1.,0.,0.));
#3054=DIRECTION('ref_axis',(0.,1.,0.));
#3055=DIRECTION('',(0.,1.,1.4432899320127E-15));
#3056=DIRECTION('',(0.,1.4432899320127E-15,-1.));
#3057=DIRECTION('',(0.,1.,1.4432899320127E-15));
#3058=DIRECTION('center_axis',(-1.,0.,0.));
#3059=DIRECTION('ref_axis',(0.,1.,0.));
#3060=DIRECTION('center_axis',(-1.,0.,0.));
#3061=DIRECTION('ref_axis',(0.,1.,0.));
#3062=DIRECTION('',(0.,1.,1.4432899320127E-15));
#3063=DIRECTION('',(6.23720800351212E-17,1.48029736616688E-15,-1.));
#3064=DIRECTION('center_axis',(-1.,0.,0.));
#3065=DIRECTION('ref_axis',(0.,-0.866025403784441,0.499999999999996));
#3066=DIRECTION('',(0.,-1.,-6.18008762784443E-14));
#3067=DIRECTION('center_axis',(-1.,0.,0.));
#3068=DIRECTION('ref_axis',(0.,-0.707106781186532,0.707106781186563));
#3069=DIRECTION('',(0.,-1.03250741290162E-13,-1.));
#3070=DIRECTION('center_axis',(1.,0.,0.));
#3071=DIRECTION('ref_axis',(0.,0.707106781186512,-0.707106781186583));
#3072=DIRECTION('',(0.,-1.,-2.28754744084864E-16));
#3073=DIRECTION('center_axis',(1.,0.,0.));
#3074=DIRECTION('ref_axis',(0.,-0.707106781186548,-0.707106781186547));
#3075=DIRECTION('',(0.,-5.55111512312578E-16,1.));
#3076=DIRECTION('center_axis',(-1.,0.,0.));
#3077=DIRECTION('ref_axis',(0.,0.707106781186546,0.707106781186549));
#3078=DIRECTION('',(0.,-1.,1.7667420991634E-16));
#3079=DIRECTION('center_axis',(-1.,0.,0.));
#3080=DIRECTION('ref_axis',(0.,-1.,0.));
#3081=DIRECTION('',(0.,-1.88121128600548E-15,-1.));
#3082=DIRECTION('',(0.,1.,0.));
#3083=DIRECTION('',(0.,-1.,0.));
#3084=DIRECTION('',(0.,-1.88121128600548E-15,-1.));
#3085=DIRECTION('',(0.,1.,0.));
#3086=DIRECTION('',(0.,1.92071821212202E-15,1.));
#3087=DIRECTION('',(0.,1.,0.));
#3088=DIRECTION('',(0.,0.557101071186697,-0.830444698027891));
#3089=DIRECTION('',(0.,1.,0.));
#3090=DIRECTION('',(0.,-0.530531779098367,0.847665046682191));
#3091=DIRECTION('center_axis',(-1.,0.,0.));
#3092=DIRECTION('ref_axis',(0.,0.,-1.));
#3093=DIRECTION('',(0.,3.55271367880051E-15,-1.));
#3094=DIRECTION('',(0.,1.,-1.08314441426845E-16));
#3095=DIRECTION('',(0.,7.105427357601E-15,1.));
#3096=DIRECTION('',(0.,-1.,0.));
#3097=DIRECTION('center_axis',(-1.,0.,0.));
#3098=DIRECTION('ref_axis',(0.,1.,0.));
#3099=DIRECTION('center_axis',(0.,0.,-1.));
#3100=DIRECTION('ref_axis',(0.741619848709569,-0.670820393249934,0.));
#3101=DIRECTION('center_axis',(0.,-1.46806350363657E-15,1.));
#3102=DIRECTION('ref_axis',(0.741619848709569,-0.670820393249934,0.));
#3103=DIRECTION('',(0.,0.,1.));
#3104=DIRECTION('center_axis',(0.,-1.4432899320127E-15,1.));
#3105=DIRECTION('ref_axis',(0.741619848709569,-0.670820393249934,0.));
#3106=DIRECTION('',(0.,0.,-1.));
#3107=DIRECTION('center_axis',(1.,0.,0.));
#3108=DIRECTION('ref_axis',(0.,1.,0.));
#3109=DIRECTION('',(0.,1.,1.4432899320127E-15));
#3110=DIRECTION('',(1.48029736616685E-15,-1.,-1.46806350363657E-15));
#3111=DIRECTION('',(0.,1.36642833800019E-15,-1.));
#3112=DIRECTION('',(0.,1.,1.4432899320127E-15));
#3113=DIRECTION('',(0.,-1.25255930983351E-15,-1.));
#3114=DIRECTION('',(0.,1.,1.4432899320127E-15));
#3115=DIRECTION('',(0.,0.,1.));
#3116=DIRECTION('',(0.,-1.,1.190587693968E-16));
#3117=DIRECTION('',(0.,1.48029736616688E-15,-1.));
#3118=DIRECTION('',(0.,1.,1.4432899320127E-15));
#3119=DIRECTION('',(0.,0.,1.));
#3120=DIRECTION('center_axis',(0.,1.46806350363657E-15,-1.));
#3121=DIRECTION('ref_axis',(1.,0.,0.));
#3122=DIRECTION('center_axis',(0.,-1.46806350363657E-15,1.));
#3123=DIRECTION('ref_axis',(1.,0.,0.));
#3124=DIRECTION('center_axis',(0.,-1.46806350363657E-15,1.));
#3125=DIRECTION('ref_axis',(-0.517100177988603,0.855924883342081,0.));
#3126=DIRECTION('center_axis',(0.,1.46806350363657E-15,-1.));
#3127=DIRECTION('ref_axis',(1.,0.,0.));
#3128=DIRECTION('',(-1.,0.,0.));
#3129=DIRECTION('center_axis',(2.13921474814585E-32,-1.46806350363657E-15,
1.));
#3130=DIRECTION('ref_axis',(-1.,-3.14050309819401E-47,2.13921474814585E-32));
#3131=DIRECTION('',(0.,-1.,-1.46806350363657E-15));
#3132=DIRECTION('center_axis',(0.,-1.46806350363657E-15,1.));
#3133=DIRECTION('ref_axis',(1.,0.,0.));
#3134=DIRECTION('center_axis',(0.,0.,-1.));
#3135=DIRECTION('ref_axis',(-0.517100177988603,0.855924883342081,0.));
#3136=DIRECTION('',(0.,0.,1.));
#3137=DIRECTION('center_axis',(0.,-1.4432899320127E-15,1.));
#3138=DIRECTION('ref_axis',(-0.517100177988603,0.855924883342081,0.));
#3139=DIRECTION('',(0.,0.,-1.));
#3140=DIRECTION('center_axis',(1.,0.,0.));
#3141=DIRECTION('ref_axis',(0.,0.,-1.));
#3142=DIRECTION('',(0.,1.,0.));
#3143=DIRECTION('',(0.,0.,-1.));
#3144=DIRECTION('',(0.,-1.,-1.46806350363657E-15));
#3145=DIRECTION('',(0.,0.,-1.));
#3146=DIRECTION('',(0.,1.,0.));
#3147=DIRECTION('',(0.,0.,-1.));
#3148=DIRECTION('',(0.,-1.,0.));
#3149=DIRECTION('',(0.,0.,-1.));
#3150=DIRECTION('center_axis',(0.,1.86264514923093E-7,0.999999999999983));
#3151=DIRECTION('ref_axis',(0.,-0.999999999999983,1.86264514923093E-7));
#3152=DIRECTION('',(1.,0.,0.));
#3153=DIRECTION('',(0.,-0.999999999999983,1.86264514923093E-7));
#3154=DIRECTION('center_axis',(0.,1.,0.));
#3155=DIRECTION('ref_axis',(0.,0.,1.));
#3156=DIRECTION('',(0.,0.,1.));
#3157=DIRECTION('',(1.,0.,0.));
#3158=DIRECTION('',(0.,0.,1.));
#3159=DIRECTION('center_axis',(0.,0.,-1.));
#3160=DIRECTION('ref_axis',(0.,1.,0.));
#3161=DIRECTION('',(0.,1.,-1.190587693968E-16));
#3162=DIRECTION('',(0.,1.,0.));
#3163=DIRECTION('',(1.,0.,0.));
#3164=DIRECTION('center_axis',(1.,0.,0.));
#3165=DIRECTION('ref_axis',(0.,0.,-1.));
#3166=DIRECTION('',(0.,0.,-1.));
#3167=DIRECTION('center_axis',(1.,0.,0.));
#3168=DIRECTION('ref_axis',(0.,1.,0.));
#3169=DIRECTION('',(0.,0.,1.));
#3170=DIRECTION('',(0.,0.,-1.));
#3171=DIRECTION('',(0.,1.,0.));
#3172=DIRECTION('center_axis',(0.,-1.86264514923093E-7,0.999999999999983));
#3173=DIRECTION('ref_axis',(0.,-0.999999999999983,-1.86264514923093E-7));
#3174=DIRECTION('',(0.,-0.999999999999983,-1.86264514923093E-7));
#3175=DIRECTION('',(1.,0.,0.));
#3176=DIRECTION('center_axis',(0.,0.,-1.));
#3177=DIRECTION('ref_axis',(0.,1.,0.));
#3178=DIRECTION('',(0.,1.,-1.190587693968E-16));
#3179=DIRECTION('',(1.,0.,0.));
#3180=DIRECTION('',(0.,1.,0.));
#3181=DIRECTION('center_axis',(1.,0.,0.));
#3182=DIRECTION('ref_axis',(0.,0.,-1.));
#3183=DIRECTION('',(0.,0.,1.));
#3184=DIRECTION('center_axis',(0.,1.,1.46806350363657E-15));
#3185=DIRECTION('ref_axis',(0.63398890560554,0.,-0.773342141337901));
#3186=DIRECTION('',(0.,-1.,-1.46806350363657E-15));
#3187=DIRECTION('',(0.,1.,1.46806350363657E-15));
#3188=DIRECTION('center_axis',(0.,-1.46806350363657E-15,1.));
#3189=DIRECTION('ref_axis',(1.,0.,0.));
#3190=DIRECTION('center_axis',(0.,-1.46806350363657E-15,1.));
#3191=DIRECTION('ref_axis',(-0.335643210208237,-0.941989190724134,-1.38777878078145E-15));
#3192=DIRECTION('center_axis',(-1.,0.,0.));
#3193=DIRECTION('ref_axis',(0.,1.,2.4671622769448E-15));
#3194=DIRECTION('center_axis',(0.,1.46806350363657E-15,-1.));
#3195=DIRECTION('ref_axis',(-0.335643210208237,-0.941989190724134,-1.38289995172225E-15));
#3196=DIRECTION('center_axis',(1.,0.,0.));
#3197=DIRECTION('ref_axis',(0.,0.707106781186534,-0.707106781186562));
#3198=DIRECTION('center_axis',(-1.,0.,0.));
#3199=DIRECTION('ref_axis',(0.,1.,0.));
#3200=DIRECTION('',(-1.,0.,0.));
#3201=DIRECTION('',(1.,0.,0.));
#3202=DIRECTION('center_axis',(0.,1.46806350363657E-15,-1.));
#3203=DIRECTION('ref_axis',(-1.,0.,0.));
#3204=DIRECTION('center_axis',(0.,-1.46806350363657E-15,1.));
#3205=DIRECTION('ref_axis',(0.040314199340035,0.999187052223742,1.46687004467588E-15));
#3206=DIRECTION('center_axis',(0.,1.46806350363657E-15,-1.));
#3207=DIRECTION('ref_axis',(0.040314199340035,0.999187052223742,1.45716771982053E-15));
#3208=DIRECTION('center_axis',(0.,-1.46806350363657E-15,1.));
#3209=DIRECTION('ref_axis',(-0.864577217694153,-0.502499984720634,-6.27446651761941E-16));
#3210=DIRECTION('center_axis',(-7.00916343294051E-17,1.75779992055506E-15,
-1.));
#3211=DIRECTION('ref_axis',(-0.875898654034974,-0.482495127291169,-7.86736728252383E-16));
#3212=DIRECTION('center_axis',(0.,-1.46806350363657E-15,1.));
#3213=DIRECTION('ref_axis',(-0.875898654034972,-0.482495127291172,-7.08333487058649E-16));
#3214=DIRECTION('center_axis',(0.,0.,1.));
#3215=DIRECTION('ref_axis',(0.707106781186555,0.70710678118654,0.));
#3216=DIRECTION('',(0.,0.,1.));
#3217=DIRECTION('center_axis',(5.4942391691574E-48,1.4432899320127E-15,
-1.));
#3218=DIRECTION('ref_axis',(0.707106781186555,0.70710678118654,0.));
#3219=DIRECTION('center_axis',(0.,-1.4432899320127E-15,1.));
#3220=DIRECTION('ref_axis',(0.707106781186555,0.70710678118654,0.));
#3221=DIRECTION('',(0.,0.,-1.));
#3222=DIRECTION('center_axis',(0.,1.,0.));
#3223=DIRECTION('ref_axis',(0.,0.,1.));
#3224=DIRECTION('',(0.,0.,-1.));
#3225=DIRECTION('',(1.,0.,0.));
#3226=DIRECTION('center_axis',(0.,0.,-1.));
#3227=DIRECTION('ref_axis',(-0.707106781186555,-0.70710678118654,0.));
#3228=DIRECTION('',(0.,0.,-1.));
#3229=DIRECTION('center_axis',(0.,1.4432899320127E-15,-1.));
#3230=DIRECTION('ref_axis',(-0.707106781186555,-0.70710678118654,0.));
#3231=DIRECTION('center_axis',(-5.4942391691574E-48,-1.4432899320127E-15,
1.));
#3232=DIRECTION('ref_axis',(-0.707106781186555,-0.70710678118654,0.));
#3233=DIRECTION('center_axis',(0.,1.46806350363657E-15,-1.));
#3234=DIRECTION('ref_axis',(1.,0.,0.));
#3235=DIRECTION('center_axis',(0.,0.,1.));
#3236=DIRECTION('ref_axis',(-1.,0.,0.));
#3237=DIRECTION('center_axis',(0.,1.46806350363657E-15,-1.));
#3238=DIRECTION('ref_axis',(-1.,0.,0.));
#3239=DIRECTION('center_axis',(0.98058067569092,2.87910940470625E-16,-0.196116135138184));
#3240=DIRECTION('ref_axis',(-0.196116135138184,0.,-0.98058067569092));
#3241=DIRECTION('center_axis',(0.98058067569092,2.87910940470625E-16,-0.196116135138184));
#3242=DIRECTION('ref_axis',(0.196116135138184,0.,0.98058067569092));
#3243=DIRECTION('center_axis',(0.,0.,-1.));
#3244=DIRECTION('ref_axis',(-0.834753653030237,-0.550623590806528,0.));
#3245=DIRECTION('center_axis',(0.,-1.4432899320127E-15,1.));
#3246=DIRECTION('ref_axis',(1.,0.,0.));
#3247=DIRECTION('center_axis',(0.,0.,-1.));
#3248=DIRECTION('ref_axis',(1.,0.,0.));
#3249=DIRECTION('center_axis',(0.,-1.4432899320127E-15,1.));
#3250=DIRECTION('ref_axis',(1.,0.,0.));
#3251=DIRECTION('center_axis',(0.,1.4432899320127E-15,-1.));
#3252=DIRECTION('ref_axis',(1.,0.,0.));
#3253=DIRECTION('center_axis',(0.,1.4432899320127E-15,-1.));
#3254=DIRECTION('ref_axis',(1.,0.,0.));
#3255=DIRECTION('center_axis',(0.,1.4432899320127E-15,-1.));
#3256=DIRECTION('ref_axis',(1.,0.,0.));
#3257=DIRECTION('center_axis',(0.,0.,-1.));
#3258=DIRECTION('ref_axis',(-0.948663398744113,-0.31628745767619,0.));
#3259=DIRECTION('center_axis',(0.,-1.36642833800019E-15,1.));
#3260=DIRECTION('ref_axis',(-1.,1.22464679914735E-16,1.67339209039617E-31));
#3261=DIRECTION('',(0.,-1.36642833800019E-15,1.));
#3262=DIRECTION('center_axis',(0.,-1.4432899320127E-15,1.));
#3263=DIRECTION('ref_axis',(1.,0.,0.));
#3264=DIRECTION('',(0.,-1.36642833800019E-15,1.));
#3265=DIRECTION('center_axis',(1.,0.,0.));
#3266=DIRECTION('ref_axis',(0.,1.,0.));
#3267=DIRECTION('',(0.,0.,1.));
#3268=DIRECTION('',(0.,1.,1.4432899320127E-15));
#3269=DIRECTION('',(0.,1.25255930983351E-15,1.));
#3270=DIRECTION('',(0.,-1.,0.));
#3271=DIRECTION('center_axis',(-1.,0.,0.));
#3272=DIRECTION('ref_axis',(0.,-0.965925826289068,0.258819045102522));
#3273=DIRECTION('',(0.,0.866025403784438,-0.500000000000001));
#3274=DIRECTION('center_axis',(-1.,0.,0.));
#3275=DIRECTION('ref_axis',(0.,0.,-1.));
#3276=DIRECTION('',(0.,-1.,-1.38777878078145E-16));
#3277=DIRECTION('',(0.,-0.258819045103142,-0.965925826288902));
#3278=DIRECTION('center_axis',(-1.,0.,0.));
#3279=DIRECTION('ref_axis',(0.,-0.25881904510253,-0.965925826289066));
#3280=DIRECTION('',(0.,-0.965925826289068,0.258819045102521));
#3281=DIRECTION('center_axis',(-1.,0.,0.));
#3282=DIRECTION('ref_axis',(0.,-1.,-1.34781075189193E-12));
#3283=DIRECTION('',(0.,-9.20327582505484E-13,1.));
#3284=DIRECTION('',(0.,1.,-9.35759406469803E-15));
#3285=DIRECTION('center_axis',(-1.,0.,0.));
#3286=DIRECTION('ref_axis',(0.,-1.,-8.54017711250121E-16));
#3287=DIRECTION('center_axis',(-1.,0.,0.));
#3288=DIRECTION('ref_axis',(0.,-0.866025403784438,0.500000000000002));
#3289=DIRECTION('center_axis',(-1.,0.,0.));
#3290=DIRECTION('ref_axis',(0.,0.,-1.));
#3291=DIRECTION('',(0.,-1.,0.));
#3292=DIRECTION('',(0.,0.,1.));
#3293=DIRECTION('',(0.,-1.,1.190587693968E-16));
#3294=DIRECTION('center_axis',(1.,0.,0.));
#3295=DIRECTION('ref_axis',(0.,-1.,0.));
#3296=DIRECTION('',(0.,1.,-1.7667420991634E-16));
#3297=DIRECTION('center_axis',(1.,0.,0.));
#3298=DIRECTION('ref_axis',(0.,0.707106781186546,0.707106781186549));
#3299=DIRECTION('',(0.,5.55111512312578E-16,-1.));
#3300=DIRECTION('center_axis',(-1.,0.,0.));
#3301=DIRECTION('ref_axis',(0.,-0.707106781186548,-0.707106781186547));
#3302=DIRECTION('',(0.,1.,2.28754744084864E-16));
#3303=DIRECTION('center_axis',(-1.,0.,0.));
#3304=DIRECTION('ref_axis',(0.,0.707106781186512,-0.707106781186583));
#3305=DIRECTION('',(0.,1.03250741290162E-13,1.));
#3306=DIRECTION('center_axis',(1.,0.,0.));
#3307=DIRECTION('ref_axis',(0.,-0.707106781186532,0.707106781186563));
#3308=DIRECTION('',(0.,1.,6.18008762784443E-14));
#3309=DIRECTION('',(0.,1.25255930983351E-15,1.));
#3310=DIRECTION('',(0.,1.25255930983351E-15,1.));
#3311=DIRECTION('',(0.,1.,1.4432899320127E-15));
#3312=DIRECTION('center_axis',(-1.,0.,0.));
#3313=DIRECTION('ref_axis',(0.,1.,0.));
#3314=DIRECTION('center_axis',(0.,0.,1.));
#3315=DIRECTION('ref_axis',(-0.707106781186543,0.707106781186552,0.));
#3316=DIRECTION('',(0.,0.,-1.));
#3317=DIRECTION('center_axis',(-5.4942391691574E-48,-1.4432899320127E-15,
1.));
#3318=DIRECTION('ref_axis',(-0.707106781186543,0.707106781186552,0.));
#3319=DIRECTION('center_axis',(0.,-1.,0.));
#3320=DIRECTION('ref_axis',(0.,0.,-1.));
#3321=DIRECTION('',(0.,0.,-1.));
#3322=DIRECTION('',(1.,0.,0.));
#3323=DIRECTION('center_axis',(0.,0.,-1.));
#3324=DIRECTION('ref_axis',(0.707106781186543,-0.707106781186552,0.));
#3325=DIRECTION('center_axis',(5.4942391691574E-48,1.4432899320127E-15,
-1.));
#3326=DIRECTION('ref_axis',(0.707106781186543,-0.707106781186552,0.));
#3327=DIRECTION('center_axis',(-5.4942391691574E-48,-1.4432899320127E-15,
1.));
#3328=DIRECTION('ref_axis',(1.,1.48463120849409E-31,2.19769566766295E-46));
#3329=DIRECTION('',(1.,-8.13310777119459E-63,5.4942391691574E-48));
#3330=DIRECTION('',(0.,1.,1.4432899320127E-15));
#3331=DIRECTION('',(-1.,-1.48463120849409E-31,-2.19769566766295E-46));
#3332=DIRECTION('center_axis',(0.,1.4432899320127E-15,-1.));
#3333=DIRECTION('ref_axis',(-1.,0.,0.));
#3334=DIRECTION('',(1.,0.,0.));
#3335=DIRECTION('',(0.,-1.,-1.4432899320127E-15));
#3336=DIRECTION('',(-0.996194698091746,0.0871557427476582,1.25791006024784E-16));
#3337=DIRECTION('center_axis',(1.,0.,0.));
#3338=DIRECTION('ref_axis',(0.,0.,-1.));
#3339=DIRECTION('center_axis',(0.,-1.,0.));
#3340=DIRECTION('ref_axis',(0.,0.,1.));
#3341=DIRECTION('center_axis',(1.,0.,0.));
#3342=DIRECTION('ref_axis',(0.,1.,0.));
#3343=DIRECTION('center_axis',(1.,0.,0.));
#3344=DIRECTION('ref_axis',(0.,1.,0.));
#3345=DIRECTION('center_axis',(0.,-1.,-1.4432899320127E-15));
#3346=DIRECTION('ref_axis',(-0.707106781186547,3.14018491736755E-15,-0.707106781186548));
#3347=DIRECTION('center_axis',(0.0871557427476582,0.996194698091746,1.43779777808025E-15));
#3348=DIRECTION('ref_axis',(-0.996194698091746,0.0871557427476582,2.26729649620347E-14));
#3349=DIRECTION('center_axis',(0.,1.,1.49880108324396E-15));
#3350=DIRECTION('ref_axis',(-0.707106781186547,3.14018491736755E-15,-0.707106781186548));
#3351=DIRECTION('center_axis',(1.,0.,0.));
#3352=DIRECTION('ref_axis',(0.,1.,0.));
#3353=DIRECTION('',(1.,0.,0.));
#3354=DIRECTION('center_axis',(1.,0.,0.));
#3355=DIRECTION('ref_axis',(0.,1.,0.));
#3356=DIRECTION('center_axis',(1.,0.,0.));
#3357=DIRECTION('ref_axis',(0.,1.,0.));
#3358=DIRECTION('center_axis',(1.,0.,0.));
#3359=DIRECTION('ref_axis',(0.,1.,0.));
#3360=DIRECTION('center_axis',(0.160881560869752,0.287594036362456,-0.94414341793017));
#3361=DIRECTION('ref_axis',(0.872727272727275,-0.488208057530817,4.44089209850066E-15));
#3362=DIRECTION('center_axis',(0.160881562403333,0.28759404207068,0.944143415930075));
#3363=DIRECTION('ref_axis',(3.91191634641072E-9,-0.956604413583221,0.291389766314984));
#3364=DIRECTION('center_axis',(0.,-1.36642833800019E-15,1.));
#3365=DIRECTION('ref_axis',(-0.330289129537913,0.943879807448537,1.6806835668168E-15));
#3366=DIRECTION('',(0.,-1.36642833800019E-15,1.));
#3367=DIRECTION('center_axis',(1.,0.,0.));
#3368=DIRECTION('ref_axis',(0.,1.,0.));
#3369=DIRECTION('center_axis',(0.,-1.,-1.49880108324396E-15));
#3370=DIRECTION('ref_axis',(0.,1.49880108324396E-15,-1.));
#3371=DIRECTION('center_axis',(0.,-1.,-1.49880108324396E-15));
#3372=DIRECTION('ref_axis',(0.,1.49880108324396E-15,-1.));
#3373=DIRECTION('center_axis',(0.,-1.,-1.49880108324396E-15));
#3374=DIRECTION('ref_axis',(0.,1.49880108324396E-15,-1.));
#3375=DIRECTION('',(0.,-1.49880108324396E-15,1.));
#3376=DIRECTION('',(-1.,0.,0.));
#3377=DIRECTION('center_axis',(0.0871557427476582,-1.43779777808025E-15,
0.996194698091746));
#3378=DIRECTION('ref_axis',(0.996194698091746,1.25791006024784E-16,-0.0871557427476582));
#3379=DIRECTION('',(-0.992432509138967,0.0868265938642476,0.0868265938642477));
#3380=DIRECTION('',(-0.992432509138967,0.0868265938642475,0.0868265938642477));
#3381=DIRECTION('center_axis',(0.0871557427476582,0.996194698091746,1.43779777808025E-15));
#3382=DIRECTION('ref_axis',(0.,-1.4432899320127E-15,1.));
#3383=DIRECTION('center_axis',(1.,0.,0.));
#3384=DIRECTION('ref_axis',(0.,1.,0.));
#3385=DIRECTION('',(0.,-1.48029736616688E-15,1.));
#3386=DIRECTION('',(0.,-1.,0.));
#3387=DIRECTION('',(0.,0.,-1.));
#3388=DIRECTION('',(0.,1.,0.));
#3389=DIRECTION('',(0.,0.530531779098367,-0.847665046682191));
#3390=DIRECTION('',(0.,-1.,0.));
#3391=DIRECTION('',(0.,-0.557101071186697,0.830444698027891));
#3392=DIRECTION('',(0.,-1.,0.));
#3393=DIRECTION('',(0.,-1.92071821212202E-15,-1.));
#3394=DIRECTION('',(0.,-1.,0.));
#3395=DIRECTION('',(0.,0.,-1.));
#3396=DIRECTION('',(0.,1.,0.));
#3397=DIRECTION('center_axis',(-1.,0.,0.));
#3398=DIRECTION('ref_axis',(0.,0.,-1.));
#3399=DIRECTION('center_axis',(-1.,0.,0.));
#3400=DIRECTION('ref_axis',(0.,-0.866025403784438,0.500000000000002));
#3401=DIRECTION('center_axis',(-1.,0.,0.));
#3402=DIRECTION('ref_axis',(0.,0.500000000000003,0.866025403784437));
#3403=DIRECTION('',(0.,0.866025403784438,-0.500000000000001));
#3404=DIRECTION('center_axis',(-1.,0.,0.));
#3405=DIRECTION('ref_axis',(0.,-0.965925826289068,0.258819045102522));
#3406=DIRECTION('',(0.,1.,0.));
#3407=DIRECTION('center_axis',(-1.,0.,0.));
#3408=DIRECTION('ref_axis',(0.,1.,0.));
#3409=DIRECTION('',(0.,-1.,0.));
#3410=DIRECTION('',(0.,7.105427357601E-15,1.));
#3411=DIRECTION('',(0.,1.,-1.08314441426845E-16));
#3412=DIRECTION('',(0.,-1.,2.04281036531031E-14));
#3413=DIRECTION('',(0.,-4.56777472988636E-14,1.));
#3414=DIRECTION('',(0.,1.,-8.43769498715119E-15));
#3415=DIRECTION('center_axis',(0.,-1.,-1.48029736616688E-15));
#3416=DIRECTION('ref_axis',(0.,1.48029736616688E-15,-1.));
#3417=DIRECTION('center_axis',(0.,1.,1.48029736616688E-15));
#3418=DIRECTION('ref_axis',(-1.,0.,0.));
#3419=DIRECTION('',(1.,0.,0.));
#3420=DIRECTION('center_axis',(0.,0.,1.));
#3421=DIRECTION('ref_axis',(0.,-1.,0.));
#3422=DIRECTION('',(-1.,0.,0.));
#3423=DIRECTION('center_axis',(0.,1.,0.));
#3424=DIRECTION('ref_axis',(0.,0.,1.));
#3425=DIRECTION('',(1.,0.,0.));
#3426=DIRECTION('',(0.,0.,1.));
#3427=DIRECTION('',(-1.,0.,0.));
#3428=DIRECTION('',(-1.,0.,0.));
#3429=DIRECTION('',(1.,0.,0.));
#3430=DIRECTION('center_axis',(0.,-1.,0.));
#3431=DIRECTION('ref_axis',(-1.,0.,0.));
#3432=DIRECTION('',(1.,0.,0.));
#3433=DIRECTION('',(-1.,0.,0.));
#3434=DIRECTION('center_axis',(0.,-1.,-5.55111512312578E-16));
#3435=DIRECTION('ref_axis',(0.,-5.55111512312578E-16,1.));
#3436=DIRECTION('',(-1.,0.,0.));
#3437=DIRECTION('',(1.,0.,0.));
#3438=DIRECTION('center_axis',(0.,1.,-1.03250741290162E-13));
#3439=DIRECTION('ref_axis',(0.,-1.03250741290162E-13,-1.));
#3440=DIRECTION('',(1.,0.,0.));
#3441=DIRECTION('',(-1.,0.,0.));
#3442=DIRECTION('center_axis',(0.,1.,3.55271367880051E-15));
#3443=DIRECTION('ref_axis',(0.,3.55271367880051E-15,-1.));
#3444=DIRECTION('',(-1.,0.,0.));
#3445=DIRECTION('',(-1.,0.,0.));
#3446=DIRECTION('',(0.707106781186547,-2.51214793389405E-15,0.707106781186548));
#3447=DIRECTION('',(1.,0.,0.));
#3448=DIRECTION('',(0.,-3.29894841602898E-14,1.));
#3449=DIRECTION('',(1.,0.,0.));
#3450=DIRECTION('',(-0.707106781186547,-2.51214793389405E-15,0.707106781186548));
#3451=DIRECTION('center_axis',(0.,1.08314441426845E-16,1.));
#3452=DIRECTION('ref_axis',(0.,1.,-1.08314441426845E-16));
#3453=DIRECTION('',(0.,-1.,1.08314441426845E-16));
#3454=DIRECTION('',(-1.,0.,0.));
#3455=DIRECTION('center_axis',(0.,-1.,7.105427357601E-15));
#3456=DIRECTION('ref_axis',(0.,7.105427357601E-15,1.));
#3457=DIRECTION('',(0.,-7.105427357601E-15,-1.));
#3458=DIRECTION('',(-1.,0.,0.));
#3459=DIRECTION('center_axis',(0.,0.,-1.));
#3460=DIRECTION('ref_axis',(0.,-1.,0.));
#3461=DIRECTION('',(0.,1.,0.));
#3462=DIRECTION('center_axis',(1.,0.,0.));
#3463=DIRECTION('ref_axis',(0.,-1.,-1.34781075189193E-12));
#3464=DIRECTION('',(-1.,0.,0.));
#3465=DIRECTION('',(1.,0.,0.));
#3466=DIRECTION('center_axis',(-1.,0.,0.));
#3467=DIRECTION('ref_axis',(0.,-1.,-1.34781075189193E-12));
#3468=DIRECTION('center_axis',(0.,1.,9.20327582505484E-13));
#3469=DIRECTION('ref_axis',(0.,-9.20327582505484E-13,1.));
#3470=DIRECTION('',(-1.,0.,0.));
#3471=DIRECTION('',(0.,-9.20327582505484E-13,1.));
#3472=DIRECTION('center_axis',(0.,-9.35759406469803E-15,-1.));
#3473=DIRECTION('ref_axis',(0.,1.,-9.35759406469803E-15));
#3474=DIRECTION('',(-1.,0.,0.));
#3475=DIRECTION('',(0.,1.,-9.35759406469803E-15));
#3476=DIRECTION('center_axis',(1.,0.,0.));
#3477=DIRECTION('ref_axis',(0.,-1.,-8.54017711250121E-16));
#3478=DIRECTION('',(-1.,0.,0.));
#3479=DIRECTION('center_axis',(-1.,0.,0.));
#3480=DIRECTION('ref_axis',(0.,-1.,-8.54017711250121E-16));
#3481=DIRECTION('center_axis',(0.,0.,1.));
#3482=DIRECTION('ref_axis',(0.,-1.,0.));
#3483=DIRECTION('',(1.,0.,0.));
#3484=DIRECTION('center_axis',(0.,0.,-1.));
#3485=DIRECTION('ref_axis',(0.,1.,0.));
#3486=DIRECTION('center_axis',(1.,0.,0.));
#3487=DIRECTION('ref_axis',(0.,0.,-1.));
#3488=DIRECTION('',(-1.,0.,0.));
#3489=DIRECTION('',(-1.,0.,0.));
#3490=DIRECTION('center_axis',(-1.,0.,0.));
#3491=DIRECTION('ref_axis',(0.,0.,-1.));
#3492=DIRECTION('center_axis',(0.,-1.38777878078145E-16,1.));
#3493=DIRECTION('ref_axis',(0.,-1.,-1.38777878078145E-16));
#3494=DIRECTION('',(-1.,0.,0.));
#3495=DIRECTION('',(0.,-1.,-1.38777878078145E-16));
#3496=DIRECTION('center_axis',(0.,-0.965925826288902,0.258819045103142));
#3497=DIRECTION('ref_axis',(0.,-0.258819045103142,-0.965925826288902));
#3498=DIRECTION('',(-1.,0.,0.));
#3499=DIRECTION('',(0.,-0.258819045103142,-0.965925826288902));
#3500=DIRECTION('center_axis',(1.,0.,0.));
#3501=DIRECTION('ref_axis',(0.,-0.25881904510253,-0.965925826289066));
#3502=DIRECTION('',(-1.,0.,0.));
#3503=DIRECTION('center_axis',(-1.,0.,0.));
#3504=DIRECTION('ref_axis',(0.,-0.25881904510253,-0.965925826289066));
#3505=DIRECTION('center_axis',(0.,0.258819045102521,0.965925826289068));
#3506=DIRECTION('ref_axis',(0.,-0.965925826289068,0.258819045102521));
#3507=DIRECTION('',(0.,-0.965925826289068,0.258819045102521));
#3508=DIRECTION('center_axis',(1.,0.,0.));
#3509=DIRECTION('ref_axis',(0.,0.,-1.));
#3510=DIRECTION('',(0.,-1.,8.43769498715119E-15));
#3511=DIRECTION('',(0.,4.56777472988636E-14,-1.));
#3512=DIRECTION('',(0.,1.,-2.04281036531031E-14));
#3513=DIRECTION('center_axis',(0.,8.43769498715119E-15,1.));
#3514=DIRECTION('ref_axis',(0.,-1.,8.43769498715119E-15));
#3515=DIRECTION('',(1.,0.,0.));
#3516=DIRECTION('center_axis',(0.,-1.,-4.56777472988636E-14));
#3517=DIRECTION('ref_axis',(0.,4.56777472988636E-14,-1.));
#3518=DIRECTION('',(1.,0.,0.));
#3519=DIRECTION('center_axis',(0.,-2.04281036531031E-14,-1.));
#3520=DIRECTION('ref_axis',(0.,1.,-2.04281036531031E-14));
#3521=DIRECTION('center_axis',(0.,-0.500000000000001,-0.866025403784438));
#3522=DIRECTION('ref_axis',(0.,0.866025403784438,-0.500000000000001));
#3523=DIRECTION('',(1.,0.,0.));
#3524=DIRECTION('',(-1.,0.,0.));
#3525=DIRECTION('',(0.,0.866025403784438,-0.500000000000001));
#3526=DIRECTION('center_axis',(1.,0.,0.));
#3527=DIRECTION('ref_axis',(0.,-0.965925826289068,0.258819045102522));
#3528=DIRECTION('center_axis',(1.,0.,0.));
#3529=DIRECTION('ref_axis',(0.,-0.866025403784438,0.500000000000002));
#3530=DIRECTION('',(-1.,0.,0.));
#3531=DIRECTION('center_axis',(-1.,0.,0.));
#3532=DIRECTION('ref_axis',(0.,-0.866025403784438,0.500000000000002));
#3533=DIRECTION('',(-1.,0.,0.));
#3534=DIRECTION('center_axis',(-1.,0.,0.));
#3535=DIRECTION('ref_axis',(0.,0.,-1.));
#3536=DIRECTION('center_axis',(1.,0.,0.));
#3537=DIRECTION('ref_axis',(0.,1.,0.));
#3538=DIRECTION('center_axis',(-1.,0.,0.));
#3539=DIRECTION('ref_axis',(0.,0.500000000000003,0.866025403784437));
#3540=DIRECTION('center_axis',(-1.,0.,0.));
#3541=DIRECTION('ref_axis',(0.,0.500000000000003,0.866025403784437));
#3542=DIRECTION('center_axis',(0.0871557427476582,0.996194698091746,0.));
#3543=DIRECTION('ref_axis',(0.,0.,-1.));
#3544=DIRECTION('center_axis',(0.0871557427476582,0.996194698091746,0.));
#3545=DIRECTION('ref_axis',(-0.996194698091746,0.0871557427476582,-1.03766554774002E-17));
#3546=DIRECTION('center_axis',(0.,-1.,1.190587693968E-16));
#3547=DIRECTION('ref_axis',(-1.,0.,0.));
#3548=DIRECTION('center_axis',(0.,-1.,1.190587693968E-16));
#3549=DIRECTION('ref_axis',(-1.,0.,0.));
#3550=DIRECTION('center_axis',(-1.,0.,0.));
#3551=DIRECTION('ref_axis',(0.,1.,0.));
#3552=DIRECTION('center_axis',(1.,0.,0.));
#3553=DIRECTION('ref_axis',(0.,1.,0.));
#3554=DIRECTION('',(1.,0.,0.));
#3555=DIRECTION('center_axis',(1.,0.,0.));
#3556=DIRECTION('ref_axis',(0.,1.,0.));
#3557=DIRECTION('center_axis',(1.,0.,0.));
#3558=DIRECTION('ref_axis',(0.,0.,-1.));
#3559=DIRECTION('center_axis',(0.,-1.,-1.61486985400023E-16));
#3560=DIRECTION('ref_axis',(0.,-1.61486985400023E-16,1.));
#3561=DIRECTION('center_axis',(-1.,0.,0.));
#3562=DIRECTION('ref_axis',(0.,1.,0.));
#3563=DIRECTION('center_axis',(1.,0.,0.));
#3564=DIRECTION('ref_axis',(0.,0.,-1.));
#3565=DIRECTION('',(1.,0.,0.));
#3566=DIRECTION('center_axis',(1.,0.,0.));
#3567=DIRECTION('ref_axis',(0.,0.,-1.));
#3568=DIRECTION('center_axis',(1.,0.,0.));
#3569=DIRECTION('ref_axis',(0.,0.,-1.));
#3570=DIRECTION('center_axis',(-2.45654491062974E-15,-0.558139534883722,
0.829747105809826));
#3571=DIRECTION('ref_axis',(-1.,0.,-2.96059473233375E-15));
#3572=DIRECTION('center_axis',(4.1089698775137E-15,0.55813953488372,0.829747105809827));
#3573=DIRECTION('ref_axis',(0.,0.829747105809827,-0.55813953488372));
#3574=DIRECTION('center_axis',(-1.,0.,0.));
#3575=DIRECTION('ref_axis',(0.,0.707106781186546,0.707106781186549));
#3576=DIRECTION('',(-1.,0.,0.));
#3577=DIRECTION('center_axis',(1.,0.,0.));
#3578=DIRECTION('ref_axis',(0.,-0.707106781186532,0.707106781186563));
#3579=DIRECTION('',(1.,0.,0.));
#3580=DIRECTION('center_axis',(1.,0.,0.));
#3581=DIRECTION('ref_axis',(0.,0.707106781186512,-0.707106781186583));
#3582=DIRECTION('',(-1.,0.,0.));
#3583=DIRECTION('center_axis',(0.,2.28754744084864E-16,-1.));
#3584=DIRECTION('ref_axis',(0.,-1.,-2.28754744084864E-16));
#3585=DIRECTION('',(1.,0.,0.));
#3586=DIRECTION('center_axis',(1.,0.,0.));
#3587=DIRECTION('ref_axis',(0.,-0.707106781186548,-0.707106781186547));
#3588=DIRECTION('center_axis',(0.707106781186548,7.65898760333549E-17,0.707106781186547));
#3589=DIRECTION('ref_axis',(0.707106781186547,0.,-0.707106781186548));
#3590=DIRECTION('',(0.57735026918963,0.577350269189617,-0.57735026918963));
#3591=DIRECTION('center_axis',(0.707106781186553,-0.707106781186543,5.02429586778805E-15));
#3592=DIRECTION('ref_axis',(7.1054273576009E-15,0.,-1.));
#3593=DIRECTION('',(0.577350269189623,0.577350269189631,0.577350269189623));
#3594=DIRECTION('center_axis',(0.707106781186548,0.,-0.707106781186547));
#3595=DIRECTION('ref_axis',(-0.707106781186547,0.,-0.707106781186548));
#3596=DIRECTION('center_axis',(-1.,0.,0.));
#3597=DIRECTION('ref_axis',(0.,0.100586303853516,-0.994928336855016));
#3598=DIRECTION('center_axis',(-1.,0.,0.));
#3599=DIRECTION('ref_axis',(0.,-0.866025403784441,0.499999999999996));
#3600=DIRECTION('center_axis',(0.,-1.7667420991634E-16,-1.));
#3601=DIRECTION('ref_axis',(0.,-1.,1.7667420991634E-16));
#3602=DIRECTION('center_axis',(0.,-1.7667420991634E-16,-1.));
#3603=DIRECTION('ref_axis',(0.,-1.,1.7667420991634E-16));
#3604=DIRECTION('center_axis',(0.,0.,-1.));
#3605=DIRECTION('ref_axis',(0.,-1.,0.));
#3606=DIRECTION('',(-1.,0.,0.));
#3607=DIRECTION('center_axis',(0.,0.847665046682191,0.530531779098367));
#3608=DIRECTION('ref_axis',(0.,0.530531779098367,-0.847665046682191));
#3609=DIRECTION('',(-1.,0.,0.));
#3610=DIRECTION('',(-1.,0.,0.));
#3611=DIRECTION('center_axis',(0.,0.,-1.));
#3612=DIRECTION('ref_axis',(0.,-1.,0.));
#3613=DIRECTION('',(-1.,0.,0.));
#3614=DIRECTION('center_axis',(0.,-0.830444698027891,-0.557101071186697));
#3615=DIRECTION('ref_axis',(0.,-0.557101071186697,0.830444698027891));
#3616=DIRECTION('',(-1.,0.,0.));
#3617=DIRECTION('',(-1.,0.,0.));
#3618=DIRECTION('',(-1.,0.,0.));
#3619=DIRECTION('',(-1.,0.,0.));
#3620=DIRECTION('center_axis',(0.,0.,-1.));
#3621=DIRECTION('ref_axis',(0.,-1.,0.));
#3622=DIRECTION('',(-1.,0.,0.));
#3623=DIRECTION('center_axis',(0.,1.,-1.92071821212202E-15));
#3624=DIRECTION('ref_axis',(0.,-1.92071821212202E-15,-1.));
#3625=DIRECTION('center_axis',(0.,0.,1.));
#3626=DIRECTION('ref_axis',(0.,1.,0.));
#3627=DIRECTION('',(-1.,0.,0.));
#3628=DIRECTION('',(-1.,0.,0.));
#3629=DIRECTION('',(-1.,0.,0.));
#3630=DIRECTION('',(-1.,0.,0.));
#3631=DIRECTION('',(-1.,0.,0.));
#3632=DIRECTION('',(-1.,0.,0.));
#3633=DIRECTION('',(-1.,0.,0.));
#3634=DIRECTION('',(-1.,0.,0.));
#3635=DIRECTION('',(-1.,0.,0.));
#3636=DIRECTION('',(-1.,0.,0.));
#3637=DIRECTION('center_axis',(0.,0.,1.));
#3638=DIRECTION('ref_axis',(0.,1.,0.));
#3639=DIRECTION('',(0.,1.,0.));
#3640=DIRECTION('center_axis',(0.,0.,-1.));
#3641=DIRECTION('ref_axis',(0.,-1.,0.));
#3642=DIRECTION('',(0.,1.,0.));
#3643=DIRECTION('',(-1.,0.,0.));
#3644=DIRECTION('',(-1.,0.,0.));
#3645=DIRECTION('',(-1.,0.,0.));
#3646=DIRECTION('',(-1.,0.,0.));
#3647=DIRECTION('center_axis',(1.,0.,0.));
#3648=DIRECTION('ref_axis',(0.,1.,0.));
#3649=CARTESIAN_POINT('',(0.,0.,0.));
#3650=CARTESIAN_POINT('Origin',(6.34978484524311,39.519879972943,9.25));
#3651=CARTESIAN_POINT('',(6.5,39.019879972943,9.25));
#3652=CARTESIAN_POINT('Origin',(6.5,39.519879972943,9.25));
#3653=CARTESIAN_POINT('',(6.19956969048622,39.519879972943,9.25));
#3654=CARTESIAN_POINT('',(6.34978484524311,39.269879972943,9.25));
#3655=CARTESIAN_POINT('Origin',(7.5,39.519879972943,9.25));
#3656=CARTESIAN_POINT('',(8.5,39.019879972943,9.25));
#3657=CARTESIAN_POINT('Origin',(8.5,39.519879972943,9.25));
#3658=CARTESIAN_POINT('',(7.5,39.019879972943,9.25));
#3659=CARTESIAN_POINT('Origin',(-0.0822775561623479,0.754877762917844,23.5));
#3660=CARTESIAN_POINT('',(8.5,2.8382125496233E-32,23.5));
#3661=CARTESIAN_POINT('',(8.36926638587851,1.49429204713762,25.));
#3662=CARTESIAN_POINT('Origin',(8.36926638587851,1.49429204713762,23.5));
#3663=CARTESIAN_POINT('',(1.75,0.915181277515038,25.));
#3664=CARTESIAN_POINT('',(-0.0822775561623479,0.754877762917844,25.));
#3665=CARTESIAN_POINT('',(-1.82071421427142,-0.902945493239619,23.5));
#3666=CARTESIAN_POINT('Ctrl Pts',(1.75,0.915181277515035,25.));
#3667=CARTESIAN_POINT('Ctrl Pts',(1.42504981635542,0.708089410177961,25.));
#3668=CARTESIAN_POINT('Ctrl Pts',(1.06969296475173,0.481307368539631,24.9665634744621));
#3669=CARTESIAN_POINT('Ctrl Pts',(0.365290734932436,0.0475367262927021,
24.8178990902081));
#3670=CARTESIAN_POINT('Ctrl Pts',(0.015978563575676,-0.158933321266314,
24.7024230013426));
#3671=CARTESIAN_POINT('Ctrl Pts',(-0.553718263723376,-0.465765256213234,
24.4464110046675));
#3672=CARTESIAN_POINT('Ctrl Pts',(-0.827656809810717,-0.601914967699866,
24.2962092186603));
#3673=CARTESIAN_POINT('Ctrl Pts',(-1.35265279999061,-0.811361371245469,
23.9338626362389));
#3674=CARTESIAN_POINT('Ctrl Pts',(-1.60373941768777,-0.883962658267701,
23.7213585686571));
#3675=CARTESIAN_POINT('Ctrl Pts',(-1.82071421427143,-0.902945493239614,
23.5));
#3676=CARTESIAN_POINT('',(0.0484560579591393,-0.739414284219774,23.5));
#3677=CARTESIAN_POINT('Ctrl Pts',(8.5,6.15124983021109E-32,23.5));
#3678=CARTESIAN_POINT('Ctrl Pts',(8.5,6.16297582203915E-32,23.5));
#3679=CARTESIAN_POINT('Ctrl Pts',(8.5,6.16297582203915E-32,23.5));
#3680=CARTESIAN_POINT('Ctrl Pts',(8.5,9.11508173118469E-17,25.));
#3681=CARTESIAN_POINT('Ctrl Pts',(8.5,9.14989986259215E-17,25.));
#3682=CARTESIAN_POINT('Ctrl Pts',(8.5,9.14989986259215E-17,25.));
#3683=CARTESIAN_POINT('Ctrl Pts',(8.5,1.5,25.));
#3684=CARTESIAN_POINT('Ctrl Pts',(8.43450858563723,1.5,25.));
#3685=CARTESIAN_POINT('Ctrl Pts',(8.36926638587851,1.49429204713762,25.));
#3686=CARTESIAN_POINT('',(8.5,1.5,25.));
#3687=CARTESIAN_POINT('Origin',(8.5,1.5,23.5));
#3688=CARTESIAN_POINT('Origin',(8.5,3.08148791101958E-32,25.));
#3689=CARTESIAN_POINT('Origin',(8.5,1.5,23.5000002793967));
#3690=CARTESIAN_POINT('',(9.95,4.13106164773964E-15,23.5000002793967));
#3691=CARTESIAN_POINT('',(9.95,1.49999972060323,25.0000002793967));
#3692=CARTESIAN_POINT('Origin',(9.95,1.5,23.5000002793967));
#3693=CARTESIAN_POINT('',(8.5,1.49999972060323,25.0000002793967));
#3694=CARTESIAN_POINT('',(8.5,4.16333634234434E-15,23.5000002793967));
#3695=CARTESIAN_POINT('Origin',(8.5,0.,25.));
#3696=CARTESIAN_POINT('',(8.5,1.77635683940025E-14,18.55));
#3697=CARTESIAN_POINT('',(8.5,3.08148791101958E-32,25.));
#3698=CARTESIAN_POINT('',(9.95,1.77635683940025E-14,18.55));
#3699=CARTESIAN_POINT('',(8.5,1.77635683940025E-14,18.55));
#3700=CARTESIAN_POINT('',(9.95,0.,25.));
#3701=CARTESIAN_POINT('Origin',(0.032345066220163,-0.740823813355094,6.));
#3702=CARTESIAN_POINT('',(-3.25,-1.02799179642961,20.));
#3703=CARTESIAN_POINT('Origin',(1.75,-0.590548478799993,20.));
#3704=CARTESIAN_POINT('',(-3.25,-1.02799179642961,6.));
#3705=CARTESIAN_POINT('',(-3.25,-1.02799179642961,9.25));
#3706=CARTESIAN_POINT('',(8.5,0.,6.));
#3707=CARTESIAN_POINT('',(8.5,0.,6.));
#3708=CARTESIAN_POINT('',(8.5,1.77635683940025E-14,15.45));
#3709=CARTESIAN_POINT('',(8.5,3.08148791101958E-32,25.));
#3710=CARTESIAN_POINT('Origin',(8.5,0.,17.));
#3711=CARTESIAN_POINT('Origin',(1.75,23.3125,20.));
#3712=CARTESIAN_POINT('',(1.75,92.334818722485,25.));
#3713=CARTESIAN_POINT('',(1.75,23.3125,25.));
#3714=CARTESIAN_POINT('',(-1.71951745722354,94.1407192843705,23.6003400692186));
#3715=CARTESIAN_POINT('Ctrl Pts',(-1.71951745722354,94.1407192843706,23.6003400692186));
#3716=CARTESIAN_POINT('Ctrl Pts',(-1.49766779980749,94.1069220652527,23.8141285571075));
#3717=CARTESIAN_POINT('Ctrl Pts',(-1.26250307588666,94.0292442445207,24.0015569156372));
#3718=CARTESIAN_POINT('Ctrl Pts',(-0.731433796472071,93.8075959381337,24.3542028896441));
#3719=CARTESIAN_POINT('Ctrl Pts',(-0.432011500494904,93.6543652430939,24.5110291898548));
#3720=CARTESIAN_POINT('Ctrl Pts',(0.492684332818976,93.1387175520177,24.8847943050375));
#3721=CARTESIAN_POINT('Ctrl Pts',(1.14383195598738,92.721131697436,25.));
#3722=CARTESIAN_POINT('Ctrl Pts',(1.75,92.334818722485,25.));
#3723=CARTESIAN_POINT('',(-3.25,92.6410290448257,20.));
#3724=CARTESIAN_POINT('Ctrl Pts',(-3.25,92.6410290448257,20.));
#3725=CARTESIAN_POINT('Ctrl Pts',(-3.25,92.9765615651739,20.6125957672375));
#3726=CARTESIAN_POINT('Ctrl Pts',(-3.13192946965364,93.3388893198288,21.2696111411192));
#3727=CARTESIAN_POINT('Ctrl Pts',(-2.7541188858324,93.7716905830824,22.1964156334338));
#3728=CARTESIAN_POINT('Ctrl Pts',(-2.59595003081996,93.8974021998152,22.4956284184868));
#3729=CARTESIAN_POINT('Ctrl Pts',(-2.21838201531161,94.0814190000318,23.0606187526413));
#3730=CARTESIAN_POINT('Ctrl Pts',(-1.99940247572285,94.1410290448257,23.326250890508));
#3731=CARTESIAN_POINT('Ctrl Pts',(-1.73992931643239,94.1410290448257,23.580585458614));
#3732=CARTESIAN_POINT('Ctrl Pts',(-1.72976680392586,94.140927611491,23.5904631446434));
#3733=CARTESIAN_POINT('Ctrl Pts',(-1.71951745722355,94.1407192843705,23.6003400692186));
#3734=CARTESIAN_POINT('',(-3.25,35.4598906937278,20.));
#3735=CARTESIAN_POINT('',(-3.25,23.3125,20.));
#3736=CARTESIAN_POINT('',(-3.25,26.5401093062722,20.));
#3737=CARTESIAN_POINT('Ctrl Pts',(-3.25,26.5401093062722,20.));
#3738=CARTESIAN_POINT('Ctrl Pts',(-3.25,26.8249521526795,20.6049371237462));
#3739=CARTESIAN_POINT('Ctrl Pts',(-3.03038103951068,27.5147378760832,21.6884047391758));
#3740=CARTESIAN_POINT('Ctrl Pts',(-2.43332657477332,28.7757487116111,22.8063498185653));
#3741=CARTESIAN_POINT('Ctrl Pts',(-1.90539231923899,30.2203297129004,23.415878471011));
#3742=CARTESIAN_POINT('Ctrl Pts',(-1.90374613390177,31.7839980901016,23.4135096341633));
#3743=CARTESIAN_POINT('Ctrl Pts',(-2.6051533204862,33.7040834707129,22.6086527180808));
#3744=CARTESIAN_POINT('Ctrl Pts',(-3.25,34.8902050009131,21.2098742474924));
#3745=CARTESIAN_POINT('Ctrl Pts',(-3.25,35.4598906937278,20.));
#3746=CARTESIAN_POINT('',(-3.25,8.40279490171732,20.));
#3747=CARTESIAN_POINT('',(-3.25,23.3125,20.));
#3748=CARTESIAN_POINT('',(-3.24336480395447,7.92121385037901,20.2575032711029));
#3749=CARTESIAN_POINT('Ctrl Pts',(-3.25,8.40279490171732,20.));
#3750=CARTESIAN_POINT('Ctrl Pts',(-3.25,8.22673941396555,20.119264813007));
#3751=CARTESIAN_POINT('Ctrl Pts',(-3.24590300054133,8.02569030259685,20.2082839293522));
#3752=CARTESIAN_POINT('Ctrl Pts',(-3.24336480395447,7.92121385037901,20.2575032711029));
#3753=CARTESIAN_POINT('',(-3.2249371855331,5.82469289004805,20.5));
#3754=CARTESIAN_POINT('Ctrl Pts',(-3.24336480395447,7.92121385037901,20.2575032711029));
#3755=CARTESIAN_POINT('Ctrl Pts',(-3.24267661148115,7.86751161746277,20.2708483290507));
#3756=CARTESIAN_POINT('Ctrl Pts',(-3.24196006047097,7.81576060584167,20.2837028125158));
#3757=CARTESIAN_POINT('Ctrl Pts',(-3.24122664704841,7.76542221247531,20.2960336601561));
#3758=CARTESIAN_POINT('Ctrl Pts',(-3.24020366657476,7.6952091622306,20.3132329859));
#3759=CARTESIAN_POINT('Ctrl Pts',(-3.23914787984384,7.62774477916686,20.3294164960303));
#3760=CARTESIAN_POINT('Ctrl Pts',(-3.23809048343149,7.56158293227391,20.3446130647171));
#3761=CARTESIAN_POINT('Ctrl Pts',(-3.23722735742026,7.50757668604658,20.3570176402972));
#3762=CARTESIAN_POINT('Ctrl Pts',(-3.23636315887104,7.45443897368623,20.3687695860119));
#3763=CARTESIAN_POINT('Ctrl Pts',(-3.23551485521303,7.40138235396117,20.3798776341503));
#3764=CARTESIAN_POINT('Ctrl Pts',(-3.23478123168019,7.35549833066913,20.3894840120566));
#3765=CARTESIAN_POINT('Ctrl Pts',(-3.23405949594455,7.30967511114467,20.3986100045369));
#3766=CARTESIAN_POINT('Ctrl Pts',(-3.23336062243145,7.26339848637174,20.4072236821259));
#3767=CARTESIAN_POINT('Ctrl Pts',(-3.23274294456324,7.22249831430739,20.4148366162416));
#3768=CARTESIAN_POINT('Ctrl Pts',(-3.232143125211,7.18124401978848,20.4220497379255));
#3769=CARTESIAN_POINT('Ctrl Pts',(-3.23156874093642,7.13927531778163,20.4288004595622));
#3770=CARTESIAN_POINT('Ctrl Pts',(-3.2312566555882,7.11647208733116,20.4324683895631));
#3771=CARTESIAN_POINT('Ctrl Pts',(-3.23095207911274,7.09345785287886,20.4359990543965));
#3772=CARTESIAN_POINT('Ctrl Pts',(-3.23065622681336,7.0701739639044,20.4393758177757));
#3773=CARTESIAN_POINT('Ctrl Pts',(-3.22998616423497,7.01743933005598,20.4470236974143));
#3774=CARTESIAN_POINT('Ctrl Pts',(-3.22936085291501,6.96332179253369,20.4538844898259));
#3775=CARTESIAN_POINT('Ctrl Pts',(-3.22879441191812,6.90717168065623,20.4600082859886));
#3776=CARTESIAN_POINT('Ctrl Pts',(-3.22871674810642,6.89947302935856,20.4608479098059));
#3777=CARTESIAN_POINT('Ctrl Pts',(-3.22864019098084,6.89173615803186,20.4616736003655));
#3778=CARTESIAN_POINT('Ctrl Pts',(-3.22856477693273,6.88395938318623,20.4624854177962));
#3779=CARTESIAN_POINT('Ctrl Pts',(-3.2278151495166,6.80665702667046,20.4705550098442));
#3780=CARTESIAN_POINT('Ctrl Pts',(-3.22722235681963,6.72911020493258,20.4768626302239));
#3781=CARTESIAN_POINT('Ctrl Pts',(-3.2267531596969,6.6517889973397,20.481783290727));
#3782=CARTESIAN_POINT('Ctrl Pts',(-3.22588275788407,6.50835137592693,20.4909115475186));
#3783=CARTESIAN_POINT('Ctrl Pts',(-3.22543769174849,6.36569161828458,20.4952778887203));
#3784=CARTESIAN_POINT('Ctrl Pts',(-3.22520576236343,6.22683891814389,20.4974928148903));
#3785=CARTESIAN_POINT('Ctrl Pts',(-3.22508908966166,6.15698869338771,20.4986070394652));
#3786=CARTESIAN_POINT('Ctrl Pts',(-3.22502635377482,6.0881019540326,20.4991773119604));
#3787=CARTESIAN_POINT('Ctrl Pts',(-3.22499054103118,6.02056012284422,20.4995036967053));
#3788=CARTESIAN_POINT('Ctrl Pts',(-3.22495516293512,5.95383802480849,20.4998261202252));
#3789=CARTESIAN_POINT('Ctrl Pts',(-3.22494605843321,5.88842854083772,20.4999117157586));
#3790=CARTESIAN_POINT('Ctrl Pts',(-3.2249371855331,5.82469289004805,20.5));
#3791=CARTESIAN_POINT('',(-3.2249371855331,2.00000000000002,20.5));
#3792=CARTESIAN_POINT('',(-3.2249371855331,23.3125,20.5));
#3793=CARTESIAN_POINT('',(-3.25,2.00000000000002,20.));
#3794=CARTESIAN_POINT('Origin',(1.75,2.,20.));
#3795=CARTESIAN_POINT('',(-3.25,23.3125,20.));
#3796=CARTESIAN_POINT('Origin',(3.96589558569797,92.1409529791792,23.5));
#3797=CARTESIAN_POINT('',(8.36926638587851,91.7557079528624,25.));
#3798=CARTESIAN_POINT('',(8.5,93.25,23.5));
#3799=CARTESIAN_POINT('Origin',(8.36926638587851,91.7557079528624,23.5));
#3800=CARTESIAN_POINT('',(-1.61926638587851,94.1353210919633,23.5));
#3801=CARTESIAN_POINT('',(4.09662919981945,93.6352450263169,23.5));
#3802=CARTESIAN_POINT('Origin',(-1.75,92.6410290448257,23.5));
#3803=CARTESIAN_POINT('',(3.96589558569797,92.1409529791792,25.));
#3804=CARTESIAN_POINT('Ctrl Pts',(8.5,93.25,23.5));
#3805=CARTESIAN_POINT('Ctrl Pts',(8.5,93.25,23.5));
#3806=CARTESIAN_POINT('Ctrl Pts',(8.5,93.25,23.5));
#3807=CARTESIAN_POINT('Ctrl Pts',(8.5,93.25,25.));
#3808=CARTESIAN_POINT('Ctrl Pts',(8.5,93.25,25.));
#3809=CARTESIAN_POINT('Ctrl Pts',(8.5,93.25,25.));
#3810=CARTESIAN_POINT('Ctrl Pts',(8.36926638587851,91.7557079528624,25.));
#3811=CARTESIAN_POINT('Ctrl Pts',(8.43450858563723,91.75,25.));
#3812=CARTESIAN_POINT('Ctrl Pts',(8.5,91.75,25.));
#3813=CARTESIAN_POINT('',(8.5,91.75,25.));
#3814=CARTESIAN_POINT('Origin',(8.5,91.75,23.5));
#3815=CARTESIAN_POINT('Origin',(8.5,93.25,25.));
#3816=CARTESIAN_POINT('Origin',(8.5,91.75,23.5000002793967));
#3817=CARTESIAN_POINT('',(9.95,91.7500002793968,25.0000002793967));
#3818=CARTESIAN_POINT('',(9.95,93.25,23.5000002793967));
#3819=CARTESIAN_POINT('Origin',(9.95,91.75,23.5000002793967));
#3820=CARTESIAN_POINT('',(8.5,93.25,23.5000002793967));
#3821=CARTESIAN_POINT('',(8.5,91.7500002793968,25.0000002793967));
#3822=CARTESIAN_POINT('Origin',(0.,3.08148791101958E-32,25.));
#3823=CARTESIAN_POINT('',(8.5,1.99999999999999,25.000000372529));
#3824=CARTESIAN_POINT('',(8.5,3.08148791101958E-32,25.));
#3825=CARTESIAN_POINT('',(8.5,91.25,25.000000372529));
#3826=CARTESIAN_POINT('',(8.5,3.08148791101958E-32,25.));
#3827=CARTESIAN_POINT('',(8.5,3.08148791101958E-32,25.));
#3828=CARTESIAN_POINT('Origin',(-1.75,92.6410290448257,18.75));
#3829=CARTESIAN_POINT('',(-1.61926638587851,94.1353210919633,13.3853210919633));
#3830=CARTESIAN_POINT('',(-1.61926638587851,94.1353210919633,18.75));
#3831=CARTESIAN_POINT('',(-3.25,92.6410290448257,13.5279917964296));
#3832=CARTESIAN_POINT('Origin',(-1.75,92.6410290448257,13.3967588011407));
#3833=CARTESIAN_POINT('',(-3.25,92.6410290448257,18.75));
#3834=CARTESIAN_POINT('Origin',(-3.25,46.625,12.5));
#3835=CARTESIAN_POINT('',(-3.25,97.2779917964296,13.5279917964296));
#3836=CARTESIAN_POINT('',(-3.25,68.9375,13.5279917964296));
#3837=CARTESIAN_POINT('',(-3.25,97.2779917964297,1.1));
#3838=CARTESIAN_POINT('',(-3.25,97.2779917964296,8.65000000000004));
#3839=CARTESIAN_POINT('',(-3.25,89.4592136610115,1.09999999999999));
#3840=CARTESIAN_POINT('',(-3.25,68.9375000000001,1.09999999999996));
#3841=CARTESIAN_POINT('',(-3.25,87.25,11.375));
#3842=CARTESIAN_POINT('Origin',(-3.25,87.25,6.00000000000001));
#3843=CARTESIAN_POINT('',(-3.25,85.0407863389885,1.09999999999999));
#3844=CARTESIAN_POINT('Origin',(-3.25,87.25,6.00000000000001));
#3845=CARTESIAN_POINT('',(-3.25,81.2500000000001,1.09999999999998));
#3846=CARTESIAN_POINT('',(-3.25,68.9375000000001,1.09999999999996));
#3847=CARTESIAN_POINT('',(-3.25,81.2500000000001,2.34040047400227));
#3848=CARTESIAN_POINT('',(-3.25,81.2500000000001,-2.90000000000002));
#3849=CARTESIAN_POINT('',(-3.25000000021027,80.3317254921532,7.23699091559962));
#3850=CARTESIAN_POINT('Origin',(-3.25,87.25,6.00000000000001));
#3851=CARTESIAN_POINT('',(-3.25000000086245,78.8491426900373,8.99999999999999));
#3852=CARTESIAN_POINT('Ctrl Pts',(-3.25,78.8491426901906,9.));
#3853=CARTESIAN_POINT('Ctrl Pts',(-3.25,78.9086695699774,9.));
#3854=CARTESIAN_POINT('Ctrl Pts',(-3.24999539677201,78.9679761849638,8.99630726202456));
#3855=CARTESIAN_POINT('Ctrl Pts',(-3.24998905800635,79.0267885813093,8.98911756658685));
#3856=CARTESIAN_POINT('Ctrl Pts',(-3.24998260666004,79.0866455244949,8.98180017742949));
#3857=CARTESIAN_POINT('Ctrl Pts',(-3.24997444045046,79.1459914703029,8.97086025394774));
#3858=CARTESIAN_POINT('Ctrl Pts',(-3.24996745843102,79.2045362223237,8.95644988446537));
#3859=CARTESIAN_POINT('Ctrl Pts',(-3.24996045185833,79.2632868551531,8.94198883890329));
#3860=CARTESIAN_POINT('Ctrl Pts',(-3.24995472471595,79.321231627051,8.92403252508767));
#3861=CARTESIAN_POINT('Ctrl Pts',(-3.24995179867381,79.3780614374996,8.90268537218748));
#3862=CARTESIAN_POINT('Ctrl Pts',(-3.24995103248952,79.3929423263933,8.89709561906326));
#3863=CARTESIAN_POINT('Ctrl Pts',(-3.24995044696344,79.4077466392369,8.89127312665164));
#3864=CARTESIAN_POINT('Ctrl Pts',(-3.24995004191923,79.422468517225,8.88521926272088));
#3865=CARTESIAN_POINT('Ctrl Pts',(-3.24994849506423,79.4786910480617,8.86209968845168));
#3866=CARTESIAN_POINT('Ctrl Pts',(-3.24995007223434,79.5333885083103,8.83574276331389));
#3867=CARTESIAN_POINT('Ctrl Pts',(-3.24995401758698,79.5862725538625,8.80630702348594));
#3868=CARTESIAN_POINT('Ctrl Pts',(-3.24995791734941,79.6385455020331,8.77721142600809));
#3869=CARTESIAN_POINT('Ctrl Pts',(-3.24996421011201,79.6890475945102,8.7451072542281));
#3870=CARTESIAN_POINT('Ctrl Pts',(-3.24997035778092,79.7374800296211,8.7101020745863));
#3871=CARTESIAN_POINT('Ctrl Pts',(-3.24997640167659,79.7850949206365,8.67568778569498));
#3872=CARTESIAN_POINT('Ctrl Pts',(-3.24998237512093,79.8307102218983,8.63846913539311));
#3873=CARTESIAN_POINT('Ctrl Pts',(-3.2499830172038,79.874009955628,8.59851123010637));
#3874=CARTESIAN_POINT('Ctrl Pts',(-3.24998319594981,79.8860639365708,8.58738756288361));
#3875=CARTESIAN_POINT('Ctrl Pts',(-3.24998294061921,79.8979382304265,8.57605140352889));
#3876=CARTESIAN_POINT('Ctrl Pts',(-3.24998238291682,79.9096287792464,8.56450815707631));
#3877=CARTESIAN_POINT('Ctrl Pts',(-3.24998035260768,79.9521880876704,8.52248510122508));
#3878=CARTESIAN_POINT('Ctrl Pts',(-3.24997488814664,79.9920684070021,8.47796404685105));
#3879=CARTESIAN_POINT('Ctrl Pts',(-3.24997082279172,80.0291416677815,8.43127020467382));
#3880=CARTESIAN_POINT('Ctrl Pts',(-3.24996671489015,80.0666029248599,8.38408768042293));
#3881=CARTESIAN_POINT('Ctrl Pts',(-3.24996408945062,80.1011986672061,8.33468577814216));
#3882=CARTESIAN_POINT('Ctrl Pts',(-3.24996454710955,80.1327586601208,8.28336299045338));
#3883=CARTESIAN_POINT('Ctrl Pts',(-3.24996500010482,80.1639970478371,8.23256319639651));
#3884=CARTESIAN_POINT('Ctrl Pts',(-3.24996851609199,80.1922617184116,8.17988052744236));
#3885=CARTESIAN_POINT('Ctrl Pts',(-3.24997264624258,80.2173425649375,8.12558205735371));
#3886=CARTESIAN_POINT('Ctrl Pts',(-3.24997370478037,80.2237706656286,8.11166561985446));
#3887=CARTESIAN_POINT('Ctrl Pts',(-3.24997478116675,80.2299893766039,8.09764296952448));
#3888=CARTESIAN_POINT('Ctrl Pts',(-3.2499757859508,80.2359946179761,8.08351847676065));
#3889=CARTESIAN_POINT('Ctrl Pts',(-3.24997830892048,80.2510735217001,8.04805248075191));
#3890=CARTESIAN_POINT('Ctrl Pts',(-3.2499804875127,80.264757241799,8.01206178866867));
#3891=CARTESIAN_POINT('Ctrl Pts',(-3.2499804968651,80.2770029443569,7.97562423865037));
#3892=CARTESIAN_POINT('Ctrl Pts',(-3.24998051151126,80.296180122882,7.91856182035153));
#3893=CARTESIAN_POINT('Ctrl Pts',(-3.24997544228896,80.3118332775234,7.86040392323203));
#3894=CARTESIAN_POINT('Ctrl Pts',(-3.24997197262987,80.3239519475657,7.80147073649117));
#3895=CARTESIAN_POINT('Ctrl Pts',(-3.24996935958484,80.3330786743683,7.75708739301204));
#3896=CARTESIAN_POINT('Ctrl Pts',(-3.24996756388085,80.3401997038234,7.71226378675485));
#3897=CARTESIAN_POINT('Ctrl Pts',(-3.24996772967317,80.3452913151463,7.66713408728108));
#3898=CARTESIAN_POINT('Ctrl Pts',(-3.24996794976418,80.3520504817266,7.6072239454591));
#3899=CARTESIAN_POINT('Ctrl Pts',(-3.24997181392411,80.3552049484726,7.5470419263391));
#3900=CARTESIAN_POINT('Ctrl Pts',(-3.24997792433723,80.3547499297417,7.48690740808702));
#3901=CARTESIAN_POINT('Ctrl Pts',(-3.24998398548717,80.3542985794477,7.42725770436752));
#3902=CARTESIAN_POINT('Ctrl Pts',(-3.24999225815233,80.3502957246329,7.36765373653121));
#3903=CARTESIAN_POINT('Ctrl Pts',(-3.24999690070758,80.3426863038438,7.30840569132022));
#3904=CARTESIAN_POINT('Ctrl Pts',(-3.2499987710869,80.339620642264,7.28453600913048));
#3905=CARTESIAN_POINT('Ctrl Pts',(-3.25000000110679,80.3359690232948,7.26072416227878));
#3906=CARTESIAN_POINT('Ctrl Pts',(-3.24999999954007,80.3317254915351,7.23699092446184));
#3907=CARTESIAN_POINT('',(-3.25,56.0322042584752,8.99999999999837));
#3908=CARTESIAN_POINT('',(-3.25,82.0538475772933,8.99999999999998));
#3909=CARTESIAN_POINT('',(-3.25,54.5322042584753,7.49999999999853));
#3910=CARTESIAN_POINT('Origin',(-3.25,56.0322042584753,7.49999999999837));
#3911=CARTESIAN_POINT('',(-3.25,54.5322042584748,2.49999999999985));
#3912=CARTESIAN_POINT('',(-3.25,54.5322042584754,8.99999999999828));
#3913=CARTESIAN_POINT('',(-3.25,53.0322042584747,1.));
#3914=CARTESIAN_POINT('Origin',(-3.25,53.0322042584747,2.5));
#3915=CARTESIAN_POINT('',(-3.25,37.8322042584754,0.999999999999998));
#3916=CARTESIAN_POINT('',(-3.25,36.3322042584754,0.999999999999998));
#3917=CARTESIAN_POINT('',(-3.25,36.3322042584754,2.5));
#3918=CARTESIAN_POINT('Origin',(-3.25,37.8322042584754,2.5));
#3919=CARTESIAN_POINT('',(-3.25,36.3322042584754,7.5));
#3920=CARTESIAN_POINT('',(-3.25,36.3322042584754,0.999999999999998));
#3921=CARTESIAN_POINT('',(-3.25,34.8322042584754,9.));
#3922=CARTESIAN_POINT('Origin',(-3.25,34.8322042584754,7.5));
#3923=CARTESIAN_POINT('',(-3.25000000086366,14.4008573099629,9.00000000000001));
#3924=CARTESIAN_POINT('',(-3.25,36.3322042584754,9.));
#3925=CARTESIAN_POINT('',(-3.25000000021058,12.9182745078469,7.23699091559963));
#3926=CARTESIAN_POINT('Ctrl Pts',(-3.2499999995388,12.9182745084664,7.23699092448609));
#3927=CARTESIAN_POINT('Ctrl Pts',(-3.25000000342284,12.9077543967986,7.29582783821856));
#3928=CARTESIAN_POINT('Ctrl Pts',(-3.24999300465801,12.9008739437511,7.35510521275809));
#3929=CARTESIAN_POINT('Ctrl Pts',(-3.24998654361313,12.897542462452,7.41450806869439));
#3930=CARTESIAN_POINT('Ctrl Pts',(-3.24998000912614,12.894173112512,7.47458615142069));
#3931=CARTESIAN_POINT('Ctrl Pts',(-3.2499740238016,12.894433884132,7.53479358578585));
#3932=CARTESIAN_POINT('Ctrl Pts',(-3.24997172486434,12.8982834450519,7.59481310904424));
#3933=CARTESIAN_POINT('Ctrl Pts',(-3.2499694406814,12.9021082999267,7.65444743381427));
#3934=CARTESIAN_POINT('Ctrl Pts',(-3.24997078409988,12.9094761578005,7.71389725377022));
#3935=CARTESIAN_POINT('Ctrl Pts',(-3.24997436899684,12.9203967099998,7.77284475983403));
#3936=CARTESIAN_POINT('Ctrl Pts',(-3.24997522581702,12.9230068127992,7.78693370403637));
#3937=CARTESIAN_POINT('Ctrl Pts',(-3.24997619095341,12.9258200852081,7.80099388539663));
#3938=CARTESIAN_POINT('Ctrl Pts',(-3.24997720842837,12.9288370765568,7.81502081035689));
#3939=CARTESIAN_POINT('Ctrl Pts',(-3.24998115770161,12.9405473629768,7.86946555013056));
#3940=CARTESIAN_POINT('Ctrl Pts',(-3.24998602408159,12.9552594767373,7.92310992507047));
#3941=CARTESIAN_POINT('Ctrl Pts',(-3.24998648676971,12.9729289404049,7.97571040318325));
#3942=CARTESIAN_POINT('Ctrl Pts',(-3.24998698671015,12.9920210222195,8.03254589352442));
#3943=CARTESIAN_POINT('Ctrl Pts',(-3.24998239379647,13.0145652879402,8.08816364698185));
#3944=CARTESIAN_POINT('Ctrl Pts',(-3.24997875542339,13.0403620720226,8.14228412428692));
#3945=CARTESIAN_POINT('Ctrl Pts',(-3.24997511316784,13.0661863835701,8.19646235295906));
#3946=CARTESIAN_POINT('Ctrl Pts',(-3.24997237977273,13.0952706956289,8.24914103931578));
#3947=CARTESIAN_POINT('Ctrl Pts',(-3.24997258036255,13.1274601863079,8.30001595601769));
#3948=CARTESIAN_POINT('Ctrl Pts',(-3.24997264214484,13.1373746482256,8.31568558649544));
#3949=CARTESIAN_POINT('Ctrl Pts',(-3.24997295614279,13.1475839796195,8.33118387596773));
#3950=CARTESIAN_POINT('Ctrl Pts',(-3.24997351511456,13.1580844041585,8.34650126771336));
#3951=CARTESIAN_POINT('Ctrl Pts',(-3.24997533663729,13.1923021643093,8.39641609115152));
#3952=CARTESIAN_POINT('Ctrl Pts',(-3.24997977983822,13.2294059145203,8.44411755627666));
#3953=CARTESIAN_POINT('Ctrl Pts',(-3.24998405408631,13.2691891919116,8.48933133806182));
#3954=CARTESIAN_POINT('Ctrl Pts',(-3.24998767305847,13.3028733793484,8.5276134907713));
#3955=CARTESIAN_POINT('Ctrl Pts',(-3.24999107634102,13.3384795505895,8.5641122967139));
#3956=CARTESIAN_POINT('Ctrl Pts',(-3.24999040121209,13.3759067904715,8.59864533947629));
#3957=CARTESIAN_POINT('Ctrl Pts',(-3.24998960179408,13.4202242655861,8.63953580503241));
#3958=CARTESIAN_POINT('Ctrl Pts',(-3.24998310052937,13.4670948495242,8.67767154063836));
#3959=CARTESIAN_POINT('Ctrl Pts',(-3.24997634734284,13.5162175236447,8.71293386641264));
#3960=CARTESIAN_POINT('Ctrl Pts',(-3.24997377967875,13.5348947104685,8.7263411382707));
#3961=CARTESIAN_POINT('Ctrl Pts',(-3.2499711493824,13.5538977624538,8.73933256705645));
#3962=CARTESIAN_POINT('Ctrl Pts',(-3.24996867440916,13.5732110520616,8.75189988713366));
#3963=CARTESIAN_POINT('Ctrl Pts',(-3.24996220006367,13.6237331780177,8.78477505965798));
#3964=CARTESIAN_POINT('Ctrl Pts',(-3.24995681035476,13.6761209140126,8.81458507910728));
#3965=CARTESIAN_POINT('Ctrl Pts',(-3.24995444769235,13.7300554070235,8.84124328379799));
#3966=CARTESIAN_POINT('Ctrl Pts',(-3.24995207004025,13.784332082222,8.86807061889651));
#3967=CARTESIAN_POINT('Ctrl Pts',(-3.24995267401463,13.840176147887,8.8917064687079));
#3968=CARTESIAN_POINT('Ctrl Pts',(-3.24995594577122,13.8972884405607,8.91201730711359));
#3969=CARTESIAN_POINT('Ctrl Pts',(-3.24995730547445,13.9210236318738,8.92045825060787));
#3970=CARTESIAN_POINT('Ctrl Pts',(-3.249959105999,13.9449780873711,8.92832434494108));
#3971=CARTESIAN_POINT('Ctrl Pts',(-3.2499612623101,13.9691310366317,8.93560344124919));
#3972=CARTESIAN_POINT('Ctrl Pts',(-3.24996645741602,14.0273216795908,8.95314064922158));
#3973=CARTESIAN_POINT('Ctrl Pts',(-3.24997366502658,14.0864138016823,8.96719877862222));
#3974=CARTESIAN_POINT('Ctrl Pts',(-3.24998070083948,14.1461022579421,8.97766138173846));
#3975=CARTESIAN_POINT('Ctrl Pts',(-3.24998760947839,14.204711831158,8.98793487081481));
#3976=CARTESIAN_POINT('Ctrl Pts',(-3.24999426786834,14.2638973275786,8.99474187233465));
#3977=CARTESIAN_POINT('Ctrl Pts',(-3.24999766879669,14.3233804082149,8.9979237089763));
#3978=CARTESIAN_POINT('Ctrl Pts',(-3.24999914260432,14.3491576693982,8.99930257223081));
#3979=CARTESIAN_POINT('Ctrl Pts',(-3.25,14.3749908681808,9.));
#3980=CARTESIAN_POINT('Ctrl Pts',(-3.25,14.4008573098094,9.));
#3981=CARTESIAN_POINT('Origin',(-3.25,6.,6.));
#3982=CARTESIAN_POINT('',(-3.25,1.99999999999999,18.9774893522262));
#3983=CARTESIAN_POINT('',(-3.25,2.,12.0000001192093));
#3984=CARTESIAN_POINT('',(-3.25,5.23533408343793,18.9774893522262));
#3985=CARTESIAN_POINT('',(-3.25,25.930167041719,18.9774893522262));
#3986=CARTESIAN_POINT('',(-3.25,6.56139110028745,18.9467941522598));
#3987=CARTESIAN_POINT('Ctrl Pts',(-3.25,5.23533408343793,18.9774893522262));
#3988=CARTESIAN_POINT('Ctrl Pts',(-3.25,5.53014278332116,18.9791858530715));
#3989=CARTESIAN_POINT('Ctrl Pts',(-3.25,5.97254980579457,18.981731720571));
#3990=CARTESIAN_POINT('Ctrl Pts',(-3.25,6.41408398168903,18.9555342874489));
#3991=CARTESIAN_POINT('Ctrl Pts',(-3.25,6.56139110028745,18.9467941522598));
#3992=CARTESIAN_POINT('',(-3.25,7.24590693414213,18.5937927961349));
#3993=CARTESIAN_POINT('Ctrl Pts',(-3.25,6.56139110028745,18.9467941522598));
#3994=CARTESIAN_POINT('Ctrl Pts',(-3.25,6.69802421218134,18.9163207059642));
#3995=CARTESIAN_POINT('Ctrl Pts',(-3.25,6.95771690649187,18.8584011338799));
#3996=CARTESIAN_POINT('Ctrl Pts',(-3.25,7.15325028226658,18.6788676435671));
#3997=CARTESIAN_POINT('Ctrl Pts',(-3.25,7.24590693414213,18.5937927961349));
#3998=CARTESIAN_POINT('',(-3.25,7.48840366303922,17.8601633310318));
#3999=CARTESIAN_POINT('Ctrl Pts',(-3.25,7.24590693414213,18.5937927961349));
#4000=CARTESIAN_POINT('Ctrl Pts',(-3.25,7.31657459254176,18.4895380638741));
#4001=CARTESIAN_POINT('Ctrl Pts',(-3.25,7.46634623890927,18.2685826332581));
#4002=CARTESIAN_POINT('Ctrl Pts',(-3.25,7.48078017695673,18.0013211946155));
#4003=CARTESIAN_POINT('Ctrl Pts',(-3.25,7.48840366303922,17.8601633310318));
#4004=CARTESIAN_POINT('',(-3.25,7.30422888696195,17.1848564147949));
#4005=CARTESIAN_POINT('Ctrl Pts',(-3.25,7.48840366303922,17.8601633310318));
#4006=CARTESIAN_POINT('Ctrl Pts',(-3.25,7.48264293797143,17.7336523317657));
#4007=CARTESIAN_POINT('Ctrl Pts',(-3.25,7.47174414579697,17.494304494027));
#4008=CARTESIAN_POINT('Ctrl Pts',(-3.25,7.35789928627122,17.2840008276285));
#4009=CARTESIAN_POINT('Ctrl Pts',(-3.25,7.30422888696195,17.1848564147949));
#4010=CARTESIAN_POINT('',(-3.25,6.79467950761319,16.8042289018631));
#4011=CARTESIAN_POINT('Ctrl Pts',(-3.25,7.30422888696195,17.1848564147949));
#4012=CARTESIAN_POINT('Ctrl Pts',(-3.25,7.23624142953471,17.1012273354486));
#4013=CARTESIAN_POINT('Ctrl Pts',(-3.25,7.09841119065052,16.931687005215));
#4014=CARTESIAN_POINT('Ctrl Pts',(-3.25,6.8968279018778,16.8470945010762));
#4015=CARTESIAN_POINT('Ctrl Pts',(-3.25,6.79467950761319,16.8042289018631));
#4016=CARTESIAN_POINT('',(-3.25,5.16166423261167,16.6937242746353));
#4017=CARTESIAN_POINT('Ctrl Pts',(-3.25,6.79467950761319,16.8042289018631));
#4018=CARTESIAN_POINT('Ctrl Pts',(-3.25,6.60470539197166,16.7726215279708));
#4019=CARTESIAN_POINT('Ctrl Pts',(-3.25,6.064885318514,16.6828077402413));
#4020=CARTESIAN_POINT('Ctrl Pts',(-3.25,5.51684048393466,16.6894315341047));
#4021=CARTESIAN_POINT('Ctrl Pts',(-3.25,5.16166423261167,16.6937242746353));
#4022=CARTESIAN_POINT('',(-3.25,1.99999999999999,16.6937242746353));
#4023=CARTESIAN_POINT('',(-3.25,25.2210948392749,16.6937242746353));
#4024=CARTESIAN_POINT('',(-3.25,2.,11.5000002384186));
#4025=CARTESIAN_POINT('',(-3.25,2.,12.0000001192093));
#4026=CARTESIAN_POINT('',(-3.25,3.81718967854977,11.5000002384186));
#4027=CARTESIAN_POINT('',(-3.25,25.2210948392749,11.5000002384186));
#4028=CARTESIAN_POINT('',(-3.25,3.81718967854977,15.2571623325348));
#4029=CARTESIAN_POINT('',(-3.25,3.81718967854977,13.8785811662674));
#4030=CARTESIAN_POINT('',(-3.25,4.18553863465787,15.2571623325348));
#4031=CARTESIAN_POINT('',(-3.25,25.4052693173289,15.2571623325348));
#4032=CARTESIAN_POINT('',(-3.25,5.10027264058591,15.1558666229248));
#4033=CARTESIAN_POINT('Ctrl Pts',(-3.25,4.18553863465787,15.2571623325348));
#4034=CARTESIAN_POINT('Ctrl Pts',(-3.25,4.36714305034776,15.2568433997812));
#4035=CARTESIAN_POINT('Ctrl Pts',(-3.25,4.67618950784883,15.2563006539604));
#4036=CARTESIAN_POINT('Ctrl Pts',(-3.25,4.97645260771253,15.1851904607869));
#4037=CARTESIAN_POINT('Ctrl Pts',(-3.25,5.10027264058591,15.1558666229248));
#4038=CARTESIAN_POINT('',(-3.25,5.64665739238263,14.7813777923584));
#4039=CARTESIAN_POINT('Ctrl Pts',(-3.25,5.10027264058591,15.1558666229248));
#4040=CARTESIAN_POINT('Ctrl Pts',(-3.25,5.19723121000942,15.1127123783793));
#4041=CARTESIAN_POINT('Ctrl Pts',(-3.25,5.40210276365924,15.0215283068816));
#4042=CARTESIAN_POINT('Ctrl Pts',(-3.25,5.56228423259955,14.8642315000949));
#4043=CARTESIAN_POINT('Ctrl Pts',(-3.25,5.64665739238263,14.7813777923584));
#4044=CARTESIAN_POINT('',(-3.25,6.60436545312405,13.4583901166916));
#4045=CARTESIAN_POINT('Ctrl Pts',(-3.25,5.64665739238263,14.7813777923584));
#4046=CARTESIAN_POINT('Ctrl Pts',(-3.25,5.77131010965031,14.626975170445));
#4047=CARTESIAN_POINT('Ctrl Pts',(-3.25,6.11360839546342,14.2029831872416));
#4048=CARTESIAN_POINT('Ctrl Pts',(-3.25,6.41361222313354,13.7478073161365));
#4049=CARTESIAN_POINT('Ctrl Pts',(-3.25,6.60436545312405,13.4583901166916));
#4050=CARTESIAN_POINT('',(-3.25,7.91814480721951,11.5000002384186));
#4051=CARTESIAN_POINT('',(-3.25,13.6933848693273,2.89111804905297));
#4052=CARTESIAN_POINT('',(-3.25,10.0914052575827,11.5000002384186));
#4053=CARTESIAN_POINT('',(-3.25,28.3582026287913,11.5000002384186));
#4054=CARTESIAN_POINT('',(-3.25,8.99249647557736,13.2557981014252));
#4055=CARTESIAN_POINT('',(-3.25,14.4585395798624,4.52234637298196));
#4056=CARTESIAN_POINT('',(-3.25,7.95804892480374,14.7169165611267));
#4057=CARTESIAN_POINT('Ctrl Pts',(-3.25,8.99249647557736,13.2557981014252));
#4058=CARTESIAN_POINT('Ctrl Pts',(-3.25,8.80530627707503,13.5579068699362));
#4059=CARTESIAN_POINT('Ctrl Pts',(-3.25,8.49024780046596,14.0663839650987));
#4060=CARTESIAN_POINT('Ctrl Pts',(-3.25,8.11168912178153,14.5291146683289));
#4061=CARTESIAN_POINT('Ctrl Pts',(-3.25,7.95804892480374,14.7169165611267));
#4062=CARTESIAN_POINT('',(-3.25,6.98499296605588,15.4720329046249));
#4063=CARTESIAN_POINT('Ctrl Pts',(-3.25,7.95804892480374,14.7169165611267));
#4064=CARTESIAN_POINT('Ctrl Pts',(-3.25,7.81718687151058,14.8537380261131));
#4065=CARTESIAN_POINT('Ctrl Pts',(-3.25,7.52098116573897,15.1414471546793));
#4066=CARTESIAN_POINT('Ctrl Pts',(-3.25,7.16938557586225,15.3583035926115));
#4067=CARTESIAN_POINT('Ctrl Pts',(-3.25,6.98499296605588,15.4720329046249));
#4068=CARTESIAN_POINT('',(-3.25,8.76534794270993,16.3038878440857));
#4069=CARTESIAN_POINT('Ctrl Pts',(-3.25,6.98499296605588,15.4720329046249));
#4070=CARTESIAN_POINT('Ctrl Pts',(-3.25,7.34561477438632,15.5395105993962));
#4071=CARTESIAN_POINT('Ctrl Pts',(-3.25,8.01295644809943,15.6643801350891));
#4072=CARTESIAN_POINT('Ctrl Pts',(-3.25,8.5284292176813,16.1025148193416));
#4073=CARTESIAN_POINT('Ctrl Pts',(-3.25,8.76534794270993,16.3038878440857));
#4074=CARTESIAN_POINT('',(-3.25,9.36084543168546,17.9768078327179));
#4075=CARTESIAN_POINT('Ctrl Pts',(-3.25,8.76534794270993,16.3038878440857));
#4076=CARTESIAN_POINT('Ctrl Pts',(-3.25,8.93897255550099,16.5442878038184));
#4077=CARTESIAN_POINT('Ctrl Pts',(-3.25,9.29922200681707,17.0430877849844));
#4078=CARTESIAN_POINT('Ctrl Pts',(-3.25,9.33981598866892,17.6581690589213));
#4079=CARTESIAN_POINT('Ctrl Pts',(-3.25,9.36084543168546,17.9768078327179));
#4080=CARTESIAN_POINT('',(-3.25,8.96793995797636,19.3949519395828));
#4081=CARTESIAN_POINT('Ctrl Pts',(-3.25,9.36084543168546,17.9768078327179));
#4082=CARTESIAN_POINT('Ctrl Pts',(-3.25,9.34597681838754,18.233015327766));
#4083=CARTESIAN_POINT('Ctrl Pts',(-3.25,9.31688502950074,18.7343085020395));
#4084=CARTESIAN_POINT('Ctrl Pts',(-3.25,9.08252176782532,19.1780188835925));
#4085=CARTESIAN_POINT('Ctrl Pts',(-3.25,8.96793995797636,19.3949519395828));
#4086=CARTESIAN_POINT('Ctrl Pts',(-3.25,8.96793995797636,19.3949519395828));
#4087=CARTESIAN_POINT('Ctrl Pts',(-3.25,8.82765190361344,19.585321955148));
#4088=CARTESIAN_POINT('Ctrl Pts',(-3.25,8.68736384925053,19.7756919707131));
#4089=CARTESIAN_POINT('Ctrl Pts',(-3.25,8.50980554521086,19.9206172227859));
#4090=CARTESIAN_POINT('Ctrl Pts',(-3.25,8.47543893281771,19.948667670727));
#4091=CARTESIAN_POINT('Ctrl Pts',(-3.25,8.43967610068023,19.9750156649251));
#4092=CARTESIAN_POINT('Ctrl Pts',(-3.25,8.40279490171572,20.0000000000011));
#4093=CARTESIAN_POINT('Origin',(-3.25,31.,17.));
#4094=CARTESIAN_POINT('',(-3.25,46.2500010282,18.25));
#4095=CARTESIAN_POINT('',(-3.25,46.2500010282,15.75));
#4096=CARTESIAN_POINT('',(-3.25,46.2500010282,18.25));
#4097=CARTESIAN_POINT('',(-3.25,87.2500010282,15.75));
#4098=CARTESIAN_POINT('',(-3.25,46.2500010282,15.75));
#4099=CARTESIAN_POINT('',(-3.25,87.2500010282,18.25));
#4100=CARTESIAN_POINT('',(-3.25,87.2500010282,15.75));
#4101=CARTESIAN_POINT('',(-3.25,87.2500010282,18.25));
#4102=CARTESIAN_POINT('',(-3.25,6.,11.375));
#4103=CARTESIAN_POINT('Origin',(-3.25,6.,6.));
#4104=CARTESIAN_POINT('Origin',(8.,93.7249371855332,11.1));
#4105=CARTESIAN_POINT('',(8.05,93.2274434669798,10.6));
#4106=CARTESIAN_POINT('',(8.5,93.7249371855332,10.6));
#4107=CARTESIAN_POINT('Origin',(8.,93.7249371855332,10.6));
#4108=CARTESIAN_POINT('',(8.5,93.7249371855332,11.1));
#4109=CARTESIAN_POINT('',(8.5,93.7249371855332,11.1));
#4110=CARTESIAN_POINT('',(8.05,93.2274434669798,11.1));
#4111=CARTESIAN_POINT('Origin',(8.,93.7249371855332,11.1));
#4112=CARTESIAN_POINT('',(8.05,93.2274434669798,11.1));
#4113=CARTESIAN_POINT('Origin',(8.5,46.625,12.5));
#4114=CARTESIAN_POINT('',(8.5,92.25,11.1));
#4115=CARTESIAN_POINT('',(8.5,67.6875,11.1));
#4116=CARTESIAN_POINT('',(8.5,93.7500000000001,10.6));
#4117=CARTESIAN_POINT('',(8.5,93.7500000000001,10.6));
#4118=CARTESIAN_POINT('',(8.5,93.7500000000001,-2.9));
#4119=CARTESIAN_POINT('',(8.5,93.7500000000001,-1.9));
#4120=CARTESIAN_POINT('',(8.5,96.2500000000001,-2.9));
#4121=CARTESIAN_POINT('',(8.5,91.2500000000001,-2.90000000000001));
#4122=CARTESIAN_POINT('',(8.5,96.2500000000001,12.5));
#4123=CARTESIAN_POINT('',(8.5,96.2500000000001,12.5));
#4124=CARTESIAN_POINT('',(8.5,93.25,12.5));
#4125=CARTESIAN_POINT('',(8.5,91.2500000000001,12.5));
#4126=CARTESIAN_POINT('',(8.5,93.25,15.45));
#4127=CARTESIAN_POINT('',(8.5,93.25,6.00000000000001));
#4128=CARTESIAN_POINT('',(8.5,91.25,15.45));
#4129=CARTESIAN_POINT('',(8.5,93.25,15.45));
#4130=CARTESIAN_POINT('',(8.5,91.25,12.5));
#4131=CARTESIAN_POINT('',(8.5,91.25,23.));
#4132=CARTESIAN_POINT('',(8.5,92.25,12.5));
#4133=CARTESIAN_POINT('',(8.5,68.9375,12.5));
#4134=CARTESIAN_POINT('',(8.5,92.25,11.8000000670552));
#4135=CARTESIAN_POINT('Origin',(7.5,88.25,10.6));
#4136=CARTESIAN_POINT('',(10.8269508009487,84.8983380249607,10.6));
#4137=CARTESIAN_POINT('Origin',(8.5,88.7500000000001,10.6));
#4138=CARTESIAN_POINT('',(11.5,84.7500000000001,10.6));
#4139=CARTESIAN_POINT('Origin',(11.085500889943,84.4703755832896,10.6));
#4140=CARTESIAN_POINT('',(10.5,83.7500000000001,10.6));
#4141=CARTESIAN_POINT('Origin',(10.5,84.7500000000001,10.6));
#4142=CARTESIAN_POINT('',(9.5,83.7500000000001,10.6));
#4143=CARTESIAN_POINT('',(10.5,83.7500000000001,10.6));
#4144=CARTESIAN_POINT('',(8.5,82.7500000000001,10.6));
#4145=CARTESIAN_POINT('Origin',(9.5,82.7500000000001,10.6));
#4146=CARTESIAN_POINT('',(8.5,83.7500000000001,10.6));
#4147=CARTESIAN_POINT('',(8.5,67.4375,10.6));
#4148=CARTESIAN_POINT('Origin',(8.5,88.7500000000001,10.6));
#4149=CARTESIAN_POINT('Origin',(11.085500889943,84.4703755832896,11.1));
#4150=CARTESIAN_POINT('',(10.8269508009487,84.8983380249607,11.1));
#4151=CARTESIAN_POINT('',(10.8269508009487,84.8983380249607,11.1));
#4152=CARTESIAN_POINT('',(11.5,84.7500000000001,11.1));
#4153=CARTESIAN_POINT('Origin',(11.085500889943,84.4703755832896,11.1));
#4154=CARTESIAN_POINT('',(11.5,84.7500000000001,11.1));
#4155=CARTESIAN_POINT('Origin',(11.5,87.5,11.8000000670552));
#4156=CARTESIAN_POINT('',(11.5,87.5000000000001,11.1));
#4157=CARTESIAN_POINT('',(11.5,83.7500000000001,11.1000001341104));
#4158=CARTESIAN_POINT('',(11.5,87.5000000000001,10.6));
#4159=CARTESIAN_POINT('',(11.5,87.5000000000001,11.1));
#4160=CARTESIAN_POINT('',(11.5,90.0000000000001,10.6));
#4161=CARTESIAN_POINT('',(11.5,88.125,10.6));
#4162=CARTESIAN_POINT('',(11.5,90.0000000000001,11.1));
#4163=CARTESIAN_POINT('',(11.5,90.0000000000001,11.1));
#4164=CARTESIAN_POINT('',(11.5,90.25,11.1000001341104));
#4165=CARTESIAN_POINT('',(11.5,83.7500000000001,11.1000001341104));
#4166=CARTESIAN_POINT('',(11.5,90.25,12.5));
#4167=CARTESIAN_POINT('',(11.5,90.25,11.4500001005828));
#4168=CARTESIAN_POINT('',(11.5,84.7500000000001,12.5));
#4169=CARTESIAN_POINT('',(11.5,91.25,12.5));
#4170=CARTESIAN_POINT('',(11.5,84.7500000000001,11.1));
#4171=CARTESIAN_POINT('Origin',(8.5,93.25,25.));
#4172=CARTESIAN_POINT('',(9.95,91.25,25.000000372529));
#4173=CARTESIAN_POINT('',(8.5,91.25,25.000000372529));
#4174=CARTESIAN_POINT('',(9.95,93.25,25.));
#4175=CARTESIAN_POINT('Origin',(8.5,93.25,18.55));
#4176=CARTESIAN_POINT('',(9.95,93.25,18.55));
#4177=CARTESIAN_POINT('',(9.95,93.25,18.55));
#4178=CARTESIAN_POINT('',(8.5,93.25,18.55));
#4179=CARTESIAN_POINT('',(8.5,93.25,18.55));
#4180=CARTESIAN_POINT('',(8.5,93.25,6.00000000000001));
#4181=CARTESIAN_POINT('Origin',(8.5,91.25,18.55));
#4182=CARTESIAN_POINT('',(8.5,91.25,18.55));
#4183=CARTESIAN_POINT('',(8.5,93.25,18.55));
#4184=CARTESIAN_POINT('',(9.95,91.25,18.55));
#4185=CARTESIAN_POINT('',(9.95,91.25,18.55));
#4186=CARTESIAN_POINT('',(8.5,91.25,18.55));
#4187=CARTESIAN_POINT('Origin',(9.95,92.25,21.7750001862645));
#4188=CARTESIAN_POINT('',(9.95,91.25,23.));
#4189=CARTESIAN_POINT('Origin',(8.5,46.625,12.5));
#4190=CARTESIAN_POINT('',(8.5,91.25,23.));
#4191=CARTESIAN_POINT('',(8.5,91.25,18.7500001862645));
#4192=CARTESIAN_POINT('',(8.5,1.99999999999999,23.));
#4193=CARTESIAN_POINT('',(8.5,1.99999999999999,15.525));
#4194=CARTESIAN_POINT('',(8.5,2.,23.));
#4195=CARTESIAN_POINT('Origin',(8.5,1.99999999999999,25.000000372529));
#4196=CARTESIAN_POINT('',(9.95,1.99999999999999,25.000000372529));
#4197=CARTESIAN_POINT('',(9.95,0.,25.));
#4198=CARTESIAN_POINT('',(8.5,1.99999999999999,25.000000372529));
#4199=CARTESIAN_POINT('Origin',(8.5,1.77635683940025E-14,18.55));
#4200=CARTESIAN_POINT('',(8.5,1.99999999999999,18.55));
#4201=CARTESIAN_POINT('',(8.5,93.25,18.55));
#4202=CARTESIAN_POINT('',(9.95,1.99999999999999,18.55));
#4203=CARTESIAN_POINT('',(8.5,1.99999999999999,18.55));
#4204=CARTESIAN_POINT('',(9.95,1.77635683940025E-14,18.55));
#4205=CARTESIAN_POINT('Origin',(9.95,0.999999999999996,21.7750001862645));
#4206=CARTESIAN_POINT('',(9.95,1.99999999999999,18.55));
#4207=CARTESIAN_POINT('Origin',(10.6310882437766,88.4375,8.54999999999999));
#4208=CARTESIAN_POINT('',(10.8862245457721,90.956452450697,8.17931756530231));
#4209=CARTESIAN_POINT('',(10.6310882437766,90.7841496722302,8.09999999999999));
#4210=CARTESIAN_POINT('Ctrl Pts',(10.8862245457917,90.956452450665,8.17931756530142));
#4211=CARTESIAN_POINT('Ctrl Pts',(10.8733968029403,90.9488458632985,8.17048838277766));
#4212=CARTESIAN_POINT('Ctrl Pts',(10.8602154651498,90.9409068048331,8.16239747559649));
#4213=CARTESIAN_POINT('Ctrl Pts',(10.8131324752555,90.9120141004244,8.13668654666788));
#4214=CARTESIAN_POINT('Ctrl Pts',(10.7781671976987,90.8896222436895,8.12316230481723));
#4215=CARTESIAN_POINT('Ctrl Pts',(10.7063167640861,90.8407326850923,8.10472447600572));
#4216=CARTESIAN_POINT('Ctrl Pts',(10.6696766468577,90.8142909626573,8.10023695138866));
#4217=CARTESIAN_POINT('Ctrl Pts',(10.633000743795,90.7856479896982,8.10000304561215));
#4218=CARTESIAN_POINT('Ctrl Pts',(10.6320441116572,90.7848993203408,8.09999999999999));
#4219=CARTESIAN_POINT('Ctrl Pts',(10.6310882437766,90.7841496722302,8.09999999999999));
#4220=CARTESIAN_POINT('',(11.0723495478376,90.7363327525216,8.46174773918782));
#4221=CARTESIAN_POINT('Ctrl Pts',(10.8862245457729,90.9564524506889,8.17931756528845));
#4222=CARTESIAN_POINT('Ctrl Pts',(10.9089199832618,90.9319078882189,8.19493856442644));
#4223=CARTESIAN_POINT('Ctrl Pts',(10.9300764340755,90.9082591692612,8.212592087231));
#4224=CARTESIAN_POINT('Ctrl Pts',(10.9847631435324,90.8455584566048,8.26727879668788));
#4225=CARTESIAN_POINT('Ctrl Pts',(11.0186311776757,90.8043833517351,8.31365550062151));
#4226=CARTESIAN_POINT('Ctrl Pts',(11.0547404288974,90.759023351692,8.39538472456345));
#4227=CARTESIAN_POINT('Ctrl Pts',(11.0644105121534,90.746599977849,8.42465033123966));
#4228=CARTESIAN_POINT('Ctrl Pts',(11.0714623856592,90.7374813271046,8.45739670764635));
#4229=CARTESIAN_POINT('Ctrl Pts',(11.0719138125596,90.7368970403752,8.45956906279781));
#4230=CARTESIAN_POINT('Ctrl Pts',(11.0723495478376,90.7363327525216,8.46174773918782));
#4231=CARTESIAN_POINT('',(11.0723495477947,87.5886754226758,8.46174773908062));
#4232=CARTESIAN_POINT('',(11.0723495478376,88.4375,8.46174773918781));
#4233=CARTESIAN_POINT('',(10.6310882437766,87.6879057848344,8.09999999999999));
#4234=CARTESIAN_POINT('Ctrl Pts',(10.6310882437766,87.6879057848344,8.09999999999999));
#4235=CARTESIAN_POINT('Ctrl Pts',(10.6321473652026,87.6876564845815,8.09999999999999));
#4236=CARTESIAN_POINT('Ctrl Pts',(10.6332065035658,87.6874072681183,8.10000373912729));
#4237=CARTESIAN_POINT('Ctrl Pts',(10.6792298793167,87.6765817216575,8.10032871268973));
#4238=CARTESIAN_POINT('Ctrl Pts',(10.7239758635562,87.6662174312945,8.10738437747065));
#4239=CARTESIAN_POINT('Ctrl Pts',(10.8098131286621,87.6465951065593,8.13457908799659));
#4240=CARTESIAN_POINT('Ctrl Pts',(10.850497457779,87.6374275972733,8.15452154716927));
#4241=CARTESIAN_POINT('Ctrl Pts',(10.9350733955574,87.6185634618154,8.21321116214248));
#4242=CARTESIAN_POINT('Ctrl Pts',(10.975951787963,87.609594762364,8.25510368698764));
#4243=CARTESIAN_POINT('Ctrl Pts',(11.0391021641265,87.5958346965114,8.35176685991468));
#4244=CARTESIAN_POINT('Ctrl Pts',(11.0610654819048,87.5911045596523,8.40532740959797));
#4245=CARTESIAN_POINT('Ctrl Pts',(11.0723495478153,87.5886754226714,8.46174773907632));
#4246=CARTESIAN_POINT('',(10.6310882437766,88.4375,8.09999999999999));
#4247=CARTESIAN_POINT('Origin',(9.5,92.25,8.54999999999999));
#4248=CARTESIAN_POINT('',(8.75932597437749,91.5781354394165,8.55000001085828));
#4249=CARTESIAN_POINT('',(9.5,91.25,8.54999999999999));
#4250=CARTESIAN_POINT('Origin',(9.5,92.25,8.54999999999999));
#4251=CARTESIAN_POINT('',(9.5,90.8,8.1));
#4252=CARTESIAN_POINT('Origin',(9.5,90.8,8.54999999999999));
#4253=CARTESIAN_POINT('',(8.57936205847041,91.1297653011015,8.1));
#4254=CARTESIAN_POINT('Origin',(9.5,92.25,8.1));
#4255=CARTESIAN_POINT('',(8.76420593571853,91.5599559060082,8.46174773918781));
#4256=CARTESIAN_POINT('Ctrl Pts',(8.57936205847041,91.1297653011015,8.09999999999999));
#4257=CARTESIAN_POINT('Ctrl Pts',(8.57975652680848,91.1308113209903,8.09999999999999));
#4258=CARTESIAN_POINT('Ctrl Pts',(8.58015130722949,91.1318572208424,8.10000373535045));
#4259=CARTESIAN_POINT('Ctrl Pts',(8.59791543588195,91.1788774661422,8.10033961172816));
#4260=CARTESIAN_POINT('Ctrl Pts',(8.61581942300702,91.2243954960963,8.10788364737254));
#4261=CARTESIAN_POINT('Ctrl Pts',(8.65120556607244,91.3109888744245,8.13687280436842));
#4262=CARTESIAN_POINT('Ctrl Pts',(8.66854930456987,91.3517515966712,8.15810565302778));
#4263=CARTESIAN_POINT('Ctrl Pts',(8.7043544288285,91.4332603122634,8.21882589267979));
#4264=CARTESIAN_POINT('Ctrl Pts',(8.72202756120308,91.471630227716,8.26077579421161));
#4265=CARTESIAN_POINT('Ctrl Pts',(8.7493411805137,91.5295626976071,8.35583521047286));
#4266=CARTESIAN_POINT('Ctrl Pts',(8.75908418761092,91.5495032469639,8.4073166583709));
#4267=CARTESIAN_POINT('Ctrl Pts',(8.76420593571851,91.5599559060082,8.46174773918781));
#4268=CARTESIAN_POINT('Ctrl Pts',(8.76420593571851,91.5599559060082,8.46174773918781));
#4269=CARTESIAN_POINT('Ctrl Pts',(8.76509563771128,91.5617716437965,8.47120299548969));
#4270=CARTESIAN_POINT('Ctrl Pts',(8.76551903689378,91.5636471546093,8.48073831899749));
#4271=CARTESIAN_POINT('Ctrl Pts',(8.76537576278684,91.569638212399,8.5104940913016));
#4272=CARTESIAN_POINT('Ctrl Pts',(8.76321748303768,91.5738453800406,8.5304160434478));
#4273=CARTESIAN_POINT('Ctrl Pts',(8.75932597636155,91.5781354372292,8.55000001173168));
#4274=CARTESIAN_POINT('Origin',(8.4375,90.8,8.55));
#4275=CARTESIAN_POINT('',(10.5,91.25,8.55));
#4276=CARTESIAN_POINT('',(10.5,90.8,8.1));
#4277=CARTESIAN_POINT('Origin',(10.5,90.8,8.55));
#4278=CARTESIAN_POINT('',(8.4375,90.8,8.1));
#4279=CARTESIAN_POINT('',(8.4375,91.25,8.55));
#4280=CARTESIAN_POINT('Origin',(10.5,90.25,8.54999999999999));
#4281=CARTESIAN_POINT('Origin',(10.5,90.25,8.1));
#4282=CARTESIAN_POINT('',(10.5805628520027,91.2467495306632,8.55));
#4283=CARTESIAN_POINT('Origin',(10.5,90.25,8.54999999999999));
#4284=CARTESIAN_POINT('Ctrl Pts',(10.5805628520027,91.2467495306632,8.55));
#4285=CARTESIAN_POINT('Ctrl Pts',(10.5805628520027,91.2467495306632,8.51702408630105));
#4286=CARTESIAN_POINT('Ctrl Pts',(10.5854078909983,91.2427376028361,8.48374843061601));
#4287=CARTESIAN_POINT('Ctrl Pts',(10.6054646514217,91.2258222989064,8.41754903362185));
#4288=CARTESIAN_POINT('Ctrl Pts',(10.620648243458,91.2129241381822,8.3858588113924));
#4289=CARTESIAN_POINT('Ctrl Pts',(10.6627525705862,91.1760946011356,8.32210438138875));
#4290=CARTESIAN_POINT('Ctrl Pts',(10.6909759846356,91.1508176303995,8.29194498905746));
#4291=CARTESIAN_POINT('Ctrl Pts',(10.7637734649313,91.0826196597776,8.23255436928103));
#4292=CARTESIAN_POINT('Ctrl Pts',(10.8105673885991,91.0365960990107,8.20731625765713));
#4293=CARTESIAN_POINT('Ctrl Pts',(10.8673159807143,90.9767688887492,8.18568698288252));
#4294=CARTESIAN_POINT('Ctrl Pts',(10.8767464662824,90.9667027626409,8.1823785960582));
#4295=CARTESIAN_POINT('Ctrl Pts',(10.8862245457698,90.9564524506923,8.17931756531067));
#4296=CARTESIAN_POINT('Origin',(8.5,88.7500000000001,8.54999999999999));
#4297=CARTESIAN_POINT('Origin',(8.5,88.7500000000001,8.46174773918781));
#4298=CARTESIAN_POINT('Origin',(8.5,88.7500000000001,8.09999999999999));
#4299=CARTESIAN_POINT('Origin',(10.5,90.25,11.4500001005828));
#4300=CARTESIAN_POINT('',(10.5,91.25,12.5));
#4301=CARTESIAN_POINT('',(10.5,91.25,11.4500001005828));
#4302=CARTESIAN_POINT('Origin',(10.5,90.25,12.5));
#4303=CARTESIAN_POINT('',(10.5805628520027,91.2467495306632,11.1));
#4304=CARTESIAN_POINT('Origin',(10.5,90.25,11.1));
#4305=CARTESIAN_POINT('',(10.5805628520027,91.2467495306632,11.1));
#4306=CARTESIAN_POINT('Origin',(8.5,91.25,11.1000001341104));
#4307=CARTESIAN_POINT('',(9.5,91.25,12.5));
#4308=CARTESIAN_POINT('',(9.5,91.25,11.8000000670552));
#4309=CARTESIAN_POINT('',(8.5,91.25,12.5));
#4310=CARTESIAN_POINT('Origin',(9.5,92.25,11.8000000670552));
#4311=CARTESIAN_POINT('',(8.53179433280801,91.9998444763406,10.6));
#4312=CARTESIAN_POINT('Ctrl Pts',(8.75932597636156,91.5781354372292,8.55000001173168));
#4313=CARTESIAN_POINT('Ctrl Pts',(8.66965400875081,91.6769912196862,9.00127337577551));
#4314=CARTESIAN_POINT('Ctrl Pts',(8.61370698020089,91.7748980754023,9.48369368824739));
#4315=CARTESIAN_POINT('Ctrl Pts',(8.55648593521256,91.915515822059,10.1798368867079));
#4316=CARTESIAN_POINT('Ctrl Pts',(8.54263505358845,91.9578863890575,10.390749869676));
#4317=CARTESIAN_POINT('Ctrl Pts',(8.53179433280801,91.9998444763406,10.6));
#4318=CARTESIAN_POINT('',(8.53179433280801,91.9998444763406,11.1));
#4319=CARTESIAN_POINT('',(8.53179433280801,91.9998444763406,11.1));
#4320=CARTESIAN_POINT('Origin',(9.5,92.25,11.1));
#4321=CARTESIAN_POINT('Origin',(9.5,92.25,12.5));
#4322=CARTESIAN_POINT('Origin',(8.375,88.7500000000001,8.09999999999999));
#4323=CARTESIAN_POINT('Origin',(8.5,88.7500000000001,9.34999999999999));
#4324=CARTESIAN_POINT('Ctrl Pts',(11.0723495478153,87.5886754226714,8.46174773907632));
#4325=CARTESIAN_POINT('Ctrl Pts',(11.2147726014821,87.5580158085447,9.17386300741061));
#4326=CARTESIAN_POINT('Ctrl Pts',(11.3578184021412,87.5284363195718,9.88909201070605));
#4327=CARTESIAN_POINT('Ctrl Pts',(11.5,87.5000000000001,10.6));
#4328=CARTESIAN_POINT('Origin',(8.5,88.7500000000001,10.6));
#4329=CARTESIAN_POINT('Origin',(11.25,88.125,9.34999999999999));
#4330=CARTESIAN_POINT('Origin',(8.5,88.7500000000001,-4.4));
#4331=CARTESIAN_POINT('Origin',(8.5,88.7500000000001,11.1));
#4332=CARTESIAN_POINT('Origin',(8.5,88.7500000000001,11.1));
#4333=CARTESIAN_POINT('Origin',(8.5,88.7500000000001,11.1));
#4334=CARTESIAN_POINT('Origin',(8.5,88.7500000000001,11.1));
#4335=CARTESIAN_POINT('Origin',(8.5,88.7500000000001,11.1));
#4336=CARTESIAN_POINT('Origin',(8.5,88.7500000000001,11.1));
#4337=CARTESIAN_POINT('Origin',(8.5,88.7500000000001,11.1));
#4338=CARTESIAN_POINT('Origin',(8.5,88.7500000000001,11.1));
#4339=CARTESIAN_POINT('Origin',(8.5,88.7500000000001,-1.90000000000001));
#4340=CARTESIAN_POINT('',(8.5,83.7500000000001,-2.90000000000002));
#4341=CARTESIAN_POINT('',(8.5,83.7500000000001,-1.90000000000002));
#4342=CARTESIAN_POINT('Origin',(8.5,88.7500000000001,-2.90000000000001));
#4343=CARTESIAN_POINT('',(4.5909090909091,85.6324676000942,2.07336251740889));
#4344=CARTESIAN_POINT('',(4.59090909090493,85.6324676000994,9.92663748259394));
#4345=CARTESIAN_POINT('',(4.59090909090909,85.6324676000942,-1.90000000000001));
#4346=CARTESIAN_POINT('',(4.13636363636363,91.1910402876541,7.27483020467079));
#4347=CARTESIAN_POINT('Ctrl Pts',(4.13636363636364,91.1910402876542,7.27483020467079));
#4348=CARTESIAN_POINT('Ctrl Pts',(4.08154070034651,91.0930380718056,7.62873518485369));
#4349=CARTESIAN_POINT('Ctrl Pts',(3.93369847806885,90.8135099370781,8.30983029941648));
#4350=CARTESIAN_POINT('Ctrl Pts',(3.6901367697519,90.1852303295668,9.17312432363582));
#4351=CARTESIAN_POINT('Ctrl Pts',(3.51155290451211,89.3679898640716,9.8491394803622));
#4352=CARTESIAN_POINT('Ctrl Pts',(3.46331372446947,88.0820039553693,10.4271932586004));
#4353=CARTESIAN_POINT('Ctrl Pts',(3.84424516602197,86.7034413502115,10.4078880628472));
#4354=CARTESIAN_POINT('Ctrl Pts',(4.3920761769586,85.8817852772338,10.0613852198221));
#4355=CARTESIAN_POINT('Ctrl Pts',(4.59090909090896,85.6324676000943,9.92663748259121));
#4356=CARTESIAN_POINT('',(4.13636363287887,91.1910402814247,4.72516977283362));
#4357=CARTESIAN_POINT('Ctrl Pts',(4.136363632754,91.1910402812015,4.72516977202761));
#4358=CARTESIAN_POINT('Ctrl Pts',(4.20007233798145,91.3049268176842,5.13643609999557));
#4359=CARTESIAN_POINT('Ctrl Pts',(4.26283849461494,91.4030067985222,5.99989727842191));
#4360=CARTESIAN_POINT('Ctrl Pts',(4.19972217168863,91.3043008553265,6.86582436117485));
#4361=CARTESIAN_POINT('Ctrl Pts',(4.13636363636363,91.1910402876541,7.27483020467079));
#4362=CARTESIAN_POINT('',(3.70000000061649,90.1500000021137,2.85372839922184));
#4363=CARTESIAN_POINT('Ctrl Pts',(3.70000000061649,90.1500000021137,2.85372839922185));
#4364=CARTESIAN_POINT('Ctrl Pts',(3.70019109096127,90.1506551690091,2.85442474027997));
#4365=CARTESIAN_POINT('Ctrl Pts',(3.70038226026319,90.1513101061556,2.85512131760144));
#4366=CARTESIAN_POINT('Ctrl Pts',(3.71467786430459,90.2002492204676,2.90720742297427));
#4367=CARTESIAN_POINT('Ctrl Pts',(3.74375252419897,90.2943610141193,3.01258883986207));
#4368=CARTESIAN_POINT('Ctrl Pts',(3.78922087743402,90.4277556630278,3.1778861556651));
#4369=CARTESIAN_POINT('Ctrl Pts',(3.83593404481298,90.5533709074341,3.35034876295533));
#4370=CARTESIAN_POINT('Ctrl Pts',(3.88309680270944,90.6707320116298,3.52927715762884));
#4371=CARTESIAN_POINT('Ctrl Pts',(3.93005462322297,90.7797741507865,3.71451585981717));
#4372=CARTESIAN_POINT('Ctrl Pts',(3.97611643277837,90.8803153550926,3.90581631196481));
#4373=CARTESIAN_POINT('Ctrl Pts',(4.02055563507081,90.9721033779293,4.1027973784194));
#4374=CARTESIAN_POINT('Ctrl Pts',(4.06266349794087,91.0549147685798,4.30513205923263));
#4375=CARTESIAN_POINT('Ctrl Pts',(4.10173587908078,91.1285108864173,4.5124660202937));
#4376=CARTESIAN_POINT('Ctrl Pts',(4.12530641008419,91.1712742415639,4.65379077644008));
#4377=CARTESIAN_POINT('Ctrl Pts',(4.13636363291092,91.1910402814821,4.72516977304059));
#4378=CARTESIAN_POINT('Ctrl Pts',(4.5909090909091,85.6324676000942,2.07336251740889));
#4379=CARTESIAN_POINT('Ctrl Pts',(4.3916774112135,85.8822852917803,1.93834453929691));
#4380=CARTESIAN_POINT('Ctrl Pts',(4.03354094197393,86.431995525244,1.7149951669386));
#4381=CARTESIAN_POINT('Ctrl Pts',(3.51917181058203,87.7131400036606,1.5299535418306));
#4382=CARTESIAN_POINT('Ctrl Pts',(3.4485460541138,89.0992437625205,1.9243842890545));
#4383=CARTESIAN_POINT('Ctrl Pts',(3.63071495145036,89.9105681298948,2.60014409056538));
#4384=CARTESIAN_POINT('Ctrl Pts',(3.7008428129053,90.1491308641635,2.85431164107748));
#4385=CARTESIAN_POINT('Origin',(8.5,46.625,12.5));
#4386=CARTESIAN_POINT('',(8.5,82.7500000000001,12.5));
#4387=CARTESIAN_POINT('',(8.5,82.7500000000001,11.1));
#4388=CARTESIAN_POINT('',(8.5,81.2500000000001,12.5));
#4389=CARTESIAN_POINT('',(8.5,91.2500000000001,12.5));
#4390=CARTESIAN_POINT('',(8.5,81.2500000000001,11.));
#4391=CARTESIAN_POINT('',(8.5,81.2500000000001,12.5));
#4392=CARTESIAN_POINT('',(8.5,51.2276725762379,11.));
#4393=CARTESIAN_POINT('',(8.5,91.25,11.));
#4394=CARTESIAN_POINT('',(8.5,50.3526725762379,7.73445554337723));
#4395=CARTESIAN_POINT('Origin',(8.5,51.2276725762379,9.25));
#4396=CARTESIAN_POINT('',(8.5,50.8282042584754,7.45990719862916));
#4397=CARTESIAN_POINT('',(8.5,43.9000010281999,11.4599071986292));
#4398=CARTESIAN_POINT('',(8.5,50.1782042584754,5.03407417370939));
#4399=CARTESIAN_POINT('Origin',(8.5,50.1782042584754,6.33407417370939));
#4400=CARTESIAN_POINT('',(8.5,49.7585089710792,5.03407417370939));
#4401=CARTESIAN_POINT('',(8.5,50.1782042584754,5.03407417370939));
#4402=CARTESIAN_POINT('',(8.5,49.144130084766,2.74118095489706));
#4403=CARTESIAN_POINT('',(8.5,49.144130084766,2.74118095489706));
#4404=CARTESIAN_POINT('',(8.5,47.9193852133725,2.03407417370939));
#4405=CARTESIAN_POINT('Origin',(8.5,48.1782042584754,3.));
#4406=CARTESIAN_POINT('',(8.5,42.8853110396641,3.38295028319293));
#4407=CARTESIAN_POINT('',(8.5,42.8853110396641,3.38295028319293));
#4408=CARTESIAN_POINT('',(8.5,42.144130084765,4.34887610948281));
#4409=CARTESIAN_POINT('Origin',(8.5,43.1441300847672,4.34887610948415));
#4410=CARTESIAN_POINT('',(8.5,42.1441300847643,5.03407417370939));
#4411=CARTESIAN_POINT('',(8.5,42.144130084765,4.34887610948281));
#4412=CARTESIAN_POINT('',(8.5,42.1782042584754,5.03407417370939));
#4413=CARTESIAN_POINT('',(8.5,42.1441300847643,5.03407417370939));
#4414=CARTESIAN_POINT('',(8.5,40.8782042584755,6.33407417370939));
#4415=CARTESIAN_POINT('Origin',(8.5,42.1782042584754,6.33407417370939));
#4416=CARTESIAN_POINT('',(8.5,41.2078498824164,8.78820179221642));
#4417=CARTESIAN_POINT('Origin',(8.5,50.1782042584754,6.33407417370939));
#4418=CARTESIAN_POINT('',(8.5,39.519879972943,11.));
#4419=CARTESIAN_POINT('Origin',(8.5,39.519879972943,9.25));
#4420=CARTESIAN_POINT('',(8.5,1.99999999999999,11.));
#4421=CARTESIAN_POINT('',(8.5,91.25,11.));
#4422=CARTESIAN_POINT('',(8.5,1.99999999999999,15.45));
#4423=CARTESIAN_POINT('',(8.5,2.,11.));
#4424=CARTESIAN_POINT('',(8.5,93.25,15.45));
#4425=CARTESIAN_POINT('',(8.49999999983044,11.8785887457546,7.20091396804404));
#4426=CARTESIAN_POINT('Origin',(8.5,6.,6.));
#4427=CARTESIAN_POINT('',(8.49999999879741,13.354317043614,9.00000000000001));
#4428=CARTESIAN_POINT('Ctrl Pts',(8.50000000055517,13.3543170494654,9.00000000000001));
#4429=CARTESIAN_POINT('Ctrl Pts',(8.5000000101963,13.2947962220017,8.99999970429864));
#4430=CARTESIAN_POINT('Ctrl Pts',(8.50000469406249,13.2354961316914,8.9963057985119));
#4431=CARTESIAN_POINT('Ctrl Pts',(8.50001112091254,13.1766900666417,8.98911524609722));
#4432=CARTESIAN_POINT('Ctrl Pts',(8.50001766298716,13.1168296897151,8.98179577696613));
#4433=CARTESIAN_POINT('Ctrl Pts',(8.50002592797152,13.0574802802036,8.97085289814069));
#4434=CARTESIAN_POINT('Ctrl Pts',(8.50003295041357,12.9989314867468,8.95644002360045));
#4435=CARTESIAN_POINT('Ctrl Pts',(8.50003999954217,12.940160197213,8.94197237751236));
#4436=CARTESIAN_POINT('Ctrl Pts',(8.5000457093313,12.8821946421409,8.92400794009226));
#4437=CARTESIAN_POINT('Ctrl Pts',(8.50004849632149,12.8253436246263,8.90265258600604));
#4438=CARTESIAN_POINT('Ctrl Pts',(8.50004922574948,12.8104642312609,8.89706333311669));
#4439=CARTESIAN_POINT('Ctrl Pts',(8.50004976641551,12.7956613124697,8.89124155596384));
#4440=CARTESIAN_POINT('Ctrl Pts',(8.50005011752849,12.7809407134716,8.88518864649932));
#4441=CARTESIAN_POINT('Ctrl Pts',(8.5000514590168,12.7246981001203,8.8620624512468));
#4442=CARTESIAN_POINT('Ctrl Pts',(8.50004954029124,12.6699801103557,8.83569946170988));
#4443=CARTESIAN_POINT('Ctrl Pts',(8.50004506740581,12.617074765731,8.80625964058849));
#4444=CARTESIAN_POINT('Ctrl Pts',(8.50004049236484,12.5629611239261,8.77614744783621));
#4445=CARTESIAN_POINT('Ctrl Pts',(8.50003314374871,12.5107427343622,8.7428159963795));
#4446=CARTESIAN_POINT('Ctrl Pts',(8.50002584153678,12.4607509155202,8.70638519606316));
#4447=CARTESIAN_POINT('Ctrl Pts',(8.50001853932486,12.4107590966782,8.66995439574681));
#4448=CARTESIAN_POINT('Ctrl Pts',(8.50001118479396,12.3629927427923,8.63042379053991));
#4449=CARTESIAN_POINT('Ctrl Pts',(8.5000101409048,12.3178228413836,8.58786845568172));
#4450=CARTESIAN_POINT('Ctrl Pts',(8.50000995288394,12.309687031375,8.58020357025002));
#4451=CARTESIAN_POINT('Ctrl Pts',(8.50000998119179,12.3016355845409,8.57244044978309));
#4452=CARTESIAN_POINT('Ctrl Pts',(8.50001018222024,12.2936697638877,8.5645808203269));
#4453=CARTESIAN_POINT('Ctrl Pts',(8.50001125534335,12.251146896043,8.52262481865117));
#4454=CARTESIAN_POINT('Ctrl Pts',(8.50001666644095,12.2113071915315,8.4781646939157));
#4455=CARTESIAN_POINT('Ctrl Pts',(8.50002111141825,12.1742731246014,8.43152860304397));
#4456=CARTESIAN_POINT('Ctrl Pts',(8.50002560661648,12.1368206336822,8.38436560111974));
#4457=CARTESIAN_POINT('Ctrl Pts',(8.50002906034003,12.1022369385288,8.3349763106945));
#4458=CARTESIAN_POINT('Ctrl Pts',(8.50002939429711,12.0706868796332,8.28366300328186));
#4459=CARTESIAN_POINT('Ctrl Pts',(8.50002972524489,12.0394211186854,8.23281208067921));
#4460=CARTESIAN_POINT('Ctrl Pts',(8.50002694995942,12.0111340926825,8.18007071317847));
#4461=CARTESIAN_POINT('Ctrl Pts',(8.50002307206751,11.9860313232743,8.12571060808955));
#4462=CARTESIAN_POINT('Ctrl Pts',(8.50002207715369,11.979590944638,8.11176395328869));
#4463=CARTESIAN_POINT('Ctrl Pts',(8.50002103231151,11.9733604179066,8.09771067247507));
#4464=CARTESIAN_POINT('Ctrl Pts',(8.50002001997239,11.9673437581672,8.08355522849664));
#4465=CARTESIAN_POINT('Ctrl Pts',(8.50001690672332,11.9488407090331,8.04002295531002));
#4466=CARTESIAN_POINT('Ctrl Pts',(8.50001389323019,11.9324353997993,7.99570482031731));
#4467=CARTESIAN_POINT('Ctrl Pts',(8.50001429038483,11.9182051457438,7.95074608085522));
#4468=CARTESIAN_POINT('Ctrl Pts',(8.50001479739302,11.9000387826859,7.89335168856182));
#4469=CARTESIAN_POINT('Ctrl Pts',(8.50002069524327,11.8854152547434,7.83491319197328));
#4470=CARTESIAN_POINT('Ctrl Pts',(8.5000250405035,11.8743405329346,7.77575093429387));
#4471=CARTESIAN_POINT('Ctrl Pts',(8.50002812284368,11.8664846029908,7.73378378065584));
#4472=CARTESIAN_POINT('Ctrl Pts',(8.50003051755525,11.8604154354817,7.69145200356518));
#4473=CARTESIAN_POINT('Ctrl Pts',(8.50003115158243,11.8561509053842,7.64886830950153));
#4474=CARTESIAN_POINT('Ctrl Pts',(8.50003204490546,11.8501423254569,7.5888693123024));
#4475=CARTESIAN_POINT('Ctrl Pts',(8.50002922328027,11.8477420787692,7.52864950748343));
#4476=CARTESIAN_POINT('Ctrl Pts',(8.5000236847876,11.8489441683405,7.46852932332866));
#4477=CARTESIAN_POINT('Ctrl Pts',(8.50001818787565,11.850137233117,7.40886049683165));
#4478=CARTESIAN_POINT('Ctrl Pts',(8.5000100151715,11.8548787523499,7.34928879437561));
#4479=CARTESIAN_POINT('Ctrl Pts',(8.50000464057089,11.8632132563605,7.29012609376701));
#4480=CARTESIAN_POINT('Ctrl Pts',(8.50000192838153,11.8674191043382,7.26027076891619));
#4481=CARTESIAN_POINT('Ctrl Pts',(8.50000000007109,11.8725407133732,7.23051966867266));
#4482=CARTESIAN_POINT('Ctrl Pts',(8.50000000000036,11.878588745725,7.20091396804963));
#4483=CARTESIAN_POINT('',(8.5,34.8322042584754,9.));
#4484=CARTESIAN_POINT('',(8.5,36.3322042584754,9.));
#4485=CARTESIAN_POINT('',(8.5,36.3322042584754,7.5));
#4486=CARTESIAN_POINT('Origin',(8.5,34.8322042584754,7.5));
#4487=CARTESIAN_POINT('',(8.5,36.3322042584754,2.5));
#4488=CARTESIAN_POINT('',(8.5,36.3322042584754,0.999999999999998));
#4489=CARTESIAN_POINT('',(8.5,37.8322042584754,0.999999999999998));
#4490=CARTESIAN_POINT('Origin',(8.5,37.8322042584754,2.5));
#4491=CARTESIAN_POINT('',(8.5,53.0322042584747,1.));
#4492=CARTESIAN_POINT('',(8.5,36.3322042584754,0.999999999999998));
#4493=CARTESIAN_POINT('',(8.5,54.5322042584748,2.49999999999985));
#4494=CARTESIAN_POINT('Origin',(8.5,53.0322042584747,2.5));
#4495=CARTESIAN_POINT('',(8.5,54.5322042584753,7.49999999999853));
#4496=CARTESIAN_POINT('',(8.5,54.5322042584754,8.99999999999828));
#4497=CARTESIAN_POINT('',(8.5,56.0322042584752,8.99999999999837));
#4498=CARTESIAN_POINT('Origin',(8.5,56.0322042584753,7.49999999999837));
#4499=CARTESIAN_POINT('',(8.49999999879536,79.8956829563856,8.99999999999999));
#4500=CARTESIAN_POINT('',(8.5,82.0538475772933,8.99999999999998));
#4501=CARTESIAN_POINT('',(8.5,81.25,8.15599833851205));
#4502=CARTESIAN_POINT('Ctrl Pts',(8.50003306393268,81.2496297229204,8.15557488958567));
#4503=CARTESIAN_POINT('Ctrl Pts',(8.50003683559441,81.2227043290558,8.21064551732663));
#4504=CARTESIAN_POINT('Ctrl Pts',(8.5000386952032,81.1923908206687,8.26415034624377));
#4505=CARTESIAN_POINT('Ctrl Pts',(8.50003729523842,81.1588373491508,8.31575404009291));
#4506=CARTESIAN_POINT('Ctrl Pts',(8.50003591857565,81.1258423655637,8.36649880522619));
#4507=CARTESIAN_POINT('Ctrl Pts',(8.50003160576454,81.0899095503906,8.41510462298133));
#4508=CARTESIAN_POINT('Ctrl Pts',(8.50002689070183,81.0512429531329,8.46129431873519));
#4509=CARTESIAN_POINT('Ctrl Pts',(8.50002235073264,81.0140122372911,8.50576876333061));
#4510=CARTESIAN_POINT('Ctrl Pts',(8.5000175043391,80.9742462621576,8.54800386281123));
#4511=CARTESIAN_POINT('Ctrl Pts',(8.50001805051991,80.9320886848804,8.58772787631295));
#4512=CARTESIAN_POINT('Ctrl Pts',(8.50001861914056,80.8881990627595,8.62908395164551));
#4513=CARTESIAN_POINT('Ctrl Pts',(8.50002508225123,80.8417167264077,8.66771918598437));
#4514=CARTESIAN_POINT('Ctrl Pts',(8.50003178384032,80.7929391359921,8.70350912471203));
#4515=CARTESIAN_POINT('Ctrl Pts',(8.50003354715713,80.7801048150827,8.71292614500853));
#4516=CARTESIAN_POINT('Ctrl Pts',(8.50003534007963,80.7671114431577,8.72214594183898));
#4517=CARTESIAN_POINT('Ctrl Pts',(8.50003708445065,80.7539641602965,8.73116571989749));
#4518=CARTESIAN_POINT('Ctrl Pts',(8.50004367243523,80.7043106770818,8.76523081176156));
#4519=CARTESIAN_POINT('Ctrl Pts',(8.50004953533718,80.6527196085422,8.79627110375332));
#4520=CARTESIAN_POINT('Ctrl Pts',(8.50005235284319,80.5995106210411,8.82420084555554));
#4521=CARTESIAN_POINT('Ctrl Pts',(8.50005519235969,80.5458859626572,8.85234877569356));
#4522=CARTESIAN_POINT('Ctrl Pts',(8.5000550220978,80.4906170741068,8.87733783156096));
#4523=CARTESIAN_POINT('Ctrl Pts',(8.50005192018435,80.4340037104489,8.89903578262134));
#4524=CARTESIAN_POINT('Ctrl Pts',(8.50005031455771,80.4046992417566,8.91026717546663));
#4525=CARTESIAN_POINT('Ctrl Pts',(8.50004795563542,80.3750341804832,8.92061599855676));
#4526=CARTESIAN_POINT('Ctrl Pts',(8.50004499624978,80.345048510837,8.93005864591239));
#4527=CARTESIAN_POINT('Ctrl Pts',(8.50003927247928,80.2870529968462,8.94832174269449));
#4528=CARTESIAN_POINT('Ctrl Pts',(8.50003138009932,80.2281186079034,8.96311630555281));
#4529=CARTESIAN_POINT('Ctrl Pts',(8.50002351307195,80.1685505473599,8.97432588512146));
#4530=CARTESIAN_POINT('Ctrl Pts',(8.50001578980976,80.1100710571536,8.98533061639223));
#4531=CARTESIAN_POINT('Ctrl Pts',(8.50000817608847,80.0509798905472,8.99288043287324));
#4532=CARTESIAN_POINT('Ctrl Pts',(8.50000378216922,79.9915542552983,8.99681710027921));
#4533=CARTESIAN_POINT('Ctrl Pts',(8.50000142533668,79.9596792337542,8.99892866977026));
#4534=CARTESIAN_POINT('Ctrl Pts',(8.5000000050966,79.9277078683643,8.9999998572264));
#4535=CARTESIAN_POINT('Ctrl Pts',(8.50000000044434,79.8956829517454,8.99999999999998));
#4536=CARTESIAN_POINT('',(8.5,81.2500000000001,6.));
#4537=CARTESIAN_POINT('',(8.5,81.2500000000001,12.5));
#4538=CARTESIAN_POINT('',(8.5,81.2500000000001,-2.90000000000002));
#4539=CARTESIAN_POINT('',(8.5,81.2500000000001,12.5));
#4540=CARTESIAN_POINT('',(8.5,91.2500000000001,-2.90000000000001));
#4541=CARTESIAN_POINT('',(8.5,2.125,6.));
#4542=CARTESIAN_POINT('Origin',(8.5,6.,6.));
#4543=CARTESIAN_POINT('Origin',(9.5,82.7500000000001,12.5));
#4544=CARTESIAN_POINT('',(9.5,83.7500000000001,12.5));
#4545=CARTESIAN_POINT('',(9.5,83.7500000000001,11.1));
#4546=CARTESIAN_POINT('Origin',(9.5,82.7500000000001,12.5));
#4547=CARTESIAN_POINT('Origin',(8.5,83.7500000000001,12.5));
#4548=CARTESIAN_POINT('',(10.5,83.7500000000001,12.5));
#4549=CARTESIAN_POINT('',(10.5,83.7500000000001,11.1));
#4550=CARTESIAN_POINT('',(8.5,83.7500000000001,12.5));
#4551=CARTESIAN_POINT('Origin',(10.5,84.7500000000001,12.1500000335276));
#4552=CARTESIAN_POINT('Origin',(10.5,84.7500000000001,12.5));
#4553=CARTESIAN_POINT('Origin',(-3.25,91.2500000000001,12.5));
#4554=CARTESIAN_POINT('',(0.,91.25,12.5));
#4555=CARTESIAN_POINT('',(-1.625,91.25,12.5));
#4556=CARTESIAN_POINT('',(0.,81.2500000000001,12.5));
#4557=CARTESIAN_POINT('',(0.,68.9375,12.5));
#4558=CARTESIAN_POINT('',(-3.25,81.2500000000001,12.5));
#4559=CARTESIAN_POINT('Origin',(8.5,91.2500000000001,-2.90000000000001));
#4560=CARTESIAN_POINT('',(0.75,81.2500000000001,-2.90000000000002));
#4561=CARTESIAN_POINT('',(8.5,81.2500000000001,-2.90000000000002));
#4562=CARTESIAN_POINT('',(0.75,96.928037142326,-2.9));
#4563=CARTESIAN_POINT('',(0.75,68.9375000000001,-2.90000000000004));
#4564=CARTESIAN_POINT('',(5.79073829643916,96.4870296855865,-2.9));
#4565=CARTESIAN_POINT('Origin',(-1.75,87.25,6.00000000000001));
#4566=CARTESIAN_POINT('Ctrl Pts',(-3.25,89.4592136610115,1.1));
#4567=CARTESIAN_POINT('Ctrl Pts',(-3.25,89.4532942625455,1.09840356308178));
#4568=CARTESIAN_POINT('Ctrl Pts',(-3.24999904428338,89.4473731785311,1.09681337953584));
#4569=CARTESIAN_POINT('Ctrl Pts',(-3.24976983922886,88.7287425440812,0.904629945343916));
#4570=CARTESIAN_POINT('Ctrl Pts',(-3.23912744641175,87.9923076903104,0.805276033746075));
#4571=CARTESIAN_POINT('Ctrl Pts',(-3.23912744641175,86.5076923089047,0.805276033746062));
#4572=CARTESIAN_POINT('Ctrl Pts',(-3.24976983923014,85.7712574519004,0.90462994641119));
#4573=CARTESIAN_POINT('Ctrl Pts',(-3.24999904428335,85.0526268215555,1.09681337951294));
#4574=CARTESIAN_POINT('Ctrl Pts',(-3.25,85.0467057373685,1.09840356310497));
#4575=CARTESIAN_POINT('Ctrl Pts',(-3.25,85.0407863389885,1.09999999999999));
#4576=CARTESIAN_POINT('',(-1.75,87.25,9.875));
#4577=CARTESIAN_POINT('Origin',(-1.75,87.25,11.375));
#4578=CARTESIAN_POINT('',(-1.75,83.375,6.00000000000001));
#4579=CARTESIAN_POINT('Origin',(-1.75,87.25,6.00000000000001));
#4580=CARTESIAN_POINT('Origin',(-1.75,87.25,6.00000000000001));
#4581=CARTESIAN_POINT('Origin',(0.75,68.9375000000001,1.09999999999996));
#4582=CARTESIAN_POINT('Origin',(0.75,96.928037142326,1.1));
#4583=CARTESIAN_POINT('Origin',(0.75,81.2500000000001,1.09999999999998));
#4584=CARTESIAN_POINT('Origin',(0.,87.25,6.00000000000001));
#4585=CARTESIAN_POINT('',(3.7,83.375,6.00000000000001));
#4586=CARTESIAN_POINT('',(0.,83.375,6.00000000000001));
#4587=CARTESIAN_POINT('',(3.7,85.3207143601036,2.63942238302855));
#4588=CARTESIAN_POINT('Origin',(3.7,87.25,6.00000000000001));
#4589=CARTESIAN_POINT('',(3.99936284636263,85.778797029703,2.41536328610483));
#4590=CARTESIAN_POINT('Ctrl Pts',(3.99924917107097,85.7786435082088,2.4152078060139));
#4591=CARTESIAN_POINT('Ctrl Pts',(3.94371289502236,85.7542970487215,2.42520066453408));
#4592=CARTESIAN_POINT('Ctrl Pts',(3.89357147834317,85.7196839411946,2.43972989222323));
#4593=CARTESIAN_POINT('Ctrl Pts',(3.80478281420344,85.6343755842391,2.47749916122454));
#4594=CARTESIAN_POINT('Ctrl Pts',(3.76434594407474,85.5754112582517,2.50480913607213));
#4595=CARTESIAN_POINT('Ctrl Pts',(3.71199751990782,85.4492388124467,2.56811046386731));
#4596=CARTESIAN_POINT('Ctrl Pts',(3.7,85.3821048663817,2.60417849471894));
#4597=CARTESIAN_POINT('Ctrl Pts',(3.7,85.3207143601036,2.63942238302855));
#4598=CARTESIAN_POINT('',(3.70052581601351,86.2008244641834,2.27057004128693));
#4599=CARTESIAN_POINT('Ctrl Pts',(3.70052581601351,86.2008244641834,2.27057004128693));
#4600=CARTESIAN_POINT('Ctrl Pts',(3.79314850069844,86.0539637333146,2.31176622746276));
#4601=CARTESIAN_POINT('Ctrl Pts',(3.8930220775327,85.9131820514683,2.36041878213617));
#4602=CARTESIAN_POINT('Ctrl Pts',(3.99936284636263,85.778797029703,2.41536328610483));
#4603=CARTESIAN_POINT('',(3.69999999804404,90.956842102635,4.87086465552945));
#4604=CARTESIAN_POINT('Ctrl Pts',(3.69999999615217,90.9568421027364,4.87086465586251));
#4605=CARTESIAN_POINT('Ctrl Pts',(3.57882126946523,90.7649780381325,4.24099349245677));
#4606=CARTESIAN_POINT('Ctrl Pts',(3.27965495402898,90.2425725699422,3.39358132129862));
#4607=CARTESIAN_POINT('Ctrl Pts',(2.94321337932971,88.9220901404404,2.39101111309383));
#4608=CARTESIAN_POINT('Ctrl Pts',(3.02108899164021,87.5683735464236,2.04081599419281));
#4609=CARTESIAN_POINT('Ctrl Pts',(3.46874758863263,86.5808128657885,2.17048686576408));
#4610=CARTESIAN_POINT('Ctrl Pts',(3.67116593355187,86.2473769238881,2.2575115212483));
#4611=CARTESIAN_POINT('Ctrl Pts',(3.70052581601351,86.2008244641834,2.27057004128693));
#4612=CARTESIAN_POINT('',(3.7,90.9568421088288,7.12913532413698));
#4613=CARTESIAN_POINT('Origin',(3.7,87.25,6.00000000000001));
#4614=CARTESIAN_POINT('',(3.99881867639157,85.778159171909,9.58522971478785));
#4615=CARTESIAN_POINT('Ctrl Pts',(3.99881867639157,85.778159171909,9.58522971478785));
#4616=CARTESIAN_POINT('Ctrl Pts',(3.85775947388559,85.9547234678921,9.65850866911731));
#4617=CARTESIAN_POINT('Ctrl Pts',(3.3456291135515,86.6905446400304,9.90547769399282));
#4618=CARTESIAN_POINT('Ctrl Pts',(2.95964509691641,87.9277524250883,9.92122831476036));
#4619=CARTESIAN_POINT('Ctrl Pts',(3.01270819496331,89.1806701247097,9.40923782546368));
#4620=CARTESIAN_POINT('Ctrl Pts',(3.20915044672708,89.9768958353779,8.81048154379174));
#4621=CARTESIAN_POINT('Ctrl Pts',(3.47706832587573,90.5890196815532,8.04584969376889));
#4622=CARTESIAN_POINT('Ctrl Pts',(3.63969477038115,90.8613599499592,7.44259402087044));
#4623=CARTESIAN_POINT('Ctrl Pts',(3.7,90.9568421088288,7.12913532413699));
#4624=CARTESIAN_POINT('',(3.7,85.3207143601036,9.36057761697146));
#4625=CARTESIAN_POINT('Ctrl Pts',(3.99924917117544,85.7786435082546,9.58479219400491));
#4626=CARTESIAN_POINT('Ctrl Pts',(3.94371289508557,85.7542970487643,9.57479933548387));
#4627=CARTESIAN_POINT('Ctrl Pts',(3.89357147836825,85.7196839412187,9.56027010778745));
#4628=CARTESIAN_POINT('Ctrl Pts',(3.80478281420344,85.6343755842391,9.52250083877547));
#4629=CARTESIAN_POINT('Ctrl Pts',(3.76434594407475,85.5754112582517,9.49519086392788));
#4630=CARTESIAN_POINT('Ctrl Pts',(3.71199751990782,85.4492388124467,9.43188953613271));
#4631=CARTESIAN_POINT('Ctrl Pts',(3.7,85.3821048663817,9.39582150528107));
#4632=CARTESIAN_POINT('Ctrl Pts',(3.7,85.3207143601036,9.36057761697146));
#4633=CARTESIAN_POINT('Origin',(3.7,87.25,6.00000000000001));
#4634=CARTESIAN_POINT('Ctrl Pts',(3.7,90.9568421088288,7.12913532413699));
#4635=CARTESIAN_POINT('Ctrl Pts',(3.7,91.0671902619039,6.76687300561201));
#4636=CARTESIAN_POINT('Ctrl Pts',(3.7,91.1826030628165,5.9999123885659));
#4637=CARTESIAN_POINT('Ctrl Pts',(3.7,91.0678001276151,5.23512911728256));
#4638=CARTESIAN_POINT('Ctrl Pts',(3.7,90.9568421025421,4.87086465522445));
#4639=CARTESIAN_POINT('Ctrl Pts',(3.80197566786142,90.951998472499,7.14503651394399));
#4640=CARTESIAN_POINT('Ctrl Pts',(3.81200215813939,91.0512963447731,6.77534585382971));
#4641=CARTESIAN_POINT('Ctrl Pts',(3.81773736223606,91.1489673734935,5.99990514764634));
#4642=CARTESIAN_POINT('Ctrl Pts',(3.8120575720664,91.0518451385885,5.22669732353897));
#4643=CARTESIAN_POINT('Ctrl Pts',(3.80197566728982,90.9519984668333,4.85496346499454));
#4644=CARTESIAN_POINT('Ctrl Pts',(3.97998451751684,90.9989857597715,7.18968185530327));
#4645=CARTESIAN_POINT('Ctrl Pts',(4.01544884253535,91.0913728930794,6.8047245109452));
#4646=CARTESIAN_POINT('Ctrl Pts',(4.0463903308111,91.1721189233886,5.99989825955562));
#4647=CARTESIAN_POINT('Ctrl Pts',(4.01564484482231,91.0918834932725,5.19740304112491));
#4648=CARTESIAN_POINT('Ctrl Pts',(3.97998451549637,90.9989857545103,4.81031812276513));
#4649=CARTESIAN_POINT('Ctrl Pts',(4.10064497736921,91.1271891336864,7.24929416401287));
#4650=CARTESIAN_POINT('Ctrl Pts',(4.15755574920352,91.2327527267835,6.84750334668495));
#4651=CARTESIAN_POINT('Ctrl Pts',(4.21340254349945,91.3241016493328,5.9998975851854));
#4652=CARTESIAN_POINT('Ctrl Pts',(4.15787028039283,91.2333361499363,5.15471723912204));
#4653=CARTESIAN_POINT('Ctrl Pts',(4.10064497412888,91.1271891276724,4.75070581309653));
#4654=CARTESIAN_POINT('Ctrl Pts',(4.13636363636363,91.1910402876541,7.27483020467079));
#4655=CARTESIAN_POINT('Ctrl Pts',(4.19972217168863,91.3043008553265,6.86582436117485));
#4656=CARTESIAN_POINT('Ctrl Pts',(4.26283849461494,91.4030067985222,5.99989727842191));
#4657=CARTESIAN_POINT('Ctrl Pts',(4.20007233798145,91.3049268176842,5.13643609999557));
#4658=CARTESIAN_POINT('Ctrl Pts',(4.136363632754,91.1910402812015,4.72516977202761));
#4659=CARTESIAN_POINT('Origin',(3.7,91.4351443164196,7.27483020467079));
#4660=CARTESIAN_POINT('Origin',(3.69999999608809,91.4351443094266,4.72516977237196));
#4661=CARTESIAN_POINT('Ctrl Pts',(4.19999999999986,85.5412041475205,9.47787891315222));
#4662=CARTESIAN_POINT('Ctrl Pts',(3.98128379465446,85.7841107986763,9.59722690898528));
#4663=CARTESIAN_POINT('Ctrl Pts',(3.37866968262415,86.5846385726347,9.90412942709321));
#4664=CARTESIAN_POINT('Ctrl Pts',(2.95964509691641,87.9277524250883,9.92122831476036));
#4665=CARTESIAN_POINT('Ctrl Pts',(3.01270819496331,89.1806701247097,9.40923782546368));
#4666=CARTESIAN_POINT('Ctrl Pts',(3.20915044672708,89.9768958353779,8.81048154379174));
#4667=CARTESIAN_POINT('Ctrl Pts',(3.47706832587573,90.5890196815532,8.04584969376889));
#4668=CARTESIAN_POINT('Ctrl Pts',(3.63969477038115,90.8613599499592,7.44259402087044));
#4669=CARTESIAN_POINT('Ctrl Pts',(3.7,90.9568421088288,7.12913532413699));
#4670=CARTESIAN_POINT('Ctrl Pts',(4.28756743074101,85.5974594305408,9.50551897673854));
#4671=CARTESIAN_POINT('Ctrl Pts',(4.07603933393759,85.841493744014,9.62043382477714));
#4672=CARTESIAN_POINT('Ctrl Pts',(3.49654755588491,86.6420787075571,9.90953156310487));
#4673=CARTESIAN_POINT('Ctrl Pts',(3.09764025397988,87.9431488711741,9.91129376828811));
#4674=CARTESIAN_POINT('Ctrl Pts',(3.13909092838963,89.1657879626327,9.41535868724979));
#4675=CARTESIAN_POINT('Ctrl Pts',(3.32120288551488,89.9580428038765,8.82790231883872));
#4676=CARTESIAN_POINT('Ctrl Pts',(3.57523357950082,90.5764511889312,8.06702231275288));
#4677=CARTESIAN_POINT('Ctrl Pts',(3.73127250725995,90.8548563174272,7.4596177811209));
#4678=CARTESIAN_POINT('Ctrl Pts',(3.78922870937874,90.9526039270403,7.14304886521812));
#4679=CARTESIAN_POINT('Ctrl Pts',(4.46235791973966,85.6779282922276,9.62545399138711));
#4680=CARTESIAN_POINT('Ctrl Pts',(4.26501111515356,85.9253631138054,9.74065141506597));
#4681=CARTESIAN_POINT('Ctrl Pts',(3.73100958819274,86.7332206385899,10.0249924944654));
#4682=CARTESIAN_POINT('Ctrl Pts',(3.37118352822928,87.9960115602221,10.0141508950286));
#4683=CARTESIAN_POINT('Ctrl Pts',(3.39034071198307,89.1894770539885,9.51732474197101));
#4684=CARTESIAN_POINT('Ctrl Pts',(3.54451687744969,89.9801921661472,8.92159918123733));
#4685=CARTESIAN_POINT('Ctrl Pts',(3.77126547443435,90.6068157362375,8.14124236353974));
#4686=CARTESIAN_POINT('Ctrl Pts',(3.91420533688785,90.8920061424576,7.51341272177275));
#4687=CARTESIAN_POINT('Ctrl Pts',(3.9675170735265,90.9922659779362,7.18551050701451));
#4688=CARTESIAN_POINT('Ctrl Pts',(4.56683210861822,85.6626578597349,9.82611120714068));
#4689=CARTESIAN_POINT('Ctrl Pts',(4.37146828865119,85.9117309989311,9.95427191826016));
#4690=CARTESIAN_POINT('Ctrl Pts',(3.83835905710319,86.7290869652932,10.2797582563968));
#4691=CARTESIAN_POINT('Ctrl Pts',(3.47337785921955,88.058253643646,10.2886891504114));
#4692=CARTESIAN_POINT('Ctrl Pts',(3.50531366038762,89.3034384340327,9.73809315956982));
#4693=CARTESIAN_POINT('Ctrl Pts',(3.66801131036018,90.1083827340803,9.089088641888));
#4694=CARTESIAN_POINT('Ctrl Pts',(3.89860845135253,90.7355439483327,8.25358907270235));
#4695=CARTESIAN_POINT('Ctrl Pts',(4.04154850634002,91.0175569912772,7.59025955679491));
#4696=CARTESIAN_POINT('Ctrl Pts',(4.09469186753682,91.1165472746919,7.24503815723656));
#4697=CARTESIAN_POINT('Ctrl Pts',(4.59090909090896,85.6324676000943,9.92663748259121));
#4698=CARTESIAN_POINT('Ctrl Pts',(4.3920761769586,85.8817852772338,10.0613852198221));
#4699=CARTESIAN_POINT('Ctrl Pts',(3.84424516602197,86.7034413502115,10.4078880628472));
#4700=CARTESIAN_POINT('Ctrl Pts',(3.46331372446947,88.0820039553693,10.4271932586004));
#4701=CARTESIAN_POINT('Ctrl Pts',(3.51155290451211,89.3679898640716,9.8491394803622));
#4702=CARTESIAN_POINT('Ctrl Pts',(3.6901367697519,90.1852303295668,9.17312432363582));
#4703=CARTESIAN_POINT('Ctrl Pts',(3.93369847806885,90.8135099370781,8.30983029941648));
#4704=CARTESIAN_POINT('Ctrl Pts',(4.08154070034651,91.0930380718056,7.62873518485369));
#4705=CARTESIAN_POINT('Ctrl Pts',(4.13636363636364,91.1910402876542,7.27483020467079));
#4706=CARTESIAN_POINT('Ctrl Pts',(3.99924917117545,85.7786435082546,9.58479219400491));
#4707=CARTESIAN_POINT('Ctrl Pts',(4.00447930831559,85.7809363397329,9.58573327295666));
#4708=CARTESIAN_POINT('Ctrl Pts',(4.00973744244655,85.7831346234305,9.58674207414363));
#4709=CARTESIAN_POINT('Ctrl Pts',(4.06681137269543,85.8058621545256,9.59835859151196));
#4710=CARTESIAN_POINT('Ctrl Pts',(4.1201592080792,85.8170987709989,9.6151169962632));
#4711=CARTESIAN_POINT('Ctrl Pts',(4.23523151082075,85.8233839448566,9.66188833122882));
#4712=CARTESIAN_POINT('Ctrl Pts',(4.29552624228358,85.8149465934543,9.69332850968122));
#4713=CARTESIAN_POINT('Ctrl Pts',(4.39920399650378,85.7820936633694,9.75788267212072));
#4714=CARTESIAN_POINT('Ctrl Pts',(4.4438039786954,85.7599362361553,9.79023477495015));
#4715=CARTESIAN_POINT('Ctrl Pts',(4.52361978500616,85.7049184323709,9.85656644630936));
#4716=CARTESIAN_POINT('Ctrl Pts',(4.55904466270263,85.6719672942151,9.89068857580903));
#4717=CARTESIAN_POINT('Ctrl Pts',(4.58971042752848,85.6339661808422,9.92527839759384));
#4718=CARTESIAN_POINT('Ctrl Pts',(4.59031082593441,85.6332177678146,9.92595797042554));
#4719=CARTESIAN_POINT('Ctrl Pts',(4.59090909090896,85.6324676000943,9.92663748259121));
#4720=CARTESIAN_POINT('Ctrl Pts',(3.7,90.956842102635,4.87086465552945));
#4721=CARTESIAN_POINT('Ctrl Pts',(3.7,90.9370066172722,4.80574667565429));
#4722=CARTESIAN_POINT('Ctrl Pts',(3.7,90.8943588133469,4.67610544988913));
#4723=CARTESIAN_POINT('Ctrl Pts',(3.7,90.8232399245038,4.48231935067771));
#4724=CARTESIAN_POINT('Ctrl Pts',(3.7,90.7459955707882,4.2888918337828));
#4725=CARTESIAN_POINT('Ctrl Pts',(3.7,90.6630636730951,4.09609455050829));
#4726=CARTESIAN_POINT('Ctrl Pts',(3.7,90.5757386943345,3.90313649644203));
#4727=CARTESIAN_POINT('Ctrl Pts',(3.7,90.4844173432539,3.71016041429877));
#4728=CARTESIAN_POINT('Ctrl Pts',(3.7,90.3915734722965,3.51466274145552));
#4729=CARTESIAN_POINT('Ctrl Pts',(3.69999999999999,90.2965175048979,3.31709736834623));
#4730=CARTESIAN_POINT('Ctrl Pts',(3.69999999999999,90.208781032148,3.10727680291778));
#4731=CARTESIAN_POINT('Ctrl Pts',(3.69999999999999,90.1518184511321,2.96161495575923));
#4732=CARTESIAN_POINT('Ctrl Pts',(3.7,90.1500093987913,2.8565820685128));
#4733=CARTESIAN_POINT('Ctrl Pts',(3.7,90.1500000000001,2.85516049268383));
#4734=CARTESIAN_POINT('Ctrl Pts',(3.7,90.1500000000001,2.85372839697536));
#4735=CARTESIAN_POINT('Ctrl Pts',(3.80197566730667,90.951998466939,4.85496346537781));
#4736=CARTESIAN_POINT('Ctrl Pts',(3.8001999943462,90.9342193136877,4.78873942686396));
#4737=CARTESIAN_POINT('Ctrl Pts',(3.79623544862401,90.895758048954,4.6568208252498));
#4738=CARTESIAN_POINT('Ctrl Pts',(3.78902180387589,90.8307209180144,4.45974895148837));
#4739=CARTESIAN_POINT('Ctrl Pts',(3.78055863217541,90.7589927635422,4.26340527248799));
#4740=CARTESIAN_POINT('Ctrl Pts',(3.77090555863156,90.6807278335463,4.06822705648631));
#4741=CARTESIAN_POINT('Ctrl Pts',(3.76019902066491,90.596841748225,3.87377883842858));
#4742=CARTESIAN_POINT('Ctrl Pts',(3.74858472481797,90.5075390415536,3.68040476865531));
#4743=CARTESIAN_POINT('Ctrl Pts',(3.73634503936356,90.4146928373015,3.48627683281835));
#4744=CARTESIAN_POINT('Ctrl Pts',(3.72362091811491,90.3176639346877,3.29195485627368));
#4745=CARTESIAN_POINT('Ctrl Pts',(3.71111961606928,90.2239906740797,3.08950459741714));
#4746=CARTESIAN_POINT('Ctrl Pts',(3.70288354706407,90.1610222148886,2.9512502421157));
#4747=CARTESIAN_POINT('Ctrl Pts',(3.70007328124559,90.1502569716834,2.85630384587282));
#4748=CARTESIAN_POINT('Ctrl Pts',(3.70003639820002,90.1501247938287,2.85502034908344));
#4749=CARTESIAN_POINT('Ctrl Pts',(3.7,90.1500000000001,2.85372839697535));
#4750=CARTESIAN_POINT('Ctrl Pts',(3.97998473772891,90.9989854314439,4.8103181839654));
#4751=CARTESIAN_POINT('Ctrl Pts',(3.97372639433361,90.982633525086,4.7420065996076));
#4752=CARTESIAN_POINT('Ctrl Pts',(3.96016168307073,90.9470545967691,4.60610258281536));
#4753=CARTESIAN_POINT('Ctrl Pts',(3.93697269104037,90.8855706982699,4.40418991652377));
#4754=CARTESIAN_POINT('Ctrl Pts',(3.91124326592922,90.8161977109897,4.20441884203956));
#4755=CARTESIAN_POINT('Ctrl Pts',(3.88329499676637,90.738957678815,4.00729500599733));
#4756=CARTESIAN_POINT('Ctrl Pts',(3.8535875857465,90.654288337291,3.81281272735587));
#4757=CARTESIAN_POINT('Ctrl Pts',(3.82256055056865,90.562282270669,3.62144291831882));
#4758=CARTESIAN_POINT('Ctrl Pts',(3.79085416836528,90.4639904119024,3.43231505718057));
#4759=CARTESIAN_POINT('Ctrl Pts',(3.75884404397558,90.3589863997308,3.2459357328731));
#4760=CARTESIAN_POINT('Ctrl Pts',(3.72785863041941,90.2517449678947,3.05802164322617));
#4761=CARTESIAN_POINT('Ctrl Pts',(3.70784446034292,90.1771408540985,2.93311579889258));
#4762=CARTESIAN_POINT('Ctrl Pts',(3.70020103205618,90.1506904877955,2.85581691700563));
#4763=CARTESIAN_POINT('Ctrl Pts',(3.70010009505006,90.1503431830288,2.85477509778276));
#4764=CARTESIAN_POINT('Ctrl Pts',(3.7,90.1500000000001,2.85372839697535));
#4765=CARTESIAN_POINT('Ctrl Pts',(4.10064497425907,91.1271891279148,4.75070581398585));
#4766=CARTESIAN_POINT('Ctrl Pts',(4.09067864299864,91.1087053090754,4.68024736533297));
#4767=CARTESIAN_POINT('Ctrl Pts',(4.06938392156125,91.0686278245129,4.54054914467786));
#4768=CARTESIAN_POINT('Ctrl Pts',(4.03391102917224,90.9994804209229,4.33484304697056));
#4769=CARTESIAN_POINT('Ctrl Pts',(3.99549889259056,90.9215083270864,4.13327973353416));
#4770=CARTESIAN_POINT('Ctrl Pts',(3.95476451564829,90.8348608779696,3.93625774887421));
#4771=CARTESIAN_POINT('Ctrl Pts',(3.91236209885987,90.739807001517,3.74400436648406));
#4772=CARTESIAN_POINT('Ctrl Pts',(3.86894504858107,90.6365372689493,3.55692745038386));
#4773=CARTESIAN_POINT('Ctrl Pts',(3.82522290092891,90.525478119922,3.37493971927498));
#4774=CARTESIAN_POINT('Ctrl Pts',(3.78175859536728,90.4065450429705,3.19830240330873));
#4775=CARTESIAN_POINT('Ctrl Pts',(3.739622924154,90.2813789747998,3.02621942508576));
#4776=CARTESIAN_POINT('Ctrl Pts',(3.71264675432218,90.1933112165896,2.91498002529069));
#4777=CARTESIAN_POINT('Ctrl Pts',(3.70032800504777,90.1511241867634,2.85532999609807));
#4778=CARTESIAN_POINT('Ctrl Pts',(3.70016379190009,90.150561572229,2.85452984648208));
#4779=CARTESIAN_POINT('Ctrl Pts',(3.7,90.1500000000001,2.85372839697534));
#4780=CARTESIAN_POINT('Ctrl Pts',(4.13636363291092,91.1910402814821,4.72516977304059));
#4781=CARTESIAN_POINT('Ctrl Pts',(4.12530641008419,91.1712742415639,4.65379077644008));
#4782=CARTESIAN_POINT('Ctrl Pts',(4.10173587908078,91.1285108864173,4.5124660202937));
#4783=CARTESIAN_POINT('Ctrl Pts',(4.06266349794087,91.0549147685798,4.30513205923263));
#4784=CARTESIAN_POINT('Ctrl Pts',(4.02055563507081,90.9721033779293,4.1027973784194));
#4785=CARTESIAN_POINT('Ctrl Pts',(3.97611643277837,90.8803153550926,3.90581631196481));
#4786=CARTESIAN_POINT('Ctrl Pts',(3.93005462322297,90.7797741507865,3.71451585981717));
#4787=CARTESIAN_POINT('Ctrl Pts',(3.88309680270944,90.6707320116298,3.52927715762884));
#4788=CARTESIAN_POINT('Ctrl Pts',(3.83593404481298,90.5533709074341,3.35034876295533));
#4789=CARTESIAN_POINT('Ctrl Pts',(3.78922087743402,90.4277556630278,3.1778861556651));
#4790=CARTESIAN_POINT('Ctrl Pts',(3.74375252419897,90.2943610141193,3.01258883986207));
#4791=CARTESIAN_POINT('Ctrl Pts',(3.71467786430459,90.2002492204676,2.90720742297427));
#4792=CARTESIAN_POINT('Ctrl Pts',(3.70038226005753,90.1513101054515,2.8551213168521));
#4793=CARTESIAN_POINT('Ctrl Pts',(3.70019109055011,90.1506551676005,2.85442473878179));
#4794=CARTESIAN_POINT('Ctrl Pts',(3.7,90.1500000000001,2.85372839697534));
#4795=CARTESIAN_POINT('Ctrl Pts',(3.7,90.956842102635,4.87086465552945));
#4796=CARTESIAN_POINT('Ctrl Pts',(3.7,90.9370066172722,4.80574667565429));
#4797=CARTESIAN_POINT('Ctrl Pts',(3.7,90.9156827153096,4.74092606277171));
#4798=CARTESIAN_POINT('Ctrl Pts',(3.7,90.8931676161877,4.67621807312852));
#4799=CARTESIAN_POINT('Ctrl Pts',(3.7,90.8706525170658,4.61151008348532));
#4800=CARTESIAN_POINT('Ctrl Pts',(3.7,90.8469462207848,4.54691471708152));
#4801=CARTESIAN_POINT('Ctrl Pts',(3.7,90.8222190136917,4.48237911439713));
#4802=CARTESIAN_POINT('Ctrl Pts',(3.7,90.7974918065986,4.41784351171274));
#4803=CARTESIAN_POINT('Ctrl Pts',(3.7,90.7717436886934,4.35336767274777));
#4804=CARTESIAN_POINT('Ctrl Pts',(3.7,90.745047646792,4.28899687271953));
#4805=CARTESIAN_POINT('Ctrl Pts',(3.7,90.7183516048905,4.2246260726913));
#4806=CARTESIAN_POINT('Ctrl Pts',(3.7,90.6907076389928,4.1603603115998));
#4807=CARTESIAN_POINT('Ctrl Pts',(3.7,90.6623314929172,4.09606775537634));
#4808=CARTESIAN_POINT('Ctrl Pts',(3.7,90.6339553468416,4.03177519915288));
#4809=CARTESIAN_POINT('Ctrl Pts',(3.7,90.604847020588,3.96745584779746));
#4810=CARTESIAN_POINT('Ctrl Pts',(3.7,90.5750726322812,3.90313349176253));
#4811=CARTESIAN_POINT('Ctrl Pts',(3.7,90.5452982439743,3.83881113572761));
#4812=CARTESIAN_POINT('Ctrl Pts',(3.7,90.5148577936141,3.77448577501319));
#4813=CARTESIAN_POINT('Ctrl Pts',(3.7,90.4841635899411,3.70974014918211));
#4814=CARTESIAN_POINT('Ctrl Pts',(3.7,90.4534693862681,3.64499452335102));
#4815=CARTESIAN_POINT('Ctrl Pts',(3.7,90.4225214292823,3.57982863240327));
#4816=CARTESIAN_POINT('Ctrl Pts',(3.7,90.3912047895563,3.51431812474452));
#4817=CARTESIAN_POINT('Ctrl Pts',(3.7,90.3598881498303,3.44880761708576));
#4818=CARTESIAN_POINT('Ctrl Pts',(3.7,90.3282028273641,3.38295249271599));
#4819=CARTESIAN_POINT('Ctrl Pts',(3.7,90.2977374206727,3.31505483629303));
#4820=CARTESIAN_POINT('Ctrl Pts',(3.69999999999999,90.2672720139813,3.24715717987008));
#4821=CARTESIAN_POINT('Ctrl Pts',(3.69999999999999,90.2380265230646,3.17721699139393));
#4822=CARTESIAN_POINT('Ctrl Pts',(3.69999999999999,90.2091631323523,3.10583143536622));
#4823=CARTESIAN_POINT('Ctrl Pts',(3.69999999999999,90.1802997416401,3.03444587933851));
#4824=CARTESIAN_POINT('Ctrl Pts',(3.69999999999999,90.1518184511321,2.96161495575923));
#4825=CARTESIAN_POINT('Ctrl Pts',(3.7,90.150033600362,2.85798720245683));
#4826=CARTESIAN_POINT('Ctrl Pts',(3.7,90.1500093987913,2.8565820685128));
#4827=CARTESIAN_POINT('Ctrl Pts',(3.7,90.1500000000001,2.85516049268383));
#4828=CARTESIAN_POINT('Ctrl Pts',(3.7,90.1500000000001,2.85372839697536));
#4829=CARTESIAN_POINT('Ctrl Pts',(3.69999999620202,90.9568421028154,4.87086465612167));
#4830=CARTESIAN_POINT('Ctrl Pts',(3.57882126946523,90.7649780381325,4.24099349245677));
#4831=CARTESIAN_POINT('Ctrl Pts',(3.27965495402898,90.2425725699422,3.39358132129862));
#4832=CARTESIAN_POINT('Ctrl Pts',(2.94321337932971,88.9220901404404,2.39101111309383));
#4833=CARTESIAN_POINT('Ctrl Pts',(3.02108899164021,87.5683735464236,2.04081599419281));
#4834=CARTESIAN_POINT('Ctrl Pts',(3.58689503617133,86.3201727831663,2.20471000500276));
#4835=CARTESIAN_POINT('Ctrl Pts',(3.98084515233484,85.7845979557059,2.40253373480583));
#4836=CARTESIAN_POINT('Ctrl Pts',(4.2,85.5412041475203,2.52212108684787));
#4837=CARTESIAN_POINT('Ctrl Pts',(3.78922870572836,90.9526039208857,4.85695111484303));
#4838=CARTESIAN_POINT('Ctrl Pts',(3.67277016933122,90.7561876069572,4.22083020483842));
#4839=CARTESIAN_POINT('Ctrl Pts',(3.38618558827062,90.2227423170999,3.37126491348075));
#4840=CARTESIAN_POINT('Ctrl Pts',(3.0751634637139,88.9081577451835,2.3899315704768));
#4841=CARTESIAN_POINT('Ctrl Pts',(3.15647812969254,87.5983918082728,2.04982786307931));
#4842=CARTESIAN_POINT('Ctrl Pts',(3.69604994782645,86.3768243621445,2.1918493264166));
#4843=CARTESIAN_POINT('Ctrl Pts',(4.07561510759872,85.8419831626063,2.37933570983314));
#4844=CARTESIAN_POINT('Ctrl Pts',(4.28756743074115,85.5974594305406,2.49448102326154));
#4845=CARTESIAN_POINT('Ctrl Pts',(3.9675174156151,90.9922653997312,4.81448958767387));
#4846=CARTESIAN_POINT('Ctrl Pts',(3.86039157587224,90.7908009609006,4.15559528456787));
#4847=CARTESIAN_POINT('Ctrl Pts',(3.59886057591554,90.2449138836325,3.27972252426097));
#4848=CARTESIAN_POINT('Ctrl Pts',(3.33720135271627,88.9320376458603,2.28626508643369));
#4849=CARTESIAN_POINT('Ctrl Pts',(3.42495072214013,87.6661608797756,1.94509996990926));
#4850=CARTESIAN_POINT('Ctrl Pts',(3.91340503710326,86.464606088154,2.0736144130582));
#4851=CARTESIAN_POINT('Ctrl Pts',(4.26461598432344,85.9258602433273,2.25911830415902));
#4852=CARTESIAN_POINT('Ctrl Pts',(4.46235857421509,85.6779291833296,2.37454675994213));
#4853=CARTESIAN_POINT('Ctrl Pts',(4.09469186418814,91.1165472684584,4.75496182102141));
#4854=CARTESIAN_POINT('Ctrl Pts',(3.98790436194634,90.9176338969675,4.06126594684769));
#4855=CARTESIAN_POINT('Ctrl Pts',(3.72580813276964,90.3772176513639,3.1314677165316));
#4856=CARTESIAN_POINT('Ctrl Pts',(3.44849539980086,89.041794255216,2.04620509977302));
#4857=CARTESIAN_POINT('Ctrl Pts',(3.52746989975909,87.7061178599881,1.6691300066596));
#4858=CARTESIAN_POINT('Ctrl Pts',(4.02148612298804,86.4582239802634,1.83489439738273));
#4859=CARTESIAN_POINT('Ctrl Pts',(4.37107648028462,85.912230523049,2.04547105134962));
#4860=CARTESIAN_POINT('Ctrl Pts',(4.56683210861835,85.6626578597348,2.17388879285942));
#4861=CARTESIAN_POINT('Ctrl Pts',(4.13636363291092,91.191040281482,4.72516977304059));
#4862=CARTESIAN_POINT('Ctrl Pts',(4.02620115405929,90.9941123558544,4.01402491083829));
#4863=CARTESIAN_POINT('Ctrl Pts',(3.75423177638998,90.4579190600579,3.05726923372423));
#4864=CARTESIAN_POINT('Ctrl Pts',(3.44837579939065,89.1025851881352,1.92533512768659));
#4865=CARTESIAN_POINT('Ctrl Pts',(3.51917181058203,87.7131400036606,1.5299535418306));
#4866=CARTESIAN_POINT('Ctrl Pts',(4.03354094197393,86.431995525244,1.7149951669386));
#4867=CARTESIAN_POINT('Ctrl Pts',(4.3916774112135,85.8822852917803,1.93834453929691));
#4868=CARTESIAN_POINT('Ctrl Pts',(4.5909090909091,85.6324676000942,2.07336251740889));
#4869=CARTESIAN_POINT('Ctrl Pts',(3.99954223363412,85.7785703481288,2.41545597531835));
#4870=CARTESIAN_POINT('Ctrl Pts',(4.02065617141105,85.7878502141374,2.41166054254459));
#4871=CARTESIAN_POINT('Ctrl Pts',(4.04210545753219,85.7955071480764,2.40671886759024));
#4872=CARTESIAN_POINT('Ctrl Pts',(4.06371069633833,85.8016300027752,2.40079843903887));
#4873=CARTESIAN_POINT('Ctrl Pts',(4.08648225220166,85.8080833879503,2.39455840759548));
#4874=CARTESIAN_POINT('Ctrl Pts',(4.10942768522919,85.8128329774288,2.38723113933367));
#4875=CARTESIAN_POINT('Ctrl Pts',(4.13237185710766,85.8159674963799,2.37896918305576));
#4876=CARTESIAN_POINT('Ctrl Pts',(4.13982172693327,85.8169852606415,2.37628656286352));
#4877=CARTESIAN_POINT('Ctrl Pts',(4.14727168408555,85.8178326124114,2.37350507223755));
#4878=CARTESIAN_POINT('Ctrl Pts',(4.15471628480384,85.8185121607468,2.37062901833254));
#4879=CARTESIAN_POINT('Ctrl Pts',(4.17803478777297,85.8206406899286,2.36162043962414));
#4880=CARTESIAN_POINT('Ctrl Pts',(4.20112446742598,85.8211138595034,2.35175030903846));
#4881=CARTESIAN_POINT('Ctrl Pts',(4.2238138098426,85.8200613304025,2.34118159738446));
#4882=CARTESIAN_POINT('Ctrl Pts',(4.24764452868214,85.8189558543329,2.33008123178999));
#4883=CARTESIAN_POINT('Ctrl Pts',(4.2710344207329,85.8161676593377,2.3182103577703));
#4884=CARTESIAN_POINT('Ctrl Pts',(4.29381420204568,85.811833828035,2.30570970539348));
#4885=CARTESIAN_POINT('Ctrl Pts',(4.30526988721303,85.8096543950418,2.29942327375267));
#4886=CARTESIAN_POINT('Ctrl Pts',(4.31657165078567,85.8070838413968,2.29297682248471));
#4887=CARTESIAN_POINT('Ctrl Pts',(4.32769955345324,85.8041379992904,2.28638389472678));
#4888=CARTESIAN_POINT('Ctrl Pts',(4.328827988779,85.8038392734301,2.28571533275203));
#4889=CARTESIAN_POINT('Ctrl Pts',(4.32995463680007,85.8035366874113,2.28504526218627));
#4890=CARTESIAN_POINT('Ctrl Pts',(4.3310794864014,85.8032302688087,2.28437370621845));
#4891=CARTESIAN_POINT('Ctrl Pts',(4.35358459984296,85.7970996844128,2.27093773822739));
#4892=CARTESIAN_POINT('Ctrl Pts',(4.37535585188403,85.7894402811094,2.25691994956523));
#4893=CARTESIAN_POINT('Ctrl Pts',(4.39630992376392,85.7804364772912,2.24251300765675));
#4894=CARTESIAN_POINT('Ctrl Pts',(4.41793636571594,85.7711437612149,2.22764377867464));
#4895=CARTESIAN_POINT('Ctrl Pts',(4.43869297447218,85.7604190806353,2.21235971471587));
#4896=CARTESIAN_POINT('Ctrl Pts',(4.45848111546003,85.7484419303134,2.19682300606658));
#4897=CARTESIAN_POINT('Ctrl Pts',(4.46412980071712,85.7450229556616,2.19238792663467));
#4898=CARTESIAN_POINT('Ctrl Pts',(4.46969949313616,85.7415017752566,2.18793197625104));
#4899=CARTESIAN_POINT('Ctrl Pts',(4.47518768546135,85.7378822121665,2.1834582796051));
#4900=CARTESIAN_POINT('Ctrl Pts',(4.49683550296501,85.7236050810868,2.16581207429383));
#4901=CARTESIAN_POINT('Ctrl Pts',(4.51726588773865,85.7077657028109,2.1478571047084));
#4902=CARTESIAN_POINT('Ctrl Pts',(4.53631313654409,85.6905227334342,2.12978843959262));
#4903=CARTESIAN_POINT('Ctrl Pts',(4.55536038534953,85.6732797640576,2.11171977447684));
#4904=CARTESIAN_POINT('Ctrl Pts',(4.57302536851639,85.6546333232575,2.09353647846173));
#4905=CARTESIAN_POINT('Ctrl Pts',(4.58910775135478,85.6347125336355,2.07540111688755));
#4906=CARTESIAN_POINT('Ctrl Pts',(4.58971039739931,85.6339660531425,2.07472154073091));
#4907=CARTESIAN_POINT('Ctrl Pts',(4.59031084789331,85.6332177402802,2.0740420046337));
#4908=CARTESIAN_POINT('Ctrl Pts',(4.5909090909091,85.6324676000942,2.07336251740889));
#4909=CARTESIAN_POINT('Origin',(4.2,85.3207143601036,-1.90000000000001));
#4910=CARTESIAN_POINT('',(3.7,85.3207143601036,-1.90000000000001));
#4911=CARTESIAN_POINT('Origin',(3.7,87.25,6.00000000000001));
#4912=CARTESIAN_POINT('Origin',(2.625,81.2500000000001,4.79999999999998));
#4913=CARTESIAN_POINT('Ctrl Pts',(-3.25,81.25,2.34040047400232));
#4914=CARTESIAN_POINT('Ctrl Pts',(8.50000000000061,81.25,4.31458312999526));
#4915=CARTESIAN_POINT('Ctrl Pts',(8.50000000000061,81.25,6.));
#4916=CARTESIAN_POINT('Origin',(2.625,81.2500000000001,4.79999999999998));
#4917=CARTESIAN_POINT('',(7.12920514597641,81.250000000126,7.20562477054959));
#4918=CARTESIAN_POINT('Ctrl Pts',(7.12920514313255,81.2500000000001,7.20562477055921));
#4919=CARTESIAN_POINT('Ctrl Pts',(7.04477809390535,81.2500000000001,7.24311927475391));
#4920=CARTESIAN_POINT('Ctrl Pts',(6.95948684677689,81.2500000000001,7.28839239992643));
#4921=CARTESIAN_POINT('Ctrl Pts',(6.87178583916855,81.2500000000001,7.36117535539552));
#4922=CARTESIAN_POINT('Ctrl Pts',(6.84725638725344,81.2500000000001,7.3856807109304));
#4923=CARTESIAN_POINT('Ctrl Pts',(6.81833975027575,81.2500000000001,7.42997840060946));
#4924=CARTESIAN_POINT('Ctrl Pts',(6.80961273960451,81.2500000000001,7.44826790271315));
#4925=CARTESIAN_POINT('Ctrl Pts',(6.80064028937587,81.2500000000001,7.48544763107761));
#4926=CARTESIAN_POINT('Ctrl Pts',(6.79984718766778,81.2500000000001,7.50320455799509));
#4927=CARTESIAN_POINT('Ctrl Pts',(6.80603554790012,81.2500000000001,7.54230165719281));
#4928=CARTESIAN_POINT('Ctrl Pts',(6.81424143603016,81.2500000000039,7.56216578310699));
#4929=CARTESIAN_POINT('Ctrl Pts',(6.84316671885929,81.2500000000039,7.6099789774209));
#4930=CARTESIAN_POINT('Ctrl Pts',(6.86881230238961,81.25,7.63613727445232));
#4931=CARTESIAN_POINT('Ctrl Pts',(6.95146945648555,81.25,7.70540079924182));
#4932=CARTESIAN_POINT('Ctrl Pts',(7.02645799082236,81.2500000000001,7.74692688307066));
#4933=CARTESIAN_POINT('Ctrl Pts',(7.44265776615739,81.2500000000001,7.94029704296734));
#4934=CARTESIAN_POINT('Ctrl Pts',(8.01287528395105,81.2500000000001,8.06690681535703));
#4935=CARTESIAN_POINT('Ctrl Pts',(8.50000000000005,81.2500000000001,8.1559983385118));
#4936=CARTESIAN_POINT('Ctrl Pts',(8.50000000000061,81.25,6.));
#4937=CARTESIAN_POINT('Ctrl Pts',(8.50000000046179,81.250000000126,6.59684744224771));
#4938=CARTESIAN_POINT('Ctrl Pts',(7.12920514597641,81.250000000126,7.20562477054959));
#4939=CARTESIAN_POINT('Origin',(2.625,81.2500000000001,4.79999999999998));
#4940=CARTESIAN_POINT('',(0.,81.25,11.));
#4941=CARTESIAN_POINT('',(0.,81.25,8.65000000000002));
#4942=CARTESIAN_POINT('',(1.3125,81.25,11.));
#4943=CARTESIAN_POINT('Origin',(-3.20528770257801,91.2500000000001,13.524079977285));
#4944=CARTESIAN_POINT('',(-1.96282090486673,94.1653782176779,13.4153782176779));
#4945=CARTESIAN_POINT('',(0.33439413769157,96.9643979437729,13.2143979437728));
#4946=CARTESIAN_POINT('Origin',(2.64735614871099,96.7620399886425,4.80000000000001));
#4947=CARTESIAN_POINT('Origin',(0.,46.625,12.5));
#4948=CARTESIAN_POINT('',(0.,91.25,23.));
#4949=CARTESIAN_POINT('',(0.,91.25,17.75));
#4950=CARTESIAN_POINT('',(0.,2.,23.));
#4951=CARTESIAN_POINT('',(0.,24.3125,23.));
#4952=CARTESIAN_POINT('',(0.,2.00000000000002,20.5));
#4953=CARTESIAN_POINT('',(0.,2.,11.75));
#4954=CARTESIAN_POINT('',(0.,5.82469289004805,20.5));
#4955=CARTESIAN_POINT('',(0.,24.3125,20.5));
#4956=CARTESIAN_POINT('',(0.,7.92121385037901,20.2575032711029));
#4957=CARTESIAN_POINT('Ctrl Pts',(0.,5.82469289004805,20.5));
#4958=CARTESIAN_POINT('Ctrl Pts',(0.,6.24241132662461,20.4994213920336));
#4959=CARTESIAN_POINT('Ctrl Pts',(0.,6.9516575466938,20.4984389706773));
#4960=CARTESIAN_POINT('Ctrl Pts',(0.,7.63877985511267,20.3276883980258));
#4961=CARTESIAN_POINT('Ctrl Pts',(0.,7.92121385037901,20.2575032711029));
#4962=CARTESIAN_POINT('',(0.,8.96793995797636,19.3949519395828));
#4963=CARTESIAN_POINT('Ctrl Pts',(0.,7.92121385037901,20.2575032711029));
#4964=CARTESIAN_POINT('Ctrl Pts',(0.,8.12916303777666,20.1595374433587));
#4965=CARTESIAN_POINT('Ctrl Pts',(0.,8.55091959787953,19.9608459695709));
#4966=CARTESIAN_POINT('Ctrl Pts',(0.,8.82765190361344,19.585321955148));
#4967=CARTESIAN_POINT('Ctrl Pts',(0.,8.96793995797636,19.3949519395828));
#4968=CARTESIAN_POINT('',(0.,9.36084543168546,17.9768078327179));
#4969=CARTESIAN_POINT('Ctrl Pts',(0.,8.96793995797636,19.3949519395828));
#4970=CARTESIAN_POINT('Ctrl Pts',(0.,9.08252176782532,19.1780188835925));
#4971=CARTESIAN_POINT('Ctrl Pts',(0.,9.31688502950074,18.7343085020395));
#4972=CARTESIAN_POINT('Ctrl Pts',(0.,9.34597681838754,18.233015327766));
#4973=CARTESIAN_POINT('Ctrl Pts',(0.,9.36084543168546,17.9768078327179));
#4974=CARTESIAN_POINT('',(0.,8.76534794270993,16.3038878440857));
#4975=CARTESIAN_POINT('Ctrl Pts',(0.,9.36084543168546,17.9768078327179));
#4976=CARTESIAN_POINT('Ctrl Pts',(0.,9.33981598866892,17.6581690589213));
#4977=CARTESIAN_POINT('Ctrl Pts',(0.,9.29922200681707,17.0430877849844));
#4978=CARTESIAN_POINT('Ctrl Pts',(0.,8.93897255550099,16.5442878038184));
#4979=CARTESIAN_POINT('Ctrl Pts',(0.,8.76534794270993,16.3038878440857));
#4980=CARTESIAN_POINT('',(0.,6.98499296605588,15.4720329046249));
#4981=CARTESIAN_POINT('Ctrl Pts',(0.,8.76534794270993,16.3038878440857));
#4982=CARTESIAN_POINT('Ctrl Pts',(0.,8.5284292176813,16.1025148193416));
#4983=CARTESIAN_POINT('Ctrl Pts',(0.,8.01295644809943,15.6643801350891));
#4984=CARTESIAN_POINT('Ctrl Pts',(0.,7.34561477438632,15.5395105993962));
#4985=CARTESIAN_POINT('Ctrl Pts',(0.,6.98499296605588,15.4720329046249));
#4986=CARTESIAN_POINT('',(0.,7.95804892480374,14.7169165611267));
#4987=CARTESIAN_POINT('Ctrl Pts',(0.,6.98499296605588,15.4720329046249));
#4988=CARTESIAN_POINT('Ctrl Pts',(0.,7.16938557586225,15.3583035926115));
#4989=CARTESIAN_POINT('Ctrl Pts',(0.,7.52098116573897,15.1414471546793));
#4990=CARTESIAN_POINT('Ctrl Pts',(0.,7.81718687151058,14.8537380261131));
#4991=CARTESIAN_POINT('Ctrl Pts',(0.,7.95804892480374,14.7169165611267));
#4992=CARTESIAN_POINT('',(0.,8.99249647557736,13.2557981014252));
#4993=CARTESIAN_POINT('Ctrl Pts',(0.,7.95804892480374,14.7169165611267));
#4994=CARTESIAN_POINT('Ctrl Pts',(0.,8.11168912178153,14.5291146683289));
#4995=CARTESIAN_POINT('Ctrl Pts',(0.,8.49024780046596,14.0663839650987));
#4996=CARTESIAN_POINT('Ctrl Pts',(0.,8.80530627707503,13.5579068699362));
#4997=CARTESIAN_POINT('Ctrl Pts',(0.,8.99249647557736,13.2557981014252));
#4998=CARTESIAN_POINT('',(0.,10.0914052575827,11.5000002384186));
#4999=CARTESIAN_POINT('',(0.,14.4585395798624,4.52234637298196));
#5000=CARTESIAN_POINT('',(0.,7.91814480721951,11.5000002384186));
#5001=CARTESIAN_POINT('',(0.,28.3582026287913,11.5000002384186));
#5002=CARTESIAN_POINT('',(0.,6.60436545312405,13.4583901166916));
#5003=CARTESIAN_POINT('',(0.,13.6933848693273,2.89111804905297));
#5004=CARTESIAN_POINT('',(0.,5.64665739238263,14.7813777923584));
#5005=CARTESIAN_POINT('Ctrl Pts',(0.,6.60436545312405,13.4583901166916));
#5006=CARTESIAN_POINT('Ctrl Pts',(0.,6.41361222313354,13.7478073161365));
#5007=CARTESIAN_POINT('Ctrl Pts',(0.,6.11360839546342,14.2029831872416));
#5008=CARTESIAN_POINT('Ctrl Pts',(0.,5.77131010965031,14.626975170445));
#5009=CARTESIAN_POINT('Ctrl Pts',(0.,5.64665739238263,14.7813777923584));
#5010=CARTESIAN_POINT('',(0.,5.10027264058591,15.1558666229248));
#5011=CARTESIAN_POINT('Ctrl Pts',(0.,5.64665739238263,14.7813777923584));
#5012=CARTESIAN_POINT('Ctrl Pts',(0.,5.56228423259955,14.8642315000949));
#5013=CARTESIAN_POINT('Ctrl Pts',(0.,5.40210276365924,15.0215283068816));
#5014=CARTESIAN_POINT('Ctrl Pts',(0.,5.19723121000942,15.1127123783793));
#5015=CARTESIAN_POINT('Ctrl Pts',(0.,5.10027264058591,15.1558666229248));
#5016=CARTESIAN_POINT('',(0.,4.18553863465787,15.2571623325348));
#5017=CARTESIAN_POINT('Ctrl Pts',(0.,5.10027264058591,15.1558666229248));
#5018=CARTESIAN_POINT('Ctrl Pts',(0.,4.97645260771253,15.1851904607869));
#5019=CARTESIAN_POINT('Ctrl Pts',(0.,4.67618950784883,15.2563006539604));
#5020=CARTESIAN_POINT('Ctrl Pts',(0.,4.36714305034776,15.2568433997812));
#5021=CARTESIAN_POINT('Ctrl Pts',(0.,4.18553863465787,15.2571623325348));
#5022=CARTESIAN_POINT('',(0.,3.81718967854977,15.2571623325348));
#5023=CARTESIAN_POINT('',(0.,25.4052693173289,15.2571623325348));
#5024=CARTESIAN_POINT('',(0.,3.81718967854977,11.5000002384186));
#5025=CARTESIAN_POINT('',(0.,3.81718967854977,13.8785811662674));
#5026=CARTESIAN_POINT('',(0.,2.,11.5000002384186));
#5027=CARTESIAN_POINT('',(0.,25.2210948392749,11.5000002384186));
#5028=CARTESIAN_POINT('',(0.,2.,11.));
#5029=CARTESIAN_POINT('',(0.,2.,11.75));
#5030=CARTESIAN_POINT('',(0.,39.519879972943,11.));
#5031=CARTESIAN_POINT('',(0.,44.3792571097773,11.));
#5032=CARTESIAN_POINT('',(0.,41.2078498824164,8.78820179221642));
#5033=CARTESIAN_POINT('Origin',(0.,39.519879972943,9.25));
#5034=CARTESIAN_POINT('',(0.,42.1241680032802,10.9840741737094));
#5035=CARTESIAN_POINT('Origin',(0.,50.1782042584754,6.33407417370939));
#5036=CARTESIAN_POINT('',(0.,43.9000010281999,11.4599071986292));
#5037=CARTESIAN_POINT('Origin',(0.,43.2500010281999,10.3340741737094));
#5038=CARTESIAN_POINT('',(0.,50.3526725762379,7.73445554337723));
#5039=CARTESIAN_POINT('',(0.,44.6966889455548,10.9999392150842));
#5040=CARTESIAN_POINT('',(0.,51.2276725762379,11.));
#5041=CARTESIAN_POINT('Origin',(0.,51.2276725762379,9.25));
#5042=CARTESIAN_POINT('',(0.,68.9375,11.));
#5043=CARTESIAN_POINT('',(0.,27.125,17.));
#5044=CARTESIAN_POINT('Origin',(0.,31.,17.));
#5045=CARTESIAN_POINT('',(0.,87.7500010282,18.75));
#5046=CARTESIAN_POINT('',(0.,46.2500010281999,18.75));
#5047=CARTESIAN_POINT('',(0.,66.9375005141,18.75));
#5048=CARTESIAN_POINT('',(0.,87.7500010282,15.25));
#5049=CARTESIAN_POINT('',(0.,87.7500010282,14.1249999999999));
#5050=CARTESIAN_POINT('',(0.,46.2500010282,15.2499999999999));
#5051=CARTESIAN_POINT('',(0.,46.4375005141,15.25));
#5052=CARTESIAN_POINT('',(0.,41.2500010282001,15.25));
#5053=CARTESIAN_POINT('',(0.,43.9375005141001,15.2499999999999));
#5054=CARTESIAN_POINT('',(0.,41.2500010281999,18.75));
#5055=CARTESIAN_POINT('',(0.,41.2500010282001,15.6249999999999));
#5056=CARTESIAN_POINT('',(0.,46.4375005141,18.75));
#5057=CARTESIAN_POINT('Ctrl Pts',(8.4892436509187,81.3704584331353,7.20095151957462));
#5058=CARTESIAN_POINT('Ctrl Pts',(4.53266350176769,81.0199762183624,7.21476261753924));
#5059=CARTESIAN_POINT('Ctrl Pts',(0.575994373195711,80.6699109071245,7.22668880992536));
#5060=CARTESIAN_POINT('Ctrl Pts',(-3.3807336149907,80.3201696259702,7.23734342551104));
#5061=CARTESIAN_POINT('Ctrl Pts',(8.4847562152453,81.4207124241434,7.44894354267997));
#5062=CARTESIAN_POINT('Ctrl Pts',(4.52841639220452,81.0676364016189,7.46191557171335));
#5063=CARTESIAN_POINT('Ctrl Pts',(0.571947863350696,80.7153858630206,7.47307536784032));
#5064=CARTESIAN_POINT('Ctrl Pts',(-3.38460175749189,80.3636943296144,7.48303195552593));
#5065=CARTESIAN_POINT('Ctrl Pts',(8.48722834645846,81.3930274680128,7.96987759305566));
#5066=CARTESIAN_POINT('Ctrl Pts',(4.53124290096605,81.035929346065,7.97968912541469));
#5067=CARTESIAN_POINT('Ctrl Pts',(0.575071590168316,80.6802867499607,7.9881225144926));
#5068=CARTESIAN_POINT('Ctrl Pts',(-3.38121671777301,80.3256055439652,7.99559643945475));
#5069=CARTESIAN_POINT('Ctrl Pts',(8.5302828344846,80.9108679427083,8.74708544968729));
#5070=CARTESIAN_POINT('Ctrl Pts',(4.57434334602885,80.5523260447748,8.74990106942354));
#5071=CARTESIAN_POINT('Ctrl Pts',(0.6182097972087,80.1955198233402,8.75228777233253));
#5072=CARTESIAN_POINT('Ctrl Pts',(-3.33804629867267,79.8398479233597,8.75441420688435));
#5073=CARTESIAN_POINT('Ctrl Pts',(8.58621441076719,80.2845002048413,8.99999999999998));
#5074=CARTESIAN_POINT('Ctrl Pts',(4.62987975733631,79.9291776298815,8.99994239325314));
#5075=CARTESIAN_POINT('Ctrl Pts',(0.673411531868204,79.5751832234927,9.00004242371494));
#5076=CARTESIAN_POINT('Ctrl Pts',(-3.28313574340525,79.2219891851611,8.99999999999999));
#5077=CARTESIAN_POINT('Ctrl Pts',(8.61997726504019,79.9063960271929,8.99999999999998));
#5078=CARTESIAN_POINT('Ctrl Pts',(4.66339711588918,79.5530927661021,8.99999999999998));
#5079=CARTESIAN_POINT('Ctrl Pts',(0.706727987317199,79.2007863870317,9.));
#5080=CARTESIAN_POINT('Ctrl Pts',(-3.25000000086921,78.8491426901133,9.));
#5081=CARTESIAN_POINT('Ctrl Pts',(8.49999999923018,79.895682951637,8.99999999999998));
#5082=CARTESIAN_POINT('Ctrl Pts',(4.58341048538672,79.545970732582,8.99999999999998));
#5083=CARTESIAN_POINT('Ctrl Pts',(0.666734080130177,79.1972320346933,9.));
#5084=CARTESIAN_POINT('Ctrl Pts',(-3.25000000086921,78.8491426901133,9.));
#5085=CARTESIAN_POINT('Ctrl Pts',(-3.24999999975198,80.3317254915164,7.23699092446241));
#5086=CARTESIAN_POINT('Ctrl Pts',(0.209787020725412,80.6375477465338,7.22764990414794));
#5087=CARTESIAN_POINT('Ctrl Pts',(3.6695287843015,80.9436185326533,7.21733148862159));
#5088=CARTESIAN_POINT('Ctrl Pts',(7.12920515409933,81.249999941285,7.20562563122113));
#5089=CARTESIAN_POINT('Origin',(0.,91.25,23.));
#5090=CARTESIAN_POINT('Origin',(8.5,91.25,17.));
#5091=CARTESIAN_POINT('',(0.,91.25,23.));
#5092=CARTESIAN_POINT('Origin',(0.,91.25,11.));
#5093=CARTESIAN_POINT('',(0.,51.2276725762379,11.));
#5094=CARTESIAN_POINT('Origin',(0.,2.,11.));
#5095=CARTESIAN_POINT('',(0.,1.99999999999999,16.6937242746353));
#5096=CARTESIAN_POINT('',(0.,2.,16.6937242746353));
#5097=CARTESIAN_POINT('',(0.,1.99999999999999,18.9774893522262));
#5098=CARTESIAN_POINT('',(0.,2.,14.4178034067154));
#5099=CARTESIAN_POINT('',(0.,2.,18.9774893522262));
#5100=CARTESIAN_POINT('',(0.,2.00000000000002,20.5));
#5101=CARTESIAN_POINT('',(0.,2.,23.));
#5102=CARTESIAN_POINT('Origin',(8.5,1.99999999999999,17.));
#5103=CARTESIAN_POINT('',(0.,2.,11.));
#5104=CARTESIAN_POINT('',(0.,2.,11.5000002384186));
#5105=CARTESIAN_POINT('Origin',(0.,36.3322042584754,0.999999999999998));
#5106=CARTESIAN_POINT('',(0.,36.3322042584754,2.5));
#5107=CARTESIAN_POINT('',(0.,36.3322042584754,7.5));
#5108=CARTESIAN_POINT('Origin',(0.,54.5322042584754,8.99999999999828));
#5109=CARTESIAN_POINT('',(0.,54.5322042584748,2.49999999999985));
#5110=CARTESIAN_POINT('',(0.,54.5322042584753,7.49999999999853));
#5111=CARTESIAN_POINT('Origin',(0.,46.2500010282,18.25));
#5112=CARTESIAN_POINT('',(-0.5,46.2500010282,15.75));
#5113=CARTESIAN_POINT('',(0.,46.2500010282,15.75));
#5114=CARTESIAN_POINT('',(-0.5,46.2500010282,18.25));
#5115=CARTESIAN_POINT('',(0.,46.2500010282,18.25));
#5116=CARTESIAN_POINT('',(-0.250000000000019,46.2500010282,18.5));
#5117=CARTESIAN_POINT('',(3.,46.2500010281999,18.75));
#5118=CARTESIAN_POINT('',(0.,46.2500010281999,18.75));
#5119=CARTESIAN_POINT('',(3.,46.2500010282,15.2499999999999));
#5120=CARTESIAN_POINT('',(3.,46.2500010282,15.2499999999999));
#5121=CARTESIAN_POINT('',(0.,46.2500010282,15.2499999999999));
#5122=CARTESIAN_POINT('',(-0.874999999999999,46.2500010282,16.125));
#5123=CARTESIAN_POINT('Origin',(0.,46.2500010282,15.75));
#5124=CARTESIAN_POINT('',(-0.5,87.2500010282,15.75));
#5125=CARTESIAN_POINT('',(-0.5,46.4375005141,15.75));
#5126=CARTESIAN_POINT('',(0.,87.2500010282,15.75));
#5127=CARTESIAN_POINT('Origin',(0.,87.2500010282,15.75));
#5128=CARTESIAN_POINT('',(-0.5,87.2500010282,18.25));
#5129=CARTESIAN_POINT('',(-0.5,87.2500010282,14.1249999999999));
#5130=CARTESIAN_POINT('',(0.,87.2500010282,18.25));
#5131=CARTESIAN_POINT('Origin',(0.,87.2500010282,18.25));
#5132=CARTESIAN_POINT('',(-0.5,66.9375005141,18.25));
#5133=CARTESIAN_POINT('Origin',(0.,43.1441300847672,4.34887610948415));
#5134=CARTESIAN_POINT('',(-1.,42.144130084765,4.34887610948281));
#5135=CARTESIAN_POINT('',(0.,42.144130084765,4.34887610948281));
#5136=CARTESIAN_POINT('',(-1.,42.8853110396641,3.38295028319293));
#5137=CARTESIAN_POINT('',(0.,42.8853110396641,3.38295028319293));
#5138=CARTESIAN_POINT('Origin',(-1.,43.1441300847672,4.34887610948415));
#5139=CARTESIAN_POINT('Origin',(0.,42.144130084765,4.34887610948281));
#5140=CARTESIAN_POINT('',(-1.,42.1441300847643,5.03407417370939));
#5141=CARTESIAN_POINT('',(0.,42.1441300847643,5.03407417370939));
#5142=CARTESIAN_POINT('',(-1.,42.144130084765,4.34887610948281));
#5143=CARTESIAN_POINT('Origin',(0.,42.1441300847643,5.03407417370939));
#5144=CARTESIAN_POINT('',(-1.,42.1782042584754,5.03407417370939));
#5145=CARTESIAN_POINT('',(0.,42.1782042584754,5.03407417370939));
#5146=CARTESIAN_POINT('',(-1.,42.1441300847643,5.03407417370939));
#5147=CARTESIAN_POINT('Origin',(0.,42.1782042584754,6.33407417370939));
#5148=CARTESIAN_POINT('',(-1.,40.8782042584755,6.33407417370939));
#5149=CARTESIAN_POINT('',(0.,40.8782042584755,6.33407417370939));
#5150=CARTESIAN_POINT('Origin',(-1.,42.1782042584754,6.33407417370939));
#5151=CARTESIAN_POINT('Origin',(0.,42.1335142195545,11.));
#5152=CARTESIAN_POINT('',(0.,39.519879972943,11.));
#5153=CARTESIAN_POINT('Origin',(0.,2.,23.));
#5154=CARTESIAN_POINT('Origin',(0.,50.1782042584754,6.33407417370939));
#5155=CARTESIAN_POINT('',(-1.,50.1782042584754,5.03407417370939));
#5156=CARTESIAN_POINT('',(0.,50.1782042584754,5.03407417370939));
#5157=CARTESIAN_POINT('',(-1.,50.8282042584754,7.45990719862916));
#5158=CARTESIAN_POINT('',(0.,50.8282042584754,7.45990719862916));
#5159=CARTESIAN_POINT('Origin',(-1.,50.1782042584754,6.33407417370939));
#5160=CARTESIAN_POINT('Origin',(0.,50.1782042584754,5.03407417370939));
#5161=CARTESIAN_POINT('',(-1.,49.7585089710792,5.03407417370939));
#5162=CARTESIAN_POINT('',(0.,49.7585089710792,5.03407417370939));
#5163=CARTESIAN_POINT('',(-1.,50.1782042584754,5.03407417370939));
#5164=CARTESIAN_POINT('Origin',(0.,49.7585089710792,5.03407417370939));
#5165=CARTESIAN_POINT('',(-1.,49.144130084766,2.74118095489706));
#5166=CARTESIAN_POINT('',(0.,49.144130084766,2.74118095489706));
#5167=CARTESIAN_POINT('',(-1.,49.144130084766,2.74118095489706));
#5168=CARTESIAN_POINT('Origin',(0.,48.1782042584754,3.));
#5169=CARTESIAN_POINT('',(-1.,47.9193852133725,2.03407417370939));
#5170=CARTESIAN_POINT('',(0.,47.9193852133725,2.03407417370939));
#5171=CARTESIAN_POINT('Origin',(-1.,48.1782042584754,3.));
#5172=CARTESIAN_POINT('Origin',(0.,47.9193852133725,2.03407417370939));
#5173=CARTESIAN_POINT('',(-1.,42.8853110396641,3.38295028319293));
#5174=CARTESIAN_POINT('Origin',(3.,43.7500010282,17.));
#5175=CARTESIAN_POINT('',(3.,41.2500010281999,18.75));
#5176=CARTESIAN_POINT('',(3.,46.2500010281999,18.75));
#5177=CARTESIAN_POINT('',(3.,41.2500010282001,15.25));
#5178=CARTESIAN_POINT('',(3.,41.2500010281999,18.75));
#5179=CARTESIAN_POINT('',(3.,41.2500010282001,15.25));
#5180=CARTESIAN_POINT('Origin',(0.,46.2500010281999,18.75));
#5181=CARTESIAN_POINT('',(0.,41.2500010281999,18.75));
#5182=CARTESIAN_POINT('Origin',(0.,41.2500010281999,18.75));
#5183=CARTESIAN_POINT('',(0.,41.2500010282001,15.25));
#5184=CARTESIAN_POINT('Origin',(0.,41.2500010282001,15.25));
#5185=CARTESIAN_POINT('Origin',(0.,44.6965836629923,11.));
#5186=CARTESIAN_POINT('',(0.,50.3526725762379,7.73445554337723));
#5187=CARTESIAN_POINT('',(-1.,43.9000010281999,11.4599071986292));
#5188=CARTESIAN_POINT('',(0.,43.9000010281999,11.4599071986292));
#5189=CARTESIAN_POINT('',(-1.,43.9000010281999,11.4599071986292));
#5190=CARTESIAN_POINT('Origin',(0.,51.2276725762379,9.25));
#5191=CARTESIAN_POINT('Origin',(0.,50.1782042584754,6.33407417370939));
#5192=CARTESIAN_POINT('',(0.,41.2078498824164,8.78820179221642));
#5193=CARTESIAN_POINT('',(-1.,42.1241680032802,10.9840741737094));
#5194=CARTESIAN_POINT('Origin',(-1.,50.1782042584754,6.33407417370939));
#5195=CARTESIAN_POINT('',(0.,42.1241680032802,10.9840741737094));
#5196=CARTESIAN_POINT('Origin',(0.,39.519879972943,9.25));
#5197=CARTESIAN_POINT('Origin',(-1.,46.1782042584754,6.8170370868539));
#5198=CARTESIAN_POINT('Origin',(-1.,43.2500010281999,10.3340741737094));
#5199=CARTESIAN_POINT('Origin',(0.,43.2500010281999,10.3340741737094));
#5200=CARTESIAN_POINT('Origin',(0.032345066220163,93.9908238133551,25.));
#5201=CARTESIAN_POINT('Origin',(8.5,93.25,17.));
#5202=CARTESIAN_POINT('Origin',(8.5,93.25,17.));
#5203=CARTESIAN_POINT('Origin',(8.5,93.25,17.));
#5204=CARTESIAN_POINT('Origin',(0.,6.,6.));
#5205=CARTESIAN_POINT('',(-1.75,2.125,6.));
#5206=CARTESIAN_POINT('',(-1.75,6.,9.875));
#5207=CARTESIAN_POINT('Origin',(-1.75,6.,6.));
#5208=CARTESIAN_POINT('',(0.,2.125,6.));
#5209=CARTESIAN_POINT('Origin',(-1.75,6.,6.));
#5210=CARTESIAN_POINT('Origin',(-1.75,6.,6.));
#5211=CARTESIAN_POINT('Origin',(-1.75,6.,11.375));
#5212=CARTESIAN_POINT('Origin',(0.,31.,17.));
#5213=CARTESIAN_POINT('',(-1.75,34.2152700350131,19.1627906976744));
#5214=CARTESIAN_POINT('',(-1.75,27.7847299649869,19.1627906976744));
#5215=CARTESIAN_POINT('Ctrl Pts',(-1.75,34.2152700350131,19.1627906976744));
#5216=CARTESIAN_POINT('Ctrl Pts',(-1.75,33.8045663960071,19.773355143502));
#5217=CARTESIAN_POINT('Ctrl Pts',(-1.29860732434033,32.9494555253976,20.479250325171));
#5218=CARTESIAN_POINT('Ctrl Pts',(-0.807622293731243,31.5652079254221,20.8854223037522));
#5219=CARTESIAN_POINT('Ctrl Pts',(-0.808774623467289,30.4379121186026,20.8866177400219));
#5220=CARTESIAN_POINT('Ctrl Pts',(-1.17832860234132,29.3964700013941,20.5790183968109));
#5221=CARTESIAN_POINT('Ctrl Pts',(-1.59626672765747,28.4873691664786,20.0148461125608));
#5222=CARTESIAN_POINT('Ctrl Pts',(-1.75,27.9900817844899,19.4680729205882));
#5223=CARTESIAN_POINT('Ctrl Pts',(-1.75,27.7847299649869,19.1627906976744));
#5224=CARTESIAN_POINT('',(-1.75,27.125,17.));
#5225=CARTESIAN_POINT('Origin',(-1.75,31.,17.));
#5226=CARTESIAN_POINT('',(0.,27.125,17.));
#5227=CARTESIAN_POINT('Origin',(-1.75,31.,17.));
#5228=CARTESIAN_POINT('Origin',(-1.75,31.,17.));
#5229=CARTESIAN_POINT('Origin',(-1.75,35.4598906937278,20.));
#5230=CARTESIAN_POINT('Origin',(-1.75,26.5401093062722,20.));
#5231=CARTESIAN_POINT('Ctrl Pts',(-1.75,34.2152700350131,19.1627906976744));
#5232=CARTESIAN_POINT('Ctrl Pts',(-1.75,33.8045663960071,19.773355143502));
#5233=CARTESIAN_POINT('Ctrl Pts',(-1.29860732434033,32.9494555253976,20.479250325171));
#5234=CARTESIAN_POINT('Ctrl Pts',(-0.807622293731243,31.5652079254221,20.8854223037522));
#5235=CARTESIAN_POINT('Ctrl Pts',(-0.808774623467289,30.4379121186026,20.8866177400219));
#5236=CARTESIAN_POINT('Ctrl Pts',(-1.17832860234132,29.3964700013941,20.5790183968109));
#5237=CARTESIAN_POINT('Ctrl Pts',(-1.59626672765747,28.4873691664786,20.0148461125608));
#5238=CARTESIAN_POINT('Ctrl Pts',(-1.75,27.9900817844899,19.4680729205882));
#5239=CARTESIAN_POINT('Ctrl Pts',(-1.75,27.7847299649869,19.1627906976744));
#5240=CARTESIAN_POINT('Ctrl Pts',(-1.97439947525641,34.2152700350131,19.1627906976744));
#5241=CARTESIAN_POINT('Ctrl Pts',(-1.99365130862722,33.7793888150938,19.8106486793869));
#5242=CARTESIAN_POINT('Ctrl Pts',(-1.57092220098336,32.861100895844,20.5280298741079));
#5243=CARTESIAN_POINT('Ctrl Pts',(-1.13935376462616,31.5097978784518,20.8834918454095));
#5244=CARTESIAN_POINT('Ctrl Pts',(-1.14016971696904,30.4916171665325,20.8854590592993));
#5245=CARTESIAN_POINT('Ctrl Pts',(-1.46424546862544,29.4767654816981,20.6158800460298));
#5246=CARTESIAN_POINT('Ctrl Pts',(-1.84968436626975,28.5313694029761,20.0569166617643));
#5247=CARTESIAN_POINT('Ctrl Pts',(-1.98402539194182,28.0026705749465,19.4867196885307));
#5248=CARTESIAN_POINT('Ctrl Pts',(-1.97439947525641,27.7847299649869,19.1627906976744));
#5249=CARTESIAN_POINT('Ctrl Pts',(-2.4231138860493,34.300275032173,19.2199703482516));
#5250=CARTESIAN_POINT('Ctrl Pts',(-2.48098038676263,33.8181393215706,19.9688061796309));
#5251=CARTESIAN_POINT('Ctrl Pts',(-2.11525951520244,32.7808310573925,20.7738507517954));
#5252=CARTESIAN_POINT('Ctrl Pts',(-1.80338674833674,31.4352046023981,21.1118435407155));
#5253=CARTESIAN_POINT('Ctrl Pts',(-1.80337618830305,30.5630551706837,21.1144122549224));
#5254=CARTESIAN_POINT('Ctrl Pts',(-2.0361809341233,29.5559520056905,20.8588871097131));
#5255=CARTESIAN_POINT('Ctrl Pts',(-2.35630890229791,28.5275079280253,20.2446003730308));
#5256=CARTESIAN_POINT('Ctrl Pts',(-2.45204713640597,27.9407928231282,19.5943882639412));
#5257=CARTESIAN_POINT('Ctrl Pts',(-2.4231138860493,27.699724967827,19.2199703482516));
#5258=CARTESIAN_POINT('Ctrl Pts',(-2.91771553282113,34.6276707070041,19.4401970515371));
#5259=CARTESIAN_POINT('Ctrl Pts',(-2.99735531145314,34.1015992190221,20.369451617257));
#5260=CARTESIAN_POINT('Ctrl Pts',(-2.63022373705791,32.9654426541307,21.4108812507853));
#5261=CARTESIAN_POINT('Ctrl Pts',(-2.32756700680383,31.4778661651719,21.9216589803987));
#5262=CARTESIAN_POINT('Ctrl Pts',(-2.32744202863958,30.5198133998191,21.9237781201688));
#5263=CARTESIAN_POINT('Ctrl Pts',(-2.55279094011847,29.4068565985783,21.5388263128667));
#5264=CARTESIAN_POINT('Ctrl Pts',(-2.87226496431377,28.2759657964244,20.7235170720538));
#5265=CARTESIAN_POINT('Ctrl Pts',(-2.95753542213714,27.6353650369869,19.904824334397));
#5266=CARTESIAN_POINT('Ctrl Pts',(-2.91771553282113,27.3723292929959,19.440197051537));
#5267=CARTESIAN_POINT('Ctrl Pts',(-3.19272800616476,35.0410502037421,19.7182618238325));
#5268=CARTESIAN_POINT('Ctrl Pts',(-3.25095221399452,34.4888921526735,20.8105515240667));
#5269=CARTESIAN_POINT('Ctrl Pts',(-2.78225082180925,33.3144630642091,22.0740253907055));
#5270=CARTESIAN_POINT('Ctrl Pts',(-2.32137043780881,31.6163907002038,22.7805321297531));
#5271=CARTESIAN_POINT('Ctrl Pts',(-2.32204059483567,30.3840276921487,22.7822386491917));
#5272=CARTESIAN_POINT('Ctrl Pts',(-2.66731655758513,29.1102191176699,22.2491861280992));
#5273=CARTESIAN_POINT('Ctrl Pts',(-3.09146113682057,27.9057887056639,21.2398551483832));
#5274=CARTESIAN_POINT('Ctrl Pts',(-3.22184011007964,27.2350288217922,20.2644066739495));
#5275=CARTESIAN_POINT('Ctrl Pts',(-3.19272800616476,26.9589497962579,19.7182618238325));
#5276=CARTESIAN_POINT('Ctrl Pts',(-3.25,35.3202445823734,19.9060653359392));
#5277=CARTESIAN_POINT('Ctrl Pts',(-3.27276986981566,34.7563762014338,21.0813478886699));
#5278=CARTESIAN_POINT('Ctrl Pts',(-2.69264705088248,33.5740212869681,22.4456162271358));
#5279=CARTESIAN_POINT('Ctrl Pts',(-2.07428552831283,31.7279762554059,23.2312775302231));
#5280=CARTESIAN_POINT('Ctrl Pts',(-2.07560735814956,30.2750288036507,23.2332898819223));
#5281=CARTESIAN_POINT('Ctrl Pts',(-2.54052144872651,28.8874130987274,22.6391792502897));
#5282=CARTESIAN_POINT('Ctrl Pts',(-3.07530390704213,27.6451740088527,21.5466682020409));
#5283=CARTESIAN_POINT('Ctrl Pts',(-3.26138493490783,26.9616896080963,20.4937066123045));
#5284=CARTESIAN_POINT('Ctrl Pts',(-3.25,26.6797554176266,19.9060653359392));
#5285=CARTESIAN_POINT('Ctrl Pts',(-3.25,35.4598906937278,20.));
#5286=CARTESIAN_POINT('Ctrl Pts',(-3.25,34.8902050009131,21.2098742474924));
#5287=CARTESIAN_POINT('Ctrl Pts',(-2.6051533204862,33.7040834707129,22.6086527180808));
#5288=CARTESIAN_POINT('Ctrl Pts',(-1.90374613390177,31.7839980901016,23.4135096341633));
#5289=CARTESIAN_POINT('Ctrl Pts',(-1.90539231923899,30.2203297129004,23.415878471011));
#5290=CARTESIAN_POINT('Ctrl Pts',(-2.43332657477332,28.7757487116111,22.8063498185653));
#5291=CARTESIAN_POINT('Ctrl Pts',(-3.03038103951068,27.5147378760832,21.6884047391758));
#5292=CARTESIAN_POINT('Ctrl Pts',(-3.25,26.8249521526795,20.6049371237462));
#5293=CARTESIAN_POINT('Ctrl Pts',(-3.25,26.5401093062722,20.));
#5294=CARTESIAN_POINT('Origin',(0.,34.8322042584754,7.5));
#5295=CARTESIAN_POINT('',(0.,34.8322042584754,9.));
#5296=CARTESIAN_POINT('Origin',(0.,56.0322042584753,7.49999999999837));
#5297=CARTESIAN_POINT('',(0.,56.0322042584752,8.99999999999837));
#5298=CARTESIAN_POINT('Origin',(0.,53.0322042584747,2.5));
#5299=CARTESIAN_POINT('',(0.,53.0322042584747,1.));
#5300=CARTESIAN_POINT('Origin',(0.,54.5322042584746,1.));
#5301=CARTESIAN_POINT('',(0.,37.8322042584754,0.999999999999998));
#5302=CARTESIAN_POINT('Origin',(0.,37.8322042584754,2.5));
#5303=CARTESIAN_POINT('Origin',(-0.25,46.4375005141,15.5));
#5304=CARTESIAN_POINT('',(-0.5,87.2500010282,15.75));
#5305=CARTESIAN_POINT('Origin',(-0.25,87.5000010282,14.1249999999999));
#5306=CARTESIAN_POINT('',(-0.5,87.2500010282,18.25));
#5307=CARTESIAN_POINT('Origin',(-0.25,66.9375005141,18.5));
#5308=CARTESIAN_POINT('Origin',(8.5,6.,6.));
#5309=CARTESIAN_POINT('Ctrl Pts',(8.49999999982948,11.8785887457401,7.20091396805022));
#5310=CARTESIAN_POINT('Ctrl Pts',(4.58341081478164,12.2255292432807,7.21458892045815));
#5311=CARTESIAN_POINT('Ctrl Pts',(0.666734406268731,12.5720611314986,7.22641620111802));
#5312=CARTESIAN_POINT('Ctrl Pts',(-3.24999999975101,12.9182745084852,7.23699092448666));
#5313=CARTESIAN_POINT('Origin',(8.5,87.25,6.00000000000001));
#5314=CARTESIAN_POINT('Origin',(0.,36.3322042584754,9.));
#5315=CARTESIAN_POINT('Ctrl Pts',(-3.25000000087043,14.4008573098868,9.));
#5316=CARTESIAN_POINT('Ctrl Pts',(0.666734080130736,14.0527679653067,9.));
#5317=CARTESIAN_POINT('Ctrl Pts',(4.58341048884261,13.7040293051533,9.00000000000001));
#5318=CARTESIAN_POINT('Ctrl Pts',(8.49999999934307,13.3543170495737,9.00000000000001));
#5319=CARTESIAN_POINT('Ctrl Pts',(-3.38073361499192,12.9298303740299,7.23734342551105));
#5320=CARTESIAN_POINT('Ctrl Pts',(0.580696089159827,12.5796735009597,7.22667614921775));
#5321=CARTESIAN_POINT('Ctrl Pts',(4.54206679726301,12.2291918315443,7.21473433984262));
#5322=CARTESIAN_POINT('Ctrl Pts',(8.50334827140391,11.8782921480251,7.20090227695485));
#5323=CARTESIAN_POINT('Ctrl Pts',(-3.3846017574931,12.8863056703857,7.48303195552594));
#5324=CARTESIAN_POINT('Ctrl Pts',(0.576649367363763,12.5341962276103,7.47306353658799));
#5325=CARTESIAN_POINT('Ctrl Pts',(4.53781921091882,12.1815264523487,7.46188911054768));
#5326=CARTESIAN_POINT('Ctrl Pts',(8.49885998134005,11.8280289341965,7.44889729941803));
#5327=CARTESIAN_POINT('Ctrl Pts',(-3.38122450930933,12.9243067849482,7.99569438461846));
#5328=CARTESIAN_POINT('Ctrl Pts',(0.579764992132409,12.5692041170039,7.98821157851198));
#5329=CARTESIAN_POINT('Ctrl Pts',(4.54063671763938,12.2131325419353,7.9797711403339));
#5330=CARTESIAN_POINT('Ctrl Pts',(8.50132255056265,11.8556066178226,7.96994454338763));
#5331=CARTESIAN_POINT('Ctrl Pts',(-3.33805555520175,13.4100479213174,8.75460108346712));
#5332=CARTESIAN_POINT('Ctrl Pts',(0.622901695902937,13.0539533821623,8.75247212210746));
#5333=CARTESIAN_POINT('Ctrl Pts',(4.58373547434519,12.6967151858841,8.75009166174935));
#5334=CARTESIAN_POINT('Ctrl Pts',(8.54437527451525,12.3377430749461,8.74727168578697));
#5335=CARTESIAN_POINT('Ctrl Pts',(-3.28313574340647,14.028010814839,9.));
#5336=CARTESIAN_POINT('Ctrl Pts',(0.678113033094099,13.6743970817359,9.00004247412636));
#5337=CARTESIAN_POINT('Ctrl Pts',(4.63928257268245,13.3199810773377,8.99994230217122));
#5338=CARTESIAN_POINT('Ctrl Pts',(8.60031816261618,12.9642331873937,9.00000000000001));
#5339=CARTESIAN_POINT('Ctrl Pts',(-3.25000000087043,14.4008573098868,9.));
#5340=CARTESIAN_POINT('Ctrl Pts',(0.711429703281318,14.0487957604425,9.));
#5341=CARTESIAN_POINT('Ctrl Pts',(4.67280041138449,13.6960699916032,9.00000000000001));
#5342=CARTESIAN_POINT('Ctrl Pts',(8.63408188552539,13.3423444948378,9.00000000000001));
#5343=CARTESIAN_POINT('Origin',(0.,36.3322042584754,9.));
#5344=CARTESIAN_POINT('Origin',(0.,3.81718967854977,11.5000002384186));
#5345=CARTESIAN_POINT('',(0.,3.81718967854977,11.5000002384186));
#5346=CARTESIAN_POINT('Origin',(0.,8.99249647557736,13.2557981014252));
#5347=CARTESIAN_POINT('',(0.,10.0914052575827,11.5000002384186));
#5348=CARTESIAN_POINT('',(0.,8.99249647557736,13.2557981014252));
#5349=CARTESIAN_POINT('Origin',(0.,10.0914052575827,11.5000002384186));
#5350=CARTESIAN_POINT('',(0.,7.91814480721951,11.5000002384186));
#5351=CARTESIAN_POINT('Origin',(0.,7.91814480721951,11.5000002384186));
#5352=CARTESIAN_POINT('',(0.,6.60436545312405,13.4583901166916));
#5353=CARTESIAN_POINT('Ctrl Pts',(0.,6.60436545312405,13.4583901166916));
#5354=CARTESIAN_POINT('Ctrl Pts',(-3.7262918545654,6.60436545312405,13.4583901166916));
#5355=CARTESIAN_POINT('Ctrl Pts',(0.,6.41361222313354,13.7478073161365));
#5356=CARTESIAN_POINT('Ctrl Pts',(-3.7262918545654,6.41361222313354,13.7478073161365));
#5357=CARTESIAN_POINT('Ctrl Pts',(0.,6.11360839546342,14.2029831872416));
#5358=CARTESIAN_POINT('Ctrl Pts',(-3.7262918545654,6.11360839546342,14.2029831872416));
#5359=CARTESIAN_POINT('Ctrl Pts',(0.,5.77131010965031,14.626975170445));
#5360=CARTESIAN_POINT('Ctrl Pts',(-3.7262918545654,5.77131010965031,14.626975170445));
#5361=CARTESIAN_POINT('Ctrl Pts',(0.,5.64665739238263,14.7813777923584));
#5362=CARTESIAN_POINT('Ctrl Pts',(-3.7262918545654,5.64665739238263,14.7813777923584));
#5363=CARTESIAN_POINT('',(0.,5.64665739238263,14.7813777923584));
#5364=CARTESIAN_POINT('Ctrl Pts',(0.,5.64665739238263,14.7813777923584));
#5365=CARTESIAN_POINT('Ctrl Pts',(-3.7262918545654,5.64665739238263,14.7813777923584));
#5366=CARTESIAN_POINT('Ctrl Pts',(0.,5.56228423259955,14.8642315000949));
#5367=CARTESIAN_POINT('Ctrl Pts',(-3.7262918545654,5.56228423259955,14.8642315000949));
#5368=CARTESIAN_POINT('Ctrl Pts',(0.,5.40210276365924,15.0215283068816));
#5369=CARTESIAN_POINT('Ctrl Pts',(-3.7262918545654,5.40210276365924,15.0215283068816));
#5370=CARTESIAN_POINT('Ctrl Pts',(0.,5.19723121000942,15.1127123783793));
#5371=CARTESIAN_POINT('Ctrl Pts',(-3.7262918545654,5.19723121000942,15.1127123783793));
#5372=CARTESIAN_POINT('Ctrl Pts',(0.,5.10027264058591,15.1558666229248));
#5373=CARTESIAN_POINT('Ctrl Pts',(-3.7262918545654,5.10027264058591,15.1558666229248));
#5374=CARTESIAN_POINT('',(0.,5.10027264058591,15.1558666229248));
#5375=CARTESIAN_POINT('Ctrl Pts',(0.,5.10027264058591,15.1558666229248));
#5376=CARTESIAN_POINT('Ctrl Pts',(-3.7262918545654,5.10027264058591,15.1558666229248));
#5377=CARTESIAN_POINT('Ctrl Pts',(0.,4.97645260771253,15.1851904607869));
#5378=CARTESIAN_POINT('Ctrl Pts',(-3.7262918545654,4.97645260771253,15.1851904607869));
#5379=CARTESIAN_POINT('Ctrl Pts',(0.,4.67618950784883,15.2563006539604));
#5380=CARTESIAN_POINT('Ctrl Pts',(-3.7262918545654,4.67618950784883,15.2563006539604));
#5381=CARTESIAN_POINT('Ctrl Pts',(0.,4.36714305034776,15.2568433997812));
#5382=CARTESIAN_POINT('Ctrl Pts',(-3.7262918545654,4.36714305034776,15.2568433997812));
#5383=CARTESIAN_POINT('Ctrl Pts',(0.,4.18553863465787,15.2571623325348));
#5384=CARTESIAN_POINT('Ctrl Pts',(-3.7262918545654,4.18553863465787,15.2571623325348));
#5385=CARTESIAN_POINT('',(0.,4.18553863465787,15.2571623325348));
#5386=CARTESIAN_POINT('Origin',(0.,4.18553863465787,15.2571623325348));
#5387=CARTESIAN_POINT('',(0.,3.81718967854977,15.2571623325348));
#5388=CARTESIAN_POINT('Origin',(0.,3.81718967854977,15.2571623325348));
#5389=CARTESIAN_POINT('Origin',(0.,2.00000000000002,20.5));
#5390=CARTESIAN_POINT('',(0.,5.82469289004805,20.5));
#5391=CARTESIAN_POINT('Ctrl Pts',(0.,5.82469289004805,20.5));
#5392=CARTESIAN_POINT('Ctrl Pts',(-3.7262918545654,5.82469289004805,20.5));
#5393=CARTESIAN_POINT('Ctrl Pts',(0.,6.24241132662461,20.4994213920336));
#5394=CARTESIAN_POINT('Ctrl Pts',(-3.7262918545654,6.24241132662461,20.4994213920336));
#5395=CARTESIAN_POINT('Ctrl Pts',(0.,6.9516575466938,20.4984389706773));
#5396=CARTESIAN_POINT('Ctrl Pts',(-3.7262918545654,6.9516575466938,20.4984389706773));
#5397=CARTESIAN_POINT('Ctrl Pts',(0.,7.63877985511267,20.3276883980258));
#5398=CARTESIAN_POINT('Ctrl Pts',(-3.7262918545654,7.63877985511267,20.3276883980258));
#5399=CARTESIAN_POINT('Ctrl Pts',(0.,7.92121385037901,20.2575032711029));
#5400=CARTESIAN_POINT('Ctrl Pts',(-3.7262918545654,7.92121385037901,20.2575032711029));
#5401=CARTESIAN_POINT('',(0.,7.92121385037901,20.2575032711029));
#5402=CARTESIAN_POINT('Ctrl Pts',(0.,7.92121385037901,20.2575032711029));
#5403=CARTESIAN_POINT('Ctrl Pts',(-3.7262918545654,7.92121385037901,20.2575032711029));
#5404=CARTESIAN_POINT('Ctrl Pts',(0.,8.12916303777666,20.1595374433587));
#5405=CARTESIAN_POINT('Ctrl Pts',(-3.7262918545654,8.12916303777666,20.1595374433587));
#5406=CARTESIAN_POINT('Ctrl Pts',(0.,8.55091959787953,19.9608459695709));
#5407=CARTESIAN_POINT('Ctrl Pts',(-3.7262918545654,8.55091959787953,19.9608459695709));
#5408=CARTESIAN_POINT('Ctrl Pts',(0.,8.82765190361344,19.585321955148));
#5409=CARTESIAN_POINT('Ctrl Pts',(-3.7262918545654,8.82765190361344,19.585321955148));
#5410=CARTESIAN_POINT('Ctrl Pts',(0.,8.96793995797636,19.3949519395828));
#5411=CARTESIAN_POINT('Ctrl Pts',(-3.7262918545654,8.96793995797636,19.3949519395828));
#5412=CARTESIAN_POINT('',(0.,8.96793995797636,19.3949519395828));
#5413=CARTESIAN_POINT('Ctrl Pts',(0.,8.96793995797636,19.3949519395828));
#5414=CARTESIAN_POINT('Ctrl Pts',(-3.7262918545654,8.96793995797636,19.3949519395828));
#5415=CARTESIAN_POINT('Ctrl Pts',(0.,9.08252176782532,19.1780188835925));
#5416=CARTESIAN_POINT('Ctrl Pts',(-3.7262918545654,9.08252176782532,19.1780188835925));
#5417=CARTESIAN_POINT('Ctrl Pts',(0.,9.31688502950074,18.7343085020395));
#5418=CARTESIAN_POINT('Ctrl Pts',(-3.7262918545654,9.31688502950074,18.7343085020395));
#5419=CARTESIAN_POINT('Ctrl Pts',(0.,9.34597681838754,18.233015327766));
#5420=CARTESIAN_POINT('Ctrl Pts',(-3.7262918545654,9.34597681838754,18.233015327766));
#5421=CARTESIAN_POINT('Ctrl Pts',(0.,9.36084543168546,17.9768078327179));
#5422=CARTESIAN_POINT('Ctrl Pts',(-3.7262918545654,9.36084543168546,17.9768078327179));
#5423=CARTESIAN_POINT('',(0.,9.36084543168546,17.9768078327179));
#5424=CARTESIAN_POINT('Ctrl Pts',(0.,9.36084543168546,17.9768078327179));
#5425=CARTESIAN_POINT('Ctrl Pts',(-3.7262918545654,9.36084543168546,17.9768078327179));
#5426=CARTESIAN_POINT('Ctrl Pts',(0.,9.33981598866892,17.6581690589213));
#5427=CARTESIAN_POINT('Ctrl Pts',(-3.7262918545654,9.33981598866892,17.6581690589213));
#5428=CARTESIAN_POINT('Ctrl Pts',(0.,9.29922200681707,17.0430877849844));
#5429=CARTESIAN_POINT('Ctrl Pts',(-3.7262918545654,9.29922200681707,17.0430877849844));
#5430=CARTESIAN_POINT('Ctrl Pts',(0.,8.93897255550099,16.5442878038184));
#5431=CARTESIAN_POINT('Ctrl Pts',(-3.7262918545654,8.93897255550099,16.5442878038184));
#5432=CARTESIAN_POINT('Ctrl Pts',(0.,8.76534794270993,16.3038878440857));
#5433=CARTESIAN_POINT('Ctrl Pts',(-3.7262918545654,8.76534794270993,16.3038878440857));
#5434=CARTESIAN_POINT('',(0.,8.76534794270993,16.3038878440857));
#5435=CARTESIAN_POINT('Ctrl Pts',(0.,8.76534794270993,16.3038878440857));
#5436=CARTESIAN_POINT('Ctrl Pts',(-3.7262918545654,8.76534794270993,16.3038878440857));
#5437=CARTESIAN_POINT('Ctrl Pts',(0.,8.5284292176813,16.1025148193416));
#5438=CARTESIAN_POINT('Ctrl Pts',(-3.7262918545654,8.5284292176813,16.1025148193416));
#5439=CARTESIAN_POINT('Ctrl Pts',(0.,8.01295644809943,15.6643801350891));
#5440=CARTESIAN_POINT('Ctrl Pts',(-3.7262918545654,8.01295644809943,15.6643801350891));
#5441=CARTESIAN_POINT('Ctrl Pts',(0.,7.34561477438632,15.5395105993962));
#5442=CARTESIAN_POINT('Ctrl Pts',(-3.7262918545654,7.34561477438632,15.5395105993962));
#5443=CARTESIAN_POINT('Ctrl Pts',(0.,6.98499296605588,15.4720329046249));
#5444=CARTESIAN_POINT('Ctrl Pts',(-3.7262918545654,6.98499296605588,15.4720329046249));
#5445=CARTESIAN_POINT('',(0.,6.98499296605588,15.4720329046249));
#5446=CARTESIAN_POINT('Ctrl Pts',(0.,6.98499296605588,15.4720329046249));
#5447=CARTESIAN_POINT('Ctrl Pts',(-3.7262918545654,6.98499296605588,15.4720329046249));
#5448=CARTESIAN_POINT('Ctrl Pts',(0.,7.16938557586225,15.3583035926115));
#5449=CARTESIAN_POINT('Ctrl Pts',(-3.7262918545654,7.16938557586225,15.3583035926115));
#5450=CARTESIAN_POINT('Ctrl Pts',(0.,7.52098116573897,15.1414471546793));
#5451=CARTESIAN_POINT('Ctrl Pts',(-3.7262918545654,7.52098116573897,15.1414471546793));
#5452=CARTESIAN_POINT('Ctrl Pts',(0.,7.81718687151058,14.8537380261131));
#5453=CARTESIAN_POINT('Ctrl Pts',(-3.7262918545654,7.81718687151058,14.8537380261131));
#5454=CARTESIAN_POINT('Ctrl Pts',(0.,7.95804892480374,14.7169165611267));
#5455=CARTESIAN_POINT('Ctrl Pts',(-3.7262918545654,7.95804892480374,14.7169165611267));
#5456=CARTESIAN_POINT('',(0.,7.95804892480374,14.7169165611267));
#5457=CARTESIAN_POINT('Ctrl Pts',(0.,7.95804892480374,14.7169165611267));
#5458=CARTESIAN_POINT('Ctrl Pts',(-3.7262918545654,7.95804892480374,14.7169165611267));
#5459=CARTESIAN_POINT('Ctrl Pts',(0.,8.11168912178153,14.5291146683289));
#5460=CARTESIAN_POINT('Ctrl Pts',(-3.7262918545654,8.11168912178153,14.5291146683289));
#5461=CARTESIAN_POINT('Ctrl Pts',(0.,8.49024780046596,14.0663839650987));
#5462=CARTESIAN_POINT('Ctrl Pts',(-3.7262918545654,8.49024780046596,14.0663839650987));
#5463=CARTESIAN_POINT('Ctrl Pts',(0.,8.80530627707503,13.5579068699362));
#5464=CARTESIAN_POINT('Ctrl Pts',(-3.7262918545654,8.80530627707503,13.5579068699362));
#5465=CARTESIAN_POINT('Ctrl Pts',(0.,8.99249647557736,13.2557981014252));
#5466=CARTESIAN_POINT('Ctrl Pts',(-3.7262918545654,8.99249647557736,13.2557981014252));
#5467=CARTESIAN_POINT('Ctrl Pts',(0.,6.79467950761319,16.8042289018631));
#5468=CARTESIAN_POINT('Ctrl Pts',(-3.7262918545654,6.79467950761319,16.8042289018631));
#5469=CARTESIAN_POINT('Ctrl Pts',(0.,6.8968279018778,16.8470945010762));
#5470=CARTESIAN_POINT('Ctrl Pts',(-3.7262918545654,6.8968279018778,16.8470945010762));
#5471=CARTESIAN_POINT('Ctrl Pts',(0.,7.09841119065052,16.931687005215));
#5472=CARTESIAN_POINT('Ctrl Pts',(-3.7262918545654,7.09841119065052,16.931687005215));
#5473=CARTESIAN_POINT('Ctrl Pts',(0.,7.23624142953471,17.1012273354486));
#5474=CARTESIAN_POINT('Ctrl Pts',(-3.7262918545654,7.23624142953471,17.1012273354486));
#5475=CARTESIAN_POINT('Ctrl Pts',(0.,7.30422888696195,17.1848564147949));
#5476=CARTESIAN_POINT('Ctrl Pts',(-3.7262918545654,7.30422888696195,17.1848564147949));
#5477=CARTESIAN_POINT('',(0.,7.30422888696195,17.1848564147949));
#5478=CARTESIAN_POINT('',(0.,7.30422888696195,17.1848564147949));
#5479=CARTESIAN_POINT('',(0.,6.79467950761319,16.8042289018631));
#5480=CARTESIAN_POINT('Ctrl Pts',(0.,6.79467950761319,16.8042289018631));
#5481=CARTESIAN_POINT('Ctrl Pts',(0.,6.8968279018778,16.8470945010762));
#5482=CARTESIAN_POINT('Ctrl Pts',(0.,7.09841119065052,16.931687005215));
#5483=CARTESIAN_POINT('Ctrl Pts',(0.,7.23624142953471,17.1012273354486));
#5484=CARTESIAN_POINT('Ctrl Pts',(0.,7.30422888696195,17.1848564147949));
#5485=CARTESIAN_POINT('',(0.,6.79467950761319,16.8042289018631));
#5486=CARTESIAN_POINT('Ctrl Pts',(0.,5.16166423261167,16.6937242746353));
#5487=CARTESIAN_POINT('Ctrl Pts',(-3.7262918545654,5.16166423261167,16.6937242746353));
#5488=CARTESIAN_POINT('Ctrl Pts',(0.,5.51684048393466,16.6894315341047));
#5489=CARTESIAN_POINT('Ctrl Pts',(-3.7262918545654,5.51684048393466,16.6894315341047));
#5490=CARTESIAN_POINT('Ctrl Pts',(0.,6.064885318514,16.6828077402413));
#5491=CARTESIAN_POINT('Ctrl Pts',(-3.7262918545654,6.064885318514,16.6828077402413));
#5492=CARTESIAN_POINT('Ctrl Pts',(0.,6.60470539197166,16.7726215279708));
#5493=CARTESIAN_POINT('Ctrl Pts',(-3.7262918545654,6.60470539197166,16.7726215279708));
#5494=CARTESIAN_POINT('Ctrl Pts',(0.,6.79467950761319,16.8042289018631));
#5495=CARTESIAN_POINT('Ctrl Pts',(-3.7262918545654,6.79467950761319,16.8042289018631));
#5496=CARTESIAN_POINT('',(0.,5.16166423261167,16.6937242746353));
#5497=CARTESIAN_POINT('Ctrl Pts',(0.,5.16166423261167,16.6937242746353));
#5498=CARTESIAN_POINT('Ctrl Pts',(0.,5.51684048393466,16.6894315341047));
#5499=CARTESIAN_POINT('Ctrl Pts',(0.,6.064885318514,16.6828077402413));
#5500=CARTESIAN_POINT('Ctrl Pts',(0.,6.60470539197166,16.7726215279708));
#5501=CARTESIAN_POINT('Ctrl Pts',(0.,6.79467950761319,16.8042289018631));
#5502=CARTESIAN_POINT('',(0.,5.16166423261167,16.6937242746353));
#5503=CARTESIAN_POINT('Origin',(0.,3.81718967854978,16.6937242746353));
#5504=CARTESIAN_POINT('',(0.,25.2210948392749,16.6937242746353));
#5505=CARTESIAN_POINT('Origin',(0.,5.23533408343793,18.9774893522262));
#5506=CARTESIAN_POINT('',(0.,5.23533408343793,18.9774893522262));
#5507=CARTESIAN_POINT('',(0.,1.99999999999999,18.9774893522262));
#5508=CARTESIAN_POINT('',(0.,5.23533408343793,18.9774893522262));
#5509=CARTESIAN_POINT('Ctrl Pts',(0.,6.56139110028745,18.9467941522598));
#5510=CARTESIAN_POINT('Ctrl Pts',(-3.7262918545654,6.56139110028745,18.9467941522598));
#5511=CARTESIAN_POINT('Ctrl Pts',(0.,6.41408398168903,18.9555342874489));
#5512=CARTESIAN_POINT('Ctrl Pts',(-3.7262918545654,6.41408398168903,18.9555342874489));
#5513=CARTESIAN_POINT('Ctrl Pts',(0.,5.97254980579457,18.981731720571));
#5514=CARTESIAN_POINT('Ctrl Pts',(-3.7262918545654,5.97254980579457,18.981731720571));
#5515=CARTESIAN_POINT('Ctrl Pts',(0.,5.53014278332116,18.9791858530715));
#5516=CARTESIAN_POINT('Ctrl Pts',(-3.7262918545654,5.53014278332116,18.9791858530715));
#5517=CARTESIAN_POINT('Ctrl Pts',(0.,5.23533408343793,18.9774893522262));
#5518=CARTESIAN_POINT('Ctrl Pts',(-3.7262918545654,5.23533408343793,18.9774893522262));
#5519=CARTESIAN_POINT('',(0.,6.56139110028745,18.9467941522598));
#5520=CARTESIAN_POINT('Ctrl Pts',(0.,6.56139110028745,18.9467941522598));
#5521=CARTESIAN_POINT('Ctrl Pts',(0.,6.41408398168903,18.9555342874489));
#5522=CARTESIAN_POINT('Ctrl Pts',(0.,5.97254980579457,18.981731720571));
#5523=CARTESIAN_POINT('Ctrl Pts',(0.,5.53014278332116,18.9791858530715));
#5524=CARTESIAN_POINT('Ctrl Pts',(0.,5.23533408343793,18.9774893522262));
#5525=CARTESIAN_POINT('',(0.,6.56139110028745,18.9467941522598));
#5526=CARTESIAN_POINT('Ctrl Pts',(0.,7.24590693414213,18.5937927961349));
#5527=CARTESIAN_POINT('Ctrl Pts',(-3.7262918545654,7.24590693414213,18.5937927961349));
#5528=CARTESIAN_POINT('Ctrl Pts',(0.,7.15325028226658,18.6788676435671));
#5529=CARTESIAN_POINT('Ctrl Pts',(-3.7262918545654,7.15325028226658,18.6788676435671));
#5530=CARTESIAN_POINT('Ctrl Pts',(0.,6.95771690649187,18.8584011338799));
#5531=CARTESIAN_POINT('Ctrl Pts',(-3.7262918545654,6.95771690649187,18.8584011338799));
#5532=CARTESIAN_POINT('Ctrl Pts',(0.,6.69802421218134,18.9163207059642));
#5533=CARTESIAN_POINT('Ctrl Pts',(-3.7262918545654,6.69802421218134,18.9163207059642));
#5534=CARTESIAN_POINT('Ctrl Pts',(0.,6.56139110028745,18.9467941522598));
#5535=CARTESIAN_POINT('Ctrl Pts',(-3.7262918545654,6.56139110028745,18.9467941522598));
#5536=CARTESIAN_POINT('',(0.,7.24590693414213,18.5937927961349));
#5537=CARTESIAN_POINT('Ctrl Pts',(0.,7.24590693414213,18.5937927961349));
#5538=CARTESIAN_POINT('Ctrl Pts',(0.,7.15325028226658,18.6788676435671));
#5539=CARTESIAN_POINT('Ctrl Pts',(0.,6.95771690649187,18.8584011338799));
#5540=CARTESIAN_POINT('Ctrl Pts',(0.,6.69802421218134,18.9163207059642));
#5541=CARTESIAN_POINT('Ctrl Pts',(0.,6.56139110028745,18.9467941522598));
#5542=CARTESIAN_POINT('',(0.,7.24590693414213,18.5937927961349));
#5543=CARTESIAN_POINT('Ctrl Pts',(0.,7.48840366303922,17.8601633310318));
#5544=CARTESIAN_POINT('Ctrl Pts',(-3.7262918545654,7.48840366303922,17.8601633310318));
#5545=CARTESIAN_POINT('Ctrl Pts',(0.,7.48078017695673,18.0013211946155));
#5546=CARTESIAN_POINT('Ctrl Pts',(-3.7262918545654,7.48078017695673,18.0013211946155));
#5547=CARTESIAN_POINT('Ctrl Pts',(0.,7.46634623890927,18.2685826332581));
#5548=CARTESIAN_POINT('Ctrl Pts',(-3.7262918545654,7.46634623890927,18.2685826332581));
#5549=CARTESIAN_POINT('Ctrl Pts',(0.,7.31657459254176,18.4895380638741));
#5550=CARTESIAN_POINT('Ctrl Pts',(-3.7262918545654,7.31657459254176,18.4895380638741));
#5551=CARTESIAN_POINT('Ctrl Pts',(0.,7.24590693414213,18.5937927961349));
#5552=CARTESIAN_POINT('Ctrl Pts',(-3.7262918545654,7.24590693414213,18.5937927961349));
#5553=CARTESIAN_POINT('',(0.,7.48840366303922,17.8601633310318));
#5554=CARTESIAN_POINT('Ctrl Pts',(0.,7.48840366303922,17.8601633310318));
#5555=CARTESIAN_POINT('Ctrl Pts',(0.,7.48078017695673,18.0013211946155));
#5556=CARTESIAN_POINT('Ctrl Pts',(0.,7.46634623890927,18.2685826332581));
#5557=CARTESIAN_POINT('Ctrl Pts',(0.,7.31657459254176,18.4895380638741));
#5558=CARTESIAN_POINT('Ctrl Pts',(0.,7.24590693414213,18.5937927961349));
#5559=CARTESIAN_POINT('',(0.,7.48840366303922,17.8601633310318));
#5560=CARTESIAN_POINT('Ctrl Pts',(0.,7.30422888696195,17.1848564147949));
#5561=CARTESIAN_POINT('Ctrl Pts',(-3.7262918545654,7.30422888696195,17.1848564147949));
#5562=CARTESIAN_POINT('Ctrl Pts',(0.,7.35789928627122,17.2840008276285));
#5563=CARTESIAN_POINT('Ctrl Pts',(-3.7262918545654,7.35789928627122,17.2840008276285));
#5564=CARTESIAN_POINT('Ctrl Pts',(0.,7.47174414579697,17.494304494027));
#5565=CARTESIAN_POINT('Ctrl Pts',(-3.7262918545654,7.47174414579697,17.494304494027));
#5566=CARTESIAN_POINT('Ctrl Pts',(0.,7.48264293797143,17.7336523317657));
#5567=CARTESIAN_POINT('Ctrl Pts',(-3.7262918545654,7.48264293797143,17.7336523317657));
#5568=CARTESIAN_POINT('Ctrl Pts',(0.,7.48840366303922,17.8601633310318));
#5569=CARTESIAN_POINT('Ctrl Pts',(-3.7262918545654,7.48840366303922,17.8601633310318));
#5570=CARTESIAN_POINT('Ctrl Pts',(0.,7.30422888696195,17.1848564147949));
#5571=CARTESIAN_POINT('Ctrl Pts',(0.,7.35789928627122,17.2840008276285));
#5572=CARTESIAN_POINT('Ctrl Pts',(0.,7.47174414579697,17.494304494027));
#5573=CARTESIAN_POINT('Ctrl Pts',(0.,7.48264293797143,17.7336523317657));
#5574=CARTESIAN_POINT('Ctrl Pts',(0.,7.48840366303922,17.8601633310318));
#5575=CARTESIAN_POINT('Origin',(0.,46.625,12.5));
#5576=UNCERTAINTY_MEASURE_WITH_UNIT(LENGTH_MEASURE(0.01),#5580,
'DISTANCE_ACCURACY_VALUE',
'Maximum model space distance between geometric entities at asserted c
onnectivities');
#5577=UNCERTAINTY_MEASURE_WITH_UNIT(LENGTH_MEASURE(0.01),#5580,
'DISTANCE_ACCURACY_VALUE',
'Maximum model space distance between geometric entities at asserted c
onnectivities');
#5578=(
GEOMETRIC_REPRESENTATION_CONTEXT(3)
GLOBAL_UNCERTAINTY_ASSIGNED_CONTEXT((#5576))
GLOBAL_UNIT_ASSIGNED_CONTEXT((#5580,#5581,#5582))
REPRESENTATION_CONTEXT('','3D')
);
#5579=(
GEOMETRIC_REPRESENTATION_CONTEXT(3)
GLOBAL_UNCERTAINTY_ASSIGNED_CONTEXT((#5577))
GLOBAL_UNIT_ASSIGNED_CONTEXT((#5580,#5581,#5582))
REPRESENTATION_CONTEXT('','3D')
);
#5580=(
LENGTH_UNIT()
NAMED_UNIT(*)
SI_UNIT(.MILLI.,.METRE.)
);
#5581=(
NAMED_UNIT(*)
PLANE_ANGLE_UNIT()
SI_UNIT($,.RADIAN.)
);
#5582=(
NAMED_UNIT(*)
SI_UNIT($,.STERADIAN.)
SOLID_ANGLE_UNIT()
);
#5583=SHAPE_DEFINITION_REPRESENTATION(#5584,#5585);
#5584=PRODUCT_DEFINITION_SHAPE('',$,#5587);
#5585=SHAPE_REPRESENTATION('',(#2757),#5578);
#5586=PRODUCT_DEFINITION_CONTEXT('part definition',#5591,'design');
#5587=PRODUCT_DEFINITION('retraction_housing_bot_rev_H',
'retraction_housing_bot_rev_H v9',#5588,#5586);
#5588=PRODUCT_DEFINITION_FORMATION('',$,#5593);
#5589=PRODUCT_RELATED_PRODUCT_CATEGORY(
'retraction_housing_bot_rev_H v9','retraction_housing_bot_rev_H v9',(#5593));
#5590=APPLICATION_PROTOCOL_DEFINITION('international standard',
'automotive_design',2009,#5591);
#5591=APPLICATION_CONTEXT(
'Core Data for Automotive Mechanical Design Process');
#5592=PRODUCT_CONTEXT('part definition',#5591,'mechanical');
#5593=PRODUCT('retraction_housing_bot_rev_H',
'retraction_housing_bot_rev_H v9',$,(#5592));
#5594=PRESENTATION_STYLE_ASSIGNMENT((#5596));
#5595=PRESENTATION_STYLE_ASSIGNMENT((#5597));
#5596=SURFACE_STYLE_USAGE(.BOTH.,#5598);
#5597=SURFACE_STYLE_USAGE(.BOTH.,#5599);
#5598=SURFACE_SIDE_STYLE('',(#5600));
#5599=SURFACE_SIDE_STYLE('',(#5601));
#5600=SURFACE_STYLE_FILL_AREA(#5602);
#5601=SURFACE_STYLE_FILL_AREA(#5603);
#5602=FILL_AREA_STYLE('Steel - Satin',(#5604));
#5603=FILL_AREA_STYLE('Plastic - Matte (Black)',(#5605));
#5604=FILL_AREA_STYLE_COLOUR('Steel - Satin',#5606);
#5605=FILL_AREA_STYLE_COLOUR('Plastic - Matte (Black)',#5607);
#5606=COLOUR_RGB('Steel - Satin',0.627450980392157,0.627450980392157,0.627450980392157);
#5607=COLOUR_RGB('Plastic - Matte (Black)',0.0980392156862745,0.0980392156862745,
0.0980392156862745);
ENDSEC;
END-ISO-10303-21;
