ISO-10303-21;
HEADER;
/* Generated by software containing ST-Developer
 * from STEP Tools, Inc. (www.steptools.com) 
 */

FILE_DESCRIPTION(
/* description */ (''),
/* implementation_level */ '2;1');

FILE_NAME(
/* name */ 'STEP_trigger_brake_config_2.step',
/* time_stamp */ '2025-05-31T04:56:40-04:00',
/* author */ (''),
/* organization */ (''),
/* preprocessor_version */ 'ST-DEVELOPER v20.1',
/* originating_system */ 'Autodesk Translation Framework v14.10.0.0',
/* authorisation */ '');

FILE_SCHEMA (('AUTOMOTIVE_DESIGN { 1 0 10303 214 3 1 1 }'));
ENDSEC;

DATA;
#10=MECHANICAL_DESIGN_GEOMETRIC_PRESENTATION_REPRESENTATION('',(#13),#2569);
#11=SHAPE_REPRESENTATION_RELATIONSHIP('SRR','None',#2576,#12);
#12=ADVANCED_BREP_SHAPE_REPRESENTATION('',(#14),#2568);
#13=STYLED_ITEM('',(#2586),#14);
#14=MANIFOLD_SOLID_BREP('Body3',#1045);
#15=TOROIDAL_SURFACE('',#1120,346.547621327074,1.);
#16=TOROIDAL_SURFACE('',#1131,346.547621327074,1.);
#17=TOROIDAL_SURFACE('',#1139,4.625,0.25);
#18=TOROIDAL_SURFACE('',#1148,4.625,0.25);
#19=TOROIDAL_SURFACE('',#1150,4.625,0.25);
#20=TOROIDAL_SURFACE('',#1155,4.625,0.25);
#21=B_SPLINE_SURFACE_WITH_KNOTS('',3,3,((#1561,#1562,#1563,#1564),(#1565,
#1566,#1567,#1568),(#1569,#1570,#1571,#1572),(#1573,#1574,#1575,#1576),
(#1577,#1578,#1579,#1580),(#1581,#1582,#1583,#1584),(#1585,#1586,#1587,
#1588),(#1589,#1590,#1591,#1592),(#1593,#1594,#1595,#1596),(#1597,#1598,
#1599,#1600)),.UNSPECIFIED.,.F.,.F.,.F.,(4,1,1,1,1,1,1,4),(4,4),(0.,0.142857142857143,
0.285714285714286,0.428571428571429,0.571428571428571,0.714285714285714,
0.857142857142857,1.),(-0.0250000000000002,1.38870797470162),
 .UNSPECIFIED.);
#22=B_SPLINE_SURFACE_WITH_KNOTS('',3,3,((#1742,#1743,#1744,#1745),(#1746,
#1747,#1748,#1749),(#1750,#1751,#1752,#1753),(#1754,#1755,#1756,#1757),
(#1758,#1759,#1760,#1761)),.UNSPECIFIED.,.F.,.F.,.F.,(4,1,4),(4,4),(0.,
0.571428571428571,1.),(1.39247502445059,1.41446148935395),.UNSPECIFIED.);
#23=B_SPLINE_SURFACE_WITH_KNOTS('',3,3,((#1776,#1777,#1778,#1779),(#1780,
#1781,#1782,#1783),(#1784,#1785,#1786,#1787),(#1788,#1789,#1790,#1791),
(#1792,#1793,#1794,#1795)),.UNSPECIFIED.,.F.,.F.,.F.,(4,1,4),(4,4),(0.,
0.571428571428571,1.),(0.,0.0365110534263258),.UNSPECIFIED.);
#24=B_SPLINE_SURFACE_WITH_KNOTS('',3,3,((#1806,#1807,#1808,#1809),(#1810,
#1811,#1812,#1813),(#1814,#1815,#1816,#1817),(#1818,#1819,#1820,#1821),
(#1822,#1823,#1824,#1825)),.UNSPECIFIED.,.F.,.F.,.F.,(4,1,4),(4,4),(0.,
0.571428571428571,1.),(1.28784712388926,1.5707963267949),.UNSPECIFIED.);
#25=B_SPLINE_SURFACE_WITH_KNOTS('',3,3,((#1840,#1841,#1842,#1843),(#1844,
#1845,#1846,#1847),(#1848,#1849,#1850,#1851),(#1852,#1853,#1854,#1855),
(#1856,#1857,#1858,#1859)),.UNSPECIFIED.,.F.,.F.,.F.,(4,1,4),(4,4),(0.,
0.571428571428571,1.),(-1.5707963267949,-1.28784712388926),
 .UNSPECIFIED.);
#26=B_SPLINE_SURFACE_WITH_KNOTS('',3,3,((#1863,#1864,#1865,#1866),(#1867,
#1868,#1869,#1870),(#1871,#1872,#1873,#1874),(#1875,#1876,#1877,#1878),
(#1879,#1880,#1881,#1882)),.UNSPECIFIED.,.F.,.F.,.F.,(4,1,4),(4,4),(0.,
0.571428571428571,1.),(0.,0.036511053426326),.UNSPECIFIED.);
#27=B_SPLINE_SURFACE_WITH_KNOTS('',3,3,((#1894,#1895,#1896,#1897),(#1898,
#1899,#1900,#1901),(#1902,#1903,#1904,#1905),(#1906,#1907,#1908,#1909),
(#1910,#1911,#1912,#1913)),.UNSPECIFIED.,.F.,.F.,.F.,(4,1,4),(4,4),(0.,
0.571428571428571,1.),(-1.41446148935395,-1.39247502445059),
 .UNSPECIFIED.);
#28=B_SPLINE_SURFACE_WITH_KNOTS('',3,3,((#1944,#1945,#1946,#1947),(#1948,
#1949,#1950,#1951),(#1952,#1953,#1954,#1955),(#1956,#1957,#1958,#1959),
(#1960,#1961,#1962,#1963)),.UNSPECIFIED.,.F.,.F.,.F.,(4,1,4),(4,4),(0.,
0.571428571428571,1.),(0.,0.0936375166520861),.UNSPECIFIED.);
#29=B_SPLINE_SURFACE_WITH_KNOTS('',3,3,((#2011,#2012,#2013,#2014,#2015),
(#2016,#2017,#2018,#2019,#2020),(#2021,#2022,#2023,#2024,#2025),(#2026,
#2027,#2028,#2029,#2030),(#2031,#2032,#2033,#2034,#2035),(#2036,#2037,#2038,
#2039,#2040)),.UNSPECIFIED.,.F.,.F.,.F.,(4,1,1,4),(4,1,4),(0.,0.285714285714286,
0.571428571428571,1.),(1.53740821585294E-15,0.0951808395267131,0.222088625562329),
 .UNSPECIFIED.);
#30=B_SPLINE_SURFACE_WITH_KNOTS('',3,3,((#2049,#2050,#2051,#2052,#2053),
(#2054,#2055,#2056,#2057,#2058),(#2059,#2060,#2061,#2062,#2063),(#2064,
#2065,#2066,#2067,#2068),(#2069,#2070,#2071,#2072,#2073)),.UNSPECIFIED.,
 .F.,.F.,.F.,(4,1,4),(4,1,4),(0.,0.571428571428571,1.),(0.,0.0954815166081756,
0.222790205419076),.UNSPECIFIED.);
#31=B_SPLINE_SURFACE_WITH_KNOTS('',3,3,((#2091,#2092,#2093,#2094),(#2095,
#2096,#2097,#2098),(#2099,#2100,#2101,#2102),(#2103,#2104,#2105,#2106),
(#2107,#2108,#2109,#2110)),.UNSPECIFIED.,.F.,.F.,.F.,(4,1,4),(4,4),(0.,
0.571428571428571,1.),(-1.39247502445094,-1.3841652399821),
 .UNSPECIFIED.);
#32=B_SPLINE_SURFACE_WITH_KNOTS('',3,3,((#2112,#2113,#2114,#2115,#2116),
(#2117,#2118,#2119,#2120,#2121),(#2122,#2123,#2124,#2125,#2126),(#2127,
#2128,#2129,#2130,#2131),(#2132,#2133,#2134,#2135,#2136),(#2137,#2138,#2139,
#2140,#2141)),.UNSPECIFIED.,.F.,.F.,.F.,(4,1,1,4),(4,1,4),(0.,0.285714285714286,
0.571428571428571,1.),(5.21860046629758E-17,0.0951808457301458,0.222088640037007),
 .UNSPECIFIED.);
#33=B_SPLINE_SURFACE_WITH_KNOTS('',3,3,((#2150,#2151,#2152,#2153),(#2154,
#2155,#2156,#2157),(#2158,#2159,#2160,#2161),(#2162,#2163,#2164,#2165),
(#2166,#2167,#2168,#2169)),.UNSPECIFIED.,.F.,.F.,.F.,(4,1,4),(4,4),(0.,
0.571428571428571,1.),(0.,0.0936375089818423),.UNSPECIFIED.);
#34=B_SPLINE_SURFACE_WITH_KNOTS('',3,3,((#2219,#2220,#2221,#2222),(#2223,
#2224,#2225,#2226),(#2227,#2228,#2229,#2230),(#2231,#2232,#2233,#2234),
(#2235,#2236,#2237,#2238)),.UNSPECIFIED.,.F.,.F.,.F.,(4,1,4),(4,4),(0.,
0.571428571428571,1.),(1.42773222671146,1.4327105439294),.UNSPECIFIED.);
#35=B_SPLINE_SURFACE_WITH_KNOTS('',3,3,((#2241,#2242,#2243,#2244,#2245),
(#2246,#2247,#2248,#2249,#2250),(#2251,#2252,#2253,#2254,#2255),(#2256,
#2257,#2258,#2259,#2260),(#2261,#2262,#2263,#2264,#2265)),.UNSPECIFIED.,
 .F.,.F.,.F.,(4,1,4),(4,1,4),(0.,0.571428571428571,1.),(0.,0.0954816019157447,
0.222790404470071),.UNSPECIFIED.);
#36=B_SPLINE_SURFACE_WITH_KNOTS('',3,3,((#2284,#2285,#2286,#2287),(#2288,
#2289,#2290,#2291),(#2292,#2293,#2294,#2295),(#2296,#2297,#2298,#2299),
(#2300,#2301,#2302,#2303)),.UNSPECIFIED.,.F.,.F.,.F.,(4,1,4),(4,4),(0.,
0.571428571428571,1.),(1.3841652399821,1.39247502445094),.UNSPECIFIED.);
#37=B_SPLINE_SURFACE_WITH_KNOTS('',3,3,((#2307,#2308,#2309,#2310),(#2311,
#2312,#2313,#2314),(#2315,#2316,#2317,#2318),(#2319,#2320,#2321,#2322),
(#2323,#2324,#2325,#2326)),.UNSPECIFIED.,.F.,.F.,.F.,(4,1,4),(4,4),(0.,
0.571428571428571,1.),(-1.4327105439294,-1.42773222671146),
 .UNSPECIFIED.);
#38=B_SPLINE_SURFACE_WITH_KNOTS('',3,3,((#2327,#2328,#2329,#2330),(#2331,
#2332,#2333,#2334),(#2335,#2336,#2337,#2338),(#2339,#2340,#2341,#2342),
(#2343,#2344,#2345,#2346),(#2347,#2348,#2349,#2350),(#2351,#2352,#2353,
#2354),(#2355,#2356,#2357,#2358),(#2359,#2360,#2361,#2362),(#2363,#2364,
#2365,#2366)),.UNSPECIFIED.,.F.,.F.,.F.,(4,1,1,1,1,1,1,4),(4,4),(0.,0.142857142857143,
0.285714285714286,0.428571428571429,0.571428571428571,0.714285714285714,
0.857142857142857,1.),(-0.0250000000000002,1.38870797470171),
 .UNSPECIFIED.);
#39=B_SPLINE_SURFACE_WITH_KNOTS('',3,3,((#2495,#2496,#2497,#2498),(#2499,
#2500,#2501,#2502),(#2503,#2504,#2505,#2506),(#2507,#2508,#2509,#2510),
(#2511,#2512,#2513,#2514),(#2515,#2516,#2517,#2518)),.UNSPECIFIED.,.F.,
 .F.,.F.,(4,1,1,4),(4,4),(0.,0.285714285714286,0.571428571428571,1.),(-1.50186369389322,
-1.45086521447889),.UNSPECIFIED.);
#40=B_SPLINE_SURFACE_WITH_KNOTS('',3,3,((#2527,#2528,#2529,#2530),(#2531,
#2532,#2533,#2534),(#2535,#2536,#2537,#2538),(#2539,#2540,#2541,#2542),
(#2543,#2544,#2545,#2546),(#2547,#2548,#2549,#2550)),.UNSPECIFIED.,.F.,
 .F.,.F.,(4,1,1,4),(4,4),(0.,0.285714285714286,0.571428571428571,1.),(-1.50186369389322,
-1.45086709535326),.UNSPECIFIED.);
#41=SPHERICAL_SURFACE('',#1069,1.);
#42=SPHERICAL_SURFACE('',#1075,1.);
#43=PLANE('',#1066);
#44=PLANE('',#1080);
#45=PLANE('',#1085);
#46=PLANE('',#1087);
#47=PLANE('',#1089);
#48=PLANE('',#1103);
#49=PLANE('',#1112);
#50=PLANE('',#1115);
#51=PLANE('',#1138);
#52=PLANE('',#1158);
#53=PLANE('',#1160);
#54=PLANE('',#1162);
#55=PLANE('',#1163);
#56=PLANE('',#1164);
#57=PLANE('',#1165);
#58=PLANE('',#1166);
#59=ELLIPSE('',#1063,1.4142135623731,1.);
#60=ELLIPSE('',#1065,1.4142135623731,1.);
#61=ELLIPSE('',#1081,2.0228330797726,2.);
#62=ELLIPSE('',#1082,2.0228330797726,2.);
#63=ELLIPSE('',#1096,388.346704057046,347.547621327074);
#64=ELLIPSE('',#1097,388.346704057046,347.547621327074);
#65=ELLIPSE('',#1098,64.8752753657908,58.2248316070779);
#66=ELLIPSE('',#1100,63.9793067372024,57.2248316070779);
#67=ELLIPSE('',#1102,3.01527008220197,3.);
#68=ELLIPSE('',#1104,387.452019364097,346.547621327074);
#69=ELLIPSE('',#1105,63.9793067372024,57.2248316070779);
#70=ELLIPSE('',#1108,3.01527008220197,3.);
#71=ELLIPSE('',#1110,63.9793067372024,57.2248316070779);
#72=ELLIPSE('',#1111,64.8752753657908,58.2248316070779);
#73=ELLIPSE('',#1116,63.9793067372024,57.2248316070779);
#74=ELLIPSE('',#1117,387.452019364097,346.547621327074);
#75=ELLIPSE('',#1126,64.8752753657908,58.2248316070779);
#76=ELLIPSE('',#1136,64.8752753657908,58.2248316070779);
#77=ELLIPSE('',#1143,250.690986854833,4.875);
#78=ELLIPSE('',#1145,250.690986854833,4.875);
#79=ELLIPSE('',#1157,250.681762181157,4.375);
#80=ELLIPSE('',#1159,250.681762181157,4.375);
#81=B_SPLINE_CURVE_WITH_KNOTS('',3,(#1439,#1440,#1441,#1442,#1443,#1444,
#1445,#1446,#1447,#1448),.UNSPECIFIED.,.F.,.F.,(4,2,2,2,4),(-0.130706927611943,
-0.103182271712418,-0.0467279874869276,0.,0.000522542810001632),
 .UNSPECIFIED.);
#82=B_SPLINE_CURVE_WITH_KNOTS('',3,(#1457,#1458,#1459,#1460,#1461,#1462,
#1463,#1464,#1465,#1466),.UNSPECIFIED.,.F.,.F.,(4,2,2,2,4),(-0.126101344568742,
-0.125823890732621,-0.101012795574325,-0.0710373420305296,-0.0564226133959101),
 .UNSPECIFIED.);
#83=B_SPLINE_CURVE_WITH_KNOTS('',3,(#1475,#1476,#1477,#1478,#1479,#1480,
#1481,#1482,#1483,#1484),.UNSPECIFIED.,.F.,.F.,(4,2,2,2,4),(-0.0346848370227692,
-0.0265152443541697,-0.0188754888239197,-0.00587876732106065,0.),
 .UNSPECIFIED.);
#84=B_SPLINE_CURVE_WITH_KNOTS('',3,(#1486,#1487,#1488,#1489,#1490,#1491,
#1492,#1493,#1494,#1495,#1496,#1497),.UNSPECIFIED.,.F.,.F.,(4,2,2,2,2,4),
(-0.0428384567690892,-0.0285923142309912,-0.0142961571154956,-0.00714807855774779,
-0.0035740392788739,0.),.UNSPECIFIED.);
#85=B_SPLINE_CURVE_WITH_KNOTS('',3,(#1517,#1518,#1519,#1520,#1521,#1522,
#1523,#1524,#1525,#1526,#1527,#1528),.UNSPECIFIED.,.F.,.F.,(4,2,2,2,2,4),
(0.467101125041664,0.470675164320538,0.474249203599412,0.481397282157159,
0.495693439272655,0.509939581810752),.UNSPECIFIED.);
#86=B_SPLINE_CURVE_WITH_KNOTS('',3,(#1529,#1530,#1531,#1532,#1533,#1534,
#1535,#1536),.UNSPECIFIED.,.F.,.F.,(4,2,2,4),(-0.171785560880649,-0.135202108728189,
-0.101046811594153,-0.0549456183071645),.UNSPECIFIED.);
#87=B_SPLINE_CURVE_WITH_KNOTS('',3,(#1602,#1603,#1604,#1605),
 .UNSPECIFIED.,.F.,.F.,(4,4),(-1.3,5.55111512312578E-17),.UNSPECIFIED.);
#88=B_SPLINE_CURVE_WITH_KNOTS('',3,(#1607,#1608,#1609,#1610,#1611,#1612,
#1613,#1614,#1615,#1616,#1617,#1618,#1619,#1620,#1621,#1622),
 .UNSPECIFIED.,.F.,.F.,(4,3,3,3,3,4),(0.0784322883288968,0.081953263545347,
0.109697529730586,0.137441795915826,0.165186062101065,0.192930328286304),
 .UNSPECIFIED.);
#89=B_SPLINE_CURVE_WITH_KNOTS('',3,(#1624,#1625,#1626,#1627,#1628,#1629,
#1630,#1631,#1632,#1633),.UNSPECIFIED.,.F.,.F.,(4,2,2,2,4),(-0.0653678126604971,
-0.0544668527146237,-0.0226186392548792,-1.38777878078145E-17,0.000363469717569503),
 .UNSPECIFIED.);
#90=B_SPLINE_CURVE_WITH_KNOTS('',3,(#1635,#1636,#1637,#1638),
 .UNSPECIFIED.,.F.,.F.,(4,4),(-0.0250000000000002,-8.32667268468867E-17),
 .UNSPECIFIED.);
#91=B_SPLINE_CURVE_WITH_KNOTS('',3,(#1639,#1640,#1641,#1642),
 .UNSPECIFIED.,.F.,.F.,(4,4),(-3.46944695195361E-18,1.32805756584361),
 .UNSPECIFIED.);
#92=B_SPLINE_CURVE_WITH_KNOTS('',3,(#1648,#1649,#1650,#1651,#1652,#1653,
#1654,#1655,#1656,#1657,#1658,#1659,#1660,#1661,#1662,#1663),
 .UNSPECIFIED.,.F.,.F.,(4,3,3,3,3,4),(0.0549857953703573,0.0586073009645431,
0.066571123910765,0.070430513560604,0.0783308965075565,0.0822535601848675),
 .UNSPECIFIED.);
#93=B_SPLINE_CURVE_WITH_KNOTS('',3,(#1675,#1676,#1677,#1678,#1679,#1680,
#1681,#1682,#1683,#1684,#1685,#1686,#1687,#1688,#1689,#1690),
 .UNSPECIFIED.,.F.,.F.,(4,3,3,3,3,4),(0.,0.00787168569915693,0.0158081992383735,
0.0195294158047103,0.0235064840359643,0.02731743301789),.UNSPECIFIED.);
#94=B_SPLINE_CURVE_WITH_KNOTS('',3,(#1700,#1701,#1702,#1703),
 .UNSPECIFIED.,.F.,.F.,(4,4),(0.,0.0492986210745323),.UNSPECIFIED.);
#95=B_SPLINE_CURVE_WITH_KNOTS('',3,(#1705,#1706,#1707,#1708),
 .UNSPECIFIED.,.F.,.F.,(4,4),(-0.0492986210904713,0.),.UNSPECIFIED.);
#96=B_SPLINE_CURVE_WITH_KNOTS('',3,(#1716,#1717,#1718,#1719),
 .UNSPECIFIED.,.F.,.F.,(4,4),(-0.0936375166520861,0.),.UNSPECIFIED.);
#97=B_SPLINE_CURVE_WITH_KNOTS('',3,(#1723,#1724,#1725,#1726,#1727),
 .UNSPECIFIED.,.F.,.F.,(4,1,4),(-0.222088625562329,-0.0951808395267131,
-1.53740821585294E-15),.UNSPECIFIED.);
#98=B_SPLINE_CURVE_WITH_KNOTS('',3,(#1731,#1732,#1733,#1734,#1735),
 .UNSPECIFIED.,.F.,.F.,(4,1,4),(-0.222088640037007,-0.0951808457301458,
-5.21860046629758E-17),.UNSPECIFIED.);
#99=B_SPLINE_CURVE_WITH_KNOTS('',3,(#1738,#1739,#1740,#1741),
 .UNSPECIFIED.,.F.,.F.,(4,4),(-0.0936375089818423,0.),.UNSPECIFIED.);
#100=B_SPLINE_CURVE_WITH_KNOTS('',3,(#1764,#1765,#1766,#1767,#1768,#1769,
#1770),.UNSPECIFIED.,.F.,.F.,(4,3,4),(0.,0.0641022164315323,0.149571838340242),
 .UNSPECIFIED.);
#101=B_SPLINE_CURVE_WITH_KNOTS('',3,(#1798,#1799,#1800,#1801),
 .UNSPECIFIED.,.F.,.F.,(4,4),(-0.0365110534263258,0.),.UNSPECIFIED.);
#102=B_SPLINE_CURVE_WITH_KNOTS('',3,(#1802,#1803,#1804,#1805),
 .UNSPECIFIED.,.F.,.F.,(4,4),(0.,0.0365110534263258),.UNSPECIFIED.);
#103=B_SPLINE_CURVE_WITH_KNOTS('',3,(#1836,#1837,#1838,#1839),
 .UNSPECIFIED.,.F.,.F.,(4,4),(0.,0.0936375089818423),.UNSPECIFIED.);
#104=B_SPLINE_CURVE_WITH_KNOTS('',3,(#1886,#1887,#1888,#1889),
 .UNSPECIFIED.,.F.,.F.,(4,4),(-0.036511053426326,0.),.UNSPECIFIED.);
#105=B_SPLINE_CURVE_WITH_KNOTS('',3,(#1890,#1891,#1892,#1893),
 .UNSPECIFIED.,.F.,.F.,(4,4),(0.,0.036511053426326),.UNSPECIFIED.);
#106=B_SPLINE_CURVE_WITH_KNOTS('',3,(#1916,#1917,#1918,#1919,#1920,#1921,
#1922),.UNSPECIFIED.,.F.,.F.,(4,3,4),(0.,0.0854696219087098,0.149571838340242),
 .UNSPECIFIED.);
#107=B_SPLINE_CURVE_WITH_KNOTS('',3,(#1934,#1935,#1936,#1937),
 .UNSPECIFIED.,.F.,.F.,(4,4),(0.,0.0936375166520861),.UNSPECIFIED.);
#108=B_SPLINE_CURVE_WITH_KNOTS('',3,(#1968,#1969,#1970,#1971,#1972,#1973,
#1974,#1975,#1976,#1977),.UNSPECIFIED.,.F.,.F.,(4,2,2,2,4),(0.282579590169333,
0.287901167712385,0.302878252713811,0.313971367287261,0.318723403870209),
 .UNSPECIFIED.);
#109=B_SPLINE_CURVE_WITH_KNOTS('',3,(#1979,#1980,#1981,#1982,#1983,#1984),
 .UNSPECIFIED.,.F.,.F.,(4,2,4),(0.547919738969505,0.560168767833408,0.597010778140737),
 .UNSPECIFIED.);
#110=B_SPLINE_CURVE_WITH_KNOTS('',3,(#1985,#1986,#1987,#1988,#1989,#1990,
#1991,#1992,#1993,#1994,#1995,#1996,#1997,#1998,#1999,#2000,#2001,#2002,
#2003,#2004,#2005,#2006,#2007,#2008,#2009,#2010),.UNSPECIFIED.,.F.,.F.,
(4,2,2,2,2,2,2,2,2,2,2,2,4),(-0.15229540425015,-0.143985187704599,-0.138338260233669,
-0.135610498473452,-0.134248604644696,-0.132875638981753,-0.130907760531218,
-0.121773893396288,-0.10878154962336,-0.0887515262653165,-0.051127028689227,
-0.0216606070712083,0.),.UNSPECIFIED.);
#111=B_SPLINE_CURVE_WITH_KNOTS('',3,(#2042,#2043,#2044,#2045,#2046),
 .UNSPECIFIED.,.F.,.F.,(4,1,4),(1.53740821585294E-15,0.0951808395267131,
0.222088625562329),.UNSPECIFIED.);
#112=B_SPLINE_CURVE_WITH_KNOTS('',3,(#2077,#2078,#2079,#2080,#2081),
 .UNSPECIFIED.,.F.,.F.,(4,1,4),(0.,0.0954815166081756,0.222790205419076),
 .UNSPECIFIED.);
#113=B_SPLINE_CURVE_WITH_KNOTS('',3,(#2084,#2085,#2086,#2087,#2088),
 .UNSPECIFIED.,.F.,.F.,(4,1,4),(-0.222790205419076,-0.0954815166081756,
0.),.UNSPECIFIED.);
#114=B_SPLINE_CURVE_WITH_KNOTS('',3,(#2143,#2144,#2145,#2146,#2147),
 .UNSPECIFIED.,.F.,.F.,(4,1,4),(5.21860046629758E-17,0.0951808457301458,
0.222088640037007),.UNSPECIFIED.);
#115=B_SPLINE_CURVE_WITH_KNOTS('',3,(#2174,#2175,#2176,#2177,#2178,#2179),
 .UNSPECIFIED.,.F.,.F.,(4,2,4),(0.,0.0368420103073287,0.0490910391704785),
 .UNSPECIFIED.);
#116=B_SPLINE_CURVE_WITH_KNOTS('',3,(#2181,#2182,#2183,#2184,#2185,#2186,
#2187,#2188,#2189,#2190),.UNSPECIFIED.,.F.,.F.,(4,2,2,2,4),(1.01277781841922,
1.02005263410303,1.03479844348626,1.05595915075343,1.07072549749795),
 .UNSPECIFIED.);
#117=B_SPLINE_CURVE_WITH_KNOTS('',3,(#2191,#2192,#2193,#2194,#2195,#2196,
#2197,#2198,#2199,#2200,#2201,#2202,#2203,#2204,#2205,#2206,#2207,#2208,
#2209,#2210,#2211,#2212,#2213,#2214,#2215,#2216,#2217,#2218),
 .UNSPECIFIED.,.F.,.F.,(4,2,2,2,2,2,2,2,2,2,2,2,2,4),(-0.0934156615171352,
-0.0844910507030314,-0.0746460321285567,-0.0475980478476124,-0.0311467099312134,
-0.0202683424863166,-0.0140448681379096,-0.011061194529614,-0.00968823912017183,
-0.00902676329351079,-0.00837774622615107,-0.00765243895347847,-0.00411307296074552,
0.),.UNSPECIFIED.);
#118=B_SPLINE_CURVE_WITH_KNOTS('',3,(#2267,#2268,#2269,#2270,#2271),
 .UNSPECIFIED.,.F.,.F.,(4,1,4),(0.,0.0954816019157447,0.222790404470071),
 .UNSPECIFIED.);
#119=B_SPLINE_CURVE_WITH_KNOTS('',3,(#2275,#2276,#2277,#2278,#2279),
 .UNSPECIFIED.,.F.,.F.,(4,1,4),(-0.222790404470071,-0.0954816019157447,
0.),.UNSPECIFIED.);
#120=B_SPLINE_CURVE_WITH_KNOTS('',3,(#2368,#2369,#2370,#2371),
 .UNSPECIFIED.,.F.,.F.,(4,4),(-1.32805756584361,5.55111512312578E-17),
 .UNSPECIFIED.);
#121=B_SPLINE_CURVE_WITH_KNOTS('',3,(#2373,#2374,#2375,#2376),
 .UNSPECIFIED.,.F.,.F.,(4,4),(-0.0250000000000002,-7.97972798949331E-17),
 .UNSPECIFIED.);
#122=B_SPLINE_CURVE_WITH_KNOTS('',3,(#2378,#2379,#2380,#2381,#2382,#2383,
#2384,#2385,#2386,#2387),.UNSPECIFIED.,.F.,.F.,(4,2,2,2,4),(-0.223281694267281,
-0.222977252630453,-0.204169871166448,-0.178459227239802,-0.1682591352814),
 .UNSPECIFIED.);
#123=B_SPLINE_CURVE_WITH_KNOTS('',3,(#2389,#2390,#2391,#2392,#2393,#2394,
#2395,#2396,#2397,#2398,#2399,#2400,#2401,#2402,#2403,#2404),
 .UNSPECIFIED.,.F.,.F.,(4,3,3,3,3,4),(0.,0.0297248816688891,0.0594497633377782,
0.0891746450066673,0.118899526675556,0.122671858261921),.UNSPECIFIED.);
#124=B_SPLINE_CURVE_WITH_KNOTS('',3,(#2405,#2406,#2407,#2408),
 .UNSPECIFIED.,.F.,.F.,(4,4),(0.,1.3),.UNSPECIFIED.);
#125=B_SPLINE_CURVE_WITH_KNOTS('',3,(#2412,#2413,#2414,#2415,#2416,#2417,
#2418,#2419,#2420,#2421,#2422,#2423),.UNSPECIFIED.,.F.,.F.,(4,2,2,2,2,4),
(-0.215660192998403,-0.215338114158725,-0.193136563744965,-0.1749253648544,
-0.1603986036311,-0.159588205743088),.UNSPECIFIED.);
#126=B_SPLINE_CURVE_WITH_KNOTS('',3,(#2426,#2427,#2428,#2429,#2430,#2431,
#2432,#2433,#2434,#2435),.UNSPECIFIED.,.F.,.F.,(4,2,2,2,4),(0.111405653446035,
0.120732317967387,0.130029325679432,0.139294232955343,0.148534101475401),
 .UNSPECIFIED.);
#127=B_SPLINE_CURVE_WITH_KNOTS('',3,(#2444,#2445,#2446,#2447),
 .UNSPECIFIED.,.F.,.F.,(4,4),(-1.45444794449391,-1.45094101210341),
 .UNSPECIFIED.);
#128=B_SPLINE_CURVE_WITH_KNOTS('',3,(#2450,#2451,#2452,#2453),
 .UNSPECIFIED.,.F.,.F.,(4,4),(-1.45444794449404,-1.45094101210341),
 .UNSPECIFIED.);
#129=B_SPLINE_CURVE_WITH_KNOTS('',3,(#2463,#2464,#2465,#2466,#2467,#2468,
#2469,#2470,#2471,#2472,#2473,#2474),.UNSPECIFIED.,.F.,.F.,(4,2,2,2,2,4),
(-0.0689084817979208,-0.0679068094514864,-0.0499513162759512,-0.0274417525563928,
0.,0.000398098675872432),.UNSPECIFIED.);
#130=B_SPLINE_CURVE_WITH_KNOTS('',3,(#2475,#2476,#2477,#2478,#2479,#2480,
#2481,#2482,#2483,#2484),.UNSPECIFIED.,.F.,.F.,(4,2,2,2,4),(0.,0.00923986852005808,
0.0185047757959692,0.0278017835080146,0.0371284480293666),.UNSPECIFIED.);
#131=B_SPLINE_CURVE_WITH_KNOTS('',3,(#2521,#2522,#2523,#2524),
 .UNSPECIFIED.,.F.,.F.,(4,4),(-1.45484183400782,-1.45430630519554),
 .UNSPECIFIED.);
#132=B_SPLINE_CURVE_WITH_KNOTS('',3,(#2553,#2554,#2555,#2556),
 .UNSPECIFIED.,.F.,.F.,(4,4),(-1.45484183400782,-1.45430630519551),
 .UNSPECIFIED.);
#133=FACE_OUTER_BOUND('',#195,.T.);
#134=FACE_OUTER_BOUND('',#196,.T.);
#135=FACE_OUTER_BOUND('',#197,.T.);
#136=FACE_OUTER_BOUND('',#198,.T.);
#137=FACE_OUTER_BOUND('',#199,.T.);
#138=FACE_OUTER_BOUND('',#200,.T.);
#139=FACE_OUTER_BOUND('',#201,.T.);
#140=FACE_OUTER_BOUND('',#202,.T.);
#141=FACE_OUTER_BOUND('',#203,.T.);
#142=FACE_OUTER_BOUND('',#204,.T.);
#143=FACE_OUTER_BOUND('',#205,.T.);
#144=FACE_OUTER_BOUND('',#206,.T.);
#145=FACE_OUTER_BOUND('',#207,.T.);
#146=FACE_OUTER_BOUND('',#208,.T.);
#147=FACE_OUTER_BOUND('',#209,.T.);
#148=FACE_OUTER_BOUND('',#210,.T.);
#149=FACE_OUTER_BOUND('',#211,.T.);
#150=FACE_OUTER_BOUND('',#212,.T.);
#151=FACE_OUTER_BOUND('',#213,.T.);
#152=FACE_OUTER_BOUND('',#214,.T.);
#153=FACE_OUTER_BOUND('',#215,.T.);
#154=FACE_OUTER_BOUND('',#216,.T.);
#155=FACE_OUTER_BOUND('',#217,.T.);
#156=FACE_OUTER_BOUND('',#218,.T.);
#157=FACE_OUTER_BOUND('',#219,.T.);
#158=FACE_OUTER_BOUND('',#220,.T.);
#159=FACE_OUTER_BOUND('',#221,.T.);
#160=FACE_OUTER_BOUND('',#222,.T.);
#161=FACE_OUTER_BOUND('',#223,.T.);
#162=FACE_OUTER_BOUND('',#224,.T.);
#163=FACE_OUTER_BOUND('',#225,.T.);
#164=FACE_OUTER_BOUND('',#226,.T.);
#165=FACE_OUTER_BOUND('',#227,.T.);
#166=FACE_OUTER_BOUND('',#228,.T.);
#167=FACE_OUTER_BOUND('',#229,.T.);
#168=FACE_OUTER_BOUND('',#230,.T.);
#169=FACE_OUTER_BOUND('',#231,.T.);
#170=FACE_OUTER_BOUND('',#232,.T.);
#171=FACE_OUTER_BOUND('',#233,.T.);
#172=FACE_OUTER_BOUND('',#234,.T.);
#173=FACE_OUTER_BOUND('',#235,.T.);
#174=FACE_OUTER_BOUND('',#236,.T.);
#175=FACE_OUTER_BOUND('',#237,.T.);
#176=FACE_OUTER_BOUND('',#238,.T.);
#177=FACE_OUTER_BOUND('',#239,.T.);
#178=FACE_OUTER_BOUND('',#240,.T.);
#179=FACE_OUTER_BOUND('',#241,.T.);
#180=FACE_OUTER_BOUND('',#242,.T.);
#181=FACE_OUTER_BOUND('',#243,.T.);
#182=FACE_OUTER_BOUND('',#244,.T.);
#183=FACE_OUTER_BOUND('',#245,.T.);
#184=FACE_OUTER_BOUND('',#246,.T.);
#185=FACE_OUTER_BOUND('',#247,.T.);
#186=FACE_OUTER_BOUND('',#248,.T.);
#187=FACE_OUTER_BOUND('',#249,.T.);
#188=FACE_OUTER_BOUND('',#250,.T.);
#189=FACE_OUTER_BOUND('',#251,.T.);
#190=FACE_OUTER_BOUND('',#252,.T.);
#191=FACE_OUTER_BOUND('',#253,.T.);
#192=FACE_OUTER_BOUND('',#254,.T.);
#193=FACE_OUTER_BOUND('',#255,.T.);
#194=FACE_OUTER_BOUND('',#256,.T.);
#195=EDGE_LOOP('',(#645,#646,#647,#648));
#196=EDGE_LOOP('',(#649,#650,#651,#652));
#197=EDGE_LOOP('',(#653,#654,#655,#656));
#198=EDGE_LOOP('',(#657,#658,#659,#660,#661,#662));
#199=EDGE_LOOP('',(#663,#664,#665,#666,#667,#668));
#200=EDGE_LOOP('',(#669,#670,#671));
#201=EDGE_LOOP('',(#672,#673,#674,#675));
#202=EDGE_LOOP('',(#676,#677,#678));
#203=EDGE_LOOP('',(#679,#680,#681,#682,#683,#684));
#204=EDGE_LOOP('',(#685,#686,#687,#688));
#205=EDGE_LOOP('',(#689,#690,#691,#692,#693,#694));
#206=EDGE_LOOP('',(#695,#696,#697,#698));
#207=EDGE_LOOP('',(#699,#700,#701,#702,#703));
#208=EDGE_LOOP('',(#704,#705,#706,#707,#708,#709,#710));
#209=EDGE_LOOP('',(#711,#712,#713,#714));
#210=EDGE_LOOP('',(#715,#716,#717,#718));
#211=EDGE_LOOP('',(#719,#720,#721,#722,#723,#724,#725,#726,#727,#728,#729,
#730,#731,#732,#733));
#212=EDGE_LOOP('',(#734,#735,#736,#737));
#213=EDGE_LOOP('',(#738,#739,#740,#741));
#214=EDGE_LOOP('',(#742,#743,#744,#745));
#215=EDGE_LOOP('',(#746,#747,#748,#749,#750));
#216=EDGE_LOOP('',(#751,#752,#753,#754,#755));
#217=EDGE_LOOP('',(#756,#757,#758,#759));
#218=EDGE_LOOP('',(#760,#761,#762,#763));
#219=EDGE_LOOP('',(#764,#765,#766,#767));
#220=EDGE_LOOP('',(#768,#769,#770,#771,#772));
#221=EDGE_LOOP('',(#773,#774,#775,#776,#777));
#222=EDGE_LOOP('',(#778,#779,#780,#781,#782));
#223=EDGE_LOOP('',(#783,#784,#785,#786));
#224=EDGE_LOOP('',(#787,#788,#789,#790,#791,#792));
#225=EDGE_LOOP('',(#793,#794,#795,#796));
#226=EDGE_LOOP('',(#797,#798,#799,#800));
#227=EDGE_LOOP('',(#801,#802,#803,#804));
#228=EDGE_LOOP('',(#805,#806,#807,#808));
#229=EDGE_LOOP('',(#809,#810,#811,#812));
#230=EDGE_LOOP('',(#813,#814,#815,#816));
#231=EDGE_LOOP('',(#817,#818,#819,#820,#821,#822));
#232=EDGE_LOOP('',(#823,#824,#825,#826));
#233=EDGE_LOOP('',(#827,#828,#829,#830));
#234=EDGE_LOOP('',(#831,#832,#833,#834));
#235=EDGE_LOOP('',(#835,#836,#837,#838));
#236=EDGE_LOOP('',(#839,#840,#841,#842));
#237=EDGE_LOOP('',(#843,#844,#845,#846));
#238=EDGE_LOOP('',(#847,#848,#849,#850));
#239=EDGE_LOOP('',(#851,#852,#853,#854,#855,#856,#857));
#240=EDGE_LOOP('',(#858,#859,#860,#861));
#241=EDGE_LOOP('',(#862,#863,#864,#865));
#242=EDGE_LOOP('',(#866,#867,#868,#869,#870,#871,#872,#873,#874,#875,#876,
#877,#878,#879,#880,#881,#882,#883,#884,#885,#886,#887,#888,#889,#890));
#243=EDGE_LOOP('',(#891,#892,#893,#894));
#244=EDGE_LOOP('',(#895,#896,#897,#898));
#245=EDGE_LOOP('',(#899,#900,#901,#902,#903));
#246=EDGE_LOOP('',(#904,#905,#906,#907,#908,#909));
#247=EDGE_LOOP('',(#910,#911,#912,#913,#914,#915,#916));
#248=EDGE_LOOP('',(#917,#918,#919,#920,#921,#922));
#249=EDGE_LOOP('',(#923,#924,#925,#926,#927,#928,#929));
#250=EDGE_LOOP('',(#930,#931,#932,#933,#934));
#251=EDGE_LOOP('',(#935,#936,#937,#938,#939,#940,#941,#942,#943,#944));
#252=EDGE_LOOP('',(#945,#946,#947,#948,#949,#950));
#253=EDGE_LOOP('',(#951));
#254=EDGE_LOOP('',(#952,#953,#954,#955));
#255=EDGE_LOOP('',(#956,#957,#958,#959));
#256=EDGE_LOOP('',(#960,#961,#962,#963,#964));
#257=LINE('',#1433,#299);
#258=LINE('',#1436,#300);
#259=LINE('',#1450,#301);
#260=LINE('',#1456,#302);
#261=LINE('',#1469,#303);
#262=LINE('',#1471,#304);
#263=LINE('',#1472,#305);
#264=LINE('',#1499,#306);
#265=LINE('',#1510,#307);
#266=LINE('',#1515,#308);
#267=LINE('',#1539,#309);
#268=LINE('',#1542,#310);
#269=LINE('',#1545,#311);
#270=LINE('',#1549,#312);
#271=LINE('',#1553,#313);
#272=LINE('',#1557,#314);
#273=LINE('',#1560,#315);
#274=LINE('',#1665,#316);
#275=LINE('',#1666,#317);
#276=LINE('',#1672,#318);
#277=LINE('',#1674,#319);
#278=LINE('',#1696,#320);
#279=LINE('',#1712,#321);
#280=LINE('',#1729,#322);
#281=LINE('',#1829,#323);
#282=LINE('',#1833,#324);
#283=LINE('',#1927,#325);
#284=LINE('',#1930,#326);
#285=LINE('',#1933,#327);
#286=LINE('',#1942,#328);
#287=LINE('',#2090,#329);
#288=LINE('',#2240,#330);
#289=LINE('',#2282,#331);
#290=LINE('',#2283,#332);
#291=LINE('',#2306,#333);
#292=LINE('',#2440,#334);
#293=LINE('',#2441,#335);
#294=LINE('',#2458,#336);
#295=LINE('',#2490,#337);
#296=LINE('',#2526,#338);
#297=LINE('',#2558,#339);
#298=LINE('',#2563,#340);
#299=VECTOR('',#1173,10.);
#300=VECTOR('',#1176,10.);
#301=VECTOR('',#1179,10.);
#302=VECTOR('',#1186,10.);
#303=VECTOR('',#1189,1.);
#304=VECTOR('',#1190,10.);
#305=VECTOR('',#1191,1.);
#306=VECTOR('',#1194,1.);
#307=VECTOR('',#1209,10.);
#308=VECTOR('',#1216,1.);
#309=VECTOR('',#1219,10.);
#310=VECTOR('',#1222,10.);
#311=VECTOR('',#1225,10.);
#312=VECTOR('',#1228,10.);
#313=VECTOR('',#1233,10.);
#314=VECTOR('',#1238,10.);
#315=VECTOR('',#1241,10.);
#316=VECTOR('',#1246,10.);
#317=VECTOR('',#1247,10.);
#318=VECTOR('',#1252,10.);
#319=VECTOR('',#1253,10.);
#320=VECTOR('',#1258,10.);
#321=VECTOR('',#1263,10.);
#322=VECTOR('',#1268,10.);
#323=VECTOR('',#1283,10.);
#324=VECTOR('',#1286,10.);
#325=VECTOR('',#1303,10.);
#326=VECTOR('',#1306,10.);
#327=VECTOR('',#1309,10.);
#328=VECTOR('',#1314,10.);
#329=VECTOR('',#1333,10.);
#330=VECTOR('',#1348,10.);
#331=VECTOR('',#1355,10.);
#332=VECTOR('',#1356,10.);
#333=VECTOR('',#1361,10.);
#334=VECTOR('',#1372,4.875);
#335=VECTOR('',#1373,10.);
#336=VECTOR('',#1382,10.);
#337=VECTOR('',#1395,4.375);
#338=VECTOR('',#1408,10.);
#339=VECTOR('',#1413,10.);
#340=VECTOR('',#1422,10.);
#341=CIRCLE('',#1060,1.);
#342=CIRCLE('',#1061,1.);
#343=CIRCLE('',#1068,0.999999999999999);
#344=CIRCLE('',#1070,1.);
#345=CIRCLE('',#1071,1.);
#346=CIRCLE('',#1072,1.);
#347=CIRCLE('',#1074,0.999999999999999);
#348=CIRCLE('',#1076,1.);
#349=CIRCLE('',#1079,1.);
#350=CIRCLE('',#1084,1.);
#351=CIRCLE('',#1086,346.547621327074);
#352=CIRCLE('',#1088,4.625);
#353=CIRCLE('',#1090,4.625);
#354=CIRCLE('',#1092,347.547621327074);
#355=CIRCLE('',#1093,347.547621327074);
#356=CIRCLE('',#1094,347.547621327074);
#357=CIRCLE('',#1095,347.547621327074);
#358=CIRCLE('',#1099,1.00000000000001);
#359=CIRCLE('',#1101,1.);
#360=CIRCLE('',#1107,1.);
#361=CIRCLE('',#1109,1.);
#362=CIRCLE('',#1113,346.547621327074);
#363=CIRCLE('',#1118,1.);
#364=CIRCLE('',#1119,0.999999999999853);
#365=CIRCLE('',#1121,1.00000000000001);
#366=CIRCLE('',#1122,0.999999999999997);
#367=CIRCLE('',#1123,1.);
#368=CIRCLE('',#1124,1.00000000000001);
#369=CIRCLE('',#1127,1.00000000000002);
#370=CIRCLE('',#1128,0.999999999999999);
#371=CIRCLE('',#1129,0.999999999999997);
#372=CIRCLE('',#1130,1.00000000000009);
#373=CIRCLE('',#1133,1.00000000000001);
#374=CIRCLE('',#1134,1.);
#375=CIRCLE('',#1140,4.875);
#376=CIRCLE('',#1142,4.875);
#377=CIRCLE('',#1144,4.875);
#378=CIRCLE('',#1146,4.875);
#379=CIRCLE('',#1147,4.875);
#380=CIRCLE('',#1149,4.625);
#381=CIRCLE('',#1152,4.375);
#382=CIRCLE('',#1153,4.375);
#383=CIRCLE('',#1154,4.375);
#384=CIRCLE('',#1156,0.25);
#385=VERTEX_POINT('',#1429);
#386=VERTEX_POINT('',#1430);
#387=VERTEX_POINT('',#1432);
#388=VERTEX_POINT('',#1434);
#389=VERTEX_POINT('',#1438);
#390=VERTEX_POINT('',#1449);
#391=VERTEX_POINT('',#1453);
#392=VERTEX_POINT('',#1454);
#393=VERTEX_POINT('',#1468);
#394=VERTEX_POINT('',#1470);
#395=VERTEX_POINT('',#1474);
#396=VERTEX_POINT('',#1485);
#397=VERTEX_POINT('',#1498);
#398=VERTEX_POINT('',#1502);
#399=VERTEX_POINT('',#1504);
#400=VERTEX_POINT('',#1508);
#401=VERTEX_POINT('',#1514);
#402=VERTEX_POINT('',#1516);
#403=VERTEX_POINT('',#1538);
#404=VERTEX_POINT('',#1540);
#405=VERTEX_POINT('',#1544);
#406=VERTEX_POINT('',#1546);
#407=VERTEX_POINT('',#1548);
#408=VERTEX_POINT('',#1552);
#409=VERTEX_POINT('',#1556);
#410=VERTEX_POINT('',#1558);
#411=VERTEX_POINT('',#1601);
#412=VERTEX_POINT('',#1606);
#413=VERTEX_POINT('',#1623);
#414=VERTEX_POINT('',#1634);
#415=VERTEX_POINT('',#1644);
#416=VERTEX_POINT('',#1645);
#417=VERTEX_POINT('',#1647);
#418=VERTEX_POINT('',#1664);
#419=VERTEX_POINT('',#1668);
#420=VERTEX_POINT('',#1669);
#421=VERTEX_POINT('',#1671);
#422=VERTEX_POINT('',#1673);
#423=VERTEX_POINT('',#1692);
#424=VERTEX_POINT('',#1693);
#425=VERTEX_POINT('',#1695);
#426=VERTEX_POINT('',#1697);
#427=VERTEX_POINT('',#1699);
#428=VERTEX_POINT('',#1704);
#429=VERTEX_POINT('',#1709);
#430=VERTEX_POINT('',#1711);
#431=VERTEX_POINT('',#1713);
#432=VERTEX_POINT('',#1715);
#433=VERTEX_POINT('',#1720);
#434=VERTEX_POINT('',#1722);
#435=VERTEX_POINT('',#1728);
#436=VERTEX_POINT('',#1730);
#437=VERTEX_POINT('',#1736);
#438=VERTEX_POINT('',#1762);
#439=VERTEX_POINT('',#1763);
#440=VERTEX_POINT('',#1771);
#441=VERTEX_POINT('',#1773);
#442=VERTEX_POINT('',#1796);
#443=VERTEX_POINT('',#1828);
#444=VERTEX_POINT('',#1830);
#445=VERTEX_POINT('',#1832);
#446=VERTEX_POINT('',#1860);
#447=VERTEX_POINT('',#1883);
#448=VERTEX_POINT('',#1884);
#449=VERTEX_POINT('',#1914);
#450=VERTEX_POINT('',#1915);
#451=VERTEX_POINT('',#1926);
#452=VERTEX_POINT('',#1928);
#453=VERTEX_POINT('',#1932);
#454=VERTEX_POINT('',#1939);
#455=VERTEX_POINT('',#1941);
#456=VERTEX_POINT('',#1967);
#457=VERTEX_POINT('',#1978);
#458=VERTEX_POINT('',#2041);
#459=VERTEX_POINT('',#2074);
#460=VERTEX_POINT('',#2075);
#461=VERTEX_POINT('',#2082);
#462=VERTEX_POINT('',#2142);
#463=VERTEX_POINT('',#2173);
#464=VERTEX_POINT('',#2180);
#465=VERTEX_POINT('',#2266);
#466=VERTEX_POINT('',#2272);
#467=VERTEX_POINT('',#2274);
#468=VERTEX_POINT('',#2367);
#469=VERTEX_POINT('',#2372);
#470=VERTEX_POINT('',#2377);
#471=VERTEX_POINT('',#2388);
#472=VERTEX_POINT('',#2411);
#473=VERTEX_POINT('',#2424);
#474=VERTEX_POINT('',#2437);
#475=VERTEX_POINT('',#2438);
#476=VERTEX_POINT('',#2442);
#477=VERTEX_POINT('',#2449);
#478=VERTEX_POINT('',#2454);
#479=VERTEX_POINT('',#2456);
#480=VERTEX_POINT('',#2486);
#481=VERTEX_POINT('',#2487);
#482=VERTEX_POINT('',#2489);
#483=VERTEX_POINT('',#2519);
#484=VERTEX_POINT('',#2551);
#485=EDGE_CURVE('',#385,#386,#341,.T.);
#486=EDGE_CURVE('',#386,#387,#257,.T.);
#487=EDGE_CURVE('',#387,#388,#342,.T.);
#488=EDGE_CURVE('',#388,#385,#258,.T.);
#489=EDGE_CURVE('',#389,#386,#81,.T.);
#490=EDGE_CURVE('',#385,#390,#259,.T.);
#491=EDGE_CURVE('',#390,#389,#59,.T.);
#492=EDGE_CURVE('',#391,#392,#60,.T.);
#493=EDGE_CURVE('',#392,#388,#260,.T.);
#494=EDGE_CURVE('',#387,#391,#82,.T.);
#495=EDGE_CURVE('',#393,#392,#261,.T.);
#496=EDGE_CURVE('',#394,#393,#262,.T.);
#497=EDGE_CURVE('',#390,#394,#263,.T.);
#498=EDGE_CURVE('',#391,#395,#83,.T.);
#499=EDGE_CURVE('',#395,#396,#84,.T.);
#500=EDGE_CURVE('',#396,#397,#264,.T.);
#501=EDGE_CURVE('',#393,#397,#343,.T.);
#502=EDGE_CURVE('',#398,#394,#344,.T.);
#503=EDGE_CURVE('',#394,#399,#345,.T.);
#504=EDGE_CURVE('',#399,#398,#346,.T.);
#505=EDGE_CURVE('',#393,#400,#347,.T.);
#506=EDGE_CURVE('',#400,#399,#265,.T.);
#507=EDGE_CURVE('',#397,#400,#348,.T.);
#508=EDGE_CURVE('',#398,#401,#266,.T.);
#509=EDGE_CURVE('',#401,#402,#85,.T.);
#510=EDGE_CURVE('',#402,#389,#86,.T.);
#511=EDGE_CURVE('',#399,#403,#267,.T.);
#512=EDGE_CURVE('',#403,#404,#349,.T.);
#513=EDGE_CURVE('',#404,#398,#268,.T.);
#514=EDGE_CURVE('',#405,#400,#269,.T.);
#515=EDGE_CURVE('',#406,#405,#61,.T.);
#516=EDGE_CURVE('',#406,#407,#270,.T.);
#517=EDGE_CURVE('',#403,#407,#62,.T.);
#518=EDGE_CURVE('',#397,#408,#271,.T.);
#519=EDGE_CURVE('',#408,#405,#350,.T.);
#520=EDGE_CURVE('',#396,#409,#272,.T.);
#521=EDGE_CURVE('',#410,#409,#351,.T.);
#522=EDGE_CURVE('',#408,#410,#273,.T.);
#523=EDGE_CURVE('',#387,#411,#87,.T.);
#524=EDGE_CURVE('',#411,#412,#88,.F.);
#525=EDGE_CURVE('',#413,#412,#89,.F.);
#526=EDGE_CURVE('',#413,#414,#90,.T.);
#527=EDGE_CURVE('',#414,#395,#91,.T.);
#528=EDGE_CURVE('',#415,#416,#352,.T.);
#529=EDGE_CURVE('',#417,#415,#92,.F.);
#530=EDGE_CURVE('',#417,#418,#274,.T.);
#531=EDGE_CURVE('',#418,#416,#275,.T.);
#532=EDGE_CURVE('',#419,#420,#353,.T.);
#533=EDGE_CURVE('',#419,#421,#276,.T.);
#534=EDGE_CURVE('',#421,#422,#277,.T.);
#535=EDGE_CURVE('',#420,#422,#93,.F.);
#536=EDGE_CURVE('',#423,#424,#354,.T.);
#537=EDGE_CURVE('',#425,#423,#278,.T.);
#538=EDGE_CURVE('',#426,#425,#355,.T.);
#539=EDGE_CURVE('',#427,#426,#94,.T.);
#540=EDGE_CURVE('',#428,#427,#95,.T.);
#541=EDGE_CURVE('',#429,#428,#356,.T.);
#542=EDGE_CURVE('',#430,#429,#279,.T.);
#543=EDGE_CURVE('',#431,#430,#357,.T.);
#544=EDGE_CURVE('',#432,#431,#96,.T.);
#545=EDGE_CURVE('',#433,#432,#63,.T.);
#546=EDGE_CURVE('',#434,#433,#97,.T.);
#547=EDGE_CURVE('',#435,#434,#280,.T.);
#548=EDGE_CURVE('',#436,#435,#98,.T.);
#549=EDGE_CURVE('',#437,#436,#64,.T.);
#550=EDGE_CURVE('',#424,#437,#99,.T.);
#551=EDGE_CURVE('',#438,#439,#100,.F.);
#552=EDGE_CURVE('',#438,#440,#65,.T.);
#553=EDGE_CURVE('',#440,#441,#358,.T.);
#554=EDGE_CURVE('',#441,#439,#66,.T.);
#555=EDGE_CURVE('',#406,#442,#359,.T.);
#556=EDGE_CURVE('',#442,#441,#101,.T.);
#557=EDGE_CURVE('',#440,#406,#102,.T.);
#558=EDGE_CURVE('',#408,#442,#67,.T.);
#559=EDGE_CURVE('',#443,#441,#281,.T.);
#560=EDGE_CURVE('',#444,#443,#68,.T.);
#561=EDGE_CURVE('',#445,#444,#282,.T.);
#562=EDGE_CURVE('',#439,#445,#69,.T.);
#563=EDGE_CURVE('',#410,#443,#103,.F.);
#564=EDGE_CURVE('',#407,#446,#360,.T.);
#565=EDGE_CURVE('',#446,#404,#70,.T.);
#566=EDGE_CURVE('',#447,#448,#361,.T.);
#567=EDGE_CURVE('',#448,#446,#104,.T.);
#568=EDGE_CURVE('',#407,#447,#105,.T.);
#569=EDGE_CURVE('',#449,#450,#106,.T.);
#570=EDGE_CURVE('',#450,#448,#71,.T.);
#571=EDGE_CURVE('',#447,#449,#72,.T.);
#572=EDGE_CURVE('',#451,#404,#283,.T.);
#573=EDGE_CURVE('',#452,#451,#362,.T.);
#574=EDGE_CURVE('',#452,#401,#284,.T.);
#575=EDGE_CURVE('',#448,#453,#285,.T.);
#576=EDGE_CURVE('',#453,#451,#107,.F.);
#577=EDGE_CURVE('',#454,#450,#73,.T.);
#578=EDGE_CURVE('',#455,#454,#286,.T.);
#579=EDGE_CURVE('',#453,#455,#74,.T.);
#580=EDGE_CURVE('',#451,#431,#363,.T.);
#581=EDGE_CURVE('',#432,#453,#364,.T.);
#582=EDGE_CURVE('',#456,#452,#108,.T.);
#583=EDGE_CURVE('',#457,#430,#109,.T.);
#584=EDGE_CURVE('',#457,#456,#110,.F.);
#585=EDGE_CURVE('',#458,#455,#111,.F.);
#586=EDGE_CURVE('',#434,#458,#365,.T.);
#587=EDGE_CURVE('',#455,#433,#366,.T.);
#588=EDGE_CURVE('',#459,#460,#367,.T.);
#589=EDGE_CURVE('',#454,#459,#112,.F.);
#590=EDGE_CURVE('',#461,#454,#368,.T.);
#591=EDGE_CURVE('',#461,#460,#113,.T.);
#592=EDGE_CURVE('',#459,#458,#287,.T.);
#593=EDGE_CURVE('',#449,#461,#75,.T.);
#594=EDGE_CURVE('',#444,#462,#114,.F.);
#595=EDGE_CURVE('',#436,#444,#369,.T.);
#596=EDGE_CURVE('',#462,#435,#370,.T.);
#597=EDGE_CURVE('',#443,#437,#371,.T.);
#598=EDGE_CURVE('',#424,#410,#372,.T.);
#599=EDGE_CURVE('',#463,#423,#115,.F.);
#600=EDGE_CURVE('',#409,#464,#116,.T.);
#601=EDGE_CURVE('',#463,#464,#117,.T.);
#602=EDGE_CURVE('',#458,#462,#288,.T.);
#603=EDGE_CURVE('',#465,#445,#118,.F.);
#604=EDGE_CURVE('',#466,#465,#373,.T.);
#605=EDGE_CURVE('',#466,#467,#119,.T.);
#606=EDGE_CURVE('',#445,#467,#374,.T.);
#607=EDGE_CURVE('',#460,#466,#289,.T.);
#608=EDGE_CURVE('',#465,#459,#290,.T.);
#609=EDGE_CURVE('',#467,#438,#76,.T.);
#610=EDGE_CURVE('',#462,#465,#291,.T.);
#611=EDGE_CURVE('',#402,#468,#120,.T.);
#612=EDGE_CURVE('',#469,#468,#121,.T.);
#613=EDGE_CURVE('',#470,#469,#122,.F.);
#614=EDGE_CURVE('',#470,#471,#123,.F.);
#615=EDGE_CURVE('',#471,#386,#124,.T.);
#616=EDGE_CURVE('',#420,#472,#125,.F.);
#617=EDGE_CURVE('',#472,#473,#375,.T.);
#618=EDGE_CURVE('',#473,#419,#126,.F.);
#619=EDGE_CURVE('',#474,#475,#376,.T.);
#620=EDGE_CURVE('',#474,#427,#292,.T.);
#621=EDGE_CURVE('',#426,#473,#293,.T.);
#622=EDGE_CURVE('',#476,#472,#77,.T.);
#623=EDGE_CURVE('',#476,#464,#127,.T.);
#624=EDGE_CURVE('',#469,#413,#377,.T.);
#625=EDGE_CURVE('',#477,#456,#128,.T.);
#626=EDGE_CURVE('',#478,#477,#78,.T.);
#627=EDGE_CURVE('',#479,#478,#378,.T.);
#628=EDGE_CURVE('',#479,#428,#294,.T.);
#629=EDGE_CURVE('',#475,#474,#379,.T.);
#630=EDGE_CURVE('',#412,#470,#380,.T.);
#631=EDGE_CURVE('',#478,#415,#129,.F.);
#632=EDGE_CURVE('',#416,#479,#130,.F.);
#633=EDGE_CURVE('',#480,#481,#381,.T.);
#634=EDGE_CURVE('',#480,#482,#295,.T.);
#635=EDGE_CURVE('',#482,#482,#382,.T.);
#636=EDGE_CURVE('',#481,#480,#383,.T.);
#637=EDGE_CURVE('',#481,#475,#384,.T.);
#638=EDGE_CURVE('',#422,#483,#79,.T.);
#639=EDGE_CURVE('',#483,#463,#131,.T.);
#640=EDGE_CURVE('',#421,#425,#296,.F.);
#641=EDGE_CURVE('',#484,#417,#80,.T.);
#642=EDGE_CURVE('',#484,#457,#132,.T.);
#643=EDGE_CURVE('',#418,#429,#297,.T.);
#644=EDGE_CURVE('',#411,#471,#298,.T.);
#645=ORIENTED_EDGE('',*,*,#485,.T.);
#646=ORIENTED_EDGE('',*,*,#486,.T.);
#647=ORIENTED_EDGE('',*,*,#487,.T.);
#648=ORIENTED_EDGE('',*,*,#488,.T.);
#649=ORIENTED_EDGE('',*,*,#489,.T.);
#650=ORIENTED_EDGE('',*,*,#485,.F.);
#651=ORIENTED_EDGE('',*,*,#490,.T.);
#652=ORIENTED_EDGE('',*,*,#491,.T.);
#653=ORIENTED_EDGE('',*,*,#492,.T.);
#654=ORIENTED_EDGE('',*,*,#493,.T.);
#655=ORIENTED_EDGE('',*,*,#487,.F.);
#656=ORIENTED_EDGE('',*,*,#494,.T.);
#657=ORIENTED_EDGE('',*,*,#490,.F.);
#658=ORIENTED_EDGE('',*,*,#488,.F.);
#659=ORIENTED_EDGE('',*,*,#493,.F.);
#660=ORIENTED_EDGE('',*,*,#495,.F.);
#661=ORIENTED_EDGE('',*,*,#496,.F.);
#662=ORIENTED_EDGE('',*,*,#497,.F.);
#663=ORIENTED_EDGE('',*,*,#492,.F.);
#664=ORIENTED_EDGE('',*,*,#498,.T.);
#665=ORIENTED_EDGE('',*,*,#499,.T.);
#666=ORIENTED_EDGE('',*,*,#500,.T.);
#667=ORIENTED_EDGE('',*,*,#501,.F.);
#668=ORIENTED_EDGE('',*,*,#495,.T.);
#669=ORIENTED_EDGE('',*,*,#502,.T.);
#670=ORIENTED_EDGE('',*,*,#503,.T.);
#671=ORIENTED_EDGE('',*,*,#504,.T.);
#672=ORIENTED_EDGE('',*,*,#505,.T.);
#673=ORIENTED_EDGE('',*,*,#506,.T.);
#674=ORIENTED_EDGE('',*,*,#503,.F.);
#675=ORIENTED_EDGE('',*,*,#496,.T.);
#676=ORIENTED_EDGE('',*,*,#501,.T.);
#677=ORIENTED_EDGE('',*,*,#507,.T.);
#678=ORIENTED_EDGE('',*,*,#505,.F.);
#679=ORIENTED_EDGE('',*,*,#491,.F.);
#680=ORIENTED_EDGE('',*,*,#497,.T.);
#681=ORIENTED_EDGE('',*,*,#502,.F.);
#682=ORIENTED_EDGE('',*,*,#508,.T.);
#683=ORIENTED_EDGE('',*,*,#509,.T.);
#684=ORIENTED_EDGE('',*,*,#510,.T.);
#685=ORIENTED_EDGE('',*,*,#504,.F.);
#686=ORIENTED_EDGE('',*,*,#511,.T.);
#687=ORIENTED_EDGE('',*,*,#512,.T.);
#688=ORIENTED_EDGE('',*,*,#513,.T.);
#689=ORIENTED_EDGE('',*,*,#506,.F.);
#690=ORIENTED_EDGE('',*,*,#514,.F.);
#691=ORIENTED_EDGE('',*,*,#515,.F.);
#692=ORIENTED_EDGE('',*,*,#516,.T.);
#693=ORIENTED_EDGE('',*,*,#517,.F.);
#694=ORIENTED_EDGE('',*,*,#511,.F.);
#695=ORIENTED_EDGE('',*,*,#507,.F.);
#696=ORIENTED_EDGE('',*,*,#518,.T.);
#697=ORIENTED_EDGE('',*,*,#519,.T.);
#698=ORIENTED_EDGE('',*,*,#514,.T.);
#699=ORIENTED_EDGE('',*,*,#500,.F.);
#700=ORIENTED_EDGE('',*,*,#520,.T.);
#701=ORIENTED_EDGE('',*,*,#521,.F.);
#702=ORIENTED_EDGE('',*,*,#522,.F.);
#703=ORIENTED_EDGE('',*,*,#518,.F.);
#704=ORIENTED_EDGE('',*,*,#494,.F.);
#705=ORIENTED_EDGE('',*,*,#523,.T.);
#706=ORIENTED_EDGE('',*,*,#524,.T.);
#707=ORIENTED_EDGE('',*,*,#525,.F.);
#708=ORIENTED_EDGE('',*,*,#526,.T.);
#709=ORIENTED_EDGE('',*,*,#527,.T.);
#710=ORIENTED_EDGE('',*,*,#498,.F.);
#711=ORIENTED_EDGE('',*,*,#528,.F.);
#712=ORIENTED_EDGE('',*,*,#529,.F.);
#713=ORIENTED_EDGE('',*,*,#530,.T.);
#714=ORIENTED_EDGE('',*,*,#531,.T.);
#715=ORIENTED_EDGE('',*,*,#532,.F.);
#716=ORIENTED_EDGE('',*,*,#533,.T.);
#717=ORIENTED_EDGE('',*,*,#534,.T.);
#718=ORIENTED_EDGE('',*,*,#535,.F.);
#719=ORIENTED_EDGE('',*,*,#536,.F.);
#720=ORIENTED_EDGE('',*,*,#537,.F.);
#721=ORIENTED_EDGE('',*,*,#538,.F.);
#722=ORIENTED_EDGE('',*,*,#539,.F.);
#723=ORIENTED_EDGE('',*,*,#540,.F.);
#724=ORIENTED_EDGE('',*,*,#541,.F.);
#725=ORIENTED_EDGE('',*,*,#542,.F.);
#726=ORIENTED_EDGE('',*,*,#543,.F.);
#727=ORIENTED_EDGE('',*,*,#544,.F.);
#728=ORIENTED_EDGE('',*,*,#545,.F.);
#729=ORIENTED_EDGE('',*,*,#546,.F.);
#730=ORIENTED_EDGE('',*,*,#547,.F.);
#731=ORIENTED_EDGE('',*,*,#548,.F.);
#732=ORIENTED_EDGE('',*,*,#549,.F.);
#733=ORIENTED_EDGE('',*,*,#550,.F.);
#734=ORIENTED_EDGE('',*,*,#551,.F.);
#735=ORIENTED_EDGE('',*,*,#552,.T.);
#736=ORIENTED_EDGE('',*,*,#553,.T.);
#737=ORIENTED_EDGE('',*,*,#554,.T.);
#738=ORIENTED_EDGE('',*,*,#555,.T.);
#739=ORIENTED_EDGE('',*,*,#556,.T.);
#740=ORIENTED_EDGE('',*,*,#553,.F.);
#741=ORIENTED_EDGE('',*,*,#557,.T.);
#742=ORIENTED_EDGE('',*,*,#519,.F.);
#743=ORIENTED_EDGE('',*,*,#558,.T.);
#744=ORIENTED_EDGE('',*,*,#555,.F.);
#745=ORIENTED_EDGE('',*,*,#515,.T.);
#746=ORIENTED_EDGE('',*,*,#554,.F.);
#747=ORIENTED_EDGE('',*,*,#559,.F.);
#748=ORIENTED_EDGE('',*,*,#560,.F.);
#749=ORIENTED_EDGE('',*,*,#561,.F.);
#750=ORIENTED_EDGE('',*,*,#562,.F.);
#751=ORIENTED_EDGE('',*,*,#556,.F.);
#752=ORIENTED_EDGE('',*,*,#558,.F.);
#753=ORIENTED_EDGE('',*,*,#522,.T.);
#754=ORIENTED_EDGE('',*,*,#563,.T.);
#755=ORIENTED_EDGE('',*,*,#559,.T.);
#756=ORIENTED_EDGE('',*,*,#564,.T.);
#757=ORIENTED_EDGE('',*,*,#565,.T.);
#758=ORIENTED_EDGE('',*,*,#512,.F.);
#759=ORIENTED_EDGE('',*,*,#517,.T.);
#760=ORIENTED_EDGE('',*,*,#566,.T.);
#761=ORIENTED_EDGE('',*,*,#567,.T.);
#762=ORIENTED_EDGE('',*,*,#564,.F.);
#763=ORIENTED_EDGE('',*,*,#568,.T.);
#764=ORIENTED_EDGE('',*,*,#569,.T.);
#765=ORIENTED_EDGE('',*,*,#570,.T.);
#766=ORIENTED_EDGE('',*,*,#566,.F.);
#767=ORIENTED_EDGE('',*,*,#571,.T.);
#768=ORIENTED_EDGE('',*,*,#508,.F.);
#769=ORIENTED_EDGE('',*,*,#513,.F.);
#770=ORIENTED_EDGE('',*,*,#572,.F.);
#771=ORIENTED_EDGE('',*,*,#573,.F.);
#772=ORIENTED_EDGE('',*,*,#574,.T.);
#773=ORIENTED_EDGE('',*,*,#565,.F.);
#774=ORIENTED_EDGE('',*,*,#567,.F.);
#775=ORIENTED_EDGE('',*,*,#575,.T.);
#776=ORIENTED_EDGE('',*,*,#576,.T.);
#777=ORIENTED_EDGE('',*,*,#572,.T.);
#778=ORIENTED_EDGE('',*,*,#570,.F.);
#779=ORIENTED_EDGE('',*,*,#577,.F.);
#780=ORIENTED_EDGE('',*,*,#578,.F.);
#781=ORIENTED_EDGE('',*,*,#579,.F.);
#782=ORIENTED_EDGE('',*,*,#575,.F.);
#783=ORIENTED_EDGE('',*,*,#544,.T.);
#784=ORIENTED_EDGE('',*,*,#580,.F.);
#785=ORIENTED_EDGE('',*,*,#576,.F.);
#786=ORIENTED_EDGE('',*,*,#581,.F.);
#787=ORIENTED_EDGE('',*,*,#582,.T.);
#788=ORIENTED_EDGE('',*,*,#573,.T.);
#789=ORIENTED_EDGE('',*,*,#580,.T.);
#790=ORIENTED_EDGE('',*,*,#543,.T.);
#791=ORIENTED_EDGE('',*,*,#583,.F.);
#792=ORIENTED_EDGE('',*,*,#584,.T.);
#793=ORIENTED_EDGE('',*,*,#585,.F.);
#794=ORIENTED_EDGE('',*,*,#586,.F.);
#795=ORIENTED_EDGE('',*,*,#546,.T.);
#796=ORIENTED_EDGE('',*,*,#587,.F.);
#797=ORIENTED_EDGE('',*,*,#588,.F.);
#798=ORIENTED_EDGE('',*,*,#589,.F.);
#799=ORIENTED_EDGE('',*,*,#590,.F.);
#800=ORIENTED_EDGE('',*,*,#591,.T.);
#801=ORIENTED_EDGE('',*,*,#585,.T.);
#802=ORIENTED_EDGE('',*,*,#578,.T.);
#803=ORIENTED_EDGE('',*,*,#589,.T.);
#804=ORIENTED_EDGE('',*,*,#592,.T.);
#805=ORIENTED_EDGE('',*,*,#569,.F.);
#806=ORIENTED_EDGE('',*,*,#593,.T.);
#807=ORIENTED_EDGE('',*,*,#590,.T.);
#808=ORIENTED_EDGE('',*,*,#577,.T.);
#809=ORIENTED_EDGE('',*,*,#594,.F.);
#810=ORIENTED_EDGE('',*,*,#595,.F.);
#811=ORIENTED_EDGE('',*,*,#548,.T.);
#812=ORIENTED_EDGE('',*,*,#596,.F.);
#813=ORIENTED_EDGE('',*,*,#597,.F.);
#814=ORIENTED_EDGE('',*,*,#563,.F.);
#815=ORIENTED_EDGE('',*,*,#598,.F.);
#816=ORIENTED_EDGE('',*,*,#550,.T.);
#817=ORIENTED_EDGE('',*,*,#599,.T.);
#818=ORIENTED_EDGE('',*,*,#536,.T.);
#819=ORIENTED_EDGE('',*,*,#598,.T.);
#820=ORIENTED_EDGE('',*,*,#521,.T.);
#821=ORIENTED_EDGE('',*,*,#600,.T.);
#822=ORIENTED_EDGE('',*,*,#601,.F.);
#823=ORIENTED_EDGE('',*,*,#595,.T.);
#824=ORIENTED_EDGE('',*,*,#560,.T.);
#825=ORIENTED_EDGE('',*,*,#597,.T.);
#826=ORIENTED_EDGE('',*,*,#549,.T.);
#827=ORIENTED_EDGE('',*,*,#596,.T.);
#828=ORIENTED_EDGE('',*,*,#547,.T.);
#829=ORIENTED_EDGE('',*,*,#586,.T.);
#830=ORIENTED_EDGE('',*,*,#602,.T.);
#831=ORIENTED_EDGE('',*,*,#603,.F.);
#832=ORIENTED_EDGE('',*,*,#604,.F.);
#833=ORIENTED_EDGE('',*,*,#605,.T.);
#834=ORIENTED_EDGE('',*,*,#606,.F.);
#835=ORIENTED_EDGE('',*,*,#588,.T.);
#836=ORIENTED_EDGE('',*,*,#607,.T.);
#837=ORIENTED_EDGE('',*,*,#604,.T.);
#838=ORIENTED_EDGE('',*,*,#608,.T.);
#839=ORIENTED_EDGE('',*,*,#551,.T.);
#840=ORIENTED_EDGE('',*,*,#562,.T.);
#841=ORIENTED_EDGE('',*,*,#606,.T.);
#842=ORIENTED_EDGE('',*,*,#609,.T.);
#843=ORIENTED_EDGE('',*,*,#603,.T.);
#844=ORIENTED_EDGE('',*,*,#561,.T.);
#845=ORIENTED_EDGE('',*,*,#594,.T.);
#846=ORIENTED_EDGE('',*,*,#610,.T.);
#847=ORIENTED_EDGE('',*,*,#581,.T.);
#848=ORIENTED_EDGE('',*,*,#579,.T.);
#849=ORIENTED_EDGE('',*,*,#587,.T.);
#850=ORIENTED_EDGE('',*,*,#545,.T.);
#851=ORIENTED_EDGE('',*,*,#489,.F.);
#852=ORIENTED_EDGE('',*,*,#510,.F.);
#853=ORIENTED_EDGE('',*,*,#611,.T.);
#854=ORIENTED_EDGE('',*,*,#612,.F.);
#855=ORIENTED_EDGE('',*,*,#613,.F.);
#856=ORIENTED_EDGE('',*,*,#614,.T.);
#857=ORIENTED_EDGE('',*,*,#615,.T.);
#858=ORIENTED_EDGE('',*,*,#592,.F.);
#859=ORIENTED_EDGE('',*,*,#608,.F.);
#860=ORIENTED_EDGE('',*,*,#610,.F.);
#861=ORIENTED_EDGE('',*,*,#602,.F.);
#862=ORIENTED_EDGE('',*,*,#616,.T.);
#863=ORIENTED_EDGE('',*,*,#617,.T.);
#864=ORIENTED_EDGE('',*,*,#618,.T.);
#865=ORIENTED_EDGE('',*,*,#532,.T.);
#866=ORIENTED_EDGE('',*,*,#619,.F.);
#867=ORIENTED_EDGE('',*,*,#620,.T.);
#868=ORIENTED_EDGE('',*,*,#539,.T.);
#869=ORIENTED_EDGE('',*,*,#621,.T.);
#870=ORIENTED_EDGE('',*,*,#617,.F.);
#871=ORIENTED_EDGE('',*,*,#622,.F.);
#872=ORIENTED_EDGE('',*,*,#623,.T.);
#873=ORIENTED_EDGE('',*,*,#600,.F.);
#874=ORIENTED_EDGE('',*,*,#520,.F.);
#875=ORIENTED_EDGE('',*,*,#499,.F.);
#876=ORIENTED_EDGE('',*,*,#527,.F.);
#877=ORIENTED_EDGE('',*,*,#526,.F.);
#878=ORIENTED_EDGE('',*,*,#624,.F.);
#879=ORIENTED_EDGE('',*,*,#612,.T.);
#880=ORIENTED_EDGE('',*,*,#611,.F.);
#881=ORIENTED_EDGE('',*,*,#509,.F.);
#882=ORIENTED_EDGE('',*,*,#574,.F.);
#883=ORIENTED_EDGE('',*,*,#582,.F.);
#884=ORIENTED_EDGE('',*,*,#625,.F.);
#885=ORIENTED_EDGE('',*,*,#626,.F.);
#886=ORIENTED_EDGE('',*,*,#627,.F.);
#887=ORIENTED_EDGE('',*,*,#628,.T.);
#888=ORIENTED_EDGE('',*,*,#540,.T.);
#889=ORIENTED_EDGE('',*,*,#620,.F.);
#890=ORIENTED_EDGE('',*,*,#629,.F.);
#891=ORIENTED_EDGE('',*,*,#613,.T.);
#892=ORIENTED_EDGE('',*,*,#624,.T.);
#893=ORIENTED_EDGE('',*,*,#525,.T.);
#894=ORIENTED_EDGE('',*,*,#630,.T.);
#895=ORIENTED_EDGE('',*,*,#627,.T.);
#896=ORIENTED_EDGE('',*,*,#631,.T.);
#897=ORIENTED_EDGE('',*,*,#528,.T.);
#898=ORIENTED_EDGE('',*,*,#632,.T.);
#899=ORIENTED_EDGE('',*,*,#633,.F.);
#900=ORIENTED_EDGE('',*,*,#634,.T.);
#901=ORIENTED_EDGE('',*,*,#635,.F.);
#902=ORIENTED_EDGE('',*,*,#634,.F.);
#903=ORIENTED_EDGE('',*,*,#636,.F.);
#904=ORIENTED_EDGE('',*,*,#633,.T.);
#905=ORIENTED_EDGE('',*,*,#637,.T.);
#906=ORIENTED_EDGE('',*,*,#629,.T.);
#907=ORIENTED_EDGE('',*,*,#619,.T.);
#908=ORIENTED_EDGE('',*,*,#637,.F.);
#909=ORIENTED_EDGE('',*,*,#636,.T.);
#910=ORIENTED_EDGE('',*,*,#622,.T.);
#911=ORIENTED_EDGE('',*,*,#616,.F.);
#912=ORIENTED_EDGE('',*,*,#535,.T.);
#913=ORIENTED_EDGE('',*,*,#638,.T.);
#914=ORIENTED_EDGE('',*,*,#639,.T.);
#915=ORIENTED_EDGE('',*,*,#601,.T.);
#916=ORIENTED_EDGE('',*,*,#623,.F.);
#917=ORIENTED_EDGE('',*,*,#638,.F.);
#918=ORIENTED_EDGE('',*,*,#534,.F.);
#919=ORIENTED_EDGE('',*,*,#640,.T.);
#920=ORIENTED_EDGE('',*,*,#537,.T.);
#921=ORIENTED_EDGE('',*,*,#599,.F.);
#922=ORIENTED_EDGE('',*,*,#639,.F.);
#923=ORIENTED_EDGE('',*,*,#641,.T.);
#924=ORIENTED_EDGE('',*,*,#529,.T.);
#925=ORIENTED_EDGE('',*,*,#631,.F.);
#926=ORIENTED_EDGE('',*,*,#626,.T.);
#927=ORIENTED_EDGE('',*,*,#625,.T.);
#928=ORIENTED_EDGE('',*,*,#584,.F.);
#929=ORIENTED_EDGE('',*,*,#642,.F.);
#930=ORIENTED_EDGE('',*,*,#531,.F.);
#931=ORIENTED_EDGE('',*,*,#643,.T.);
#932=ORIENTED_EDGE('',*,*,#541,.T.);
#933=ORIENTED_EDGE('',*,*,#628,.F.);
#934=ORIENTED_EDGE('',*,*,#632,.F.);
#935=ORIENTED_EDGE('',*,*,#552,.F.);
#936=ORIENTED_EDGE('',*,*,#609,.F.);
#937=ORIENTED_EDGE('',*,*,#605,.F.);
#938=ORIENTED_EDGE('',*,*,#607,.F.);
#939=ORIENTED_EDGE('',*,*,#591,.F.);
#940=ORIENTED_EDGE('',*,*,#593,.F.);
#941=ORIENTED_EDGE('',*,*,#571,.F.);
#942=ORIENTED_EDGE('',*,*,#568,.F.);
#943=ORIENTED_EDGE('',*,*,#516,.F.);
#944=ORIENTED_EDGE('',*,*,#557,.F.);
#945=ORIENTED_EDGE('',*,*,#641,.F.);
#946=ORIENTED_EDGE('',*,*,#642,.T.);
#947=ORIENTED_EDGE('',*,*,#583,.T.);
#948=ORIENTED_EDGE('',*,*,#542,.T.);
#949=ORIENTED_EDGE('',*,*,#643,.F.);
#950=ORIENTED_EDGE('',*,*,#530,.F.);
#951=ORIENTED_EDGE('',*,*,#635,.T.);
#952=ORIENTED_EDGE('',*,*,#630,.F.);
#953=ORIENTED_EDGE('',*,*,#524,.F.);
#954=ORIENTED_EDGE('',*,*,#644,.T.);
#955=ORIENTED_EDGE('',*,*,#614,.F.);
#956=ORIENTED_EDGE('',*,*,#486,.F.);
#957=ORIENTED_EDGE('',*,*,#615,.F.);
#958=ORIENTED_EDGE('',*,*,#644,.F.);
#959=ORIENTED_EDGE('',*,*,#523,.F.);
#960=ORIENTED_EDGE('',*,*,#538,.T.);
#961=ORIENTED_EDGE('',*,*,#640,.F.);
#962=ORIENTED_EDGE('',*,*,#533,.F.);
#963=ORIENTED_EDGE('',*,*,#618,.F.);
#964=ORIENTED_EDGE('',*,*,#621,.F.);
#965=CYLINDRICAL_SURFACE('',#1059,1.);
#966=CYLINDRICAL_SURFACE('',#1062,1.);
#967=CYLINDRICAL_SURFACE('',#1064,1.);
#968=CYLINDRICAL_SURFACE('',#1067,1.);
#969=CYLINDRICAL_SURFACE('',#1073,1.);
#970=CYLINDRICAL_SURFACE('',#1077,1.);
#971=CYLINDRICAL_SURFACE('',#1078,1.);
#972=CYLINDRICAL_SURFACE('',#1083,1.);
#973=CYLINDRICAL_SURFACE('',#1091,347.547621327074);
#974=CYLINDRICAL_SURFACE('',#1106,3.);
#975=CYLINDRICAL_SURFACE('',#1114,3.);
#976=CYLINDRICAL_SURFACE('',#1125,3.);
#977=CYLINDRICAL_SURFACE('',#1132,1.);
#978=CYLINDRICAL_SURFACE('',#1135,1.);
#979=CYLINDRICAL_SURFACE('',#1137,3.);
#980=CYLINDRICAL_SURFACE('',#1141,4.875);
#981=CYLINDRICAL_SURFACE('',#1151,4.375);
#982=CYLINDRICAL_SURFACE('',#1161,58.2248316070779);
#983=ADVANCED_FACE('',(#133),#965,.T.);
#984=ADVANCED_FACE('',(#134),#966,.T.);
#985=ADVANCED_FACE('',(#135),#967,.T.);
#986=ADVANCED_FACE('',(#136),#43,.T.);
#987=ADVANCED_FACE('',(#137),#968,.T.);
#988=ADVANCED_FACE('',(#138),#41,.T.);
#989=ADVANCED_FACE('',(#139),#969,.T.);
#990=ADVANCED_FACE('',(#140),#42,.T.);
#991=ADVANCED_FACE('',(#141),#970,.T.);
#992=ADVANCED_FACE('',(#142),#971,.T.);
#993=ADVANCED_FACE('',(#143),#44,.T.);
#994=ADVANCED_FACE('',(#144),#972,.T.);
#995=ADVANCED_FACE('',(#145),#45,.T.);
#996=ADVANCED_FACE('',(#146),#21,.T.);
#997=ADVANCED_FACE('',(#147),#46,.T.);
#998=ADVANCED_FACE('',(#148),#47,.T.);
#999=ADVANCED_FACE('',(#149),#973,.T.);
#1000=ADVANCED_FACE('',(#150),#22,.F.);
#1001=ADVANCED_FACE('',(#151),#23,.F.);
#1002=ADVANCED_FACE('',(#152),#24,.F.);
#1003=ADVANCED_FACE('',(#153),#48,.T.);
#1004=ADVANCED_FACE('',(#154),#974,.T.);
#1005=ADVANCED_FACE('',(#155),#25,.F.);
#1006=ADVANCED_FACE('',(#156),#26,.F.);
#1007=ADVANCED_FACE('',(#157),#27,.F.);
#1008=ADVANCED_FACE('',(#158),#49,.F.);
#1009=ADVANCED_FACE('',(#159),#975,.T.);
#1010=ADVANCED_FACE('',(#160),#50,.T.);
#1011=ADVANCED_FACE('',(#161),#28,.F.);
#1012=ADVANCED_FACE('',(#162),#15,.T.);
#1013=ADVANCED_FACE('',(#163),#29,.F.);
#1014=ADVANCED_FACE('',(#164),#30,.F.);
#1015=ADVANCED_FACE('',(#165),#976,.T.);
#1016=ADVANCED_FACE('',(#166),#31,.F.);
#1017=ADVANCED_FACE('',(#167),#32,.F.);
#1018=ADVANCED_FACE('',(#168),#33,.F.);
#1019=ADVANCED_FACE('',(#169),#16,.T.);
#1020=ADVANCED_FACE('',(#170),#34,.F.);
#1021=ADVANCED_FACE('',(#171),#977,.T.);
#1022=ADVANCED_FACE('',(#172),#35,.F.);
#1023=ADVANCED_FACE('',(#173),#978,.T.);
#1024=ADVANCED_FACE('',(#174),#36,.F.);
#1025=ADVANCED_FACE('',(#175),#979,.T.);
#1026=ADVANCED_FACE('',(#176),#37,.F.);
#1027=ADVANCED_FACE('',(#177),#38,.T.);
#1028=ADVANCED_FACE('',(#178),#51,.T.);
#1029=ADVANCED_FACE('',(#179),#17,.T.);
#1030=ADVANCED_FACE('',(#180),#980,.T.);
#1031=ADVANCED_FACE('',(#181),#18,.T.);
#1032=ADVANCED_FACE('',(#182),#19,.T.);
#1033=ADVANCED_FACE('',(#183),#981,.F.);
#1034=ADVANCED_FACE('',(#184),#20,.T.);
#1035=ADVANCED_FACE('',(#185),#39,.F.);
#1036=ADVANCED_FACE('',(#186),#52,.T.);
#1037=ADVANCED_FACE('',(#187),#40,.F.);
#1038=ADVANCED_FACE('',(#188),#53,.T.);
#1039=ADVANCED_FACE('',(#189),#982,.T.);
#1040=ADVANCED_FACE('',(#190),#54,.T.);
#1041=ADVANCED_FACE('',(#191),#55,.F.);
#1042=ADVANCED_FACE('',(#192),#56,.T.);
#1043=ADVANCED_FACE('',(#193),#57,.T.);
#1044=ADVANCED_FACE('',(#194),#58,.T.);
#1045=CLOSED_SHELL('',(#983,#984,#985,#986,#987,#988,#989,#990,#991,#992,
#993,#994,#995,#996,#997,#998,#999,#1000,#1001,#1002,#1003,#1004,#1005,
#1006,#1007,#1008,#1009,#1010,#1011,#1012,#1013,#1014,#1015,#1016,#1017,
#1018,#1019,#1020,#1021,#1022,#1023,#1024,#1025,#1026,#1027,#1028,#1029,
#1030,#1031,#1032,#1033,#1034,#1035,#1036,#1037,#1038,#1039,#1040,#1041,
#1042,#1043,#1044));
#1046=DERIVED_UNIT_ELEMENT(#1048,1.);
#1047=DERIVED_UNIT_ELEMENT(#2571,-3.);
#1048=(
MASS_UNIT()
NAMED_UNIT(*)
SI_UNIT(.KILO.,.GRAM.)
);
#1049=DERIVED_UNIT((#1046,#1047));
#1050=MEASURE_REPRESENTATION_ITEM('density measure',
POSITIVE_RATIO_MEASURE(1060.),#1049);
#1051=PROPERTY_DEFINITION_REPRESENTATION(#1056,#1053);
#1052=PROPERTY_DEFINITION_REPRESENTATION(#1057,#1054);
#1053=REPRESENTATION('material name',(#1055),#2568);
#1054=REPRESENTATION('density',(#1050),#2568);
#1055=DESCRIPTIVE_REPRESENTATION_ITEM('ABS Plastic','ABS Plastic');
#1056=PROPERTY_DEFINITION('material property','material name',#2578);
#1057=PROPERTY_DEFINITION('material property','density of part',#2578);
#1058=AXIS2_PLACEMENT_3D('',#1427,#1167,#1168);
#1059=AXIS2_PLACEMENT_3D('',#1428,#1169,#1170);
#1060=AXIS2_PLACEMENT_3D('',#1431,#1171,#1172);
#1061=AXIS2_PLACEMENT_3D('',#1435,#1174,#1175);
#1062=AXIS2_PLACEMENT_3D('',#1437,#1177,#1178);
#1063=AXIS2_PLACEMENT_3D('',#1451,#1180,#1181);
#1064=AXIS2_PLACEMENT_3D('',#1452,#1182,#1183);
#1065=AXIS2_PLACEMENT_3D('',#1455,#1184,#1185);
#1066=AXIS2_PLACEMENT_3D('',#1467,#1187,#1188);
#1067=AXIS2_PLACEMENT_3D('',#1473,#1192,#1193);
#1068=AXIS2_PLACEMENT_3D('',#1500,#1195,#1196);
#1069=AXIS2_PLACEMENT_3D('',#1501,#1197,#1198);
#1070=AXIS2_PLACEMENT_3D('',#1503,#1199,#1200);
#1071=AXIS2_PLACEMENT_3D('',#1505,#1201,#1202);
#1072=AXIS2_PLACEMENT_3D('',#1506,#1203,#1204);
#1073=AXIS2_PLACEMENT_3D('',#1507,#1205,#1206);
#1074=AXIS2_PLACEMENT_3D('',#1509,#1207,#1208);
#1075=AXIS2_PLACEMENT_3D('',#1511,#1210,#1211);
#1076=AXIS2_PLACEMENT_3D('',#1512,#1212,#1213);
#1077=AXIS2_PLACEMENT_3D('',#1513,#1214,#1215);
#1078=AXIS2_PLACEMENT_3D('',#1537,#1217,#1218);
#1079=AXIS2_PLACEMENT_3D('',#1541,#1220,#1221);
#1080=AXIS2_PLACEMENT_3D('',#1543,#1223,#1224);
#1081=AXIS2_PLACEMENT_3D('',#1547,#1226,#1227);
#1082=AXIS2_PLACEMENT_3D('',#1550,#1229,#1230);
#1083=AXIS2_PLACEMENT_3D('',#1551,#1231,#1232);
#1084=AXIS2_PLACEMENT_3D('',#1554,#1234,#1235);
#1085=AXIS2_PLACEMENT_3D('',#1555,#1236,#1237);
#1086=AXIS2_PLACEMENT_3D('',#1559,#1239,#1240);
#1087=AXIS2_PLACEMENT_3D('',#1643,#1242,#1243);
#1088=AXIS2_PLACEMENT_3D('',#1646,#1244,#1245);
#1089=AXIS2_PLACEMENT_3D('',#1667,#1248,#1249);
#1090=AXIS2_PLACEMENT_3D('',#1670,#1250,#1251);
#1091=AXIS2_PLACEMENT_3D('',#1691,#1254,#1255);
#1092=AXIS2_PLACEMENT_3D('',#1694,#1256,#1257);
#1093=AXIS2_PLACEMENT_3D('',#1698,#1259,#1260);
#1094=AXIS2_PLACEMENT_3D('',#1710,#1261,#1262);
#1095=AXIS2_PLACEMENT_3D('',#1714,#1264,#1265);
#1096=AXIS2_PLACEMENT_3D('',#1721,#1266,#1267);
#1097=AXIS2_PLACEMENT_3D('',#1737,#1269,#1270);
#1098=AXIS2_PLACEMENT_3D('',#1772,#1271,#1272);
#1099=AXIS2_PLACEMENT_3D('',#1774,#1273,#1274);
#1100=AXIS2_PLACEMENT_3D('',#1775,#1275,#1276);
#1101=AXIS2_PLACEMENT_3D('',#1797,#1277,#1278);
#1102=AXIS2_PLACEMENT_3D('',#1826,#1279,#1280);
#1103=AXIS2_PLACEMENT_3D('',#1827,#1281,#1282);
#1104=AXIS2_PLACEMENT_3D('',#1831,#1284,#1285);
#1105=AXIS2_PLACEMENT_3D('',#1834,#1287,#1288);
#1106=AXIS2_PLACEMENT_3D('',#1835,#1289,#1290);
#1107=AXIS2_PLACEMENT_3D('',#1861,#1291,#1292);
#1108=AXIS2_PLACEMENT_3D('',#1862,#1293,#1294);
#1109=AXIS2_PLACEMENT_3D('',#1885,#1295,#1296);
#1110=AXIS2_PLACEMENT_3D('',#1923,#1297,#1298);
#1111=AXIS2_PLACEMENT_3D('',#1924,#1299,#1300);
#1112=AXIS2_PLACEMENT_3D('',#1925,#1301,#1302);
#1113=AXIS2_PLACEMENT_3D('',#1929,#1304,#1305);
#1114=AXIS2_PLACEMENT_3D('',#1931,#1307,#1308);
#1115=AXIS2_PLACEMENT_3D('',#1938,#1310,#1311);
#1116=AXIS2_PLACEMENT_3D('',#1940,#1312,#1313);
#1117=AXIS2_PLACEMENT_3D('',#1943,#1315,#1316);
#1118=AXIS2_PLACEMENT_3D('',#1964,#1317,#1318);
#1119=AXIS2_PLACEMENT_3D('',#1965,#1319,#1320);
#1120=AXIS2_PLACEMENT_3D('',#1966,#1321,#1322);
#1121=AXIS2_PLACEMENT_3D('',#2047,#1323,#1324);
#1122=AXIS2_PLACEMENT_3D('',#2048,#1325,#1326);
#1123=AXIS2_PLACEMENT_3D('',#2076,#1327,#1328);
#1124=AXIS2_PLACEMENT_3D('',#2083,#1329,#1330);
#1125=AXIS2_PLACEMENT_3D('',#2089,#1331,#1332);
#1126=AXIS2_PLACEMENT_3D('',#2111,#1334,#1335);
#1127=AXIS2_PLACEMENT_3D('',#2148,#1336,#1337);
#1128=AXIS2_PLACEMENT_3D('',#2149,#1338,#1339);
#1129=AXIS2_PLACEMENT_3D('',#2170,#1340,#1341);
#1130=AXIS2_PLACEMENT_3D('',#2171,#1342,#1343);
#1131=AXIS2_PLACEMENT_3D('',#2172,#1344,#1345);
#1132=AXIS2_PLACEMENT_3D('',#2239,#1346,#1347);
#1133=AXIS2_PLACEMENT_3D('',#2273,#1349,#1350);
#1134=AXIS2_PLACEMENT_3D('',#2280,#1351,#1352);
#1135=AXIS2_PLACEMENT_3D('',#2281,#1353,#1354);
#1136=AXIS2_PLACEMENT_3D('',#2304,#1357,#1358);
#1137=AXIS2_PLACEMENT_3D('',#2305,#1359,#1360);
#1138=AXIS2_PLACEMENT_3D('',#2409,#1362,#1363);
#1139=AXIS2_PLACEMENT_3D('',#2410,#1364,#1365);
#1140=AXIS2_PLACEMENT_3D('',#2425,#1366,#1367);
#1141=AXIS2_PLACEMENT_3D('',#2436,#1368,#1369);
#1142=AXIS2_PLACEMENT_3D('',#2439,#1370,#1371);
#1143=AXIS2_PLACEMENT_3D('',#2443,#1374,#1375);
#1144=AXIS2_PLACEMENT_3D('',#2448,#1376,#1377);
#1145=AXIS2_PLACEMENT_3D('',#2455,#1378,#1379);
#1146=AXIS2_PLACEMENT_3D('',#2457,#1380,#1381);
#1147=AXIS2_PLACEMENT_3D('',#2459,#1383,#1384);
#1148=AXIS2_PLACEMENT_3D('',#2460,#1385,#1386);
#1149=AXIS2_PLACEMENT_3D('',#2461,#1387,#1388);
#1150=AXIS2_PLACEMENT_3D('',#2462,#1389,#1390);
#1151=AXIS2_PLACEMENT_3D('',#2485,#1391,#1392);
#1152=AXIS2_PLACEMENT_3D('',#2488,#1393,#1394);
#1153=AXIS2_PLACEMENT_3D('',#2491,#1396,#1397);
#1154=AXIS2_PLACEMENT_3D('',#2492,#1398,#1399);
#1155=AXIS2_PLACEMENT_3D('',#2493,#1400,#1401);
#1156=AXIS2_PLACEMENT_3D('',#2494,#1402,#1403);
#1157=AXIS2_PLACEMENT_3D('',#2520,#1404,#1405);
#1158=AXIS2_PLACEMENT_3D('',#2525,#1406,#1407);
#1159=AXIS2_PLACEMENT_3D('',#2552,#1409,#1410);
#1160=AXIS2_PLACEMENT_3D('',#2557,#1411,#1412);
#1161=AXIS2_PLACEMENT_3D('',#2559,#1414,#1415);
#1162=AXIS2_PLACEMENT_3D('',#2560,#1416,#1417);
#1163=AXIS2_PLACEMENT_3D('',#2561,#1418,#1419);
#1164=AXIS2_PLACEMENT_3D('',#2562,#1420,#1421);
#1165=AXIS2_PLACEMENT_3D('',#2564,#1423,#1424);
#1166=AXIS2_PLACEMENT_3D('',#2565,#1425,#1426);
#1167=DIRECTION('axis',(0.,0.,1.));
#1168=DIRECTION('refdir',(1.,0.,0.));
#1169=DIRECTION('center_axis',(0.,0.,1.));
#1170=DIRECTION('ref_axis',(0.707106781186548,0.707106781186547,0.));
#1171=DIRECTION('center_axis',(0.,0.,1.));
#1172=DIRECTION('ref_axis',(1.,0.,0.));
#1173=DIRECTION('',(0.,0.,1.));
#1174=DIRECTION('center_axis',(0.,0.,-1.));
#1175=DIRECTION('ref_axis',(0.,1.,0.));
#1176=DIRECTION('',(0.,0.,-1.));
#1177=DIRECTION('center_axis',(0.,0.,-1.));
#1178=DIRECTION('ref_axis',(0.707106781186548,0.707106781186547,0.));
#1179=DIRECTION('',(0.,0.,-1.));
#1180=DIRECTION('center_axis',(0.,0.707106781186548,0.707106781186547));
#1181=DIRECTION('ref_axis',(4.9065389333868E-17,0.707106781186547,-0.707106781186548));
#1182=DIRECTION('center_axis',(0.,0.,-1.));
#1183=DIRECTION('ref_axis',(0.707106781186548,0.707106781186547,0.));
#1184=DIRECTION('center_axis',(0.,0.707106781186548,-0.707106781186547));
#1185=DIRECTION('ref_axis',(4.9065389333868E-17,0.707106781186547,0.707106781186548));
#1186=DIRECTION('',(0.,0.,-1.));
#1187=DIRECTION('center_axis',(1.,0.,0.));
#1188=DIRECTION('ref_axis',(0.,1.,0.));
#1189=DIRECTION('',(0.,1.,0.));
#1190=DIRECTION('',(0.,0.,1.));
#1191=DIRECTION('',(0.,-1.,0.));
#1192=DIRECTION('center_axis',(0.,-1.,0.));
#1193=DIRECTION('ref_axis',(1.,0.,0.));
#1194=DIRECTION('',(0.,-1.,0.));
#1195=DIRECTION('center_axis',(0.,-1.,-1.11022302462516E-15));
#1196=DIRECTION('ref_axis',(1.,0.,0.));
#1197=DIRECTION('center_axis',(-0.446959978756649,0.0336732378793602,-0.893919957513298));
#1198=DIRECTION('ref_axis',(0.891393818990949,-0.0671561605908705,-0.448226627454711));
#1199=DIRECTION('center_axis',(0.,-1.,0.));
#1200=DIRECTION('ref_axis',(0.,-3.12250225675825E-16,-1.));
#1201=DIRECTION('center_axis',(0.,0.,-1.));
#1202=DIRECTION('ref_axis',(1.,0.,0.));
#1203=DIRECTION('center_axis',(0.149826352290185,0.988712326290826,0.));
#1204=DIRECTION('ref_axis',(0.69912519056297,-0.105943229704835,-0.707106781186547));
#1205=DIRECTION('center_axis',(0.,0.,-1.));
#1206=DIRECTION('ref_axis',(0.997174088685327,-0.0751254740722936,0.));
#1207=DIRECTION('center_axis',(0.,0.,-1.));
#1208=DIRECTION('ref_axis',(1.,0.,0.));
#1209=DIRECTION('',(0.,0.,-1.));
#1210=DIRECTION('center_axis',(0.446959978756649,-0.0336732378793611,-0.893919957513298));
#1211=DIRECTION('ref_axis',(0.891393818990949,-0.0671561605908723,0.448226627454711));
#1212=DIRECTION('center_axis',(0.149826352290185,0.988712326290826,0.));
#1213=DIRECTION('ref_axis',(0.69912519056297,-0.105943229704834,0.707106781186547));
#1214=DIRECTION('center_axis',(0.,-1.,0.));
#1215=DIRECTION('ref_axis',(0.,0.,-1.));
#1216=DIRECTION('',(0.,1.,0.));
#1217=DIRECTION('center_axis',(-0.149826352290185,-0.988712326290826,0.));
#1218=DIRECTION('ref_axis',(0.69912519056297,-0.105943229704834,-0.707106781186548));
#1219=DIRECTION('',(-0.149826352290185,-0.988712326290826,0.));
#1220=DIRECTION('center_axis',(0.149826352290185,0.988712326290826,3.32681332016327E-16));
#1221=DIRECTION('ref_axis',(0.988712326290826,-0.149826352290185,0.));
#1222=DIRECTION('',(0.149826352290185,0.988712326290826,0.));
#1223=DIRECTION('center_axis',(0.988712326290826,-0.149826352290185,0.));
#1224=DIRECTION('ref_axis',(0.149826352290185,0.988712326290826,0.));
#1225=DIRECTION('',(0.149826352290185,0.988712326290826,0.));
#1226=DIRECTION('center_axis',(-0.988712326290826,0.149826352290185,0.));
#1227=DIRECTION('ref_axis',(-0.149826352290185,-0.988712326290826,0.));
#1228=DIRECTION('',(0.,0.,-1.));
#1229=DIRECTION('center_axis',(-0.988712326290826,0.149826352290185,0.));
#1230=DIRECTION('ref_axis',(-0.149826352290185,-0.988712326290826,0.));
#1231=DIRECTION('center_axis',(0.149826352290185,0.988712326290826,0.));
#1232=DIRECTION('ref_axis',(0.69912519056297,-0.105943229704834,0.707106781186548));
#1233=DIRECTION('',(-0.149826352290185,-0.988712326290826,0.));
#1234=DIRECTION('center_axis',(0.149826352290185,0.988712326290826,-3.32681332016327E-16));
#1235=DIRECTION('ref_axis',(2.22044604925031E-15,0.,1.));
#1236=DIRECTION('center_axis',(0.,0.,1.));
#1237=DIRECTION('ref_axis',(-1.,0.,0.));
#1238=DIRECTION('',(-1.,0.,0.));
#1239=DIRECTION('center_axis',(0.,0.,-1.));
#1240=DIRECTION('ref_axis',(-0.988615407644929,0.150464533253029,0.));
#1241=DIRECTION('',(-1.,0.,0.));
#1242=DIRECTION('center_axis',(1.,0.,0.));
#1243=DIRECTION('ref_axis',(0.,1.,0.));
#1244=DIRECTION('center_axis',(-1.,0.,0.));
#1245=DIRECTION('ref_axis',(0.,-0.35186906180468,-0.936049231261206));
#1246=DIRECTION('',(0.,-1.00665734820691E-16,1.));
#1247=DIRECTION('',(0.,-1.,8.94394768374708E-17));
#1248=DIRECTION('center_axis',(1.,0.,0.));
#1249=DIRECTION('ref_axis',(0.,1.,0.));
#1250=DIRECTION('center_axis',(-1.,0.,0.));
#1251=DIRECTION('ref_axis',(0.,-0.35186906180468,0.936049231261206));
#1252=DIRECTION('',(0.,1.,0.));
#1253=DIRECTION('',(0.,-1.00665734820691E-16,1.));
#1254=DIRECTION('center_axis',(0.,0.,1.));
#1255=DIRECTION('ref_axis',(-0.989765675999962,0.142702160503399,0.));
#1256=DIRECTION('center_axis',(0.,0.,1.));
#1257=DIRECTION('ref_axis',(-0.988615407644929,0.150464533253029,0.));
#1258=DIRECTION('',(0.,0.,1.));
#1259=DIRECTION('center_axis',(0.,0.,-1.));
#1260=DIRECTION('ref_axis',(-0.987607698347472,0.156942773534843,0.));
#1261=DIRECTION('center_axis',(0.,8.94394768374708E-17,1.));
#1262=DIRECTION('ref_axis',(1.,0.,0.));
#1263=DIRECTION('',(0.,0.,1.));
#1264=DIRECTION('center_axis',(0.,0.,-1.));
#1265=DIRECTION('ref_axis',(-0.988615407644929,0.150464533253028,0.));
#1266=DIRECTION('center_axis',(1.14024768530268E-17,-0.446183291510784,
-0.894941601657115));
#1267=DIRECTION('ref_axis',(0.,0.894941601657115,-0.446183291510784));
#1268=DIRECTION('',(0.,0.,-1.));
#1269=DIRECTION('center_axis',(-1.14024768530268E-17,-0.446183291510784,
0.894941601657115));
#1270=DIRECTION('ref_axis',(0.,0.894941601657115,0.446183291510784));
#1271=DIRECTION('center_axis',(-1.68192760181488E-17,-0.441037292592772,
0.897488777947912));
#1272=DIRECTION('ref_axis',(-1.36905533686331E-16,-0.897488777947912,-0.441037292592772));
#1273=DIRECTION('center_axis',(-0.139600068169981,-0.885668931810047,-0.442834465905023));
#1274=DIRECTION('ref_axis',(0.987804578283872,-0.155698796146348,-2.22044604925029E-15));
#1275=DIRECTION('center_axis',(0.,0.447213595499958,-0.894427190999916));
#1276=DIRECTION('ref_axis',(-1.04117072964117E-16,-0.894427190999916,-0.447213595499958));
#1277=DIRECTION('center_axis',(-0.143994723322986,-0.950229086499628,-0.276279211713838));
#1278=DIRECTION('ref_axis',(0.988712326290826,-0.149826352290185,0.));
#1279=DIRECTION('center_axis',(0.994935749771768,-0.100512953523859,0.));
#1280=DIRECTION('ref_axis',(-0.100512953523859,-0.994935749771768,0.));
#1281=DIRECTION('center_axis',(0.,-0.447213595499958,0.894427190999916));
#1282=DIRECTION('ref_axis',(1.,0.,0.));
#1283=DIRECTION('',(1.,0.,0.));
#1284=DIRECTION('center_axis',(0.,0.447213595499958,-0.894427190999916));
#1285=DIRECTION('ref_axis',(0.,0.894427190999916,0.447213595499958));
#1286=DIRECTION('',(-1.,0.,0.));
#1287=DIRECTION('center_axis',(0.,0.447213595499958,-0.894427190999916));
#1288=DIRECTION('ref_axis',(-1.04117072964117E-16,-0.894427190999916,-0.447213595499958));
#1289=DIRECTION('center_axis',(-1.,0.,0.));
#1290=DIRECTION('ref_axis',(0.,-0.229752920547361,0.97324898946773));
#1291=DIRECTION('center_axis',(0.143994723322987,0.950229086499628,-0.276279211713836));
#1292=DIRECTION('ref_axis',(0.988712326290826,-0.149826352290186,0.));
#1293=DIRECTION('center_axis',(0.994935749771768,-0.100512953523859,0.));
#1294=DIRECTION('ref_axis',(-0.100512953523859,-0.994935749771768,0.));
#1295=DIRECTION('center_axis',(0.139600068169978,0.885668931810047,-0.442834465905024));
#1296=DIRECTION('ref_axis',(0.987804578283872,-0.155698796146346,0.));
#1297=DIRECTION('center_axis',(0.,0.447213595499958,0.894427190999916));
#1298=DIRECTION('ref_axis',(-1.04117072964117E-16,-0.894427190999916,0.447213595499958));
#1299=DIRECTION('center_axis',(1.17566277057028E-18,-0.441037292592772,
-0.897488777947912));
#1300=DIRECTION('ref_axis',(-1.36905533686331E-16,-0.897488777947912,0.441037292592772));
#1301=DIRECTION('center_axis',(0.,0.,1.));
#1302=DIRECTION('ref_axis',(-1.,0.,0.));
#1303=DIRECTION('',(1.,0.,0.));
#1304=DIRECTION('center_axis',(0.,0.,1.));
#1305=DIRECTION('ref_axis',(-0.988615407644929,0.150464533253028,0.));
#1306=DIRECTION('',(1.,0.,0.));
#1307=DIRECTION('center_axis',(1.,0.,0.));
#1308=DIRECTION('ref_axis',(0.,-0.229752920547361,-0.97324898946773));
#1309=DIRECTION('',(-1.,0.,0.));
#1310=DIRECTION('center_axis',(0.,-0.447213595499958,-0.894427190999916));
#1311=DIRECTION('ref_axis',(-1.,0.,0.));
#1312=DIRECTION('center_axis',(0.,0.447213595499958,0.894427190999916));
#1313=DIRECTION('ref_axis',(-1.04117072964117E-16,-0.894427190999916,0.447213595499958));
#1314=DIRECTION('',(1.,0.,0.));
#1315=DIRECTION('center_axis',(0.,0.447213595499958,0.894427190999916));
#1316=DIRECTION('ref_axis',(0.,0.894427190999916,-0.447213595499958));
#1317=DIRECTION('center_axis',(0.145157540487661,0.98940855486476,0.));
#1318=DIRECTION('ref_axis',(0.,0.,-1.));
#1319=DIRECTION('center_axis',(-0.127784391843079,-0.887094650734044,0.443547325367135));
#1320=DIRECTION('ref_axis',(-0.989783774391032,0.142576575748762,-3.33066907387596E-15));
#1321=DIRECTION('center_axis',(0.,0.,1.));
#1322=DIRECTION('ref_axis',(1.,0.,0.));
#1323=DIRECTION('center_axis',(0.,0.,1.));
#1324=DIRECTION('ref_axis',(-0.990919412387103,0.134457123851427,0.));
#1325=DIRECTION('center_axis',(0.123349481636698,0.887596712648237,-0.443798356324133));
#1326=DIRECTION('ref_axis',(-7.10542735760102E-14,-0.447213595499961,-0.894427190999914));
#1327=DIRECTION('center_axis',(0.,0.,1.));
#1328=DIRECTION('ref_axis',(0.,-1.,0.));
#1329=DIRECTION('center_axis',(0.166534903384794,0.881937016324694,-0.440968508162333));
#1330=DIRECTION('ref_axis',(0.982634910474942,-0.18554954248368,3.33066907387543E-15));
#1331=DIRECTION('center_axis',(-1.,0.,0.));
#1332=DIRECTION('ref_axis',(0.,-0.85065080835204,-0.525731112119134));
#1333=DIRECTION('',(-1.,0.,0.));
#1334=DIRECTION('center_axis',(1.17566277057028E-18,-0.441037292592772,
-0.897488777947912));
#1335=DIRECTION('ref_axis',(-1.36905533686331E-16,-0.897488777947912,0.441037292592772));
#1336=DIRECTION('center_axis',(0.123349481636682,0.887596712648238,0.443798356324133));
#1337=DIRECTION('ref_axis',(-0.990481297682903,0.137647371716252,-3.33066907387542E-15));
#1338=DIRECTION('center_axis',(0.,0.,-1.));
#1339=DIRECTION('ref_axis',(0.,-1.,0.));
#1340=DIRECTION('center_axis',(-0.127784391843155,-0.887094650734075,-0.443547325367052));
#1341=DIRECTION('ref_axis',(-7.10542735760102E-14,-0.447213595499961,0.894427190999914));
#1342=DIRECTION('center_axis',(0.145157540487665,0.98940855486476,4.39385663348784E-15));
#1343=DIRECTION('ref_axis',(-0.98940855486476,0.145157540487665,0.));
#1344=DIRECTION('center_axis',(0.,0.,1.));
#1345=DIRECTION('ref_axis',(1.,0.,0.));
#1346=DIRECTION('center_axis',(0.,0.,1.));
#1347=DIRECTION('ref_axis',(-0.75314577734043,-0.657853660075157,0.));
#1348=DIRECTION('',(0.,0.,1.));
#1349=DIRECTION('center_axis',(0.,0.,-1.));
#1350=DIRECTION('ref_axis',(0.978789328138509,-0.204869351349016,0.));
#1351=DIRECTION('center_axis',(0.166534903384808,0.881937016324686,0.440968508162345));
#1352=DIRECTION('ref_axis',(0.,-0.447213595499959,0.894427190999915));
#1353=DIRECTION('center_axis',(0.,0.,-1.));
#1354=DIRECTION('ref_axis',(0.630527814077614,-0.776166654575231,0.));
#1355=DIRECTION('',(0.,0.,1.));
#1356=DIRECTION('',(0.,0.,-1.));
#1357=DIRECTION('center_axis',(-1.68192760181488E-17,-0.441037292592772,
0.897488777947912));
#1358=DIRECTION('ref_axis',(-1.36905533686331E-16,-0.897488777947912,-0.441037292592772));
#1359=DIRECTION('center_axis',(1.,0.,0.));
#1360=DIRECTION('ref_axis',(0.,-0.85065080835204,0.525731112119134));
#1361=DIRECTION('',(1.,0.,0.));
#1362=DIRECTION('center_axis',(0.,-1.,0.));
#1363=DIRECTION('ref_axis',(1.,0.,0.));
#1364=DIRECTION('center_axis',(1.,0.,0.));
#1365=DIRECTION('ref_axis',(0.,-0.643880679638085,0.765125917995723));
#1366=DIRECTION('center_axis',(1.,0.,0.));
#1367=DIRECTION('ref_axis',(0.,-0.903796486729506,0.427962510712565));
#1368=DIRECTION('center_axis',(-1.,0.,0.));
#1369=DIRECTION('ref_axis',(0.,1.,0.));
#1370=DIRECTION('center_axis',(-1.,0.,0.));
#1371=DIRECTION('ref_axis',(0.,-1.,0.));
#1372=DIRECTION('',(1.,0.,0.));
#1373=DIRECTION('',(-1.,0.,0.));
#1374=DIRECTION('center_axis',(0.0194462515831211,-0.999810903770991,-1.53759862147043E-16));
#1375=DIRECTION('ref_axis',(0.999810903770991,0.0194462515831211,0.));
#1376=DIRECTION('center_axis',(1.,0.,0.));
#1377=DIRECTION('ref_axis',(0.,1.,0.));
#1378=DIRECTION('center_axis',(0.0194462515831211,-0.999810903770991,-4.7472225222812E-17));
#1379=DIRECTION('ref_axis',(0.999810903770991,0.0194462515831211,0.));
#1380=DIRECTION('center_axis',(1.,0.,0.));
#1381=DIRECTION('ref_axis',(0.,-0.903796486729506,-0.427962510712565));
#1382=DIRECTION('',(1.,0.,0.));
#1383=DIRECTION('center_axis',(-1.,0.,0.));
#1384=DIRECTION('ref_axis',(0.,-1.,0.));
#1385=DIRECTION('center_axis',(1.,0.,0.));
#1386=DIRECTION('ref_axis',(0.,0.,-1.));
#1387=DIRECTION('center_axis',(-1.,0.,0.));
#1388=DIRECTION('ref_axis',(0.,1.,0.));
#1389=DIRECTION('center_axis',(1.,0.,0.));
#1390=DIRECTION('ref_axis',(0.,0.,-1.));
#1391=DIRECTION('center_axis',(-1.,0.,0.));
#1392=DIRECTION('ref_axis',(0.,-1.,0.));
#1393=DIRECTION('center_axis',(1.,0.,0.));
#1394=DIRECTION('ref_axis',(0.,-1.,0.));
#1395=DIRECTION('',(1.,0.,0.));
#1396=DIRECTION('center_axis',(-1.,0.,0.));
#1397=DIRECTION('ref_axis',(0.,-1.,0.));
#1398=DIRECTION('center_axis',(1.,0.,0.));
#1399=DIRECTION('ref_axis',(0.,-1.,0.));
#1400=DIRECTION('center_axis',(-1.,0.,0.));
#1401=DIRECTION('ref_axis',(0.,0.,1.));
#1402=DIRECTION('center_axis',(0.,-1.,1.22464679914735E-16));
#1403=DIRECTION('ref_axis',(0.,-1.22464679914735E-16,-1.));
#1404=DIRECTION('center_axis',(-0.0174524064372835,0.999847695156391,1.00650402941692E-16));
#1405=DIRECTION('ref_axis',(0.999847695156391,0.0174524064372835,0.));
#1406=DIRECTION('center_axis',(0.0174524064372835,-0.999847695156391,-1.00650402941692E-16));
#1407=DIRECTION('ref_axis',(0.,1.00665734820691E-16,-1.));
#1408=DIRECTION('',(-0.999847695156391,-0.0174524064372835,0.));
#1409=DIRECTION('center_axis',(-0.0174524064372835,0.999847695156391,1.00650402941692E-16));
#1410=DIRECTION('ref_axis',(0.999847695156391,0.0174524064372835,0.));
#1411=DIRECTION('center_axis',(0.,-8.49783404346552E-17,-1.));
#1412=DIRECTION('ref_axis',(0.,1.,-8.49783404346552E-17));
#1413=DIRECTION('',(0.999847695156391,0.0174524064372835,-1.48307653563145E-18));
#1414=DIRECTION('center_axis',(0.,0.,1.));
#1415=DIRECTION('ref_axis',(0.975831224202609,-0.218525563427342,0.));
#1416=DIRECTION('center_axis',(0.0174524064372835,-0.999847695156391,-1.00650402941692E-16));
#1417=DIRECTION('ref_axis',(0.,1.00665734820691E-16,-1.));
#1418=DIRECTION('center_axis',(1.,0.,0.));
#1419=DIRECTION('ref_axis',(0.,1.,0.));
#1420=DIRECTION('center_axis',(1.,0.,0.));
#1421=DIRECTION('ref_axis',(0.,1.,0.));
#1422=DIRECTION('',(0.,0.,-1.));
#1423=DIRECTION('center_axis',(0.,1.,0.));
#1424=DIRECTION('ref_axis',(0.,0.,1.));
#1425=DIRECTION('center_axis',(0.,0.,1.));
#1426=DIRECTION('ref_axis',(0.,-1.,0.));
#1427=CARTESIAN_POINT('',(0.,0.,0.));
#1428=CARTESIAN_POINT('Origin',(13.,1.05,-2.21151107842579));
#1429=CARTESIAN_POINT('',(14.,1.05,-3.3298836316184));
#1430=CARTESIAN_POINT('',(13.,2.05,-3.3298836316184));
#1431=CARTESIAN_POINT('Origin',(13.,1.05,-3.3298836316184));
#1432=CARTESIAN_POINT('',(13.,2.05,3.3298836316184));
#1433=CARTESIAN_POINT('',(13.,2.05,-2.21151107842579));
#1434=CARTESIAN_POINT('',(14.,1.05,3.3298836316184));
#1435=CARTESIAN_POINT('Origin',(13.,1.05,3.3298836316184));
#1436=CARTESIAN_POINT('',(14.,1.05,-2.21151107842579));
#1437=CARTESIAN_POINT('Origin',(13.,1.05,-2.21151107842579));
#1438=CARTESIAN_POINT('',(13.887079747012,1.5116162068558,-4.31161620687368));
#1439=CARTESIAN_POINT('Ctrl Pts',(13.8870797470171,1.51161620685589,-4.31161620687128));
#1440=CARTESIAN_POINT('Ctrl Pts',(13.853771925919,1.5756232609294,-4.24235727307036));
#1441=CARTESIAN_POINT('Ctrl Pts',(13.8130504569715,1.63696106647542,-4.16931925015156));
#1442=CARTESIAN_POINT('Ctrl Pts',(13.666333205324,1.8112161909903,-3.94037746594513));
#1443=CARTESIAN_POINT('Ctrl Pts',(13.5394190900092,1.9073342041223,-3.78235699308197));
#1444=CARTESIAN_POINT('Ctrl Pts',(13.2682007875154,2.02256243999072,-3.51837698081069));
#1445=CARTESIAN_POINT('Ctrl Pts',(13.1370510407178,2.04939970737412,-3.4143403732867));
#1446=CARTESIAN_POINT('Ctrl Pts',(13.0029695391821,2.04999669029024,-3.33170502145565));
#1447=CARTESIAN_POINT('Ctrl Pts',(13.0014854200189,2.05,-3.33079326187549));
#1448=CARTESIAN_POINT('Ctrl Pts',(13.,2.05,-3.32988363160047));
#1449=CARTESIAN_POINT('',(14.,1.05,-3.85));
#1450=CARTESIAN_POINT('',(14.,1.05,-2.21151107842579));
#1451=CARTESIAN_POINT('Origin',(13.,1.05,-3.85));
#1452=CARTESIAN_POINT('Origin',(13.,1.05,-2.21151107842579));
#1453=CARTESIAN_POINT('',(13.8870797470123,1.51161620685768,4.31161620687107));
#1454=CARTESIAN_POINT('',(14.,1.05,3.85));
#1455=CARTESIAN_POINT('Origin',(13.,1.05,3.85));
#1456=CARTESIAN_POINT('',(14.,1.05,-2.21151107842579));
#1457=CARTESIAN_POINT('Ctrl Pts',(13.,2.05,3.32988363160047));
#1458=CARTESIAN_POINT('Ctrl Pts',(13.0014854200189,2.05,3.33079326187549));
#1459=CARTESIAN_POINT('Ctrl Pts',(13.0029695391821,2.04999669029024,3.33170502145565));
#1460=CARTESIAN_POINT('Ctrl Pts',(13.1370510407267,2.04939970737408,3.41434037329218));
#1461=CARTESIAN_POINT('Ctrl Pts',(13.2682007875239,2.0225624399871,3.51837698081899));
#1462=CARTESIAN_POINT('Ctrl Pts',(13.5394190900092,1.90733420412229,3.78235699308198));
#1463=CARTESIAN_POINT('Ctrl Pts',(13.666333205324,1.81121619099029,3.94037746594513));
#1464=CARTESIAN_POINT('Ctrl Pts',(13.813050456971,1.63696106647597,4.16931925015084));
#1465=CARTESIAN_POINT('Ctrl Pts',(13.8537719259182,1.57562326093058,4.24235727306895));
#1466=CARTESIAN_POINT('Ctrl Pts',(13.8870797470162,1.51161620685774,4.31161620686927));
#1467=CARTESIAN_POINT('Origin',(14.,-1.4125,5.55111512312578E-16));
#1468=CARTESIAN_POINT('',(14.,0.125338373634784,3.85));
#1469=CARTESIAN_POINT('',(14.,-1.4125,3.85));
#1470=CARTESIAN_POINT('',(14.,0.125338373634764,-3.85));
#1471=CARTESIAN_POINT('',(14.,0.125338373634784,2.77555756156289E-16));
#1472=CARTESIAN_POINT('',(14.,-4.42464559265885,-3.85));
#1473=CARTESIAN_POINT('Origin',(13.,-1.4125,3.85));
#1474=CARTESIAN_POINT('',(13.2805756584361,0.794444444440253,4.80983191231232));
#1475=CARTESIAN_POINT('Ctrl Pts',(13.8870797470092,1.51161620685608,4.31161620687107));
#1476=CARTESIAN_POINT('Ctrl Pts',(13.8496217748488,1.44509227406649,4.38359853325592));
#1477=CARTESIAN_POINT('Ctrl Pts',(13.803861688914,1.37697744834041,4.45012520334067));
#1478=CARTESIAN_POINT('Ctrl Pts',(13.7021404526566,1.24502442080432,4.56592351643584));
#1479=CARTESIAN_POINT('Ctrl Pts',(13.6469018670217,1.18108701988038,4.61619919622416));
#1480=CARTESIAN_POINT('Ctrl Pts',(13.4840266764165,1.00856223449976,4.73417230852759));
#1481=CARTESIAN_POINT('Ctrl Pts',(13.3890838056968,0.923800706856713,4.77323358735195));
#1482=CARTESIAN_POINT('Ctrl Pts',(13.3052105439567,0.831885899973525,4.80268727779467));
#1483=CARTESIAN_POINT('Ctrl Pts',(13.2901175049015,0.811331486960724,4.80704266367369));
#1484=CARTESIAN_POINT('Ctrl Pts',(13.2805756584385,0.794444444444418,4.80983191231164));
#1485=CARTESIAN_POINT('',(13.,0.493077073082906,4.85));
#1486=CARTESIAN_POINT('Ctrl Pts',(13.2805756584361,0.794444444440253,4.80983191231232));
#1487=CARTESIAN_POINT('Ctrl Pts',(13.2562081420503,0.751319113633579,4.81695496361611));
#1488=CARTESIAN_POINT('Ctrl Pts',(13.2312953000301,0.709569472999753,4.82324718479954));
#1489=CARTESIAN_POINT('Ctrl Pts',(13.1791352552367,0.6307565933278,4.83418653515749));
#1490=CARTESIAN_POINT('Ctrl Pts',(13.1489870088808,0.588984235352162,4.83941000806562));
#1491=CARTESIAN_POINT('Ctrl Pts',(13.0988920420783,0.538108516232376,4.84524044896824));
#1492=CARTESIAN_POINT('Ctrl Pts',(13.0814766117249,0.523322573931266,4.84684467894918));
#1493=CARTESIAN_POINT('Ctrl Pts',(13.0533255108607,0.50643817168365,4.84862555835454));
#1494=CARTESIAN_POINT('Ctrl Pts',(13.0435613356695,0.501824173306829,4.84910400924221));
#1495=CARTESIAN_POINT('Ctrl Pts',(13.0228620909384,0.495122798370478,4.84979267010942));
#1496=CARTESIAN_POINT('Ctrl Pts',(13.0119134642629,0.493077073082895,4.85));
#1497=CARTESIAN_POINT('Ctrl Pts',(13.,0.493077073082895,4.85));
#1498=CARTESIAN_POINT('',(13.,0.125338373634783,4.85));
#1499=CARTESIAN_POINT('',(13.,-1.4125,4.85));
#1500=CARTESIAN_POINT('Origin',(13.,0.125338373634784,3.85));
#1501=CARTESIAN_POINT('Origin',(13.,0.125338373634764,-3.85));
#1502=CARTESIAN_POINT('',(13.,0.125338373634764,-4.85));
#1503=CARTESIAN_POINT('Origin',(13.,0.125338373634764,-3.85));
#1504=CARTESIAN_POINT('',(13.9887123262908,-0.0244879786554197,-3.85));
#1505=CARTESIAN_POINT('Origin',(13.,0.125338373634764,-3.85));
#1506=CARTESIAN_POINT('Origin',(13.,0.125338373634764,-3.85));
#1507=CARTESIAN_POINT('Origin',(13.,0.125338373634784,2.77555756156289E-16));
#1508=CARTESIAN_POINT('',(13.9887123262908,-0.024487978655402,3.85));
#1509=CARTESIAN_POINT('Origin',(13.,0.125338373634784,3.85));
#1510=CARTESIAN_POINT('',(13.9887123262908,-0.0244879786554017,2.77555756156289E-16));
#1511=CARTESIAN_POINT('Origin',(13.,0.125338373634784,3.85));
#1512=CARTESIAN_POINT('Origin',(13.,0.125338373634783,3.85));
#1513=CARTESIAN_POINT('Origin',(13.,-4.42464559265885,-3.85));
#1514=CARTESIAN_POINT('',(13.,0.493077073082906,-4.85));
#1515=CARTESIAN_POINT('',(13.,-4.42464559265885,-4.85));
#1516=CARTESIAN_POINT('',(13.2805756584361,0.794444444440253,-4.80983191231232));
#1517=CARTESIAN_POINT('Ctrl Pts',(13.,0.493077073082906,-4.85));
#1518=CARTESIAN_POINT('Ctrl Pts',(13.0119134642629,0.493077073082906,-4.85));
#1519=CARTESIAN_POINT('Ctrl Pts',(13.0228620909384,0.495122798370489,-4.84979267010942));
#1520=CARTESIAN_POINT('Ctrl Pts',(13.0435613356695,0.501824173306841,-4.84910400924221));
#1521=CARTESIAN_POINT('Ctrl Pts',(13.0533255108607,0.506438171683662,-4.84862555835454));
#1522=CARTESIAN_POINT('Ctrl Pts',(13.0814766117249,0.523322573931277,-4.84684467894918));
#1523=CARTESIAN_POINT('Ctrl Pts',(13.0988920420783,0.538108516232388,-4.84524044896823));
#1524=CARTESIAN_POINT('Ctrl Pts',(13.1489870088808,0.588984235352171,-4.83941000806562));
#1525=CARTESIAN_POINT('Ctrl Pts',(13.1791352552367,0.630756593327809,-4.83418653515749));
#1526=CARTESIAN_POINT('Ctrl Pts',(13.2312953000301,0.709569472999759,-4.82324718479954));
#1527=CARTESIAN_POINT('Ctrl Pts',(13.2562081420503,0.751319113633581,-4.81695496361611));
#1528=CARTESIAN_POINT('Ctrl Pts',(13.2805756584361,0.794444444440253,-4.80983191231232));
#1529=CARTESIAN_POINT('Ctrl Pts',(13.2805756584385,0.794444444444418,-4.80983191231164));
#1530=CARTESIAN_POINT('Ctrl Pts',(13.3055564291855,0.838655105277356,-4.80252959603026));
#1531=CARTESIAN_POINT('Ctrl Pts',(13.3595445569542,0.891262223023081,-4.78583265863835));
#1532=CARTESIAN_POINT('Ctrl Pts',(13.4840578375759,1.01262309857357,-4.72755016618876));
#1533=CARTESIAN_POINT('Ctrl Pts',(13.5584915010973,1.08464960214701,-4.68539925038498));
#1534=CARTESIAN_POINT('Ctrl Pts',(13.7382338433475,1.28446440509814,-4.53765779172268));
#1535=CARTESIAN_POINT('Ctrl Pts',(13.824359790374,1.40022795118957,-4.43214404457672));
#1536=CARTESIAN_POINT('Ctrl Pts',(13.8870797470079,1.51161620685367,-4.31161620687368));
#1537=CARTESIAN_POINT('Origin',(12.2262937249247,-4.98039182270516,-3.85));
#1538=CARTESIAN_POINT('',(13.3346147800718,-4.34091360510852,-3.85));
#1539=CARTESIAN_POINT('',(13.2150060512156,-5.13021817499535,-3.85));
#1540=CARTESIAN_POINT('',(12.345902453781,-4.19108725281834,-4.85));
#1541=CARTESIAN_POINT('Origin',(12.345902453781,-4.19108725281834,-3.85));
#1542=CARTESIAN_POINT('',(12.2262937249247,-4.98039182270516,-4.85));
#1543=CARTESIAN_POINT('Origin',(13.25,-4.89929118531771,0.));
#1544=CARTESIAN_POINT('',(13.3346147800718,-4.34091360510852,3.85));
#1545=CARTESIAN_POINT('',(13.2150060512156,-5.13021817499535,3.85));
#1546=CARTESIAN_POINT('',(13.25,-4.89929118531771,3.77047246216126));
#1547=CARTESIAN_POINT('Origin',(13.3346147800718,-4.34091360510853,1.85));
#1548=CARTESIAN_POINT('',(13.25,-4.89929118531771,-3.77047246216126));
#1549=CARTESIAN_POINT('',(13.25,-4.89929118531771,0.));
#1550=CARTESIAN_POINT('Origin',(13.3346147800718,-4.34091360510853,-1.85));
#1551=CARTESIAN_POINT('Origin',(12.2262937249247,-4.98039182270516,3.85));
#1552=CARTESIAN_POINT('',(12.345902453781,-4.19108725281834,4.85));
#1553=CARTESIAN_POINT('',(12.2262937249247,-4.98039182270516,4.85));
#1554=CARTESIAN_POINT('Origin',(12.345902453781,-4.19108725281834,3.85));
#1555=CARTESIAN_POINT('Origin',(7.,-4.42464559265885,4.85));
#1556=CARTESIAN_POINT('',(12.5834974822352,0.493077073082899,4.85));
#1557=CARTESIAN_POINT('',(0.,0.493077073082906,4.85));
#1558=CARTESIAN_POINT('',(11.8635251559303,-4.19108725281833,4.85));
#1559=CARTESIAN_POINT('Origin',(354.74070636497,-54.4950876265084,4.85));
#1560=CARTESIAN_POINT('',(7.79924751798915,-4.19108725281834,4.85));
#1561=CARTESIAN_POINT('Ctrl Pts',(-0.250000000000002,2.05,3.32988363160047));
#1562=CARTESIAN_POINT('Ctrl Pts',(4.46235991567205,2.05,3.32988363160047));
#1563=CARTESIAN_POINT('Ctrl Pts',(9.17471983134411,2.05,3.32988363160047));
#1564=CARTESIAN_POINT('Ctrl Pts',(13.8870797470162,2.05,3.32988363160047));
#1565=CARTESIAN_POINT('Ctrl Pts',(-0.250000000000002,2.05,3.37609292248304));
#1566=CARTESIAN_POINT('Ctrl Pts',(4.46235991567206,2.05,3.37609292248304));
#1567=CARTESIAN_POINT('Ctrl Pts',(9.1747198313441,2.05,3.37609292248304));
#1568=CARTESIAN_POINT('Ctrl Pts',(13.8870797470162,2.05,3.37609292248304));
#1569=CARTESIAN_POINT('Ctrl Pts',(-0.250000000000002,2.03294884996691,3.49215992018943));
#1570=CARTESIAN_POINT('Ctrl Pts',(4.46235991567204,2.03294884996691,3.49215992018943));
#1571=CARTESIAN_POINT('Ctrl Pts',(9.17471983134412,2.03294884996691,3.49215992018943));
#1572=CARTESIAN_POINT('Ctrl Pts',(13.8870797470162,2.03294884996691,3.49215992018943));
#1573=CARTESIAN_POINT('Ctrl Pts',(-0.250000000000002,1.92858177870674,3.74625867822208));
#1574=CARTESIAN_POINT('Ctrl Pts',(4.46235991567207,1.92858177870674,3.74625867822208));
#1575=CARTESIAN_POINT('Ctrl Pts',(9.1747198313441,1.92858177870674,3.74625867822208));
#1576=CARTESIAN_POINT('Ctrl Pts',(13.8870797470162,1.92858177870674,3.74625867822208));
#1577=CARTESIAN_POINT('Ctrl Pts',(-0.250000000000002,1.73066173544744,4.06079274530114));
#1578=CARTESIAN_POINT('Ctrl Pts',(4.46235991567205,1.73066173544744,4.06079274530114));
#1579=CARTESIAN_POINT('Ctrl Pts',(9.17471983134411,1.73066173544744,4.06079274530114));
#1580=CARTESIAN_POINT('Ctrl Pts',(13.8870797470162,1.73066173544744,4.06079274530114));
#1581=CARTESIAN_POINT('Ctrl Pts',(-0.250000000000002,1.4635417660218,4.37583880092392));
#1582=CARTESIAN_POINT('Ctrl Pts',(4.46235991567206,1.4635417660218,4.37583880092392));
#1583=CARTESIAN_POINT('Ctrl Pts',(9.1747198313441,1.4635417660218,4.37583880092392));
#1584=CARTESIAN_POINT('Ctrl Pts',(13.8870797470162,1.4635417660218,4.37583880092392));
#1585=CARTESIAN_POINT('Ctrl Pts',(-0.250000000000002,1.18565854890649,4.62192773373417));
#1586=CARTESIAN_POINT('Ctrl Pts',(4.46235991567205,1.18565854890649,4.62192773373417));
#1587=CARTESIAN_POINT('Ctrl Pts',(9.17471983134412,1.18565854890649,4.62192773373417));
#1588=CARTESIAN_POINT('Ctrl Pts',(13.8870797470162,1.18565854890649,4.62192773373417));
#1589=CARTESIAN_POINT('Ctrl Pts',(-0.250000000000002,0.951675157523189,
4.76668573774143));
#1590=CARTESIAN_POINT('Ctrl Pts',(4.46235991567206,0.951675157523189,4.76668573774143));
#1591=CARTESIAN_POINT('Ctrl Pts',(9.17471983134411,0.951675157523189,4.76668573774143));
#1592=CARTESIAN_POINT('Ctrl Pts',(13.8870797470162,0.951675157523189,4.76668573774143));
#1593=CARTESIAN_POINT('Ctrl Pts',(-0.250000000000002,0.840036018174116,
4.802301509353));
#1594=CARTESIAN_POINT('Ctrl Pts',(4.46235991567205,0.840036018174116,4.802301509353));
#1595=CARTESIAN_POINT('Ctrl Pts',(9.17471983134411,0.840036018174116,4.802301509353));
#1596=CARTESIAN_POINT('Ctrl Pts',(13.8870797470162,0.840036018174116,4.802301509353));
#1597=CARTESIAN_POINT('Ctrl Pts',(-0.250000000000002,0.794444444444418,
4.80983191231164));
#1598=CARTESIAN_POINT('Ctrl Pts',(4.46235991567205,0.794444444444418,4.80983191231164));
#1599=CARTESIAN_POINT('Ctrl Pts',(9.17471983134411,0.794444444444418,4.80983191231164));
#1600=CARTESIAN_POINT('Ctrl Pts',(13.8870797470162,0.794444444444418,4.80983191231164));
#1601=CARTESIAN_POINT('',(5.55111512312578E-16,2.05,3.32988363160047));
#1602=CARTESIAN_POINT('Ctrl Pts',(13.,2.05,3.32988363160047));
#1603=CARTESIAN_POINT('Ctrl Pts',(8.66666666666667,2.05,3.32988363160047));
#1604=CARTESIAN_POINT('Ctrl Pts',(4.33333333333333,2.05,3.32988363160047));
#1605=CARTESIAN_POINT('Ctrl Pts',(-5.55111512312578E-16,2.05,3.32988363160047));
#1606=CARTESIAN_POINT('',(-7.63161707918802E-16,1.42706524756768,4.39933060580635));
#1607=CARTESIAN_POINT('Ctrl Pts',(-9.45083154767371E-16,1.42709714801804,
4.39938593662606));
#1608=CARTESIAN_POINT('Ctrl Pts',(-9.39645121418097E-16,1.43866387315398,
4.38789839276721));
#1609=CARTESIAN_POINT('Ctrl Pts',(-9.36620829694618E-16,1.45022032807849,
4.37621472013943));
#1610=CARTESIAN_POINT('Ctrl Pts',(-9.36750677027476E-16,1.46174789140686,
4.36434594712183));
#1611=CARTESIAN_POINT('Ctrl Pts',(-9.48029782714909E-16,1.55258175583035,
4.27082344904966));
#1612=CARTESIAN_POINT('Ctrl Pts',(-1.1723117276888E-15,1.64162174563889,
4.1658080971754));
#1613=CARTESIAN_POINT('Ctrl Pts',(-1.14491749414469E-15,1.71912841441971,
4.06087807672509));
#1614=CARTESIAN_POINT('Ctrl Pts',(-1.05772202716818E-15,1.79663508320054,
3.95594805627479));
#1615=CARTESIAN_POINT('Ctrl Pts',(-7.78663894618632E-16,1.86260843095364,
3.85110336724843));
#1616=CARTESIAN_POINT('Ctrl Pts',(-8.67361737988403E-16,1.91298961670689,
3.75633122972982));
#1617=CARTESIAN_POINT('Ctrl Pts',(-9.38342337924418E-16,1.96337080246013,
3.6615590922112));
#1618=CARTESIAN_POINT('Ctrl Pts',(-1.29957089159373E-15,1.99815982621352,
3.57685950620031));
#1619=CARTESIAN_POINT('Ctrl Pts',(-1.21430643318376E-15,2.01981712559849,
3.50549296376828));
#1620=CARTESIAN_POINT('Ctrl Pts',(-1.13134018161553E-15,2.04147442498345,
3.43412642133624));
#1621=CARTESIAN_POINT('Ctrl Pts',(-6.57452935992144E-16,2.05,3.37609292248304));
#1622=CARTESIAN_POINT('Ctrl Pts',(-1.07552855510562E-15,2.05,3.32988363160047));
#1623=CARTESIAN_POINT('',(-0.25,0.794444444444423,4.80983191231163));
#1624=CARTESIAN_POINT('Ctrl Pts',(-1.11022302462516E-15,1.42706524756769,
4.39933060580633));
#1625=CARTESIAN_POINT('Ctrl Pts',(1.65160956107631E-15,1.39394637849354,
4.43224723350905));
#1626=CARTESIAN_POINT('Ctrl Pts',(-0.00266785058979501,1.3590220982264,
4.46529972481311));
#1627=CARTESIAN_POINT('Ctrl Pts',(-0.024022628042157,1.21625063126623,4.59251211077524));
#1628=CARTESIAN_POINT('Ctrl Pts',(-0.0624283549241535,1.10496591733337,
4.67509486778371));
#1629=CARTESIAN_POINT('Ctrl Pts',(-0.156305894716468,0.924046717170414,
4.7733718258773));
#1630=CARTESIAN_POINT('Ctrl Pts',(-0.201437438556922,0.855883584612921,
4.79921713836298));
#1631=CARTESIAN_POINT('Ctrl Pts',(-0.248506094414656,0.796326192933321,
4.8095174181368));
#1632=CARTESIAN_POINT('Ctrl Pts',(-0.24925220539959,0.795384956327358,4.80967656708254));
#1633=CARTESIAN_POINT('Ctrl Pts',(-0.25,0.794444444444418,4.80983191231164));
#1634=CARTESIAN_POINT('',(1.11022302462516E-15,0.794444444444418,4.80983191231164));
#1635=CARTESIAN_POINT('Ctrl Pts',(-0.250000000000002,0.794444444444418,
4.80983191231164));
#1636=CARTESIAN_POINT('Ctrl Pts',(-0.166666666666669,0.794444444444418,
4.80983191231164));
#1637=CARTESIAN_POINT('Ctrl Pts',(-0.0833333333333347,0.794444444444418,
4.80983191231164));
#1638=CARTESIAN_POINT('Ctrl Pts',(-8.46545056276682E-16,0.794444444444418,
4.80983191231164));
#1639=CARTESIAN_POINT('Ctrl Pts',(-2.77555756156289E-17,0.794444444444418,
4.80983191231164));
#1640=CARTESIAN_POINT('Ctrl Pts',(4.42685855281204,0.794444444444418,4.80983191231164));
#1641=CARTESIAN_POINT('Ctrl Pts',(8.85371710562409,0.794444444444418,4.80983191231164));
#1642=CARTESIAN_POINT('Ctrl Pts',(13.2805756584361,0.794444444444418,4.80983191231164));
#1643=CARTESIAN_POINT('Origin',(0.,0.,0.));
#1644=CARTESIAN_POINT('',(1.62868850350772E-14,-0.122004804027829,-4.62339052433548));
#1645=CARTESIAN_POINT('',(0.,-4.59789353943738,-0.5));
#1646=CARTESIAN_POINT('Origin',(0.,0.,0.));
#1647=CARTESIAN_POINT('',(-4.44192335982678E-15,-0.194370908995046,-4.36431694560824));
#1648=CARTESIAN_POINT('Ctrl Pts',(-4.44303222666103E-6,-0.121755693213733,
-4.62331393128614));
#1649=CARTESIAN_POINT('Ctrl Pts',(-5.05022427349572E-6,-0.127959531627255,
-4.61300742151359));
#1650=CARTESIAN_POINT('Ctrl Pts',(-5.59592481637852E-6,-0.133801891329279,
-4.60246537214071));
#1651=CARTESIAN_POINT('Ctrl Pts',(-6.00962040048138E-6,-0.139271949911068,
-4.59170829916986));
#1652=CARTESIAN_POINT('Ctrl Pts',(-6.91936254129464E-6,-0.151300946024282,
-4.56805283241003));
#1653=CARTESIAN_POINT('Ctrl Pts',(-7.12522230802526E-6,-0.161458106460342,
-4.54350572784259));
#1654=CARTESIAN_POINT('Ctrl Pts',(-6.50648943299162E-6,-0.169662853386913,
-4.51830361877843));
#1655=CARTESIAN_POINT('Ctrl Pts',(-6.20664207701132E-6,-0.173638998459673,
-4.50609029365391));
#1656=CARTESIAN_POINT('Ctrl Pts',(-5.72570325450784E-6,-0.17715592137424,
-4.49372277343523));
#1657=CARTESIAN_POINT('Ctrl Pts',(-5.12483813911065E-6,-0.180200255746318,
-4.48122663263295));
#1658=CARTESIAN_POINT('Ctrl Pts',(-3.89483419706245E-6,-0.186432175697441,
-4.45564634490502));
#1659=CARTESIAN_POINT('Ctrl Pts',(-2.11116301564387E-6,-0.190657819343927,
-4.42964704887596));
#1660=CARTESIAN_POINT('Ctrl Pts',(-9.65649977124981E-7,-0.192781340642756,
-4.40345263798571));
#1661=CARTESIAN_POINT('Ctrl Pts',(-3.96884840263164E-7,-0.193835702174702,
-4.39044670335727));
#1662=CARTESIAN_POINT('Ctrl Pts',(1.02963381431733E-9,-0.194371071043459,
-4.37739247030555));
#1663=CARTESIAN_POINT('Ctrl Pts',(-2.1760565896943E-9,-0.194370909033029,
-4.36431694518509));
#1664=CARTESIAN_POINT('',(0.,-0.194370908995046,-0.5));
#1665=CARTESIAN_POINT('',(0.,-0.194370908995047,-0.25));
#1666=CARTESIAN_POINT('',(0.,-0.194370908995046,-0.5));
#1667=CARTESIAN_POINT('Origin',(0.,0.,0.));
#1668=CARTESIAN_POINT('',(0.,-4.59789353943738,0.5));
#1669=CARTESIAN_POINT('',(-2.67060679126629E-14,-0.122004819361956,4.62339051174054));
#1670=CARTESIAN_POINT('Origin',(0.,0.,0.));
#1671=CARTESIAN_POINT('',(0.,-0.194370908995047,0.5));
#1672=CARTESIAN_POINT('',(0.,0.025,0.5));
#1673=CARTESIAN_POINT('',(-4.44233136744981E-15,-0.194370908995047,4.36431694560824));
#1674=CARTESIAN_POINT('',(0.,-0.194370908995047,-0.25));
#1675=CARTESIAN_POINT('Ctrl Pts',(-2.17623843945525E-9,-0.194370909033033,
4.36431694518506));
#1676=CARTESIAN_POINT('Ctrl Pts',(-9.34259106900721E-10,-0.194370966206879,
4.39055592561804));
#1677=CARTESIAN_POINT('Ctrl Pts',(-6.67392736339774E-7,-0.192268123012781,
4.41667783647042));
#1678=CARTESIAN_POINT('Ctrl Pts',(-1.06264003290859E-6,-0.188162080404039,
4.44245903487079));
#1679=CARTESIAN_POINT('Ctrl Pts',(-1.46114241733346E-6,-0.184022222182772,
4.46845255620558));
#1680=CARTESIAN_POINT('Ctrl Pts',(-1.58708022373825E-6,-0.177845763727297,
4.49410102079495));
#1681=CARTESIAN_POINT('Ctrl Pts',(-1.38572541120546E-6,-0.169683275582929,
4.51916982339605));
#1682=CARTESIAN_POINT('Ctrl Pts',(-1.29131558497556E-6,-0.165856105635412,
4.53092390698407));
#1683=CARTESIAN_POINT('Ctrl Pts',(-1.13756763750831E-6,-0.161591614430183,
4.5425503593866));
#1684=CARTESIAN_POINT('Ctrl Pts',(-9.83959097388288E-7,-0.156891400016202,
4.55402334686883));
#1685=CARTESIAN_POINT('Ctrl Pts',(-8.19789946733118E-7,-0.151868045640488,
4.56628510277935));
#1686=CARTESIAN_POINT('Ctrl Pts',(-6.59905183001946E-7,-0.146366333245245,
4.57832441803984));
#1687=CARTESIAN_POINT('Ctrl Pts',(-6.29085491917728E-7,-0.14039648762482,
4.59011314777872));
#1688=CARTESIAN_POINT('Ctrl Pts',(-5.99553116983771E-7,-0.13467599811684,
4.60140947084492));
#1689=CARTESIAN_POINT('Ctrl Pts',(-6.88849249252822E-7,-0.128525645210995,
4.61247573700738));
#1690=CARTESIAN_POINT('Ctrl Pts',(-7.94114349052613E-7,-0.121966325998351,
4.62329119855268));
#1691=CARTESIAN_POINT('Origin',(354.74070636497,-54.4950876265084,0.));
#1692=CARTESIAN_POINT('',(11.493049028203,0.00624100801542626,3.85));
#1693=CARTESIAN_POINT('',(10.8741166010655,-4.04592971233064,3.85));
#1694=CARTESIAN_POINT('Origin',(354.74070636497,-54.4950876265084,3.85));
#1695=CARTESIAN_POINT('',(11.493049028203,0.00624100801542626,0.5));
#1696=CARTESIAN_POINT('',(11.493049028203,0.00624100801542626,0.));
#1697=CARTESIAN_POINT('',(10.757212595535,-4.84929118531771,0.5));
#1698=CARTESIAN_POINT('Origin',(354.74070636497,-54.4950876265084,0.5));
#1699=CARTESIAN_POINT('',(10.7535031232727,-4.87500000000079,0.));
#1700=CARTESIAN_POINT('Ctrl Pts',(10.7535031232729,-4.875,3.46944695195361E-17));
#1701=CARTESIAN_POINT('Ctrl Pts',(10.7535031232729,-4.875,0.164328736915108));
#1702=CARTESIAN_POINT('Ctrl Pts',(10.7547068985873,-4.86665254221397,0.331619450075603));
#1703=CARTESIAN_POINT('Ctrl Pts',(10.7572125955351,-4.84929118531771,0.499999999999999));
#1704=CARTESIAN_POINT('',(10.757212595535,-4.84929118531771,-0.5));
#1705=CARTESIAN_POINT('Ctrl Pts',(10.757212595535,-4.84929118531771,-0.499999999999999));
#1706=CARTESIAN_POINT('Ctrl Pts',(10.7547068985878,-4.86665254221047,-0.331619450109544));
#1707=CARTESIAN_POINT('Ctrl Pts',(10.7535031232728,-4.875,-0.164328736968238));
#1708=CARTESIAN_POINT('Ctrl Pts',(10.7535031232728,-4.875,-3.46944695195361E-17));
#1709=CARTESIAN_POINT('',(11.493049028203,0.00624100801542626,-0.5));
#1710=CARTESIAN_POINT('Origin',(354.74070636497,-54.4950876265084,-0.499999999999972));
#1711=CARTESIAN_POINT('',(11.493049028203,0.00624100801542626,-3.85));
#1712=CARTESIAN_POINT('',(11.493049028203,0.00624100801542626,0.));
#1713=CARTESIAN_POINT('',(10.8741166010655,-4.04592971233065,-3.85));
#1714=CARTESIAN_POINT('Origin',(354.74070636497,-54.4950876265084,-3.85));
#1715=CARTESIAN_POINT('',(10.7437099472335,-4.94293786806949,-3.63885438199985));
#1716=CARTESIAN_POINT('Ctrl Pts',(10.7437099472334,-4.94293786806947,-3.63885438199985));
#1717=CARTESIAN_POINT('Ctrl Pts',(10.783709749202,-4.66525442140601,-3.77729661554999));
#1718=CARTESIAN_POINT('Ctrl Pts',(10.8286785566376,-4.35564004306685,-3.85));
#1719=CARTESIAN_POINT('Ctrl Pts',(10.8741166010655,-4.04592971233066,-3.85));
#1720=CARTESIAN_POINT('',(10.5012873863239,-6.65607100460136,-2.78475241575016));
#1721=CARTESIAN_POINT('Origin',(354.74070636497,-54.4950876265084,21.0659322093452));
#1722=CARTESIAN_POINT('',(10.3490216630105,-7.76483406146628,-0.995898033750315));
#1723=CARTESIAN_POINT('Ctrl Pts',(10.3490216630105,-7.76483406146629,-0.995898033750315));
#1724=CARTESIAN_POINT('Ctrl Pts',(10.3490216630105,-7.76483406146629,-1.41892398720236));
#1725=CARTESIAN_POINT('Ctrl Pts',(10.3820586000659,-7.52040645458355,-2.1567168091991));
#1726=CARTESIAN_POINT('Ctrl Pts',(10.4620394339938,-6.93849094673638,-2.64394874863182));
#1727=CARTESIAN_POINT('Ctrl Pts',(10.5012873863238,-6.65607100460136,-2.78475241575016));
#1728=CARTESIAN_POINT('',(10.3490216630105,-7.76483406146628,0.995898033750315));
#1729=CARTESIAN_POINT('',(10.3490216630105,-7.76483406146628,0.));
#1730=CARTESIAN_POINT('',(10.5012873863237,-6.65607100460136,2.78475241575015));
#1731=CARTESIAN_POINT('Ctrl Pts',(10.5012873863238,-6.65607100460137,2.78475241575015));
#1732=CARTESIAN_POINT('Ctrl Pts',(10.4489567798065,-7.03263095199044,2.59701418068981));
#1733=CARTESIAN_POINT('Ctrl Pts',(10.37338193602,-7.58474679382833,2.05376764101399));
#1734=CARTESIAN_POINT('Ctrl Pts',(10.3490216630105,-7.76483406146629,1.31316751951748));
#1735=CARTESIAN_POINT('Ctrl Pts',(10.3490216630105,-7.76483406146629,0.995898033750315));
#1736=CARTESIAN_POINT('',(10.7437099472333,-4.94293786806948,3.63885438199985));
#1737=CARTESIAN_POINT('Origin',(354.74070636497,-54.4950876265084,-21.0659322093452));
#1738=CARTESIAN_POINT('Ctrl Pts',(10.8741166010655,-4.04592971233065,3.85));
#1739=CARTESIAN_POINT('Ctrl Pts',(10.8286785603596,-4.35564001769716,3.85000000000001));
#1740=CARTESIAN_POINT('Ctrl Pts',(10.7837097459255,-4.66525444415224,3.77729660420961));
#1741=CARTESIAN_POINT('Ctrl Pts',(10.7437099472334,-4.94293786806949,3.63885438199984));
#1742=CARTESIAN_POINT('Ctrl Pts',(12.9839426004375,-6.50346643564234,3.01856725901076));
#1743=CARTESIAN_POINT('Ctrl Pts',(13.0596331267017,-6.08351358673906,3.2249373797831));
#1744=CARTESIAN_POINT('Ctrl Pts',(13.1307068274179,-5.6627286224039,3.43171641256215));
#1745=CARTESIAN_POINT('Ctrl Pts',(13.1971465251535,-5.2412132399646,3.63885438199983));
#1746=CARTESIAN_POINT('Ctrl Pts',(12.9616954651734,-6.6268999522954,3.27345375155097));
#1747=CARTESIAN_POINT('Ctrl Pts',(13.0382459701965,-6.20750000768769,3.48032076242528));
#1748=CARTESIAN_POINT('Ctrl Pts',(13.1101091795275,-5.78728121360432,3.68757226118109));
#1749=CARTESIAN_POINT('Ctrl Pts',(13.1774323011455,-5.36628678718801,3.89521622987559));
#1750=CARTESIAN_POINT('Ctrl Pts',(12.7017114659281,-6.80116398718575,3.71569865537404));
#1751=CARTESIAN_POINT('Ctrl Pts',(12.7783673988894,-6.38417445413282,3.92336423708502));
#1752=CARTESIAN_POINT('Ctrl Pts',(12.8504728198241,-5.96632848884087,4.13146387058343));
#1753=CARTESIAN_POINT('Ctrl Pts',(12.9179575199154,-5.54774004448142,4.33992012008916));
#1754=CARTESIAN_POINT('Ctrl Pts',(12.21013944747,-6.80363087455323,3.89783015538223));
#1755=CARTESIAN_POINT('Ctrl Pts',(12.2852062523162,-6.38972006152906,4.10479311090574));
#1756=CARTESIAN_POINT('Ctrl Pts',(12.3557352347853,-5.97496821650387,4.3121537097419));
#1757=CARTESIAN_POINT('Ctrl Pts',(12.4216862910296,-5.55950399033608,4.5198935974908));
#1758=CARTESIAN_POINT('Ctrl Pts',(11.9997997575135,-6.77330228529635,3.91299445001067));
#1759=CARTESIAN_POINT('Ctrl Pts',(12.0741903139164,-6.36056204375168,4.119364570783));
#1760=CARTESIAN_POINT('Ctrl Pts',(12.1440433378397,-5.94700397819357,4.32614360356206));
#1761=CARTESIAN_POINT('Ctrl Pts',(12.2093419468696,-5.53272803931821,4.53328157299974));
#1762=CARTESIAN_POINT('',(12.9839426004411,-6.50346643562225,3.01856725902064));
#1763=CARTESIAN_POINT('',(11.9997997575135,-6.77330228529636,3.91299445001068));
#1764=CARTESIAN_POINT('Ctrl Pts',(11.9997997575135,-6.77330228529635,3.91299445001067));
#1765=CARTESIAN_POINT('Ctrl Pts',(12.21013944747,-6.80363087455323,3.89783015538223));
#1766=CARTESIAN_POINT('Ctrl Pts',(12.4208131696663,-6.80257363711002,3.81977379823586));
#1767=CARTESIAN_POINT('Ctrl Pts',(12.5889503169052,-6.76996182155037,3.69394150977656));
#1768=CARTESIAN_POINT('Ctrl Pts',(12.8131331798903,-6.72647940080417,3.52616512516415));
#1769=CARTESIAN_POINT('Ctrl Pts',(12.9616954651734,-6.6268999522954,3.27345375155097));
#1770=CARTESIAN_POINT('Ctrl Pts',(12.9839426004375,-6.50346643564234,3.01856725901076));
#1771=CARTESIAN_POINT('',(13.1971465251535,-5.24121323996461,3.63885438199983));
#1772=CARTESIAN_POINT('Origin',(-44.3176087061256,3.82432294708108,8.0937730774495));
#1773=CARTESIAN_POINT('',(12.2093419468696,-5.53272803931822,4.53328157299975));
#1774=CARTESIAN_POINT('Origin',(12.2093419468696,-5.08551444381826,3.63885438199983));
#1775=CARTESIAN_POINT('Origin',(-44.3176087061256,3.37710935158113,8.98820026844942));
#1776=CARTESIAN_POINT('Ctrl Pts',(13.1971465251535,-5.2412132399646,3.63885438199983));
#1777=CARTESIAN_POINT('Ctrl Pts',(13.214433239555,-5.13154061530743,3.69274889147875));
#1778=CARTESIAN_POINT('Ctrl Pts',(13.2321690942559,-5.01695831148529,3.73684831196304));
#1779=CARTESIAN_POINT('Ctrl Pts',(13.25,-4.89929118531771,3.77047246216126));
#1780=CARTESIAN_POINT('Ctrl Pts',(13.1774323011455,-5.36628678718801,3.8952162298756));
#1781=CARTESIAN_POINT('Ctrl Pts',(13.197289878567,-5.24227131199558,3.95830542945325));
#1782=CARTESIAN_POINT('Ctrl Pts',(13.217450206704,-5.11253825017878,4.01020781950731));
#1783=CARTESIAN_POINT('Ctrl Pts',(13.2379448779919,-4.97884359744119,4.05036644831902));
#1784=CARTESIAN_POINT('Ctrl Pts',(12.9179605494501,-5.54774217343725,4.33992342296394));
#1785=CARTESIAN_POINT('Ctrl Pts',(12.9390659913964,-5.39888312139086,4.41868542506577));
#1786=CARTESIAN_POINT('Ctrl Pts',(12.9608177913354,-5.24254760010758,4.48435839004642));
#1787=CARTESIAN_POINT('Ctrl Pts',(12.9826339638471,-5.08122679933841,4.53556734354303));
#1788=CARTESIAN_POINT('Ctrl Pts',(12.4216862910296,-5.55950399033608,4.51989359749081));
#1789=CARTESIAN_POINT('Ctrl Pts',(12.4399022645567,-5.39922816262686,4.60206689067155));
#1790=CARTESIAN_POINT('Ctrl Pts',(12.4586301935316,-5.23154080123765,4.6697283368389));
#1791=CARTESIAN_POINT('Ctrl Pts',(12.4774334187964,-5.05885460936385,4.72192775316373));
#1792=CARTESIAN_POINT('Ctrl Pts',(12.2093419468696,-5.53272803931821,4.53328157299975));
#1793=CARTESIAN_POINT('Ctrl Pts',(12.2263317653605,-5.37104451088143,4.61412333721814));
#1794=CARTESIAN_POINT('Ctrl Pts',(12.2437630102547,-5.20212294785435,4.68027246794454));
#1795=CARTESIAN_POINT('Ctrl Pts',(12.2612876737092,-5.02865362313212,4.73070869324189));
#1796=CARTESIAN_POINT('',(12.2612876737092,-5.02865362313212,4.73070869324189));
#1797=CARTESIAN_POINT('Origin',(12.2612876737092,-4.74946483302753,3.77047246216126));
#1798=CARTESIAN_POINT('Ctrl Pts',(12.2612876737092,-5.02865362313212,4.73070869324189));
#1799=CARTESIAN_POINT('Ctrl Pts',(12.2437630102547,-5.20212294785435,4.68027246794454));
#1800=CARTESIAN_POINT('Ctrl Pts',(12.2263317653605,-5.37104451088143,4.61412333721814));
#1801=CARTESIAN_POINT('Ctrl Pts',(12.2093419468696,-5.53272803931821,4.53328157299975));
#1802=CARTESIAN_POINT('Ctrl Pts',(13.1971465251535,-5.2412132399646,3.63885438199983));
#1803=CARTESIAN_POINT('Ctrl Pts',(13.214433239555,-5.13154061530743,3.69274889147875));
#1804=CARTESIAN_POINT('Ctrl Pts',(13.2321690942559,-5.01695831148529,3.73684831196304));
#1805=CARTESIAN_POINT('Ctrl Pts',(13.25,-4.89929118531771,3.77047246216126));
#1806=CARTESIAN_POINT('Ctrl Pts',(13.25,-4.89929118531771,3.77047246216126));
#1807=CARTESIAN_POINT('Ctrl Pts',(13.2774481805588,-4.71815913452746,3.82313662590812));
#1808=CARTESIAN_POINT('Ctrl Pts',(13.3060299593054,-4.52954640704561,3.85));
#1809=CARTESIAN_POINT('Ctrl Pts',(13.3346147800718,-4.34091360510853,3.85));
#1810=CARTESIAN_POINT('Ctrl Pts',(13.2379448779919,-4.97884359744118,4.05036644831902));
#1811=CARTESIAN_POINT('Ctrl Pts',(13.2693143214419,-4.77249497575571,4.11311064418559));
#1812=CARTESIAN_POINT('Ctrl Pts',(13.3017218975135,-4.55723524665397,4.14644932716311));
#1813=CARTESIAN_POINT('Ctrl Pts',(13.3346147800718,-4.34091360510853,4.14919930034188));
#1814=CARTESIAN_POINT('Ctrl Pts',(12.9826356674692,-5.08122763593053,4.53556933298536));
#1815=CARTESIAN_POINT('Ctrl Pts',(13.0160663348233,-4.83068782860463,4.6153737568206));
#1816=CARTESIAN_POINT('Ctrl Pts',(13.0511799320739,-4.5679515516023,4.66017851979781));
#1817=CARTESIAN_POINT('Ctrl Pts',(13.0864076557756,-4.30330107914231,4.6673059841114));
#1818=CARTESIAN_POINT('Ctrl Pts',(12.4774334187964,-5.05885460936385,4.72192775316373));
#1819=CARTESIAN_POINT('Ctrl Pts',(12.5066634519116,-4.78900317686112,4.80350320652969));
#1820=CARTESIAN_POINT('Ctrl Pts',(12.5372055144898,-4.50743422795476,4.84679904120693));
#1821=CARTESIAN_POINT('Ctrl Pts',(12.5677689809802,-4.22470820765184,4.85));
#1822=CARTESIAN_POINT('Ctrl Pts',(12.2612876737092,-5.02865362313211,4.73070869324189));
#1823=CARTESIAN_POINT('Ctrl Pts',(12.288735854268,-4.75695554694674,4.80970493886217));
#1824=CARTESIAN_POINT('Ctrl Pts',(12.3173176330146,-4.47403645572397,4.85));
#1825=CARTESIAN_POINT('Ctrl Pts',(12.345902453781,-4.19108725281834,4.85));
#1826=CARTESIAN_POINT('Origin',(12.345902453781,-4.19108725281834,1.85));
#1827=CARTESIAN_POINT('Origin',(8.59849503597829,-6.89929118531771,3.85));
#1828=CARTESIAN_POINT('',(11.7334937216243,-5.53272803931821,4.53328157299975));
#1829=CARTESIAN_POINT('',(7.79924751798915,-5.53272803931821,4.53328157299975));
#1830=CARTESIAN_POINT('',(11.4917686840066,-7.24093197181757,3.67917960675007));
#1831=CARTESIAN_POINT('Origin',(354.74070636497,-54.9423012220084,-20.1715050183453));
#1832=CARTESIAN_POINT('',(11.9135085770391,-7.24093197181758,3.67917960675006));
#1833=CARTESIAN_POINT('',(9.39774255396743,-7.24093197181758,3.67917960675006));
#1834=CARTESIAN_POINT('Origin',(-44.3176087061256,3.37710935158113,8.98820026844942));
#1835=CARTESIAN_POINT('Origin',(7.79924751798915,-4.19108725281834,1.85));
#1836=CARTESIAN_POINT('Ctrl Pts',(11.7334937216245,-5.53272803931819,4.53328157299976));
#1837=CARTESIAN_POINT('Ctrl Pts',(11.7733784287543,-5.1174013726889,4.7409449063144));
#1838=CARTESIAN_POINT('Ctrl Pts',(11.8182178542596,-4.65431601503262,4.85));
#1839=CARTESIAN_POINT('Ctrl Pts',(11.8635251559303,-4.19108725281831,4.85));
#1840=CARTESIAN_POINT('Ctrl Pts',(13.3346147800718,-4.34091360510853,-3.85));
#1841=CARTESIAN_POINT('Ctrl Pts',(13.3060299593054,-4.52954640704561,-3.85));
#1842=CARTESIAN_POINT('Ctrl Pts',(13.2774481805588,-4.71815913452746,-3.82313662590812));
#1843=CARTESIAN_POINT('Ctrl Pts',(13.25,-4.89929118531771,-3.77047246216126));
#1844=CARTESIAN_POINT('Ctrl Pts',(13.3346147800718,-4.34091360510853,-4.14919930034188));
#1845=CARTESIAN_POINT('Ctrl Pts',(13.3017218975135,-4.55723524665397,-4.14644932716311));
#1846=CARTESIAN_POINT('Ctrl Pts',(13.2693143214419,-4.77249497575571,-4.11311064418559));
#1847=CARTESIAN_POINT('Ctrl Pts',(13.2379448779919,-4.97884359744118,-4.05036644831903));
#1848=CARTESIAN_POINT('Ctrl Pts',(13.0864076557756,-4.30330107914231,-4.6673059841114));
#1849=CARTESIAN_POINT('Ctrl Pts',(13.0511799320739,-4.5679515516023,-4.66017851979781));
#1850=CARTESIAN_POINT('Ctrl Pts',(13.0160663348233,-4.83068782860463,-4.6153737568206));
#1851=CARTESIAN_POINT('Ctrl Pts',(12.9826356674692,-5.08122763593053,-4.53556933298536));
#1852=CARTESIAN_POINT('Ctrl Pts',(12.5677689809802,-4.22470820765184,-4.85));
#1853=CARTESIAN_POINT('Ctrl Pts',(12.5372055144898,-4.50743422795475,-4.84679904120693));
#1854=CARTESIAN_POINT('Ctrl Pts',(12.5066634519116,-4.78900317686112,-4.80350320652969));
#1855=CARTESIAN_POINT('Ctrl Pts',(12.4774334187964,-5.05885460936385,-4.72192775316373));
#1856=CARTESIAN_POINT('Ctrl Pts',(12.345902453781,-4.19108725281834,-4.85));
#1857=CARTESIAN_POINT('Ctrl Pts',(12.3173176330146,-4.47403645572397,-4.85));
#1858=CARTESIAN_POINT('Ctrl Pts',(12.288735854268,-4.75695554694674,-4.80970493886217));
#1859=CARTESIAN_POINT('Ctrl Pts',(12.2612876737092,-5.02865362313211,-4.73070869324189));
#1860=CARTESIAN_POINT('',(12.2612876737092,-5.02865362313211,-4.73070869324189));
#1861=CARTESIAN_POINT('Origin',(12.2612876737092,-4.74946483302752,-3.77047246216126));
#1862=CARTESIAN_POINT('Origin',(12.345902453781,-4.19108725281834,-1.85));
#1863=CARTESIAN_POINT('Ctrl Pts',(13.25,-4.89929118531771,-3.77047246216126));
#1864=CARTESIAN_POINT('Ctrl Pts',(13.2321690942559,-5.01695831148529,-3.73684831196304));
#1865=CARTESIAN_POINT('Ctrl Pts',(13.214433239555,-5.13154061530743,-3.69274889147875));
#1866=CARTESIAN_POINT('Ctrl Pts',(13.1971465251535,-5.2412132399646,-3.63885438199983));
#1867=CARTESIAN_POINT('Ctrl Pts',(13.2379448779919,-4.97884359744119,-4.05036644831902));
#1868=CARTESIAN_POINT('Ctrl Pts',(13.217450206704,-5.11253825017876,-4.01020781950731));
#1869=CARTESIAN_POINT('Ctrl Pts',(13.197289878567,-5.24227131199557,-3.95830542945325));
#1870=CARTESIAN_POINT('Ctrl Pts',(13.1774323011455,-5.36628678718801,-3.89521622987559));
#1871=CARTESIAN_POINT('Ctrl Pts',(12.9826339638471,-5.08122679933842,-4.53556734354303));
#1872=CARTESIAN_POINT('Ctrl Pts',(12.9608177913354,-5.24254760010753,-4.48435839004644));
#1873=CARTESIAN_POINT('Ctrl Pts',(12.9390659913964,-5.39888312139083,-4.41868542506578));
#1874=CARTESIAN_POINT('Ctrl Pts',(12.9179605494501,-5.54774217343725,-4.33992342296394));
#1875=CARTESIAN_POINT('Ctrl Pts',(12.4774334187964,-5.05885460936385,-4.72192775316373));
#1876=CARTESIAN_POINT('Ctrl Pts',(12.4586301935317,-5.23154080123758,-4.66972833683892));
#1877=CARTESIAN_POINT('Ctrl Pts',(12.4399022645567,-5.39922816262681,-4.60206689067158));
#1878=CARTESIAN_POINT('Ctrl Pts',(12.4216862910296,-5.55950399033609,-4.51989359749081));
#1879=CARTESIAN_POINT('Ctrl Pts',(12.2612876737092,-5.02865362313212,-4.73070869324189));
#1880=CARTESIAN_POINT('Ctrl Pts',(12.2437630102547,-5.20212294785428,-4.68027246794456));
#1881=CARTESIAN_POINT('Ctrl Pts',(12.2263317653605,-5.37104451088138,-4.61412333721816));
#1882=CARTESIAN_POINT('Ctrl Pts',(12.2093419468696,-5.53272803931821,-4.53328157299975));
#1883=CARTESIAN_POINT('',(13.1971465251535,-5.2412132399646,-3.63885438199983));
#1884=CARTESIAN_POINT('',(12.2093419468696,-5.53272803931821,-4.53328157299975));
#1885=CARTESIAN_POINT('Origin',(12.2093419468696,-5.08551444381825,-3.63885438199983));
#1886=CARTESIAN_POINT('Ctrl Pts',(12.2093419468696,-5.53272803931821,-4.53328157299975));
#1887=CARTESIAN_POINT('Ctrl Pts',(12.2263317653605,-5.37104451088138,-4.61412333721816));
#1888=CARTESIAN_POINT('Ctrl Pts',(12.2437630102547,-5.20212294785428,-4.68027246794456));
#1889=CARTESIAN_POINT('Ctrl Pts',(12.2612876737092,-5.02865362313212,-4.73070869324189));
#1890=CARTESIAN_POINT('Ctrl Pts',(13.25,-4.89929118531771,-3.77047246216126));
#1891=CARTESIAN_POINT('Ctrl Pts',(13.2321690942559,-5.01695831148529,-3.73684831196304));
#1892=CARTESIAN_POINT('Ctrl Pts',(13.214433239555,-5.13154061530743,-3.69274889147875));
#1893=CARTESIAN_POINT('Ctrl Pts',(13.1971465251535,-5.2412132399646,-3.63885438199983));
#1894=CARTESIAN_POINT('Ctrl Pts',(13.1971465251535,-5.2412132399646,-3.63885438199983));
#1895=CARTESIAN_POINT('Ctrl Pts',(13.1307068274179,-5.6627286224039,-3.43171641256215));
#1896=CARTESIAN_POINT('Ctrl Pts',(13.0596331267017,-6.08351358673906,-3.2249373797831));
#1897=CARTESIAN_POINT('Ctrl Pts',(12.9839426004375,-6.50346643564234,-3.01856725901076));
#1898=CARTESIAN_POINT('Ctrl Pts',(13.1774323011455,-5.36628678718801,-3.89521622987559));
#1899=CARTESIAN_POINT('Ctrl Pts',(13.1101091795275,-5.78728121360432,-3.68757226118109));
#1900=CARTESIAN_POINT('Ctrl Pts',(13.0382459701965,-6.20750000768769,-3.48032076242528));
#1901=CARTESIAN_POINT('Ctrl Pts',(12.9616954651734,-6.6268999522954,-3.27345375155097));
#1902=CARTESIAN_POINT('Ctrl Pts',(12.9179575199154,-5.54774004448142,-4.33992012008916));
#1903=CARTESIAN_POINT('Ctrl Pts',(12.8504728198241,-5.96632848884087,-4.13146387058343));
#1904=CARTESIAN_POINT('Ctrl Pts',(12.7783673988894,-6.38417445413282,-3.92336423708502));
#1905=CARTESIAN_POINT('Ctrl Pts',(12.7017114659281,-6.80116398718575,-3.71569865537404));
#1906=CARTESIAN_POINT('Ctrl Pts',(12.4216862910296,-5.55950399033608,-4.5198935974908));
#1907=CARTESIAN_POINT('Ctrl Pts',(12.3557352347853,-5.97496821650387,-4.3121537097419));
#1908=CARTESIAN_POINT('Ctrl Pts',(12.2852062523162,-6.38972006152906,-4.10479311090574));
#1909=CARTESIAN_POINT('Ctrl Pts',(12.21013944747,-6.80363087455323,-3.89783015538223));
#1910=CARTESIAN_POINT('Ctrl Pts',(12.2093419468696,-5.53272803931821,-4.53328157299974));
#1911=CARTESIAN_POINT('Ctrl Pts',(12.1440433378397,-5.94700397819357,-4.32614360356206));
#1912=CARTESIAN_POINT('Ctrl Pts',(12.0741903139164,-6.36056204375168,-4.119364570783));
#1913=CARTESIAN_POINT('Ctrl Pts',(11.9997997575135,-6.77330228529635,-3.91299445001067));
#1914=CARTESIAN_POINT('',(12.9839426004411,-6.50346643562225,-3.01856725902064));
#1915=CARTESIAN_POINT('',(11.9997997575135,-6.77330228529636,-3.91299445001068));
#1916=CARTESIAN_POINT('Ctrl Pts',(12.9839426004411,-6.50346643562224,-3.01856725902064));
#1917=CARTESIAN_POINT('Ctrl Pts',(12.961695465177,-6.62689995227532,-3.27345375156087));
#1918=CARTESIAN_POINT('Ctrl Pts',(12.813133179894,-6.72647940078416,-3.52616512517407));
#1919=CARTESIAN_POINT('Ctrl Pts',(12.5889503169088,-6.76996182153044,-3.69394150978648));
#1920=CARTESIAN_POINT('Ctrl Pts',(12.4208131696699,-6.80257363709014,-3.81977379824578));
#1921=CARTESIAN_POINT('Ctrl Pts',(12.2101394474736,-6.80363087453341,-3.89783015539214));
#1922=CARTESIAN_POINT('Ctrl Pts',(11.999799757517,-6.77330228527659,-3.91299445002055));
#1923=CARTESIAN_POINT('Origin',(-44.3176087061256,3.37710935158113,-8.98820026844942));
#1924=CARTESIAN_POINT('Origin',(-44.3176087061256,3.82432294708108,-8.0937730774495));
#1925=CARTESIAN_POINT('Origin',(7.,-4.42464559265885,-4.85));
#1926=CARTESIAN_POINT('',(11.8635251559304,-4.19108725281834,-4.85));
#1927=CARTESIAN_POINT('',(7.79924751798915,-4.19108725281834,-4.85));
#1928=CARTESIAN_POINT('',(12.5834974822352,0.493077073082899,-4.85));
#1929=CARTESIAN_POINT('Origin',(354.74070636497,-54.4950876265084,-4.85));
#1930=CARTESIAN_POINT('',(0.,0.493077073082906,-4.85));
#1931=CARTESIAN_POINT('Origin',(7.79924751798915,-4.19108725281834,-1.85));
#1932=CARTESIAN_POINT('',(11.7334937216243,-5.53272803931827,-4.53328157299972));
#1933=CARTESIAN_POINT('',(7.79924751798915,-5.53272803931821,-4.53328157299975));
#1934=CARTESIAN_POINT('Ctrl Pts',(11.8635251559303,-4.19108725281832,-4.85));
#1935=CARTESIAN_POINT('Ctrl Pts',(11.8182178505483,-4.65431605297765,-4.85));
#1936=CARTESIAN_POINT('Ctrl Pts',(11.7733784320214,-5.11740133866771,-4.74094492332499));
#1937=CARTESIAN_POINT('Ctrl Pts',(11.7334937216244,-5.53272803931816,-4.53328157299977));
#1938=CARTESIAN_POINT('Origin',(8.59849503597829,-6.89929118531771,-3.85));
#1939=CARTESIAN_POINT('',(11.9135085770391,-7.24093197181758,-3.67917960675007));
#1940=CARTESIAN_POINT('Origin',(-44.3176087061256,3.37710935158113,-8.98820026844942));
#1941=CARTESIAN_POINT('',(11.4917686840066,-7.24093197181758,-3.67917960675006));
#1942=CARTESIAN_POINT('',(9.39774255396743,-7.24093197181758,-3.67917960675006));
#1943=CARTESIAN_POINT('Origin',(354.74070636497,-54.9423012220084,20.1715050183453));
#1944=CARTESIAN_POINT('Ctrl Pts',(11.8635251559303,-4.19108725281832,-4.85));
#1945=CARTESIAN_POINT('Ctrl Pts',(11.8182178505483,-4.65431605297765,-4.85));
#1946=CARTESIAN_POINT('Ctrl Pts',(11.7733784320214,-5.11740133866771,-4.74094492332499));
#1947=CARTESIAN_POINT('Ctrl Pts',(11.7334937216244,-5.53272803931816,-4.53328157299977));
#1948=CARTESIAN_POINT('Ctrl Pts',(11.5674948085624,-4.14765621826506,-4.85));
#1949=CARTESIAN_POINT('Ctrl Pts',(11.5178326026768,-4.61101311826248,-4.85691115205453));
#1950=CARTESIAN_POINT('Ctrl Pts',(11.4687615104503,-5.07596523268664,-4.75455268879461));
#1951=CARTESIAN_POINT('Ctrl Pts',(11.424693477582,-5.49714234270434,-4.55107442130668));
#1952=CARTESIAN_POINT('Ctrl Pts',(11.0548685093928,-4.07244808264617,-4.59896520159742));
#1953=CARTESIAN_POINT('Ctrl Pts',(10.9982690949369,-4.4958435087902,-4.60962199216533));
#1954=CARTESIAN_POINT('Ctrl Pts',(10.9416102127554,-4.92489904443259,-4.52076420102547));
#1955=CARTESIAN_POINT('Ctrl Pts',(10.8909316995447,-5.31345539960082,-4.33747538683418));
#1956=CARTESIAN_POINT('Ctrl Pts',(10.8741166010655,-4.04592971233066,-4.07439947525641));
#1957=CARTESIAN_POINT('Ctrl Pts',(10.8236550913722,-4.38948233857453,-4.07757369190442));
#1958=CARTESIAN_POINT('Ctrl Pts',(10.7736729043012,-4.73475973721756,-4.00002206316507));
#1959=CARTESIAN_POINT('Ctrl Pts',(10.7289426139628,-5.04545447562235,-3.8481420127975));
#1960=CARTESIAN_POINT('Ctrl Pts',(10.8741166010655,-4.04592971233066,-3.85));
#1961=CARTESIAN_POINT('Ctrl Pts',(10.8286785566376,-4.35564004306685,-3.85));
#1962=CARTESIAN_POINT('Ctrl Pts',(10.783709749202,-4.66525442140601,-3.77729661554999));
#1963=CARTESIAN_POINT('Ctrl Pts',(10.7437099472334,-4.94293786806947,-3.63885438199985));
#1964=CARTESIAN_POINT('Origin',(11.8635251559303,-4.19108725281832,-3.85));
#1965=CARTESIAN_POINT('Origin',(11.7334937216243,-5.08551444381823,-3.63885438199985));
#1966=CARTESIAN_POINT('Origin',(354.74070636497,-54.4950876265084,-3.85));
#1967=CARTESIAN_POINT('',(12.4552501621973,0.582896735910391,-4.84002648699514));
#1968=CARTESIAN_POINT('Ctrl Pts',(12.4552501626469,0.582896736224498,-4.84002648700385));
#1969=CARTESIAN_POINT('Ctrl Pts',(12.460918576169,0.57475596652729,-4.84100690066473));
#1970=CARTESIAN_POINT('Ctrl Pts',(12.4666838338542,0.567013815480193,-4.84191840174971));
#1971=CARTESIAN_POINT('Ctrl Pts',(12.4890345379451,0.539304535665578,-4.84512117457518));
#1972=CARTESIAN_POINT('Ctrl Pts',(12.505483649913,0.52359372067382,-4.84681320442616));
#1973=CARTESIAN_POINT('Ctrl Pts',(12.5347821779233,0.504347167281525,-4.84884798213593));
#1974=CARTESIAN_POINT('Ctrl Pts',(12.5484806503888,0.498024893305972,-4.8494953763905));
#1975=CARTESIAN_POINT('Ctrl Pts',(12.5702525518399,0.493714807011753,-4.84993529622805));
#1976=CARTESIAN_POINT('Ctrl Pts',(12.5768412410676,0.493077073082899,-4.85));
#1977=CARTESIAN_POINT('Ctrl Pts',(12.5834974822352,0.493077073082899,-4.85));
#1978=CARTESIAN_POINT('',(11.6263703641947,0.00856814059147705,-4.34534934130227));
#1979=CARTESIAN_POINT('Ctrl Pts',(11.6263703641936,0.00856814059145776,
-4.34534934130034));
#1980=CARTESIAN_POINT('Ctrl Pts',(11.6042839209327,0.00818262029030471,
-4.30720204637955));
#1981=CARTESIAN_POINT('Ctrl Pts',(11.5852017698838,0.00784954010477905,
-4.26826092375518));
#1982=CARTESIAN_POINT('Ctrl Pts',(11.5221102096782,0.00674827282496661,
-4.11727998571557));
#1983=CARTESIAN_POINT('Ctrl Pts',(11.493049028203,0.00624100801542529,-3.97280670102443));
#1984=CARTESIAN_POINT('Ctrl Pts',(11.493049028203,0.00624100801542528,-3.85));
#1985=CARTESIAN_POINT('Ctrl Pts',(12.4552501628559,0.582896735924379,-4.84002648703999));
#1986=CARTESIAN_POINT('Ctrl Pts',(12.4604308413753,0.575456433541906,-4.84092254163487));
#1987=CARTESIAN_POINT('Ctrl Pts',(12.4652897668171,0.567330338950034,-4.84172176886583));
#1988=CARTESIAN_POINT('Ctrl Pts',(12.4711762070957,0.553162706078757,-4.84272668563284));
#1989=CARTESIAN_POINT('Ctrl Pts',(12.472971392691,0.54720312055627,-4.84304904529587));
#1990=CARTESIAN_POINT('Ctrl Pts',(12.4742825644159,0.538061523067414,-4.8433693501767));
#1991=CARTESIAN_POINT('Ctrl Pts',(12.4744922240689,0.535073081299775,-4.84344767493304));
#1992=CARTESIAN_POINT('Ctrl Pts',(12.4744560090767,0.530560961430395,-4.8435256433945));
#1993=CARTESIAN_POINT('Ctrl Pts',(12.474385743404,0.529061844955305,-4.84354488556703));
#1994=CARTESIAN_POINT('Ctrl Pts',(12.4741277999263,0.526055076568083,-4.84357027229059));
#1995=CARTESIAN_POINT('Ctrl Pts',(12.4739396985003,0.524553596307768,-4.84357625724772));
#1996=CARTESIAN_POINT('Ctrl Pts',(12.4733430076761,0.520915611470467,-4.84357491919204));
#1997=CARTESIAN_POINT('Ctrl Pts',(12.4728762992457,0.518798728119402,-4.84356071808043));
#1998=CARTESIAN_POINT('Ctrl Pts',(12.4696439605385,0.506983723938864,-4.84341028259923));
#1999=CARTESIAN_POINT('Ctrl Pts',(12.4644782822274,0.496934570010124,-4.84301890337907));
#2000=CARTESIAN_POINT('Ctrl Pts',(12.444891063189,0.47050505016458,-4.84112014348342));
#2001=CARTESIAN_POINT('Ctrl Pts',(12.4285156816659,0.454608946083395,-4.83927997512943));
#2002=CARTESIAN_POINT('Ctrl Pts',(12.3810064907281,0.413869881523773,-4.83260345672));
#2003=CARTESIAN_POINT('Ctrl Pts',(12.3432377419699,0.385942459516762,-4.82624324186723));
#2004=CARTESIAN_POINT('Ctrl Pts',(12.2181130484395,0.298827584293259,-4.79688338476927));
#2005=CARTESIAN_POINT('Ctrl Pts',(12.1060323866043,0.226273020693235,-4.7614238137024));
#2006=CARTESIAN_POINT('Ctrl Pts',(11.9002917715387,0.107340950646675,-4.64533393893986));
#2007=CARTESIAN_POINT('Ctrl Pts',(11.8210371268283,0.0666748179316633,-4.58377203946828));
#2008=CARTESIAN_POINT('Ctrl Pts',(11.706627402118,0.0215622301035858,-4.46491896231545));
#2009=CARTESIAN_POINT('Ctrl Pts',(11.6625462452218,0.00919959294364166,
-4.40783165166094));
#2010=CARTESIAN_POINT('Ctrl Pts',(11.6263703641955,0.00856814059149079,
-4.34534934130356));
#2011=CARTESIAN_POINT('Ctrl Pts',(11.4917686840067,-7.24093197181756,-3.67917960675007));
#2012=CARTESIAN_POINT('Ctrl Pts',(11.4526336599488,-7.66334297317261,-3.46797410607255));
#2013=CARTESIAN_POINT('Ctrl Pts',(11.3728829551572,-8.53370471362022,-2.73712619692348));
#2014=CARTESIAN_POINT('Ctrl Pts',(11.3399410753976,-8.89929118531771,-1.63043696392839));
#2015=CARTESIAN_POINT('Ctrl Pts',(11.3399410753976,-8.89929118531771,-0.995898033750315));
#2016=CARTESIAN_POINT('Ctrl Pts',(11.3374899278784,-7.2237798536767,-3.6877556658205));
#2017=CARTESIAN_POINT('Ctrl Pts',(11.2963516603106,-7.64880204915198,-3.47862933241024));
#2018=CARTESIAN_POINT('Ctrl Pts',(11.2123280584011,-8.52787029190438,-2.74954448418347));
#2019=CARTESIAN_POINT('Ctrl Pts',(11.1774970832154,-8.89929118531771,-1.63514677639294));
#2020=CARTESIAN_POINT('Ctrl Pts',(11.1774970832154,-8.89929118531771,-0.995898033750315));
#2021=CARTESIAN_POINT('Ctrl Pts',(11.0295285225255,-7.15646317116759,-3.63871720933016));
#2022=CARTESIAN_POINT('Ctrl Pts',(10.9844089106542,-7.57543069532106,-3.43739306470993));
#2023=CARTESIAN_POINT('Ctrl Pts',(10.8919049358419,-8.44689705759924,-2.72755075372104));
#2024=CARTESIAN_POINT('Ctrl Pts',(10.8533382073216,-8.81842392285296,-1.62733235937729));
#2025=CARTESIAN_POINT('Ctrl Pts',(10.8533382073216,-8.81842392285296,-0.995898033750315));
#2026=CARTESIAN_POINT('Ctrl Pts',(10.6040243441445,-6.94825617503379,-3.34056800801911));
#2027=CARTESIAN_POINT('Ctrl Pts',(10.5560250259249,-7.32041168854343,-3.16308786086021));
#2028=CARTESIAN_POINT('Ctrl Pts',(10.4573918926794,-8.09595949160966,-2.53506920896477));
#2029=CARTESIAN_POINT('Ctrl Pts',(10.4160989290315,-8.42763188616643,-1.55719300090247));
#2030=CARTESIAN_POINT('Ctrl Pts',(10.4160989290315,-8.42763188616643,-0.995898033750315));
#2031=CARTESIAN_POINT('Ctrl Pts',(10.487041800653,-6.75857921820161,-2.99372826637587));
#2032=CARTESIAN_POINT('Ctrl Pts',(10.4431407080176,-7.07466340463988,-2.83915490450063));
#2033=CARTESIAN_POINT('Ctrl Pts',(10.3534246034232,-7.72919955708276,-2.2990785323966));
#2034=CARTESIAN_POINT('Ctrl Pts',(10.3162590350469,-8.00628741938469,-1.47102648588747));
#2035=CARTESIAN_POINT('Ctrl Pts',(10.3162590350469,-8.00628741938469,-0.995898033750315));
#2036=CARTESIAN_POINT('Ctrl Pts',(10.5012873863238,-6.65607100460136,-2.78475241575016));
#2037=CARTESIAN_POINT('Ctrl Pts',(10.4620394339938,-6.93849094673638,-2.64394874863182));
#2038=CARTESIAN_POINT('Ctrl Pts',(10.3820586000659,-7.52040645458355,-2.1567168091991));
#2039=CARTESIAN_POINT('Ctrl Pts',(10.3490216630105,-7.76483406146629,-1.41892398720236));
#2040=CARTESIAN_POINT('Ctrl Pts',(10.3490216630105,-7.76483406146629,-0.995898033750315));
#2041=CARTESIAN_POINT('',(11.3399410753976,-8.89929118531771,-0.995898033750315));
#2042=CARTESIAN_POINT('Ctrl Pts',(11.4917686840067,-7.24093197181756,-3.67917960675007));
#2043=CARTESIAN_POINT('Ctrl Pts',(11.4526336599488,-7.66334297317261,-3.46797410607255));
#2044=CARTESIAN_POINT('Ctrl Pts',(11.3728829551572,-8.53370471362022,-2.73712619692348));
#2045=CARTESIAN_POINT('Ctrl Pts',(11.3399410753976,-8.89929118531771,-1.63043696392839));
#2046=CARTESIAN_POINT('Ctrl Pts',(11.3399410753976,-8.89929118531771,-0.995898033750315));
#2047=CARTESIAN_POINT('Origin',(11.3399410753976,-7.89929118531771,-0.995898033750315));
#2048=CARTESIAN_POINT('Origin',(11.4917686840067,-6.79371837631761,-2.78475241575016));
#2049=CARTESIAN_POINT('Ctrl Pts',(11.6934457754055,-8.89929118531771,-0.995898033750317));
#2050=CARTESIAN_POINT('Ctrl Pts',(11.6934457754055,-8.89929118531771,-1.47330561679119));
#2051=CARTESIAN_POINT('Ctrl Pts',(11.7318498385977,-8.62748620059669,-2.58722164021392));
#2052=CARTESIAN_POINT('Ctrl Pts',(11.8428374430685,-7.80232319762806,-3.39848399384482));
#2053=CARTESIAN_POINT('Ctrl Pts',(11.9135085770391,-7.24093197181759,-3.67917960675006));
#2054=CARTESIAN_POINT('Ctrl Pts',(11.9533440804049,-8.89929118531771,-0.995898033750317));
#2055=CARTESIAN_POINT('Ctrl Pts',(11.9533440804049,-8.89929118531771,-1.46492196807825));
#2056=CARTESIAN_POINT('Ctrl Pts',(11.9948724297496,-8.63827085530457,-2.55852937250132));
#2057=CARTESIAN_POINT('Ctrl Pts',(12.1155663080186,-7.83657752569789,-3.36999461176249));
#2058=CARTESIAN_POINT('Ctrl Pts',(12.1929267368206,-7.28314167648525,-3.65807475441623));
#2059=CARTESIAN_POINT('Ctrl Pts',(12.405446044096,-8.7127132529034,-0.995898033750317));
#2060=CARTESIAN_POINT('Ctrl Pts',(12.405446044096,-8.7127132529034,-1.41981252075231));
#2061=CARTESIAN_POINT('Ctrl Pts',(12.4524353413499,-8.47953506408087,-2.40918902888272));
#2062=CARTESIAN_POINT('Ctrl Pts',(12.589618153333,-7.75848971545591,-3.15351733894684));
#2063=CARTESIAN_POINT('Ctrl Pts',(12.6777747452701,-7.25630366583314,-3.42129242336683));
#2064=CARTESIAN_POINT('Ctrl Pts',(12.6323012056725,-8.2949498021678,-0.995898033750316));
#2065=CARTESIAN_POINT('Ctrl Pts',(12.6323012056725,-8.2949498021678,-1.34582088409923));
#2066=CARTESIAN_POINT('Ctrl Pts',(12.6750879866045,-8.09608718869042,-2.16240427299741));
#2067=CARTESIAN_POINT('Ctrl Pts',(12.7992998813481,-7.4883565198696,-2.76424482140799));
#2068=CARTESIAN_POINT('Ctrl Pts',(12.8787538400735,-7.07136016773498,-2.97550423804724));
#2069=CARTESIAN_POINT('Ctrl Pts',(12.672235103544,-8.10416053666673,-0.995898033750316));
#2070=CARTESIAN_POINT('Ctrl Pts',(12.672235103544,-8.10416053666673,-1.31416975577756));
#2071=CARTESIAN_POINT('Ctrl Pts',(12.7113102751015,-7.91979069789917,-2.05678043805938));
#2072=CARTESIAN_POINT('Ctrl Pts',(12.8242373803336,-7.3600689180708,-2.59762200714665));
#2073=CARTESIAN_POINT('Ctrl Pts',(12.896143487514,-6.97926791880131,-2.78475241575014));
#2074=CARTESIAN_POINT('',(11.6934457754055,-8.89929118531771,-0.995898033750315));
#2075=CARTESIAN_POINT('',(12.672235103544,-8.10416053666673,-0.995898033750315));
#2076=CARTESIAN_POINT('Origin',(11.6934457754055,-7.89929118531771,-0.995898033750315));
#2077=CARTESIAN_POINT('Ctrl Pts',(11.6934457754055,-8.89929118531771,-0.995898033750317));
#2078=CARTESIAN_POINT('Ctrl Pts',(11.6934457754055,-8.89929118531771,-1.47330561679119));
#2079=CARTESIAN_POINT('Ctrl Pts',(11.7318498385977,-8.62748620059669,-2.58722164021392));
#2080=CARTESIAN_POINT('Ctrl Pts',(11.8428374430685,-7.80232319762806,-3.39848399384482));
#2081=CARTESIAN_POINT('Ctrl Pts',(11.9135085770391,-7.24093197181759,-3.67917960675006));
#2082=CARTESIAN_POINT('',(12.896143487514,-6.97926791880131,-2.78475241575014));
#2083=CARTESIAN_POINT('Origin',(11.9135085770391,-6.79371837631763,-2.78475241575014));
#2084=CARTESIAN_POINT('Ctrl Pts',(12.896143487514,-6.97926791880131,-2.78475241575014));
#2085=CARTESIAN_POINT('Ctrl Pts',(12.8242373803336,-7.3600689180708,-2.59762200714665));
#2086=CARTESIAN_POINT('Ctrl Pts',(12.7113102751015,-7.91979069789917,-2.05678043805938));
#2087=CARTESIAN_POINT('Ctrl Pts',(12.672235103544,-8.10416053666673,-1.31416975577756));
#2088=CARTESIAN_POINT('Ctrl Pts',(12.672235103544,-8.10416053666673,-0.995898033750316));
#2089=CARTESIAN_POINT('Origin',(9.39774255396743,-5.89929118531771,-0.995898033750315));
#2090=CARTESIAN_POINT('',(9.39774255396743,-8.89929118531771,-0.995898033750315));
#2091=CARTESIAN_POINT('Ctrl Pts',(12.9839426004411,-6.50346643562224,-3.01856725902064));
#2092=CARTESIAN_POINT('Ctrl Pts',(12.9553353658379,-6.66218761598475,-2.94056967132459));
#2093=CARTESIAN_POINT('Ctrl Pts',(12.9260686580423,-6.82078993567379,-2.86263049326097));
#2094=CARTESIAN_POINT('Ctrl Pts',(12.896143487514,-6.9792679188013,-2.78475241575014));
#2095=CARTESIAN_POINT('Ctrl Pts',(12.961695465177,-6.62689995227532,-3.27345375156087));
#2096=CARTESIAN_POINT('Ctrl Pts',(12.9327632015995,-6.78541216245785,-3.19526836424946));
#2097=CARTESIAN_POINT('Ctrl Pts',(12.9032040226377,-6.94379301483145,-3.11715275551734));
#2098=CARTESIAN_POINT('Ctrl Pts',(12.8729572909266,-7.1020575840462,-3.03908817881294));
#2099=CARTESIAN_POINT('Ctrl Pts',(12.7017104307957,-6.80116323396716,-3.71569752212379));
#2100=CARTESIAN_POINT('Ctrl Pts',(12.6727383207287,-6.95876442909612,-3.63721031496253));
#2101=CARTESIAN_POINT('Ctrl Pts',(12.6431027209541,-7.11624666316783,-3.55877807601761));
#2102=CARTESIAN_POINT('Ctrl Pts',(12.6128241919587,-7.27359975455851,-3.48041364069299));
#2103=CARTESIAN_POINT('Ctrl Pts',(12.2101394474736,-6.80363087453341,-3.89783015539215));
#2104=CARTESIAN_POINT('Ctrl Pts',(12.1817679483819,-6.9600684674193,-3.81960850580031));
#2105=CARTESIAN_POINT('Ctrl Pts',(12.1527423347714,-7.11639322188138,-3.74145180292801));
#2106=CARTESIAN_POINT('Ctrl Pts',(12.1230721968752,-7.27258925031833,-3.66335096749968));
#2107=CARTESIAN_POINT('Ctrl Pts',(11.999799757517,-6.7733022852766,-3.91299445002056));
#2108=CARTESIAN_POINT('Ctrl Pts',(11.9716838465263,-6.92929746066869,-3.83499686232451));
#2109=CARTESIAN_POINT('Ctrl Pts',(11.9429197886653,-7.08517581679593,-3.75705768426088));
#2110=CARTESIAN_POINT('Ctrl Pts',(11.9135085770391,-7.24093197181758,-3.67917960675005));
#2111=CARTESIAN_POINT('Origin',(-44.3176087061256,3.82432294708108,-8.0937730774495));
#2112=CARTESIAN_POINT('Ctrl Pts',(11.3399410753976,-8.89929118531771,0.995898033750316));
#2113=CARTESIAN_POINT('Ctrl Pts',(11.3399410753976,-8.89929118531771,1.47180226240104));
#2114=CARTESIAN_POINT('Ctrl Pts',(11.3642312565074,-8.6299375324589,2.58270244464583));
#2115=CARTESIAN_POINT('Ctrl Pts',(11.4395886485287,-7.80414667699864,3.39757225415954));
#2116=CARTESIAN_POINT('Ctrl Pts',(11.4917686840067,-7.24093197181757,3.67917960675007));
#2117=CARTESIAN_POINT('Ctrl Pts',(11.1774970832154,-8.89929118531771,0.995898033750316));
#2118=CARTESIAN_POINT('Ctrl Pts',(11.1774970832154,-8.89929118531771,1.47533462197968));
#2119=CARTESIAN_POINT('Ctrl Pts',(11.2031782220088,-8.62568412186844,2.59439759633889));
#2120=CARTESIAN_POINT('Ctrl Pts',(11.2826389008798,-7.790476151245,3.40892053643365));
#2121=CARTESIAN_POINT('Ctrl Pts',(11.3374899278784,-7.22377985367671,3.6877556658205));
#2122=CARTESIAN_POINT('Ctrl Pts',(10.853338207327,-8.81842392284977,0.995898033750316));
#2123=CARTESIAN_POINT('Ctrl Pts',(10.853338207327,-8.81842392284977,1.46947380883596));
#2124=CARTESIAN_POINT('Ctrl Pts',(10.8817736164914,-8.54482864402472,2.57484063328879));
#2125=CARTESIAN_POINT('Ctrl Pts',(10.969369036114,-7.71508657311316,3.37028499900518));
#2126=CARTESIAN_POINT('Ctrl Pts',(11.02952852253,-7.15646317116678,3.63871720932729));
#2127=CARTESIAN_POINT('Ctrl Pts',(10.4160989290448,-8.42763188616279,0.995898033750316));
#2128=CARTESIAN_POINT('Ctrl Pts',(10.4160989290448,-8.42763188616279,1.41686928655134));
#2129=CARTESIAN_POINT('Ctrl Pts',(10.4465267037691,-8.18341359033134,2.39946893087764));
#2130=CARTESIAN_POINT('Ctrl Pts',(10.5400252490249,-7.44446355871997,3.10392779638022));
#2131=CARTESIAN_POINT('Ctrl Pts',(10.6040243441554,-6.94825617503334,3.34056800801517));
#2132=CARTESIAN_POINT('Ctrl Pts',(10.3162590350468,-8.00628741938469,0.995898033750315));
#2133=CARTESIAN_POINT('Ctrl Pts',(10.3162590350468,-8.00628741938469,1.35224439607816));
#2134=CARTESIAN_POINT('Ctrl Pts',(10.3436919556711,-7.80216340892472,2.18391967244471));
#2135=CARTESIAN_POINT('Ctrl Pts',(10.4285070066574,-7.18002482758712,2.78763043710973));
#2136=CARTESIAN_POINT('Ctrl Pts',(10.487041800653,-6.75857921820162,2.99372826637587));
#2137=CARTESIAN_POINT('Ctrl Pts',(10.3490216630105,-7.76483406146629,0.995898033750315));
#2138=CARTESIAN_POINT('Ctrl Pts',(10.3490216630105,-7.76483406146629,1.31316751951748));
#2139=CARTESIAN_POINT('Ctrl Pts',(10.37338193602,-7.58474679382833,2.05376764101399));
#2140=CARTESIAN_POINT('Ctrl Pts',(10.4489567798065,-7.03263095199044,2.59701418068981));
#2141=CARTESIAN_POINT('Ctrl Pts',(10.5012873863238,-6.65607100460137,2.78475241575015));
#2142=CARTESIAN_POINT('',(11.3399410753976,-8.89929118531771,0.995898033750315));
#2143=CARTESIAN_POINT('Ctrl Pts',(11.3399410753976,-8.89929118531771,0.995898033750316));
#2144=CARTESIAN_POINT('Ctrl Pts',(11.3399410753976,-8.89929118531771,1.47180226240104));
#2145=CARTESIAN_POINT('Ctrl Pts',(11.3642312565074,-8.6299375324589,2.58270244464583));
#2146=CARTESIAN_POINT('Ctrl Pts',(11.4395886485287,-7.80414667699864,3.39757225415954));
#2147=CARTESIAN_POINT('Ctrl Pts',(11.4917686840067,-7.24093197181757,3.67917960675007));
#2148=CARTESIAN_POINT('Origin',(11.4917686840067,-6.79371837631761,2.78475241575016));
#2149=CARTESIAN_POINT('Origin',(11.3399410753976,-7.89929118531771,0.995898033750315));
#2150=CARTESIAN_POINT('Ctrl Pts',(11.7334937216245,-5.53272803931819,4.53328157299976));
#2151=CARTESIAN_POINT('Ctrl Pts',(11.7733784287543,-5.1174013726889,4.7409449063144));
#2152=CARTESIAN_POINT('Ctrl Pts',(11.8182178542596,-4.65431601503262,4.85));
#2153=CARTESIAN_POINT('Ctrl Pts',(11.8635251559303,-4.19108725281831,4.85));
#2154=CARTESIAN_POINT('Ctrl Pts',(11.424693477582,-5.49714234270437,4.55107442130667));
#2155=CARTESIAN_POINT('Ctrl Pts',(11.4687615068405,-5.07596526718706,4.75455267212684));
#2156=CARTESIAN_POINT('Ctrl Pts',(11.5178326067448,-4.61101308030696,4.85691115148841));
#2157=CARTESIAN_POINT('Ctrl Pts',(11.5674948085624,-4.14765621826505,4.85));
#2158=CARTESIAN_POINT('Ctrl Pts',(10.8909316995447,-5.31345539960085,4.33747538683417));
#2159=CARTESIAN_POINT('Ctrl Pts',(10.9416102086041,-4.9248990762609,4.52076418601151));
#2160=CARTESIAN_POINT('Ctrl Pts',(10.9982690995732,-4.49584347410809,4.60962199129239));
#2161=CARTESIAN_POINT('Ctrl Pts',(11.0548685093928,-4.07244808264616,4.59896520159742));
#2162=CARTESIAN_POINT('Ctrl Pts',(10.7289426139628,-5.04545447562237,3.84814201279749));
#2163=CARTESIAN_POINT('Ctrl Pts',(10.7736729006372,-4.73475976266788,4.00002205072394));
#2164=CARTESIAN_POINT('Ctrl Pts',(10.8236550955057,-4.38948231043268,4.07757369164441));
#2165=CARTESIAN_POINT('Ctrl Pts',(10.8741166010655,-4.04592971233065,4.07439947525642));
#2166=CARTESIAN_POINT('Ctrl Pts',(10.7437099472334,-4.94293786806949,3.63885438199984));
#2167=CARTESIAN_POINT('Ctrl Pts',(10.7837097459255,-4.66525444415224,3.77729660420961));
#2168=CARTESIAN_POINT('Ctrl Pts',(10.8286785603596,-4.35564001769716,3.85000000000001));
#2169=CARTESIAN_POINT('Ctrl Pts',(10.8741166010655,-4.04592971233065,3.85));
#2170=CARTESIAN_POINT('Origin',(11.7334937216243,-5.08551444381831,3.63885438199981));
#2171=CARTESIAN_POINT('Origin',(11.8635251559303,-4.19108725281832,3.85));
#2172=CARTESIAN_POINT('Origin',(354.74070636497,-54.4950876265084,3.85));
#2173=CARTESIAN_POINT('',(11.6263703641893,0.00856814059138189,4.34534934129294));
#2174=CARTESIAN_POINT('Ctrl Pts',(11.493049028203,0.00624100801542454,3.85));
#2175=CARTESIAN_POINT('Ctrl Pts',(11.493049028203,0.00624100801542453,3.97280670102443));
#2176=CARTESIAN_POINT('Ctrl Pts',(11.5221102096782,0.00674827282496663,
4.11727998571557));
#2177=CARTESIAN_POINT('Ctrl Pts',(11.5852017698829,0.00784954010476216,
4.26826092375287));
#2178=CARTESIAN_POINT('Ctrl Pts',(11.6042839209303,0.00818262029026233,
4.30720204637477));
#2179=CARTESIAN_POINT('Ctrl Pts',(11.6263703641895,0.00856814059138533,
4.34534934129332));
#2180=CARTESIAN_POINT('',(12.4552501621973,0.582896735910391,4.84002648699514));
#2181=CARTESIAN_POINT('Ctrl Pts',(12.5834974822352,0.493077073082899,4.85));
#2182=CARTESIAN_POINT('Ctrl Pts',(12.5768165829822,0.493077073082899,4.85));
#2183=CARTESIAN_POINT('Ctrl Pts',(12.5701646093413,0.493719459955151,4.8499348314597));
#2184=CARTESIAN_POINT('Ctrl Pts',(12.5500991364702,0.497730899536832,4.84952536260293));
#2185=CARTESIAN_POINT('Ctrl Pts',(12.5377454567524,0.50301865047955,4.84898409374894));
#2186=CARTESIAN_POINT('Ctrl Pts',(12.5098559796095,0.52005732144489,4.84719169490463));
#2187=CARTESIAN_POINT('Ctrl Pts',(12.4953526495726,0.53358250124161,4.84573151072582));
#2188=CARTESIAN_POINT('Ctrl Pts',(12.4740982435326,0.557391150535673,4.84304006657169));
#2189=CARTESIAN_POINT('Ctrl Pts',(12.4649179911762,0.569012151900738,4.84169864291206));
#2190=CARTESIAN_POINT('Ctrl Pts',(12.4552501626469,0.582896736224498,4.84002648700385));
#2191=CARTESIAN_POINT('Ctrl Pts',(11.6263703641955,0.00856814059148975,
4.34534934130356));
#2192=CARTESIAN_POINT('Ctrl Pts',(11.6484940553205,0.00895431105652842,
4.38356097004358));
#2193=CARTESIAN_POINT('Ctrl Pts',(11.6735905262807,0.0137633569149035,4.4198103779985));
#2194=CARTESIAN_POINT('Ctrl Pts',(11.7308808047271,0.0306223978327458,4.49103693370027));
#2195=CARTESIAN_POINT('Ctrl Pts',(11.7635095109509,0.0433596129687429,4.52547224157079));
#2196=CARTESIAN_POINT('Ctrl Pts',(11.8914358704362,0.100645488892465,4.64290882222418));
#2197=CARTESIAN_POINT('Ctrl Pts',(12.0057323456305,0.165622976925768,4.7136980541097));
#2198=CARTESIAN_POINT('Ctrl Pts',(12.2086398199937,0.293313428095786,4.79391901447964));
#2199=CARTESIAN_POINT('Ctrl Pts',(12.2777990954884,0.339455058518735,4.81196584794561));
#2200=CARTESIAN_POINT('Ctrl Pts',(12.3682256393287,0.404554232315682,4.83062948276247));
#2201=CARTESIAN_POINT('Ctrl Pts',(12.3994848794084,0.428660885628003,4.83539659603707));
#2202=CARTESIAN_POINT('Ctrl Pts',(12.4368116646479,0.462917168806368,4.84021264537919));
#2203=CARTESIAN_POINT('Ctrl Pts',(12.4483197290412,0.47497459481767,4.84145859235388));
#2204=CARTESIAN_POINT('Ctrl Pts',(12.4611221357029,0.492489215440016,4.84269033757606));
#2205=CARTESIAN_POINT('Ctrl Pts',(12.4649495882184,0.498580691158316,4.84302507748299));
#2206=CARTESIAN_POINT('Ctrl Pts',(12.469316164389,0.507913182010041,4.8433556058347));
#2207=CARTESIAN_POINT('Ctrl Pts',(12.4705220804018,0.510931422715302,4.84343752211756));
#2208=CARTESIAN_POINT('Ctrl Pts',(12.4719855996691,0.515518066826527,4.8435197362207));
#2209=CARTESIAN_POINT('Ctrl Pts',(12.4724097995082,0.517024103627349,4.84354027274996));
#2210=CARTESIAN_POINT('Ctrl Pts',(12.4731393852207,0.520038754639914,4.84356787511214));
#2211=CARTESIAN_POINT('Ctrl Pts',(12.4734458356794,0.521542553131119,4.8435751496701));
#2212=CARTESIAN_POINT('Ctrl Pts',(12.4739723391376,0.524752597353718,4.84357633056564));
#2213=CARTESIAN_POINT('Ctrl Pts',(12.4741767815564,0.526454412942178,4.84356856488073));
#2214=CARTESIAN_POINT('Ctrl Pts',(12.4749352276377,0.53651972557832,4.8434717097009));
#2215=CARTESIAN_POINT('Ctrl Pts',(12.4737232956386,0.54459821891695,4.8431910253439));
#2216=CARTESIAN_POINT('Ctrl Pts',(12.4681592448886,0.561761006414112,4.84219456184787));
#2217=CARTESIAN_POINT('Ctrl Pts',(12.463046517679,0.571699894208048,4.84137495124914));
#2218=CARTESIAN_POINT('Ctrl Pts',(12.4552501628559,0.582896735924379,4.84002648703999));
#2219=CARTESIAN_POINT('Ctrl Pts',(10.7437099472335,-4.94293786806948,3.63885438199985));
#2220=CARTESIAN_POINT('Ctrl Pts',(10.6614811737907,-5.51377992479815,3.35425459656986));
#2221=CARTESIAN_POINT('Ctrl Pts',(10.5806733197032,-6.08482666240303,3.06955276516627));
#2222=CARTESIAN_POINT('Ctrl Pts',(10.5012873863238,-6.65607100460137,2.78475241575016));
#2223=CARTESIAN_POINT('Ctrl Pts',(10.7240201695393,-5.07962667813998,3.91790455639667));
#2224=CARTESIAN_POINT('Ctrl Pts',(10.6420301677659,-5.65047187917054,3.63316273553087));
#2225=CARTESIAN_POINT('Ctrl Pts',(10.5614404803851,-6.22150340669067,3.34832883605535));
#2226=CARTESIAN_POINT('Ctrl Pts',(10.4822932720962,-6.79274862273503,3.06338688325109));
#2227=CARTESIAN_POINT('Ctrl Pts',(10.9603983548311,-5.35484213995575,4.40023577358203));
#2228=CARTESIAN_POINT('Ctrl Pts',(10.8786048300795,-5.92519465038053,4.11526967165613));
#2229=CARTESIAN_POINT('Ctrl Pts',(10.7982376075642,-6.49575476310776,3.83019753125988));
#2230=CARTESIAN_POINT('Ctrl Pts',(10.7192845210026,-7.0665058574173,3.54503191599318));
#2231=CARTESIAN_POINT('Ctrl Pts',(11.5018935385925,-5.50603876685775,4.54662620922982));
#2232=CARTESIAN_POINT('Ctrl Pts',(11.4199602755709,-6.07555723964851,4.26186447546935));
#2233=CARTESIAN_POINT('Ctrl Pts',(11.339447422858,-6.64528491945069,3.97700561791429));
#2234=CARTESIAN_POINT('Ctrl Pts',(11.2603505498143,-7.21520379460626,3.69204369535567));
#2235=CARTESIAN_POINT('Ctrl Pts',(11.7334937216243,-5.53272803931812,4.53328157299963));
#2236=CARTESIAN_POINT('Ctrl Pts',(11.6515015453222,-6.10192761017809,4.24868178756965));
#2237=CARTESIAN_POINT('Ctrl Pts',(11.5709261999592,-6.67133127298531,3.96397995616614));
#2238=CARTESIAN_POINT('Ctrl Pts',(11.4917686840067,-7.24093197181754,3.67917960675002));
#2239=CARTESIAN_POINT('Origin',(11.3399410753976,-7.89929118531771,0.));
#2240=CARTESIAN_POINT('',(11.3399410753976,-8.89929118531771,0.));
#2241=CARTESIAN_POINT('Ctrl Pts',(11.9135085770391,-7.24093197181759,3.67917960675006));
#2242=CARTESIAN_POINT('Ctrl Pts',(11.8605051792055,-7.66197576735496,3.46865770898137));
#2243=CARTESIAN_POINT('Ctrl Pts',(11.7456733879378,-8.5307437241304,2.74133643868436));
#2244=CARTESIAN_POINT('Ctrl Pts',(11.6934457754055,-8.89929118531771,1.63244204652195));
#2245=CARTESIAN_POINT('Ctrl Pts',(11.6934457754055,-8.89929118531771,0.995898033750315));
#2246=CARTESIAN_POINT('Ctrl Pts',(12.1929267368206,-7.28314167648525,3.65807475441623));
#2247=CARTESIAN_POINT('Ctrl Pts',(12.1349063633811,-7.69821893424347,3.44201445438791));
#2248=CARTESIAN_POINT('Ctrl Pts',(12.0097644183381,-8.54570224516909,2.71023178509223));
#2249=CARTESIAN_POINT('Ctrl Pts',(11.9533440804049,-8.89929118531771,1.62126383825091));
#2250=CARTESIAN_POINT('Ctrl Pts',(11.9533440804049,-8.89929118531771,0.995898033750315));
#2251=CARTESIAN_POINT('Ctrl Pts',(12.6777747452683,-7.25630366583212,3.42129242336548));
#2252=CARTESIAN_POINT('Ctrl Pts',(12.6116572422432,-7.63294353955625,3.22046093061858));
#2253=CARTESIAN_POINT('Ctrl Pts',(12.469380296051,-8.39691030602218,2.54758825456316));
#2254=CARTESIAN_POINT('Ctrl Pts',(12.4054460440948,-8.71271325290213,1.56111785474586));
#2255=CARTESIAN_POINT('Ctrl Pts',(12.4054460440948,-8.71271325290213,0.995898033750315));
#2256=CARTESIAN_POINT('Ctrl Pts',(12.8787538400735,-7.07136016773498,2.97550423804724));
#2257=CARTESIAN_POINT('Ctrl Pts',(12.8191633177886,-7.38410771125869,2.81705953400616));
#2258=CARTESIAN_POINT('Ctrl Pts',(12.690460688538,-8.02540815646844,2.27586096089698));
#2259=CARTESIAN_POINT('Ctrl Pts',(12.6323012056725,-8.2949498021678,1.46246225106505));
#2260=CARTESIAN_POINT('Ctrl Pts',(12.6323012056725,-8.2949498021678,0.995898033750315));
#2261=CARTESIAN_POINT('Ctrl Pts',(12.896143487514,-6.97926791880131,2.78475241575014));
#2262=CARTESIAN_POINT('Ctrl Pts',(12.8422138589456,-7.26486892342224,2.64440448390436));
#2263=CARTESIAN_POINT('Ctrl Pts',(12.7253753900163,-7.85416866816941,2.15952363703967));
#2264=CARTESIAN_POINT('Ctrl Pts',(12.672235103544,-8.10416053666673,1.4202607089314));
#2265=CARTESIAN_POINT('Ctrl Pts',(12.672235103544,-8.10416053666673,0.995898033750315));
#2266=CARTESIAN_POINT('',(11.6934457754055,-8.89929118531771,0.995898033750315));
#2267=CARTESIAN_POINT('Ctrl Pts',(11.9135085770391,-7.24093197181759,3.67917960675006));
#2268=CARTESIAN_POINT('Ctrl Pts',(11.8605051792055,-7.66197576735496,3.46865770898137));
#2269=CARTESIAN_POINT('Ctrl Pts',(11.7456733879378,-8.5307437241304,2.74133643868436));
#2270=CARTESIAN_POINT('Ctrl Pts',(11.6934457754055,-8.89929118531771,1.63244204652195));
#2271=CARTESIAN_POINT('Ctrl Pts',(11.6934457754055,-8.89929118531771,0.995898033750315));
#2272=CARTESIAN_POINT('',(12.672235103544,-8.10416053666673,0.995898033750315));
#2273=CARTESIAN_POINT('Origin',(11.6934457754055,-7.89929118531771,0.995898033750315));
#2274=CARTESIAN_POINT('',(12.896143487514,-6.97926791880131,2.78475241575014));
#2275=CARTESIAN_POINT('Ctrl Pts',(12.672235103544,-8.10416053666673,0.995898033750315));
#2276=CARTESIAN_POINT('Ctrl Pts',(12.672235103544,-8.10416053666673,1.4202607089314));
#2277=CARTESIAN_POINT('Ctrl Pts',(12.7253753900163,-7.85416866816941,2.15952363703967));
#2278=CARTESIAN_POINT('Ctrl Pts',(12.8422138589456,-7.26486892342224,2.64440448390436));
#2279=CARTESIAN_POINT('Ctrl Pts',(12.896143487514,-6.97926791880131,2.78475241575014));
#2280=CARTESIAN_POINT('Origin',(11.9135085770391,-6.79371837631762,2.78475241575015));
#2281=CARTESIAN_POINT('Origin',(11.6934457754055,-7.89929118531771,0.));
#2282=CARTESIAN_POINT('',(12.672235103544,-8.10416053666673,0.));
#2283=CARTESIAN_POINT('',(11.6934457754055,-8.89929118531771,0.));
#2284=CARTESIAN_POINT('Ctrl Pts',(12.896143487514,-6.9792679188013,2.78475241575014));
#2285=CARTESIAN_POINT('Ctrl Pts',(12.9260686580423,-6.82078993567379,2.86263049326097));
#2286=CARTESIAN_POINT('Ctrl Pts',(12.9553353658379,-6.66218761598475,2.94056967132459));
#2287=CARTESIAN_POINT('Ctrl Pts',(12.9839426004411,-6.50346643562224,3.01856725902064));
#2288=CARTESIAN_POINT('Ctrl Pts',(12.8729572909266,-7.1020575840462,3.03908817881294));
#2289=CARTESIAN_POINT('Ctrl Pts',(12.9032040226377,-6.94379301483145,3.11715275551734));
#2290=CARTESIAN_POINT('Ctrl Pts',(12.9327632015995,-6.78541216245785,3.19526836424946));
#2291=CARTESIAN_POINT('Ctrl Pts',(12.961695465177,-6.62689995227532,3.27345375156087));
#2292=CARTESIAN_POINT('Ctrl Pts',(12.6128241919587,-7.27359975455851,3.48041364069299));
#2293=CARTESIAN_POINT('Ctrl Pts',(12.6431027209541,-7.11624666316783,3.55877807601761));
#2294=CARTESIAN_POINT('Ctrl Pts',(12.6727383207287,-6.95876442909612,3.63721031496253));
#2295=CARTESIAN_POINT('Ctrl Pts',(12.7017104307957,-6.80116323396716,3.71569752212379));
#2296=CARTESIAN_POINT('Ctrl Pts',(12.1230721968752,-7.27258925031833,3.66335096749968));
#2297=CARTESIAN_POINT('Ctrl Pts',(12.1527423347714,-7.11639322188138,3.74145180292801));
#2298=CARTESIAN_POINT('Ctrl Pts',(12.1817679483819,-6.9600684674193,3.81960850580031));
#2299=CARTESIAN_POINT('Ctrl Pts',(12.2101394474736,-6.80363087453341,3.89783015539215));
#2300=CARTESIAN_POINT('Ctrl Pts',(11.9135085770391,-7.24093197181758,3.67917960675005));
#2301=CARTESIAN_POINT('Ctrl Pts',(11.9429197886653,-7.08517581679593,3.75705768426088));
#2302=CARTESIAN_POINT('Ctrl Pts',(11.9716838465263,-6.92929746066869,3.83499686232451));
#2303=CARTESIAN_POINT('Ctrl Pts',(11.999799757517,-6.7733022852766,3.91299445002056));
#2304=CARTESIAN_POINT('Origin',(-44.3176087061256,3.82432294708108,8.0937730774495));
#2305=CARTESIAN_POINT('Origin',(9.39774255396743,-5.89929118531771,0.995898033750315));
#2306=CARTESIAN_POINT('',(9.39774255396743,-8.89929118531771,0.995898033750315));
#2307=CARTESIAN_POINT('Ctrl Pts',(10.5012873863238,-6.65607100460137,-2.78475241575016));
#2308=CARTESIAN_POINT('Ctrl Pts',(10.5806733197032,-6.08482666240303,-3.06955276516627));
#2309=CARTESIAN_POINT('Ctrl Pts',(10.6614811737907,-5.51377992479815,-3.35425459656986));
#2310=CARTESIAN_POINT('Ctrl Pts',(10.7437099472335,-4.94293786806948,-3.63885438199985));
#2311=CARTESIAN_POINT('Ctrl Pts',(10.4822932720962,-6.79274862273503,-3.06338688325109));
#2312=CARTESIAN_POINT('Ctrl Pts',(10.5614404803851,-6.22150340669067,-3.34832883605535));
#2313=CARTESIAN_POINT('Ctrl Pts',(10.6420301677659,-5.65047187917054,-3.63316273553087));
#2314=CARTESIAN_POINT('Ctrl Pts',(10.7240201695393,-5.07962667813998,-3.91790455639667));
#2315=CARTESIAN_POINT('Ctrl Pts',(10.7192845210026,-7.0665058574173,-3.54503191599318));
#2316=CARTESIAN_POINT('Ctrl Pts',(10.7982376075642,-6.49575476310776,-3.83019753125988));
#2317=CARTESIAN_POINT('Ctrl Pts',(10.8786048300795,-5.92519465038053,-4.11526967165613));
#2318=CARTESIAN_POINT('Ctrl Pts',(10.9603983548311,-5.35484213995575,-4.40023577358203));
#2319=CARTESIAN_POINT('Ctrl Pts',(11.2603505498143,-7.21520379460626,-3.69204369535567));
#2320=CARTESIAN_POINT('Ctrl Pts',(11.339447422858,-6.64528491945069,-3.97700561791429));
#2321=CARTESIAN_POINT('Ctrl Pts',(11.4199602755709,-6.07555723964851,-4.26186447546935));
#2322=CARTESIAN_POINT('Ctrl Pts',(11.5018935385925,-5.50603876685775,-4.54662620922982));
#2323=CARTESIAN_POINT('Ctrl Pts',(11.4917686840067,-7.24093197181754,-3.67917960675002));
#2324=CARTESIAN_POINT('Ctrl Pts',(11.5709261999592,-6.67133127298531,-3.96397995616614));
#2325=CARTESIAN_POINT('Ctrl Pts',(11.6515015453222,-6.10192761017809,-4.24868178756965));
#2326=CARTESIAN_POINT('Ctrl Pts',(11.7334937216243,-5.53272803931812,-4.53328157299963));
#2327=CARTESIAN_POINT('Ctrl Pts',(-0.250000000000002,0.794444444444418,
-4.80983191231164));
#2328=CARTESIAN_POINT('Ctrl Pts',(4.46235991567237,0.794444444444418,-4.80983191231164));
#2329=CARTESIAN_POINT('Ctrl Pts',(9.17471983134475,0.794444444444418,-4.80983191231164));
#2330=CARTESIAN_POINT('Ctrl Pts',(13.8870797470171,0.794444444444418,-4.80983191231164));
#2331=CARTESIAN_POINT('Ctrl Pts',(-0.250000000000002,0.840036018174116,
-4.802301509353));
#2332=CARTESIAN_POINT('Ctrl Pts',(4.46235991567238,0.840036018174116,-4.802301509353));
#2333=CARTESIAN_POINT('Ctrl Pts',(9.17471983134474,0.840036018174116,-4.802301509353));
#2334=CARTESIAN_POINT('Ctrl Pts',(13.8870797470171,0.840036018174116,-4.802301509353));
#2335=CARTESIAN_POINT('Ctrl Pts',(-0.250000000000002,0.951772748044732,
-4.76656367405414));
#2336=CARTESIAN_POINT('Ctrl Pts',(4.46235991567236,0.951772748044732,-4.76656367405414));
#2337=CARTESIAN_POINT('Ctrl Pts',(9.17471983134476,0.951772748044732,-4.76656367405414));
#2338=CARTESIAN_POINT('Ctrl Pts',(13.8870797470171,0.951772748044732,-4.76656367405414));
#2339=CARTESIAN_POINT('Ctrl Pts',(-0.250000000000002,1.18546679426395,-4.62218307577704));
#2340=CARTESIAN_POINT('Ctrl Pts',(4.46235991567239,1.18546679426395,-4.62218307577704));
#2341=CARTESIAN_POINT('Ctrl Pts',(9.17471983134474,1.18546679426395,-4.62218307577704));
#2342=CARTESIAN_POINT('Ctrl Pts',(13.8870797470171,1.18546679426395,-4.62218307577704));
#2343=CARTESIAN_POINT('Ctrl Pts',(-0.250000000000002,1.4635425921172,-4.37565138709313));
#2344=CARTESIAN_POINT('Ctrl Pts',(4.46235991567237,1.4635425921172,-4.37565138709313));
#2345=CARTESIAN_POINT('Ctrl Pts',(9.17471983134476,1.4635425921172,-4.37565138709313));
#2346=CARTESIAN_POINT('Ctrl Pts',(13.8870797470171,1.4635425921172,-4.37565138709313));
#2347=CARTESIAN_POINT('Ctrl Pts',(-0.250000000000002,1.73084650934225,-4.06076138873566));
#2348=CARTESIAN_POINT('Ctrl Pts',(4.46235991567238,1.73084650934225,-4.06076138873566));
#2349=CARTESIAN_POINT('Ctrl Pts',(9.17471983134474,1.73084650934225,-4.06076138873566));
#2350=CARTESIAN_POINT('Ctrl Pts',(13.8870797470171,1.73084650934225,-4.06076138873566));
#2351=CARTESIAN_POINT('Ctrl Pts',(-0.250000000000002,1.92836109893322,-3.74648948082031));
#2352=CARTESIAN_POINT('Ctrl Pts',(4.46235991567237,1.92836109893322,-3.74648948082031));
#2353=CARTESIAN_POINT('Ctrl Pts',(9.17471983134476,1.92836109893322,-3.74648948082031));
#2354=CARTESIAN_POINT('Ctrl Pts',(13.8870797470171,1.92836109893322,-3.74648948082031));
#2355=CARTESIAN_POINT('Ctrl Pts',(-0.250000000000002,2.03305337828913,-3.49204374237956));
#2356=CARTESIAN_POINT('Ctrl Pts',(4.46235991567238,2.03305337828913,-3.49204374237956));
#2357=CARTESIAN_POINT('Ctrl Pts',(9.17471983134474,2.03305337828913,-3.49204374237956));
#2358=CARTESIAN_POINT('Ctrl Pts',(13.8870797470171,2.03305337828913,-3.49204374237956));
#2359=CARTESIAN_POINT('Ctrl Pts',(-0.250000000000002,2.05,-3.37609292248304));
#2360=CARTESIAN_POINT('Ctrl Pts',(4.46235991567237,2.05,-3.37609292248304));
#2361=CARTESIAN_POINT('Ctrl Pts',(9.17471983134476,2.05,-3.37609292248304));
#2362=CARTESIAN_POINT('Ctrl Pts',(13.8870797470171,2.05,-3.37609292248304));
#2363=CARTESIAN_POINT('Ctrl Pts',(-0.250000000000002,2.05,-3.32988363160047));
#2364=CARTESIAN_POINT('Ctrl Pts',(4.46235991567237,2.05,-3.32988363160047));
#2365=CARTESIAN_POINT('Ctrl Pts',(9.17471983134475,2.05,-3.32988363160047));
#2366=CARTESIAN_POINT('Ctrl Pts',(13.8870797470171,2.05,-3.32988363160047));
#2367=CARTESIAN_POINT('',(1.11022302462516E-15,0.794444444444418,-4.80983191231164));
#2368=CARTESIAN_POINT('Ctrl Pts',(13.2805756584361,0.794444444444418,-4.80983191231164));
#2369=CARTESIAN_POINT('Ctrl Pts',(8.85371710562409,0.794444444444418,-4.80983191231164));
#2370=CARTESIAN_POINT('Ctrl Pts',(4.42685855281204,0.794444444444418,-4.80983191231164));
#2371=CARTESIAN_POINT('Ctrl Pts',(-5.68989300120393E-16,0.794444444444418,
-4.80983191231164));
#2372=CARTESIAN_POINT('',(-0.25,0.794444444444424,-4.80983191231163));
#2373=CARTESIAN_POINT('Ctrl Pts',(-0.250000000000002,0.794444444444418,
-4.80983191231164));
#2374=CARTESIAN_POINT('Ctrl Pts',(-0.166666666666669,0.794444444444418,
-4.80983191231164));
#2375=CARTESIAN_POINT('Ctrl Pts',(-0.0833333333333347,0.794444444444418,
-4.80983191231164));
#2376=CARTESIAN_POINT('Ctrl Pts',(-8.32667268468867E-16,0.794444444444418,
-4.80983191231164));
#2377=CARTESIAN_POINT('',(2.1966018873872E-17,1.42706524756778,-4.39933060580629));
#2378=CARTESIAN_POINT('Ctrl Pts',(-0.25,0.794444444444418,-4.80983191231164));
#2379=CARTESIAN_POINT('Ctrl Pts',(-0.249252205399081,0.795384956327999,
-4.80967656708243));
#2380=CARTESIAN_POINT('Ctrl Pts',(-0.248506094415131,0.796326192932696,
-4.80951741813691));
#2381=CARTESIAN_POINT('Ctrl Pts',(-0.201774756049077,0.85545676660382,-4.79929095531134));
#2382=CARTESIAN_POINT('Ctrl Pts',(-0.156955683000819,0.923063203419601,
-4.7737455799901));
#2383=CARTESIAN_POINT('Ctrl Pts',(-0.0651172374848379,1.09942334803127,
-4.67832099893766));
#2384=CARTESIAN_POINT('Ctrl Pts',(-0.02723734308878,1.20663105758438,-4.59972713805542));
#2385=CARTESIAN_POINT('Ctrl Pts',(-0.00332759002510164,1.3508659154127,
-4.47299521958396));
#2386=CARTESIAN_POINT('Ctrl Pts',(6.90548266776721E-15,1.39006215929145,
-4.43610773360961));
#2387=CARTESIAN_POINT('Ctrl Pts',(0.,1.42706524756775,-4.39933060580627));
#2388=CARTESIAN_POINT('',(5.55111512312578E-16,2.05,-3.32988363160047));
#2389=CARTESIAN_POINT('Ctrl Pts',(-1.05525297947947E-15,2.05,-3.32988363160047));
#2390=CARTESIAN_POINT('Ctrl Pts',(-1.16687623249928E-15,2.05,-3.37609292248304));
#2391=CARTESIAN_POINT('Ctrl Pts',(-9.6861373446565E-16,2.04152668914456,
-3.4340683324313));
#2392=CARTESIAN_POINT('Ctrl Pts',(-9.36750677027476E-16,2.01984132049086,
-3.50546366047889));
#2393=CARTESIAN_POINT('Ctrl Pts',(-9.42788145095439E-16,1.99815595183716,
-3.57685898852648));
#2394=CARTESIAN_POINT('Ctrl Pts',(-1.11022302462516E-15,1.96325852538519,
-3.6616742346734));
#2395=CARTESIAN_POINT('Ctrl Pts',(-1.11022302462516E-15,1.91289071389404,
-3.75646050906608));
#2396=CARTESIAN_POINT('Ctrl Pts',(-1.06423716990561E-15,1.86252290240289,
-3.85124678345876));
#2397=CARTESIAN_POINT('Ctrl Pts',(-8.68384897410092E-16,1.79668470587257,
-3.95600408609721));
#2398=CARTESIAN_POINT('Ctrl Pts',(-8.67361737988404E-16,1.71921495473657,
-4.06086440380935));
#2399=CARTESIAN_POINT('Ctrl Pts',(-8.79676282610106E-16,1.64174520360057,
-4.16572472152149));
#2400=CARTESIAN_POINT('Ctrl Pts',(-1.10292278864973E-15,1.55264389785888,
-4.27068805430731));
#2401=CARTESIAN_POINT('Ctrl Pts',(-1.07552855510562E-15,1.46174727867917,
-4.36425833548087));
#2402=CARTESIAN_POINT('Ctrl Pts',(-1.04411382591147E-15,1.45021175125655,
-4.37613317256678));
#2403=CARTESIAN_POINT('Ctrl Pts',(-1.0366005295835E-15,1.43864730906456,
-4.38782451664641));
#2404=CARTESIAN_POINT('Ctrl Pts',(-1.02624515002383E-15,1.42707274060042,
-4.3993208559563));
#2405=CARTESIAN_POINT('Ctrl Pts',(-2.77555756156289E-17,2.05,-3.32988363160047));
#2406=CARTESIAN_POINT('Ctrl Pts',(4.33333333333333,2.05,-3.32988363160047));
#2407=CARTESIAN_POINT('Ctrl Pts',(8.66666666666667,2.05,-3.32988363160047));
#2408=CARTESIAN_POINT('Ctrl Pts',(13.,2.05,-3.32988363160047));
#2409=CARTESIAN_POINT('Origin',(10.1969900719566,-8.89929118531771,0.));
#2410=CARTESIAN_POINT('Origin',(-0.25,0.,0.));
#2411=CARTESIAN_POINT('',(-0.25,0.33578051608574,4.86342229762306));
#2412=CARTESIAN_POINT('Ctrl Pts',(-0.25000000013041,0.335780516083157,4.86342229762324));
#2413=CARTESIAN_POINT('Ctrl Pts',(-0.249254860524677,0.334685087279881,
4.86349792824431));
#2414=CARTESIAN_POINT('Ctrl Pts',(-0.248509719117017,0.333589401013847,
4.86356986545003));
#2415=CARTESIAN_POINT('Ctrl Pts',(-0.196401827464706,0.256949069692588,
4.86834220294247));
#2416=CARTESIAN_POINT('Ctrl Pts',(-0.146418874683875,0.182224148693688,
4.85538621026426));
#2417=CARTESIAN_POINT('Ctrl Pts',(-0.069923931719756,0.0575552295042037,
4.80350117609384));
#2418=CARTESIAN_POINT('Ctrl Pts',(-0.0420180153240827,0.00754418064927996,
4.7704652350375));
#2419=CARTESIAN_POINT('Ctrl Pts',(-0.00905168917518272,-0.0682569863756021,
4.69965715417703));
#2420=CARTESIAN_POINT('Ctrl Pts',(-0.000897759546340769,-0.0960104230728633,
4.66507934547572));
#2421=CARTESIAN_POINT('Ctrl Pts',(-2.33100079069181E-5,-0.119561380054005,
4.62739205733073));
#2422=CARTESIAN_POINT('Ctrl Pts',(-2.66852306501205E-14,-0.120790700089581,
4.62539428178121));
#2423=CARTESIAN_POINT('Ctrl Pts',(-2.67244993495952E-14,-0.122004819361955,
4.62339051174054));
#2424=CARTESIAN_POINT('',(-0.25,-4.84929118531771,0.5));
#2425=CARTESIAN_POINT('Origin',(-0.25,0.,0.));
#2426=CARTESIAN_POINT('Ctrl Pts',(0.,-4.59789353943738,0.5));
#2427=CARTESIAN_POINT('Ctrl Pts',(-1.89248798574629E-18,-4.62898242117522,
0.5));
#2428=CARTESIAN_POINT('Ctrl Pts',(-0.00724719504513668,-4.66557838955262,
0.5));
#2429=CARTESIAN_POINT('Ctrl Pts',(-0.0309381754733582,-4.72295894545679,
0.5));
#2430=CARTESIAN_POINT('Ctrl Pts',(-0.0515394224045999,-4.75391921456485,
0.5));
#2431=CARTESIAN_POINT('Ctrl Pts',(-0.095218877508715,-4.79774134953272,
0.5));
#2432=CARTESIAN_POINT('Ctrl Pts',(-0.125994787681087,-4.81838740151274,
0.5));
#2433=CARTESIAN_POINT('Ctrl Pts',(-0.182956450821022,-4.84205405202189,
0.5));
#2434=CARTESIAN_POINT('Ctrl Pts',(-0.219200438266473,-4.84929118531771,
0.5));
#2435=CARTESIAN_POINT('Ctrl Pts',(-0.25,-4.84929118531771,0.5));
#2436=CARTESIAN_POINT('Origin',(0.,0.,0.));
#2437=CARTESIAN_POINT('',(-5.75,-4.875,5.97015314584335E-16));
#2438=CARTESIAN_POINT('',(-5.75,-5.97015314584335E-16,-4.875));
#2439=CARTESIAN_POINT('Origin',(-5.75,0.,0.));
#2440=CARTESIAN_POINT('',(0.,-4.875,5.97015314584335E-16));
#2441=CARTESIAN_POINT('',(0.,-4.84929118531771,0.5));
#2442=CARTESIAN_POINT('',(11.5823834586053,0.565919540071275,4.84204089967913));
#2443=CARTESIAN_POINT('Origin',(-17.513842330813,0.,0.));
#2444=CARTESIAN_POINT('Ctrl Pts',(11.5823834585932,0.565919540071042,4.84204089377858));
#2445=CARTESIAN_POINT('Ctrl Pts',(11.8733992712196,0.57157977710752,4.84137935010833));
#2446=CARTESIAN_POINT('Ctrl Pts',(12.1643554369415,0.57723885401591,4.84070788009362));
#2447=CARTESIAN_POINT('Ctrl Pts',(12.4552501621819,0.582896735911269,4.84002648703853));
#2448=CARTESIAN_POINT('Origin',(-0.25,0.,0.));
#2449=CARTESIAN_POINT('',(11.5823834586053,0.565919540071276,-4.84204089967913));
#2450=CARTESIAN_POINT('Ctrl Pts',(11.5823834585933,0.565919540071043,-4.84204089378478));
#2451=CARTESIAN_POINT('Ctrl Pts',(11.8733992712214,0.571579777107555,-4.8413793501128));
#2452=CARTESIAN_POINT('Ctrl Pts',(12.1643554369436,0.577238854015951,-4.84070788009609));
#2453=CARTESIAN_POINT('Ctrl Pts',(12.4552501621826,0.582896735911284,-4.84002648703867));
#2454=CARTESIAN_POINT('',(-0.25,0.335780516086551,-4.86342229762301));
#2455=CARTESIAN_POINT('Origin',(-17.513842330813,0.,0.));
#2456=CARTESIAN_POINT('',(-0.25,-4.84929118531771,-0.5));
#2457=CARTESIAN_POINT('Origin',(-0.25,0.,0.));
#2458=CARTESIAN_POINT('',(0.,-4.84929118531771,-0.5));
#2459=CARTESIAN_POINT('Origin',(-5.75,0.,0.));
#2460=CARTESIAN_POINT('Origin',(-0.25,0.,0.));
#2461=CARTESIAN_POINT('Origin',(0.,0.,0.));
#2462=CARTESIAN_POINT('Origin',(-0.25,0.,0.));
#2463=CARTESIAN_POINT('Ctrl Pts',(2.15279183368722E-14,-0.122004809662961,
-4.62339052774765));
#2464=CARTESIAN_POINT('Ctrl Pts',(-1.24119963812429E-10,-0.120790693542634,
-4.62539429242071));
#2465=CARTESIAN_POINT('Ctrl Pts',(-2.33101309428442E-5,-0.119561376740355,
-4.62739206263338));
#2466=CARTESIAN_POINT('Ctrl Pts',(-0.000897759546337127,-0.0960104230729873,
-4.66507934547552));
#2467=CARTESIAN_POINT('Ctrl Pts',(-0.00905168917509184,-0.0682569863757968,
-4.69965715417685));
#2468=CARTESIAN_POINT('Ctrl Pts',(-0.0420180153240199,0.00754418064914657,
-4.77046523503737));
#2469=CARTESIAN_POINT('Ctrl Pts',(-0.0699239317196374,0.0575552295040335,
-4.80350117609377));
#2470=CARTESIAN_POINT('Ctrl Pts',(-0.146418874683903,0.182224148693767,
-4.85538621026429));
#2471=CARTESIAN_POINT('Ctrl Pts',(-0.196401827464727,0.256949069692667,
-4.86834220294246));
#2472=CARTESIAN_POINT('Ctrl Pts',(-0.248509719117014,0.33358940101384,-4.86356986545003));
#2473=CARTESIAN_POINT('Ctrl Pts',(-0.24925486052468,0.334685087279887,-4.86349792824431));
#2474=CARTESIAN_POINT('Ctrl Pts',(-0.25000000013041,0.335780516083157,-4.86342229762324));
#2475=CARTESIAN_POINT('Ctrl Pts',(-0.25,-4.84929118531771,-0.5));
#2476=CARTESIAN_POINT('Ctrl Pts',(-0.219200438266473,-4.84929118531771,
-0.5));
#2477=CARTESIAN_POINT('Ctrl Pts',(-0.182956450821022,-4.84205405202189,
-0.5));
#2478=CARTESIAN_POINT('Ctrl Pts',(-0.125994787681087,-4.81838740151274,
-0.5));
#2479=CARTESIAN_POINT('Ctrl Pts',(-0.095218877508715,-4.79774134953272,
-0.5));
#2480=CARTESIAN_POINT('Ctrl Pts',(-0.0515394224046,-4.75391921456485,-0.5));
#2481=CARTESIAN_POINT('Ctrl Pts',(-0.0309381754733581,-4.72295894545679,
-0.5));
#2482=CARTESIAN_POINT('Ctrl Pts',(-0.00724719504513659,-4.66557838955262,
-0.5));
#2483=CARTESIAN_POINT('Ctrl Pts',(0.,-4.62898242117522,-0.5));
#2484=CARTESIAN_POINT('Ctrl Pts',(0.,-4.59789353943738,-0.5));
#2485=CARTESIAN_POINT('Origin',(-1.,0.,0.));
#2486=CARTESIAN_POINT('',(-5.75,4.375,5.35782974626967E-16));
#2487=CARTESIAN_POINT('',(-5.75,-5.35782974626967E-16,-4.375));
#2488=CARTESIAN_POINT('Origin',(-5.75,0.,0.));
#2489=CARTESIAN_POINT('',(-1.,4.375,-5.35782974626967E-16));
#2490=CARTESIAN_POINT('',(-1.,4.375,-5.35782974626967E-16));
#2491=CARTESIAN_POINT('Origin',(-1.,0.,0.));
#2492=CARTESIAN_POINT('Origin',(-5.75,0.,0.));
#2493=CARTESIAN_POINT('Origin',(-5.75,0.,0.));
#2494=CARTESIAN_POINT('Origin',(-5.75,-5.66399144605651E-16,-4.625));
#2495=CARTESIAN_POINT('Ctrl Pts',(-0.241273796911769,-0.198582358785619,
4.36460975427727));
#2496=CARTESIAN_POINT('Ctrl Pts',(4.00942099416929,-0.124386205217263,4.35948710170631));
#2497=CARTESIAN_POINT('Ctrl Pts',(8.25263025518456,-0.0503207120622276,
4.35247209425953));
#2498=CARTESIAN_POINT('Ctrl Pts',(12.4828381734071,0.0235178418102065,4.34357385085257));
#2499=CARTESIAN_POINT('Ctrl Pts',(-0.241179726650391,-0.198580716783099,
4.44269152827303));
#2500=CARTESIAN_POINT('Ctrl Pts',(4.00953938097515,-0.124387320831487,4.43837978635792));
#2501=CARTESIAN_POINT('Ctrl Pts',(8.2527735494885,-0.0503148415938981,4.43217089401392));
#2502=CARTESIAN_POINT('Ctrl Pts',(12.4830074741634,0.0235207969659011,4.42408362921727));
#2503=CARTESIAN_POINT('Ctrl Pts',(-0.241643199184744,-0.161267177093461,
4.59855625310996));
#2504=CARTESIAN_POINT('Ctrl Pts',(4.00911057373602,-0.0862842315650062,
4.59585518550902));
#2505=CARTESIAN_POINT('Ctrl Pts',(8.25238081709843,-0.0114195732285947,
4.59123847529066));
#2506=CARTESIAN_POINT('Ctrl Pts',(12.4826522999275,0.0632318647412936,4.58476106708342));
#2507=CARTESIAN_POINT('Ctrl Pts',(-0.244550536398363,0.0201280063205692,
4.81341012423575));
#2508=CARTESIAN_POINT('Ctrl Pts',(4.00620654137068,0.0986582906164152,4.81174147086414));
#2509=CARTESIAN_POINT('Ctrl Pts',(8.24948064048966,0.177118539545761,4.80813993467934));
#2510=CARTESIAN_POINT('Ctrl Pts',(12.4797561836197,0.2554001081594,4.80258507663806));
#2511=CARTESIAN_POINT('Ctrl Pts',(-0.247951061796817,0.218953807239824,
4.87148824998911));
#2512=CARTESIAN_POINT('Ctrl Pts',(4.00276753714398,0.300559756672438,4.86787968915898));
#2513=CARTESIAN_POINT('Ctrl Pts',(8.24600105459389,0.382060728717276,4.86212821389027));
#2514=CARTESIAN_POINT('Ctrl Pts',(12.4762348531725,0.463384657199611,4.85442883584448));
#2515=CARTESIAN_POINT('Ctrl Pts',(-0.25000000013041,0.335780516083157,4.86342229762324));
#2516=CARTESIAN_POINT('Ctrl Pts',(4.00069479095065,0.418456230059325,4.85771419904418));
#2517=CARTESIAN_POINT('Ctrl Pts',(8.24390405196592,0.500986351003508,4.84989747646062));
#2518=CARTESIAN_POINT('Ctrl Pts',(12.4741119701884,0.583263596747077,4.83998229095001));
#2519=CARTESIAN_POINT('',(11.493049028203,0.00624100801542599,4.34562103029727));
#2520=CARTESIAN_POINT('Origin',(-17.5051161275944,-0.499923847578196,-5.03252014708462E-17));
#2521=CARTESIAN_POINT('Ctrl Pts',(11.4930490282029,0.0062410080154727,4.34562103029727));
#2522=CARTESIAN_POINT('Ctrl Pts',(11.5374908618732,0.00701674310771443,
4.34553067553683));
#2523=CARTESIAN_POINT('Ctrl Pts',(11.581931309332,0.00779245400354444,4.34544011303652));
#2524=CARTESIAN_POINT('Ctrl Pts',(11.6263703641924,0.00856814059148003,
4.34534934280689));
#2525=CARTESIAN_POINT('Origin',(0.00213226781052103,-0.194333690121969,
-0.5));
#2526=CARTESIAN_POINT('',(0.00319823933842546,-0.194315083519738,0.5));
#2527=CARTESIAN_POINT('Ctrl Pts',(-0.25000000013041,0.335780516083157,-4.86342229762324));
#2528=CARTESIAN_POINT('Ctrl Pts',(4.00053802112223,0.418453180897216,-4.8577144095645));
#2529=CARTESIAN_POINT('Ctrl Pts',(8.24359106461897,0.500980263421678,-4.84989805306828));
#2530=CARTESIAN_POINT('Ctrl Pts',(12.4736439273785,0.583254493347426,-4.83998338798699));
#2531=CARTESIAN_POINT('Ctrl Pts',(-0.248634041241348,0.257896043520935,
-4.86879959920048));
#2532=CARTESIAN_POINT('Ctrl Pts',(4.001919769467,0.339853138245312,-4.86447523315837));
#2533=CARTESIAN_POINT('Ctrl Pts',(8.24498916192095,0.421700088970939,-4.85806949816324));
#2534=CARTESIAN_POINT('Ctrl Pts',(12.4750591808064,0.503335271090197,-4.84961425688668));
#2535=CARTESIAN_POINT('Ctrl Pts',(-0.245907351046272,0.0998549159210025,
-4.84230630055554));
#2536=CARTESIAN_POINT('Ctrl Pts',(4.00467783831072,0.179700176185017,-4.83999455524916));
#2537=CARTESIAN_POINT('Ctrl Pts',(8.2477795657705,0.259489730255177,-4.83568646742292));
#2538=CARTESIAN_POINT('Ctrl Pts',(12.4778836737136,0.339085316991979,-4.82940918248533));
#2539=CARTESIAN_POINT('Ctrl Pts',(-0.242148707485507,-0.126951791014892,
-4.67611532018252));
#2540=CARTESIAN_POINT('Ctrl Pts',(4.00845894817368,-0.0512066488083478,
-4.67418759904137));
#2541=CARTESIAN_POINT('Ctrl Pts',(8.25158457102758,0.0244212563918942,-4.67036612583568));
#2542=CARTESIAN_POINT('Ctrl Pts',(12.4817127287815,0.0998650725945266,-4.66465744646712));
#2543=CARTESIAN_POINT('Ctrl Pts',(-0.241132691519702,-0.198579895781838,
-4.4817324152709));
#2544=CARTESIAN_POINT('Ctrl Pts',(4.00944223697469,-0.124412993081335,-4.47783315496595));
#2545=CARTESIAN_POINT('Ctrl Pts',(8.25253171747493,-0.0502927130697541,
-4.47201275087816));
#2546=CARTESIAN_POINT('Ctrl Pts',(12.4826240774281,0.0235141047509942,-4.46433936860134));
#2547=CARTESIAN_POINT('Ctrl Pts',(-0.241273796911769,-0.198582358785618,
-4.36460975427727));
#2548=CARTESIAN_POINT('Ctrl Pts',(4.00926422434087,-0.124388941644796,-4.35948729063481));
#2549=CARTESIAN_POINT('Ctrl Pts',(8.25231726783761,-0.0503261752766889,
-4.35247261172794));
#2550=CARTESIAN_POINT('Ctrl Pts',(12.4823701305972,0.0235096720925718,-4.34357483537294));
#2551=CARTESIAN_POINT('',(11.493049028203,0.00624100801542599,-4.34562103029727));
#2552=CARTESIAN_POINT('Origin',(-17.5051161275944,-0.499923847578196,-5.03252014708462E-17));
#2553=CARTESIAN_POINT('Ctrl Pts',(11.493049028203,0.00624100801571523,-4.34562103029727));
#2554=CARTESIAN_POINT('Ctrl Pts',(11.537490861875,0.00701674310798033,-4.3455306755366));
#2555=CARTESIAN_POINT('Ctrl Pts',(11.5819313093355,0.00779245400383281,
-4.34544011303606));
#2556=CARTESIAN_POINT('Ctrl Pts',(11.6263703641977,0.00856814059178986,
-4.34534934280619));
#2557=CARTESIAN_POINT('Origin',(0.,-4.84929118531771,-0.5));
#2558=CARTESIAN_POINT('',(-0.0395474598032214,-0.195061212473658,-0.5));
#2559=CARTESIAN_POINT('Origin',(-44.3176087061256,3.82432294708109,0.));
#2560=CARTESIAN_POINT('Origin',(0.00213226781052103,-0.194333690121969,
-0.5));
#2561=CARTESIAN_POINT('Origin',(-1.,0.,0.));
#2562=CARTESIAN_POINT('Origin',(0.,0.,0.));
#2563=CARTESIAN_POINT('',(0.,2.05,-2.21151107842579));
#2564=CARTESIAN_POINT('Origin',(0.,2.05,-4.42302215685158));
#2565=CARTESIAN_POINT('Origin',(0.,0.05,0.5));
#2566=UNCERTAINTY_MEASURE_WITH_UNIT(LENGTH_MEASURE(0.01),#2570,
'DISTANCE_ACCURACY_VALUE',
'Maximum model space distance between geometric entities at asserted c
onnectivities');
#2567=UNCERTAINTY_MEASURE_WITH_UNIT(LENGTH_MEASURE(0.01),#2570,
'DISTANCE_ACCURACY_VALUE',
'Maximum model space distance between geometric entities at asserted c
onnectivities');
#2568=(
GEOMETRIC_REPRESENTATION_CONTEXT(3)
GLOBAL_UNCERTAINTY_ASSIGNED_CONTEXT((#2566))
GLOBAL_UNIT_ASSIGNED_CONTEXT((#2570,#2572,#2573))
REPRESENTATION_CONTEXT('','3D')
);
#2569=(
GEOMETRIC_REPRESENTATION_CONTEXT(3)
GLOBAL_UNCERTAINTY_ASSIGNED_CONTEXT((#2567))
GLOBAL_UNIT_ASSIGNED_CONTEXT((#2570,#2572,#2573))
REPRESENTATION_CONTEXT('','3D')
);
#2570=(
LENGTH_UNIT()
NAMED_UNIT(*)
SI_UNIT(.MILLI.,.METRE.)
);
#2571=(
LENGTH_UNIT()
NAMED_UNIT(*)
SI_UNIT($,.METRE.)
);
#2572=(
NAMED_UNIT(*)
PLANE_ANGLE_UNIT()
SI_UNIT($,.RADIAN.)
);
#2573=(
NAMED_UNIT(*)
SI_UNIT($,.STERADIAN.)
SOLID_ANGLE_UNIT()
);
#2574=SHAPE_DEFINITION_REPRESENTATION(#2575,#2576);
#2575=PRODUCT_DEFINITION_SHAPE('',$,#2578);
#2576=SHAPE_REPRESENTATION('',(#1058),#2568);
#2577=PRODUCT_DEFINITION_CONTEXT('part definition',#2582,'design');
#2578=PRODUCT_DEFINITION('Configuration 2','trigger_brake_rev_D v3',#2579,
#2577);
#2579=PRODUCT_DEFINITION_FORMATION('',$,#2584);
#2580=PRODUCT_RELATED_PRODUCT_CATEGORY('trigger_brake_rev_D v3',
'trigger_brake_rev_D v3',(#2584));
#2581=APPLICATION_PROTOCOL_DEFINITION('international standard',
'automotive_design',2009,#2582);
#2582=APPLICATION_CONTEXT(
'Core Data for Automotive Mechanical Design Process');
#2583=PRODUCT_CONTEXT('part definition',#2582,'mechanical');
#2584=PRODUCT('Configuration 2','trigger_brake_rev_D v3',$,(#2583));
#2585=PRESENTATION_STYLE_ASSIGNMENT((#2587));
#2586=PRESENTATION_STYLE_ASSIGNMENT((#2588));
#2587=SURFACE_STYLE_USAGE(.BOTH.,#2589);
#2588=SURFACE_STYLE_USAGE(.BOTH.,#2590);
#2589=SURFACE_SIDE_STYLE('',(#2591));
#2590=SURFACE_SIDE_STYLE('',(#2592));
#2591=SURFACE_STYLE_FILL_AREA(#2593);
#2592=SURFACE_STYLE_FILL_AREA(#2594);
#2593=FILL_AREA_STYLE('ABS (White)',(#2595));
#2594=FILL_AREA_STYLE('Plastic - Matte (Yellow)',(#2596));
#2595=FILL_AREA_STYLE_COLOUR('ABS (White)',#2597);
#2596=FILL_AREA_STYLE_COLOUR('Plastic - Matte (Yellow)',#2598);
#2597=COLOUR_RGB('ABS (White)',0.964705882352941,0.964705882352941,0.952941176470588);
#2598=COLOUR_RGB('Plastic - Matte (Yellow)',0.909803921568627,0.67843137254902,
0.137254901960784);
ENDSEC;
END-ISO-10303-21;
