ISO-10303-21;
HEADER;
/* Generated by software containing ST-Developer
 * from STEP Tools, Inc. (www.steptools.com) 
 */

FILE_DESCRIPTION(
/* description */ (''),
/* implementation_level */ '2;1');

FILE_NAME(
/* name */ 'STEP_distal_needle_cover_rev_D_v5.step',
/* time_stamp */ '2025-05-31T04:57:48-04:00',
/* author */ (''),
/* organization */ (''),
/* preprocessor_version */ 'ST-DEVELOPER v20.1',
/* originating_system */ 'Autodesk Translation Framework v14.10.0.0',
/* authorisation */ '');

FILE_SCHEMA (('AUTOMOTIVE_DESIGN { 1 0 10303 214 3 1 1 }'));
ENDSEC;

DATA;
#10=MECHANICAL_DESIGN_GEOMETRIC_PRESENTATION_REPRESENTATION('',(#13),#2632);
#11=SHAPE_REPRESENTATION_RELATIONSHIP('SRR','None',#2638,#12);
#12=ADVANCED_BREP_SHAPE_REPRESENTATION('',(#14),#2631);
#13=STYLED_ITEM('',(#2648),#14);
#14=MANIFOLD_SOLID_BREP('Body1',#1380);
#15=SPHERICAL_SURFACE('',#1504,0.499999999999999);
#16=SPHERICAL_SURFACE('',#1508,0.500000000000002);
#17=SPHERICAL_SURFACE('',#1512,0.500000000000001);
#18=SPHERICAL_SURFACE('',#1532,0.500000000000001);
#19=SPHERICAL_SURFACE('',#1537,0.499999999999999);
#20=SPHERICAL_SURFACE('',#1544,0.500000000000001);
#21=B_SPLINE_SURFACE_WITH_KNOTS('',3,3,((#2458,#2459,#2460,#2461,#2462),
(#2463,#2464,#2465,#2466,#2467),(#2468,#2469,#2470,#2471,#2472),(#2473,
#2474,#2475,#2476,#2477),(#2478,#2479,#2480,#2481,#2482)),.UNSPECIFIED.,
 .F.,.F.,.F.,(4,1,4),(4,1,4),(0.,0.5,1.),(0.,0.0673255144824414,0.157092867125697),
 .UNSPECIFIED.);
#22=B_SPLINE_SURFACE_WITH_KNOTS('',3,3,((#2571,#2572,#2573,#2574,#2575),
(#2576,#2577,#2578,#2579,#2580),(#2581,#2582,#2583,#2584,#2585),(#2586,
#2587,#2588,#2589,#2590),(#2591,#2592,#2593,#2594,#2595)),.UNSPECIFIED.,
 .F.,.F.,.F.,(4,1,4),(4,1,4),(0.,0.5,1.),(1.96722125841355E-16,0.0673255144824412,
0.157092867125696),.UNSPECIFIED.);
#23=FACE_BOUND('',#166,.T.);
#24=FACE_BOUND('',#167,.T.);
#25=FACE_BOUND('',#168,.T.);
#26=FACE_BOUND('',#171,.T.);
#27=FACE_BOUND('',#172,.T.);
#28=FACE_BOUND('',#173,.T.);
#29=FACE_BOUND('',#200,.T.);
#30=PLANE('',#1401);
#31=PLANE('',#1425);
#32=PLANE('',#1449);
#33=PLANE('',#1453);
#34=PLANE('',#1455);
#35=PLANE('',#1459);
#36=PLANE('',#1463);
#37=PLANE('',#1469);
#38=PLANE('',#1470);
#39=PLANE('',#1477);
#40=PLANE('',#1487);
#41=PLANE('',#1494);
#42=PLANE('',#1500);
#43=PLANE('',#1528);
#44=PLANE('',#1529);
#45=PLANE('',#1530);
#46=PLANE('',#1531);
#47=PLANE('',#1557);
#48=PLANE('',#1558);
#49=PLANE('',#1559);
#50=PLANE('',#1560);
#51=TOROIDAL_SURFACE('',#1395,11.,2.5);
#52=TOROIDAL_SURFACE('',#1420,9.,2.5);
#53=TOROIDAL_SURFACE('',#1474,1.,0.5);
#54=TOROIDAL_SURFACE('',#1482,1.,0.5);
#55=TOROIDAL_SURFACE('',#1490,1.,0.5);
#56=TOROIDAL_SURFACE('',#1497,1.,0.5);
#57=TOROIDAL_SURFACE('',#1517,12.6,0.5);
#58=TOROIDAL_SURFACE('',#1523,12.6,0.5);
#59=TOROIDAL_SURFACE('',#1541,12.6,0.5);
#60=TOROIDAL_SURFACE('',#1550,12.6,0.5);
#61=B_SPLINE_CURVE_WITH_KNOTS('',3,(#2026,#2027,#2028,#2029,#2030,#2031,
#2032,#2033,#2034,#2035),.UNSPECIFIED.,.F.,.F.,(4,2,2,2,4),(0.,0.0188345075105555,
0.037669015021111,0.0565087653875805,0.0753485157540501),.UNSPECIFIED.);
#62=B_SPLINE_CURVE_WITH_KNOTS('',3,(#2039,#2040,#2041,#2042,#2043,#2044,
#2045,#2046,#2047,#2048),.UNSPECIFIED.,.F.,.F.,(4,2,2,2,4),(0.226134061039283,
0.244973811405752,0.263813561772222,0.282648069282777,0.301482576793333),
 .UNSPECIFIED.);
#63=B_SPLINE_CURVE_WITH_KNOTS('',3,(#2052,#2053,#2054,#2055,#2056,#2057,
#2058,#2059,#2060,#2061),.UNSPECIFIED.,.F.,.F.,(4,2,2,2,4),(0.150741288396667,
0.169575795907222,0.188410303417778,0.207250053784247,0.226089804150717),
 .UNSPECIFIED.);
#64=B_SPLINE_CURVE_WITH_KNOTS('',3,(#2065,#2066,#2067,#2068,#2069,#2070,
#2071,#2072,#2073,#2074),.UNSPECIFIED.,.F.,.F.,(4,2,2,2,4),(0.0753927737377261,
0.0942325241041957,0.113072274470665,0.131906781981221,0.150741289491776),
 .UNSPECIFIED.);
#65=B_SPLINE_CURVE_WITH_KNOTS('',3,(#2078,#2079,#2080,#2081,#2082,#2083,
#2084,#2085,#2086,#2087),.UNSPECIFIED.,.F.,.F.,(4,2,2,2,4),(0.,0.0188345075105555,
0.0376690150211111,0.0565087653875806,0.0753485157540502),.UNSPECIFIED.);
#66=B_SPLINE_CURVE_WITH_KNOTS('',3,(#2091,#2092,#2093,#2094,#2095,#2096,
#2097,#2098,#2099,#2100),.UNSPECIFIED.,.F.,.F.,(4,2,2,2,4),(-0.0753485157540501,
-0.0565087653875805,-0.037669015021111,-0.0188345075105555,0.),
 .UNSPECIFIED.);
#67=B_SPLINE_CURVE_WITH_KNOTS('',3,(#2104,#2105,#2106,#2107,#2108,#2109,
#2110,#2111,#2112,#2113),.UNSPECIFIED.,.F.,.F.,(4,2,2,2,4),(0.,0.0188345075105555,
0.037669015021111,0.0565087653875805,0.0753485157540501),.UNSPECIFIED.);
#68=B_SPLINE_CURVE_WITH_KNOTS('',3,(#2117,#2118,#2119,#2120,#2121,#2122,
#2123,#2124,#2125,#2126),.UNSPECIFIED.,.F.,.F.,(4,2,2,2,4),(0.226134061039283,
0.244973811405752,0.263813561772222,0.282648069282777,0.301482576793333),
 .UNSPECIFIED.);
#69=B_SPLINE_CURVE_WITH_KNOTS('',3,(#2134,#2135,#2136,#2137,#2138,#2139,
#2140,#2141,#2142,#2143),.UNSPECIFIED.,.F.,.F.,(4,2,2,2,4),(0.,0.0188345075105555,
0.037669015021111,0.0565087653875805,0.07534851575405),.UNSPECIFIED.);
#70=B_SPLINE_CURVE_WITH_KNOTS('',3,(#2147,#2148,#2149,#2150,#2151,#2152,
#2153,#2154,#2155,#2156),.UNSPECIFIED.,.F.,.F.,(4,2,2,2,4),(-0.0753485157540501,
-0.0565087653875805,-0.0376690150211109,-0.0188345075105555,0.),
 .UNSPECIFIED.);
#71=B_SPLINE_CURVE_WITH_KNOTS('',3,(#2167,#2168,#2169,#2170,#2171,#2172,
#2173,#2174,#2175,#2176),.UNSPECIFIED.,.F.,.F.,(4,2,2,2,4),(0.150741288396666,
0.169575795907222,0.188410303417778,0.207250053784247,0.226089804150717),
 .UNSPECIFIED.);
#72=B_SPLINE_CURVE_WITH_KNOTS('',3,(#2180,#2181,#2182,#2183,#2184,#2185,
#2186,#2187,#2188,#2189),.UNSPECIFIED.,.F.,.F.,(4,2,2,2,4),(0.0753927737377261,
0.0942325241041957,0.113072274470665,0.131906781981221,0.150741289491776),
 .UNSPECIFIED.);
#73=B_SPLINE_CURVE_WITH_KNOTS('',3,(#2361,#2362,#2363,#2364,#2365,#2366,
#2367,#2368,#2369,#2370),.UNSPECIFIED.,.F.,.F.,(4,2,2,2,4),(0.359337899933316,
0.389351672492384,0.435659368051969,0.502766636462549,0.50310759525777),
 .UNSPECIFIED.);
#74=B_SPLINE_CURVE_WITH_KNOTS('',3,(#2388,#2389,#2390,#2391,#2392,#2393,
#2394,#2395,#2396,#2397),.UNSPECIFIED.,.F.,.F.,(4,2,2,2,4),(-0.000316227949911828,
0.,0.0622397340876511,0.105188589742981,0.133025370859841),
 .UNSPECIFIED.);
#75=B_SPLINE_CURVE_WITH_KNOTS('',3,(#2414,#2415,#2416,#2417,#2418,#2419,
#2420,#2421,#2422,#2423),.UNSPECIFIED.,.F.,.F.,(4,2,2,2,4),(-0.000316227897863467,
0.,0.0622397387006586,0.105188583193546,0.133025357075582),
 .UNSPECIFIED.);
#76=B_SPLINE_CURVE_WITH_KNOTS('',3,(#2442,#2443,#2444,#2445,#2446,#2447,
#2448,#2449,#2450,#2451),.UNSPECIFIED.,.F.,.F.,(4,2,2,2,4),(0.359337902702508,
0.389351675553265,0.435659371562895,0.502766639915971,0.503107598714712),
 .UNSPECIFIED.);
#77=B_SPLINE_CURVE_WITH_KNOTS('',3,(#2484,#2485,#2486,#2487,#2488),
 .UNSPECIFIED.,.F.,.F.,(4,1,4),(0.,0.0673255144824414,0.157092867125697),
 .UNSPECIFIED.);
#78=B_SPLINE_CURVE_WITH_KNOTS('',3,(#2491,#2492,#2493,#2494,#2495),
 .UNSPECIFIED.,.F.,.F.,(4,1,4),(-0.157092867125697,-0.0673255144824414,
0.),.UNSPECIFIED.);
#79=B_SPLINE_CURVE_WITH_KNOTS('',3,(#2597,#2598,#2599,#2600,#2601),
 .UNSPECIFIED.,.F.,.F.,(4,1,4),(1.96722125841355E-16,0.0673255144824412,
0.157092867125696),.UNSPECIFIED.);
#80=B_SPLINE_CURVE_WITH_KNOTS('',3,(#2604,#2605,#2606,#2607,#2608),
 .UNSPECIFIED.,.F.,.F.,(4,1,4),(-0.157092867125696,-0.0673255144824412,
-1.96722125841355E-16),.UNSPECIFIED.);
#81=FACE_OUTER_BOUND('',#161,.T.);
#82=FACE_OUTER_BOUND('',#162,.T.);
#83=FACE_OUTER_BOUND('',#163,.T.);
#84=FACE_OUTER_BOUND('',#164,.T.);
#85=FACE_OUTER_BOUND('',#165,.T.);
#86=FACE_OUTER_BOUND('',#169,.T.);
#87=FACE_OUTER_BOUND('',#170,.T.);
#88=FACE_OUTER_BOUND('',#174,.T.);
#89=FACE_OUTER_BOUND('',#175,.T.);
#90=FACE_OUTER_BOUND('',#176,.T.);
#91=FACE_OUTER_BOUND('',#177,.T.);
#92=FACE_OUTER_BOUND('',#178,.T.);
#93=FACE_OUTER_BOUND('',#179,.T.);
#94=FACE_OUTER_BOUND('',#180,.T.);
#95=FACE_OUTER_BOUND('',#181,.T.);
#96=FACE_OUTER_BOUND('',#182,.T.);
#97=FACE_OUTER_BOUND('',#183,.T.);
#98=FACE_OUTER_BOUND('',#184,.T.);
#99=FACE_OUTER_BOUND('',#185,.T.);
#100=FACE_OUTER_BOUND('',#186,.T.);
#101=FACE_OUTER_BOUND('',#187,.T.);
#102=FACE_OUTER_BOUND('',#188,.T.);
#103=FACE_OUTER_BOUND('',#189,.T.);
#104=FACE_OUTER_BOUND('',#190,.T.);
#105=FACE_OUTER_BOUND('',#191,.T.);
#106=FACE_OUTER_BOUND('',#192,.T.);
#107=FACE_OUTER_BOUND('',#193,.T.);
#108=FACE_OUTER_BOUND('',#194,.T.);
#109=FACE_OUTER_BOUND('',#195,.T.);
#110=FACE_OUTER_BOUND('',#196,.T.);
#111=FACE_OUTER_BOUND('',#197,.T.);
#112=FACE_OUTER_BOUND('',#198,.T.);
#113=FACE_OUTER_BOUND('',#199,.T.);
#114=FACE_OUTER_BOUND('',#201,.T.);
#115=FACE_OUTER_BOUND('',#202,.T.);
#116=FACE_OUTER_BOUND('',#203,.T.);
#117=FACE_OUTER_BOUND('',#204,.T.);
#118=FACE_OUTER_BOUND('',#205,.T.);
#119=FACE_OUTER_BOUND('',#206,.T.);
#120=FACE_OUTER_BOUND('',#207,.T.);
#121=FACE_OUTER_BOUND('',#208,.T.);
#122=FACE_OUTER_BOUND('',#209,.T.);
#123=FACE_OUTER_BOUND('',#210,.T.);
#124=FACE_OUTER_BOUND('',#211,.T.);
#125=FACE_OUTER_BOUND('',#212,.T.);
#126=FACE_OUTER_BOUND('',#213,.T.);
#127=FACE_OUTER_BOUND('',#214,.T.);
#128=FACE_OUTER_BOUND('',#215,.T.);
#129=FACE_OUTER_BOUND('',#216,.T.);
#130=FACE_OUTER_BOUND('',#217,.T.);
#131=FACE_OUTER_BOUND('',#218,.T.);
#132=FACE_OUTER_BOUND('',#219,.T.);
#133=FACE_OUTER_BOUND('',#220,.T.);
#134=FACE_OUTER_BOUND('',#221,.T.);
#135=FACE_OUTER_BOUND('',#222,.T.);
#136=FACE_OUTER_BOUND('',#223,.T.);
#137=FACE_OUTER_BOUND('',#224,.T.);
#138=FACE_OUTER_BOUND('',#225,.T.);
#139=FACE_OUTER_BOUND('',#226,.T.);
#140=FACE_OUTER_BOUND('',#227,.T.);
#141=FACE_OUTER_BOUND('',#228,.T.);
#142=FACE_OUTER_BOUND('',#229,.T.);
#143=FACE_OUTER_BOUND('',#230,.T.);
#144=FACE_OUTER_BOUND('',#231,.T.);
#145=FACE_OUTER_BOUND('',#232,.T.);
#146=FACE_OUTER_BOUND('',#233,.T.);
#147=FACE_OUTER_BOUND('',#234,.T.);
#148=FACE_OUTER_BOUND('',#235,.T.);
#149=FACE_OUTER_BOUND('',#236,.T.);
#150=FACE_OUTER_BOUND('',#237,.T.);
#151=FACE_OUTER_BOUND('',#238,.T.);
#152=FACE_OUTER_BOUND('',#239,.T.);
#153=FACE_OUTER_BOUND('',#240,.T.);
#154=FACE_OUTER_BOUND('',#241,.T.);
#155=FACE_OUTER_BOUND('',#242,.T.);
#156=FACE_OUTER_BOUND('',#243,.T.);
#157=FACE_OUTER_BOUND('',#244,.T.);
#158=FACE_OUTER_BOUND('',#245,.T.);
#159=FACE_OUTER_BOUND('',#246,.T.);
#160=FACE_OUTER_BOUND('',#247,.T.);
#161=EDGE_LOOP('',(#849,#850,#851,#852));
#162=EDGE_LOOP('',(#853,#854,#855,#856,#857,#858,#859,#860,#861,#862,#863,
#864,#865,#866,#867,#868,#869,#870,#871,#872,#873,#874,#875,#876,#877,#878,
#879));
#163=EDGE_LOOP('',(#880,#881,#882,#883,#884));
#164=EDGE_LOOP('',(#885,#886,#887,#888,#889,#890));
#165=EDGE_LOOP('',(#891));
#166=EDGE_LOOP('',(#892,#893,#894,#895,#896,#897,#898,#899));
#167=EDGE_LOOP('',(#900,#901,#902,#903,#904,#905,#906,#907));
#168=EDGE_LOOP('',(#908,#909,#910,#911,#912,#913,#914,#915));
#169=EDGE_LOOP('',(#916,#917,#918,#919,#920));
#170=EDGE_LOOP('',(#921));
#171=EDGE_LOOP('',(#922,#923,#924,#925,#926,#927,#928,#929));
#172=EDGE_LOOP('',(#930,#931,#932,#933,#934,#935,#936,#937));
#173=EDGE_LOOP('',(#938,#939,#940,#941,#942,#943,#944,#945));
#174=EDGE_LOOP('',(#946,#947,#948,#949,#950));
#175=EDGE_LOOP('',(#951,#952,#953,#954));
#176=EDGE_LOOP('',(#955,#956,#957,#958));
#177=EDGE_LOOP('',(#959,#960,#961,#962));
#178=EDGE_LOOP('',(#963,#964,#965,#966));
#179=EDGE_LOOP('',(#967,#968,#969,#970));
#180=EDGE_LOOP('',(#971,#972,#973,#974));
#181=EDGE_LOOP('',(#975,#976,#977,#978));
#182=EDGE_LOOP('',(#979,#980,#981,#982));
#183=EDGE_LOOP('',(#983,#984,#985,#986));
#184=EDGE_LOOP('',(#987,#988,#989,#990));
#185=EDGE_LOOP('',(#991,#992,#993,#994));
#186=EDGE_LOOP('',(#995,#996,#997,#998));
#187=EDGE_LOOP('',(#999,#1000,#1001,#1002));
#188=EDGE_LOOP('',(#1003,#1004,#1005,#1006));
#189=EDGE_LOOP('',(#1007,#1008,#1009,#1010));
#190=EDGE_LOOP('',(#1011,#1012,#1013,#1014));
#191=EDGE_LOOP('',(#1015,#1016,#1017,#1018));
#192=EDGE_LOOP('',(#1019,#1020,#1021,#1022));
#193=EDGE_LOOP('',(#1023,#1024,#1025,#1026));
#194=EDGE_LOOP('',(#1027,#1028,#1029,#1030));
#195=EDGE_LOOP('',(#1031,#1032,#1033,#1034));
#196=EDGE_LOOP('',(#1035,#1036,#1037,#1038));
#197=EDGE_LOOP('',(#1039,#1040,#1041,#1042));
#198=EDGE_LOOP('',(#1043,#1044,#1045,#1046));
#199=EDGE_LOOP('',(#1047));
#200=EDGE_LOOP('',(#1048));
#201=EDGE_LOOP('',(#1049,#1050,#1051,#1052));
#202=EDGE_LOOP('',(#1053,#1054,#1055,#1056));
#203=EDGE_LOOP('',(#1057,#1058,#1059,#1060,#1061,#1062));
#204=EDGE_LOOP('',(#1063,#1064,#1065,#1066));
#205=EDGE_LOOP('',(#1067,#1068,#1069,#1070));
#206=EDGE_LOOP('',(#1071,#1072,#1073,#1074));
#207=EDGE_LOOP('',(#1075,#1076,#1077,#1078));
#208=EDGE_LOOP('',(#1079,#1080,#1081,#1082));
#209=EDGE_LOOP('',(#1083,#1084,#1085,#1086));
#210=EDGE_LOOP('',(#1087,#1088,#1089,#1090));
#211=EDGE_LOOP('',(#1091,#1092,#1093,#1094));
#212=EDGE_LOOP('',(#1095,#1096,#1097,#1098));
#213=EDGE_LOOP('',(#1099,#1100,#1101,#1102));
#214=EDGE_LOOP('',(#1103,#1104,#1105,#1106,#1107,#1108,#1109,#1110));
#215=EDGE_LOOP('',(#1111,#1112,#1113,#1114));
#216=EDGE_LOOP('',(#1115,#1116,#1117));
#217=EDGE_LOOP('',(#1118,#1119,#1120));
#218=EDGE_LOOP('',(#1121,#1122,#1123));
#219=EDGE_LOOP('',(#1124,#1125,#1126,#1127));
#220=EDGE_LOOP('',(#1128,#1129,#1130,#1131,#1132));
#221=EDGE_LOOP('',(#1133,#1134,#1135,#1136));
#222=EDGE_LOOP('',(#1137,#1138,#1139,#1140));
#223=EDGE_LOOP('',(#1141,#1142,#1143,#1144));
#224=EDGE_LOOP('',(#1145,#1146,#1147,#1148,#1149));
#225=EDGE_LOOP('',(#1150,#1151,#1152,#1153));
#226=EDGE_LOOP('',(#1154,#1155,#1156,#1157));
#227=EDGE_LOOP('',(#1158,#1159,#1160,#1161));
#228=EDGE_LOOP('',(#1162,#1163,#1164,#1165,#1166));
#229=EDGE_LOOP('',(#1167,#1168,#1169,#1170));
#230=EDGE_LOOP('',(#1171,#1172,#1173,#1174,#1175));
#231=EDGE_LOOP('',(#1176,#1177,#1178));
#232=EDGE_LOOP('',(#1179,#1180,#1181,#1182));
#233=EDGE_LOOP('',(#1183,#1184,#1185));
#234=EDGE_LOOP('',(#1186,#1187,#1188,#1189));
#235=EDGE_LOOP('',(#1190,#1191,#1192));
#236=EDGE_LOOP('',(#1193,#1194,#1195,#1196));
#237=EDGE_LOOP('',(#1197,#1198,#1199,#1200));
#238=EDGE_LOOP('',(#1201,#1202,#1203,#1204));
#239=EDGE_LOOP('',(#1205,#1206,#1207,#1208));
#240=EDGE_LOOP('',(#1209,#1210,#1211,#1212));
#241=EDGE_LOOP('',(#1213,#1214,#1215,#1216));
#242=EDGE_LOOP('',(#1217,#1218,#1219,#1220));
#243=EDGE_LOOP('',(#1221,#1222,#1223,#1224));
#244=EDGE_LOOP('',(#1225,#1226,#1227,#1228));
#245=EDGE_LOOP('',(#1229,#1230,#1231,#1232));
#246=EDGE_LOOP('',(#1233,#1234,#1235,#1236));
#247=EDGE_LOOP('',(#1237,#1238,#1239,#1240,#1241,#1242,#1243,#1244,#1245,
#1246,#1247,#1248,#1249,#1250,#1251,#1252,#1253,#1254,#1255,#1256,#1257,
#1258));
#248=CIRCLE('',#1383,12.1);
#249=CIRCLE('',#1384,12.1);
#250=CIRCLE('',#1386,13.5);
#251=CIRCLE('',#1387,13.5);
#252=CIRCLE('',#1388,13.5);
#253=CIRCLE('',#1389,13.5);
#254=CIRCLE('',#1390,13.5);
#255=CIRCLE('',#1391,13.5);
#256=CIRCLE('',#1392,13.5);
#257=CIRCLE('',#1393,13.5);
#258=CIRCLE('',#1394,13.5);
#259=CIRCLE('',#1396,11.);
#260=CIRCLE('',#1397,2.5);
#261=CIRCLE('',#1399,13.5);
#262=CIRCLE('',#1400,13.5);
#263=CIRCLE('',#1402,4.625);
#264=CIRCLE('',#1403,1.);
#265=CIRCLE('',#1404,1.);
#266=CIRCLE('',#1405,7.125);
#267=CIRCLE('',#1406,1.);
#268=CIRCLE('',#1407,1.);
#269=CIRCLE('',#1408,7.125);
#270=CIRCLE('',#1409,1.);
#271=CIRCLE('',#1410,1.);
#272=CIRCLE('',#1411,4.625);
#273=CIRCLE('',#1412,1.);
#274=CIRCLE('',#1413,1.);
#275=CIRCLE('',#1414,1.);
#276=CIRCLE('',#1415,4.625);
#277=CIRCLE('',#1416,1.);
#278=CIRCLE('',#1417,1.);
#279=CIRCLE('',#1418,7.125);
#280=CIRCLE('',#1419,1.);
#281=CIRCLE('',#1421,9.);
#282=CIRCLE('',#1422,2.5);
#283=CIRCLE('',#1423,11.5);
#284=CIRCLE('',#1424,11.5);
#285=CIRCLE('',#1426,1.);
#286=CIRCLE('',#1427,7.125);
#287=CIRCLE('',#1428,1.);
#288=CIRCLE('',#1429,1.);
#289=CIRCLE('',#1430,4.625);
#290=CIRCLE('',#1431,1.);
#291=CIRCLE('',#1432,7.125);
#292=CIRCLE('',#1433,1.);
#293=CIRCLE('',#1434,1.);
#294=CIRCLE('',#1435,4.625);
#295=CIRCLE('',#1436,1.);
#296=CIRCLE('',#1437,1.);
#297=CIRCLE('',#1438,4.625);
#298=CIRCLE('',#1439,1.);
#299=CIRCLE('',#1440,1.);
#300=CIRCLE('',#1441,7.125);
#301=CIRCLE('',#1442,1.);
#302=CIRCLE('',#1443,1.);
#303=CIRCLE('',#1445,11.5);
#304=CIRCLE('',#1471,12.1);
#305=CIRCLE('',#1473,0.5);
#306=CIRCLE('',#1475,0.5);
#307=CIRCLE('',#1476,1.);
#308=CIRCLE('',#1478,1.);
#309=CIRCLE('',#1479,12.1);
#310=CIRCLE('',#1481,0.5);
#311=CIRCLE('',#1483,1.);
#312=CIRCLE('',#1484,0.5);
#313=CIRCLE('',#1486,0.500000000000003);
#314=CIRCLE('',#1489,0.5);
#315=CIRCLE('',#1491,0.5);
#316=CIRCLE('',#1493,0.499999999999999);
#317=CIRCLE('',#1496,0.5);
#318=CIRCLE('',#1498,0.5);
#319=CIRCLE('',#1499,1.);
#320=CIRCLE('',#1501,12.1);
#321=CIRCLE('',#1502,12.1);
#322=CIRCLE('',#1503,0.500000000000002);
#323=CIRCLE('',#1505,0.500000000000001);
#324=CIRCLE('',#1506,0.499999999999999);
#325=CIRCLE('',#1507,0.5);
#326=CIRCLE('',#1509,0.5);
#327=CIRCLE('',#1510,0.500000000000002);
#328=CIRCLE('',#1511,0.499999999999998);
#329=CIRCLE('',#1513,0.5);
#330=CIRCLE('',#1514,0.500000000000001);
#331=CIRCLE('',#1515,0.5);
#332=CIRCLE('',#1518,12.6);
#333=CIRCLE('',#1519,12.1);
#334=CIRCLE('',#1524,12.6);
#335=CIRCLE('',#1525,12.1);
#336=CIRCLE('',#1533,0.5);
#337=CIRCLE('',#1534,0.500000000000001);
#338=CIRCLE('',#1535,0.5);
#339=CIRCLE('',#1538,0.5);
#340=CIRCLE('',#1539,0.499999999999999);
#341=CIRCLE('',#1540,0.5);
#342=CIRCLE('',#1542,12.6);
#343=CIRCLE('',#1543,12.1);
#344=CIRCLE('',#1545,0.500000000000001);
#345=CIRCLE('',#1546,0.500000000000001);
#346=CIRCLE('',#1547,0.5);
#347=CIRCLE('',#1549,0.500000000000002);
#348=CIRCLE('',#1551,12.6);
#349=CIRCLE('',#1552,12.1);
#350=LINE('',#2011,#433);
#351=LINE('',#2015,#434);
#352=LINE('',#2022,#435);
#353=LINE('',#2037,#436);
#354=LINE('',#2063,#437);
#355=LINE('',#2089,#438);
#356=LINE('',#2115,#439);
#357=LINE('',#2130,#440);
#358=LINE('',#2145,#441);
#359=LINE('',#2178,#442);
#360=LINE('',#2198,#443);
#361=LINE('',#2206,#444);
#362=LINE('',#2214,#445);
#363=LINE('',#2222,#446);
#364=LINE('',#2226,#447);
#365=LINE('',#2234,#448);
#366=LINE('',#2251,#449);
#367=LINE('',#2259,#450);
#368=LINE('',#2271,#451);
#369=LINE('',#2279,#452);
#370=LINE('',#2287,#453);
#371=LINE('',#2295,#454);
#372=LINE('',#2299,#455);
#373=LINE('',#2302,#456);
#374=LINE('',#2303,#457);
#375=LINE('',#2305,#458);
#376=LINE('',#2307,#459);
#377=LINE('',#2309,#460);
#378=LINE('',#2311,#461);
#379=LINE('',#2312,#462);
#380=LINE('',#2314,#463);
#381=LINE('',#2316,#464);
#382=LINE('',#2318,#465);
#383=LINE('',#2320,#466);
#384=LINE('',#2321,#467);
#385=LINE('',#2323,#468);
#386=LINE('',#2325,#469);
#387=LINE('',#2327,#470);
#388=LINE('',#2329,#471);
#389=LINE('',#2331,#472);
#390=LINE('',#2333,#473);
#391=LINE('',#2336,#474);
#392=LINE('',#2337,#475);
#393=LINE('',#2340,#476);
#394=LINE('',#2343,#477);
#395=LINE('',#2345,#478);
#396=LINE('',#2347,#479);
#397=LINE('',#2356,#480);
#398=LINE('',#2357,#481);
#399=LINE('',#2375,#482);
#400=LINE('',#2383,#483);
#401=LINE('',#2384,#484);
#402=LINE('',#2402,#485);
#403=LINE('',#2405,#486);
#404=LINE('',#2407,#487);
#405=LINE('',#2411,#488);
#406=LINE('',#2427,#489);
#407=LINE('',#2430,#490);
#408=LINE('',#2432,#491);
#409=LINE('',#2437,#492);
#410=LINE('',#2438,#493);
#411=LINE('',#2516,#494);
#412=LINE('',#2517,#495);
#413=LINE('',#2522,#496);
#414=LINE('',#2523,#497);
#415=LINE('',#2525,#498);
#416=LINE('',#2527,#499);
#417=LINE('',#2528,#500);
#418=LINE('',#2533,#501);
#419=LINE('',#2534,#502);
#420=LINE('',#2536,#503);
#421=LINE('',#2549,#504);
#422=LINE('',#2550,#505);
#423=LINE('',#2569,#506);
#424=LINE('',#2570,#507);
#425=LINE('',#2613,#508);
#426=LINE('',#2615,#509);
#427=LINE('',#2616,#510);
#428=LINE('',#2618,#511);
#429=LINE('',#2619,#512);
#430=LINE('',#2621,#513);
#431=LINE('',#2622,#514);
#432=LINE('',#2628,#515);
#433=VECTOR('',#1566,12.1);
#434=VECTOR('',#1569,10.);
#435=VECTOR('',#1576,13.5);
#436=VECTOR('',#1579,10.);
#437=VECTOR('',#1582,10.);
#438=VECTOR('',#1585,10.);
#439=VECTOR('',#1588,10.);
#440=VECTOR('',#1591,13.5);
#441=VECTOR('',#1594,10.);
#442=VECTOR('',#1609,10.);
#443=VECTOR('',#1618,10.);
#444=VECTOR('',#1625,10.);
#445=VECTOR('',#1632,10.);
#446=VECTOR('',#1639,10.);
#447=VECTOR('',#1642,10.);
#448=VECTOR('',#1649,10.);
#449=VECTOR('',#1668,10.);
#450=VECTOR('',#1675,10.);
#451=VECTOR('',#1686,10.);
#452=VECTOR('',#1693,10.);
#453=VECTOR('',#1700,10.);
#454=VECTOR('',#1707,10.);
#455=VECTOR('',#1712,11.5);
#456=VECTOR('',#1717,10.);
#457=VECTOR('',#1718,10.);
#458=VECTOR('',#1721,10.);
#459=VECTOR('',#1724,10.);
#460=VECTOR('',#1727,10.);
#461=VECTOR('',#1730,10.);
#462=VECTOR('',#1731,10.);
#463=VECTOR('',#1734,10.);
#464=VECTOR('',#1737,10.);
#465=VECTOR('',#1740,10.);
#466=VECTOR('',#1743,10.);
#467=VECTOR('',#1744,10.);
#468=VECTOR('',#1747,10.);
#469=VECTOR('',#1750,10.);
#470=VECTOR('',#1753,10.);
#471=VECTOR('',#1756,10.);
#472=VECTOR('',#1759,10.);
#473=VECTOR('',#1762,10.);
#474=VECTOR('',#1767,10.);
#475=VECTOR('',#1768,10.);
#476=VECTOR('',#1773,10.);
#477=VECTOR('',#1778,10.);
#478=VECTOR('',#1781,10.);
#479=VECTOR('',#1784,10.);
#480=VECTOR('',#1795,10.);
#481=VECTOR('',#1796,10.);
#482=VECTOR('',#1805,10.);
#483=VECTOR('',#1814,10.);
#484=VECTOR('',#1815,10.);
#485=VECTOR('',#1824,10.);
#486=VECTOR('',#1827,10.);
#487=VECTOR('',#1830,10.);
#488=VECTOR('',#1835,10.);
#489=VECTOR('',#1842,10.);
#490=VECTOR('',#1845,10.);
#491=VECTOR('',#1848,10.);
#492=VECTOR('',#1853,10.);
#493=VECTOR('',#1854,10.);
#494=VECTOR('',#1895,10.);
#495=VECTOR('',#1896,10.);
#496=VECTOR('',#1905,10.);
#497=VECTOR('',#1906,10.);
#498=VECTOR('',#1909,10.);
#499=VECTOR('',#1912,10.);
#500=VECTOR('',#1913,10.);
#501=VECTOR('',#1922,10.);
#502=VECTOR('',#1923,10.);
#503=VECTOR('',#1926,10.);
#504=VECTOR('',#1945,10.);
#505=VECTOR('',#1946,10.);
#506=VECTOR('',#1971,10.);
#507=VECTOR('',#1972,10.);
#508=VECTOR('',#1983,10.);
#509=VECTOR('',#1986,10.);
#510=VECTOR('',#1987,10.);
#511=VECTOR('',#1990,10.);
#512=VECTOR('',#1991,10.);
#513=VECTOR('',#1994,10.);
#514=VECTOR('',#1995,10.);
#515=VECTOR('',#2006,12.1);
#516=VERTEX_POINT('',#2009);
#517=VERTEX_POINT('',#2010);
#518=VERTEX_POINT('',#2012);
#519=VERTEX_POINT('',#2014);
#520=VERTEX_POINT('',#2018);
#521=VERTEX_POINT('',#2019);
#522=VERTEX_POINT('',#2021);
#523=VERTEX_POINT('',#2023);
#524=VERTEX_POINT('',#2025);
#525=VERTEX_POINT('',#2036);
#526=VERTEX_POINT('',#2038);
#527=VERTEX_POINT('',#2049);
#528=VERTEX_POINT('',#2051);
#529=VERTEX_POINT('',#2062);
#530=VERTEX_POINT('',#2064);
#531=VERTEX_POINT('',#2075);
#532=VERTEX_POINT('',#2077);
#533=VERTEX_POINT('',#2088);
#534=VERTEX_POINT('',#2090);
#535=VERTEX_POINT('',#2101);
#536=VERTEX_POINT('',#2103);
#537=VERTEX_POINT('',#2114);
#538=VERTEX_POINT('',#2116);
#539=VERTEX_POINT('',#2127);
#540=VERTEX_POINT('',#2129);
#541=VERTEX_POINT('',#2131);
#542=VERTEX_POINT('',#2133);
#543=VERTEX_POINT('',#2144);
#544=VERTEX_POINT('',#2146);
#545=VERTEX_POINT('',#2160);
#546=VERTEX_POINT('',#2164);
#547=VERTEX_POINT('',#2166);
#548=VERTEX_POINT('',#2177);
#549=VERTEX_POINT('',#2179);
#550=VERTEX_POINT('',#2192);
#551=VERTEX_POINT('',#2193);
#552=VERTEX_POINT('',#2195);
#553=VERTEX_POINT('',#2197);
#554=VERTEX_POINT('',#2199);
#555=VERTEX_POINT('',#2201);
#556=VERTEX_POINT('',#2203);
#557=VERTEX_POINT('',#2205);
#558=VERTEX_POINT('',#2208);
#559=VERTEX_POINT('',#2209);
#560=VERTEX_POINT('',#2211);
#561=VERTEX_POINT('',#2213);
#562=VERTEX_POINT('',#2215);
#563=VERTEX_POINT('',#2217);
#564=VERTEX_POINT('',#2219);
#565=VERTEX_POINT('',#2221);
#566=VERTEX_POINT('',#2224);
#567=VERTEX_POINT('',#2225);
#568=VERTEX_POINT('',#2227);
#569=VERTEX_POINT('',#2229);
#570=VERTEX_POINT('',#2231);
#571=VERTEX_POINT('',#2233);
#572=VERTEX_POINT('',#2235);
#573=VERTEX_POINT('',#2237);
#574=VERTEX_POINT('',#2241);
#575=VERTEX_POINT('',#2243);
#576=VERTEX_POINT('',#2245);
#577=VERTEX_POINT('',#2249);
#578=VERTEX_POINT('',#2250);
#579=VERTEX_POINT('',#2252);
#580=VERTEX_POINT('',#2254);
#581=VERTEX_POINT('',#2256);
#582=VERTEX_POINT('',#2258);
#583=VERTEX_POINT('',#2260);
#584=VERTEX_POINT('',#2262);
#585=VERTEX_POINT('',#2265);
#586=VERTEX_POINT('',#2266);
#587=VERTEX_POINT('',#2268);
#588=VERTEX_POINT('',#2270);
#589=VERTEX_POINT('',#2272);
#590=VERTEX_POINT('',#2274);
#591=VERTEX_POINT('',#2276);
#592=VERTEX_POINT('',#2278);
#593=VERTEX_POINT('',#2281);
#594=VERTEX_POINT('',#2282);
#595=VERTEX_POINT('',#2284);
#596=VERTEX_POINT('',#2286);
#597=VERTEX_POINT('',#2288);
#598=VERTEX_POINT('',#2290);
#599=VERTEX_POINT('',#2292);
#600=VERTEX_POINT('',#2294);
#601=VERTEX_POINT('',#2298);
#602=VERTEX_POINT('',#2350);
#603=VERTEX_POINT('',#2353);
#604=VERTEX_POINT('',#2354);
#605=VERTEX_POINT('',#2359);
#606=VERTEX_POINT('',#2360);
#607=VERTEX_POINT('',#2374);
#608=VERTEX_POINT('',#2376);
#609=VERTEX_POINT('',#2380);
#610=VERTEX_POINT('',#2381);
#611=VERTEX_POINT('',#2386);
#612=VERTEX_POINT('',#2387);
#613=VERTEX_POINT('',#2401);
#614=VERTEX_POINT('',#2403);
#615=VERTEX_POINT('',#2409);
#616=VERTEX_POINT('',#2413);
#617=VERTEX_POINT('',#2426);
#618=VERTEX_POINT('',#2428);
#619=VERTEX_POINT('',#2434);
#620=VERTEX_POINT('',#2435);
#621=VERTEX_POINT('',#2440);
#622=VERTEX_POINT('',#2441);
#623=VERTEX_POINT('',#2455);
#624=VERTEX_POINT('',#2483);
#625=VERTEX_POINT('',#2489);
#626=VERTEX_POINT('',#2497);
#627=VERTEX_POINT('',#2498);
#628=VERTEX_POINT('',#2503);
#629=VERTEX_POINT('',#2504);
#630=VERTEX_POINT('',#2509);
#631=VERTEX_POINT('',#2510);
#632=VERTEX_POINT('',#2512);
#633=VERTEX_POINT('',#2542);
#634=VERTEX_POINT('',#2543);
#635=VERTEX_POINT('',#2545);
#636=VERTEX_POINT('',#2552);
#637=VERTEX_POINT('',#2553);
#638=VERTEX_POINT('',#2555);
#639=VERTEX_POINT('',#2562);
#640=VERTEX_POINT('',#2563);
#641=VERTEX_POINT('',#2565);
#642=VERTEX_POINT('',#2596);
#643=VERTEX_POINT('',#2602);
#644=EDGE_CURVE('',#516,#517,#350,.T.);
#645=EDGE_CURVE('',#518,#516,#248,.T.);
#646=EDGE_CURVE('',#519,#518,#351,.T.);
#647=EDGE_CURVE('',#517,#519,#249,.T.);
#648=EDGE_CURVE('',#520,#521,#250,.T.);
#649=EDGE_CURVE('',#520,#522,#352,.T.);
#650=EDGE_CURVE('',#522,#523,#251,.T.);
#651=EDGE_CURVE('',#524,#523,#61,.T.);
#652=EDGE_CURVE('',#524,#525,#353,.T.);
#653=EDGE_CURVE('',#526,#525,#62,.T.);
#654=EDGE_CURVE('',#526,#527,#252,.T.);
#655=EDGE_CURVE('',#528,#527,#63,.T.);
#656=EDGE_CURVE('',#528,#529,#354,.T.);
#657=EDGE_CURVE('',#530,#529,#64,.T.);
#658=EDGE_CURVE('',#531,#530,#253,.T.);
#659=EDGE_CURVE('',#532,#531,#65,.T.);
#660=EDGE_CURVE('',#533,#532,#355,.T.);
#661=EDGE_CURVE('',#534,#533,#66,.T.);
#662=EDGE_CURVE('',#534,#535,#254,.T.);
#663=EDGE_CURVE('',#536,#535,#67,.T.);
#664=EDGE_CURVE('',#536,#537,#356,.T.);
#665=EDGE_CURVE('',#538,#537,#68,.T.);
#666=EDGE_CURVE('',#538,#539,#255,.T.);
#667=EDGE_CURVE('',#540,#539,#357,.T.);
#668=EDGE_CURVE('',#541,#540,#256,.T.);
#669=EDGE_CURVE('',#542,#541,#69,.T.);
#670=EDGE_CURVE('',#543,#542,#358,.T.);
#671=EDGE_CURVE('',#544,#543,#70,.T.);
#672=EDGE_CURVE('',#544,#522,#257,.T.);
#673=EDGE_CURVE('',#521,#520,#258,.T.);
#674=EDGE_CURVE('',#545,#545,#259,.T.);
#675=EDGE_CURVE('',#545,#521,#260,.T.);
#676=EDGE_CURVE('',#539,#546,#261,.T.);
#677=EDGE_CURVE('',#547,#546,#71,.T.);
#678=EDGE_CURVE('',#547,#548,#359,.T.);
#679=EDGE_CURVE('',#549,#548,#72,.T.);
#680=EDGE_CURVE('',#540,#549,#262,.T.);
#681=EDGE_CURVE('',#550,#551,#263,.T.);
#682=EDGE_CURVE('',#552,#551,#264,.T.);
#683=EDGE_CURVE('',#552,#553,#360,.T.);
#684=EDGE_CURVE('',#554,#553,#265,.T.);
#685=EDGE_CURVE('',#554,#555,#266,.T.);
#686=EDGE_CURVE('',#556,#555,#267,.T.);
#687=EDGE_CURVE('',#556,#557,#361,.T.);
#688=EDGE_CURVE('',#550,#557,#268,.T.);
#689=EDGE_CURVE('',#558,#559,#269,.T.);
#690=EDGE_CURVE('',#560,#559,#270,.T.);
#691=EDGE_CURVE('',#560,#561,#362,.T.);
#692=EDGE_CURVE('',#562,#561,#271,.T.);
#693=EDGE_CURVE('',#562,#563,#272,.T.);
#694=EDGE_CURVE('',#564,#563,#273,.T.);
#695=EDGE_CURVE('',#564,#565,#363,.T.);
#696=EDGE_CURVE('',#558,#565,#274,.T.);
#697=EDGE_CURVE('',#566,#567,#364,.T.);
#698=EDGE_CURVE('',#568,#567,#275,.T.);
#699=EDGE_CURVE('',#568,#569,#276,.T.);
#700=EDGE_CURVE('',#570,#569,#277,.T.);
#701=EDGE_CURVE('',#570,#571,#365,.T.);
#702=EDGE_CURVE('',#572,#571,#278,.T.);
#703=EDGE_CURVE('',#572,#573,#279,.T.);
#704=EDGE_CURVE('',#566,#573,#280,.T.);
#705=EDGE_CURVE('',#574,#574,#281,.T.);
#706=EDGE_CURVE('',#574,#575,#282,.T.);
#707=EDGE_CURVE('',#575,#576,#283,.T.);
#708=EDGE_CURVE('',#576,#575,#284,.T.);
#709=EDGE_CURVE('',#577,#578,#366,.T.);
#710=EDGE_CURVE('',#579,#578,#285,.T.);
#711=EDGE_CURVE('',#579,#580,#286,.T.);
#712=EDGE_CURVE('',#581,#580,#287,.T.);
#713=EDGE_CURVE('',#581,#582,#367,.T.);
#714=EDGE_CURVE('',#583,#582,#288,.T.);
#715=EDGE_CURVE('',#583,#584,#289,.T.);
#716=EDGE_CURVE('',#577,#584,#290,.T.);
#717=EDGE_CURVE('',#585,#586,#291,.T.);
#718=EDGE_CURVE('',#587,#586,#292,.T.);
#719=EDGE_CURVE('',#587,#588,#368,.T.);
#720=EDGE_CURVE('',#589,#588,#293,.T.);
#721=EDGE_CURVE('',#589,#590,#294,.T.);
#722=EDGE_CURVE('',#591,#590,#295,.T.);
#723=EDGE_CURVE('',#591,#592,#369,.T.);
#724=EDGE_CURVE('',#585,#592,#296,.T.);
#725=EDGE_CURVE('',#593,#594,#297,.T.);
#726=EDGE_CURVE('',#595,#594,#298,.T.);
#727=EDGE_CURVE('',#595,#596,#370,.T.);
#728=EDGE_CURVE('',#597,#596,#299,.T.);
#729=EDGE_CURVE('',#597,#598,#300,.T.);
#730=EDGE_CURVE('',#599,#598,#301,.T.);
#731=EDGE_CURVE('',#599,#600,#371,.T.);
#732=EDGE_CURVE('',#593,#600,#302,.T.);
#733=EDGE_CURVE('',#576,#601,#372,.T.);
#734=EDGE_CURVE('',#601,#601,#303,.T.);
#735=EDGE_CURVE('',#563,#589,#373,.T.);
#736=EDGE_CURVE('',#588,#564,#374,.T.);
#737=EDGE_CURVE('',#590,#562,#375,.T.);
#738=EDGE_CURVE('',#561,#591,#376,.T.);
#739=EDGE_CURVE('',#592,#560,#377,.T.);
#740=EDGE_CURVE('',#551,#593,#378,.T.);
#741=EDGE_CURVE('',#600,#552,#379,.T.);
#742=EDGE_CURVE('',#594,#550,#380,.T.);
#743=EDGE_CURVE('',#557,#595,#381,.T.);
#744=EDGE_CURVE('',#596,#556,#382,.T.);
#745=EDGE_CURVE('',#571,#581,#383,.T.);
#746=EDGE_CURVE('',#580,#572,#384,.T.);
#747=EDGE_CURVE('',#582,#570,#385,.T.);
#748=EDGE_CURVE('',#569,#583,#386,.T.);
#749=EDGE_CURVE('',#584,#568,#387,.T.);
#750=EDGE_CURVE('',#567,#577,#388,.T.);
#751=EDGE_CURVE('',#578,#566,#389,.T.);
#752=EDGE_CURVE('',#573,#579,#390,.T.);
#753=EDGE_CURVE('',#565,#587,#391,.T.);
#754=EDGE_CURVE('',#586,#558,#392,.T.);
#755=EDGE_CURVE('',#559,#585,#393,.T.);
#756=EDGE_CURVE('',#555,#597,#394,.T.);
#757=EDGE_CURVE('',#598,#554,#395,.T.);
#758=EDGE_CURVE('',#553,#599,#396,.T.);
#759=EDGE_CURVE('',#602,#602,#304,.T.);
#760=EDGE_CURVE('',#603,#604,#305,.T.);
#761=EDGE_CURVE('',#604,#536,#397,.T.);
#762=EDGE_CURVE('',#535,#603,#398,.T.);
#763=EDGE_CURVE('',#605,#606,#73,.T.);
#764=EDGE_CURVE('',#606,#604,#306,.T.);
#765=EDGE_CURVE('',#603,#605,#307,.T.);
#766=EDGE_CURVE('',#607,#534,#399,.T.);
#767=EDGE_CURVE('',#608,#607,#308,.T.);
#768=EDGE_CURVE('',#605,#608,#309,.T.);
#769=EDGE_CURVE('',#609,#610,#310,.T.);
#770=EDGE_CURVE('',#610,#544,#400,.T.);
#771=EDGE_CURVE('',#543,#609,#401,.T.);
#772=EDGE_CURVE('',#611,#612,#74,.T.);
#773=EDGE_CURVE('',#612,#610,#311,.T.);
#774=EDGE_CURVE('',#609,#611,#312,.T.);
#775=EDGE_CURVE('',#609,#613,#402,.T.);
#776=EDGE_CURVE('',#613,#614,#313,.T.);
#777=EDGE_CURVE('',#614,#611,#403,.T.);
#778=EDGE_CURVE('',#613,#542,#404,.T.);
#779=EDGE_CURVE('',#615,#607,#314,.T.);
#780=EDGE_CURVE('',#533,#615,#405,.T.);
#781=EDGE_CURVE('',#616,#608,#75,.T.);
#782=EDGE_CURVE('',#615,#616,#315,.T.);
#783=EDGE_CURVE('',#615,#617,#406,.T.);
#784=EDGE_CURVE('',#617,#618,#316,.T.);
#785=EDGE_CURVE('',#618,#616,#407,.T.);
#786=EDGE_CURVE('',#617,#532,#408,.T.);
#787=EDGE_CURVE('',#619,#620,#317,.T.);
#788=EDGE_CURVE('',#620,#524,#409,.T.);
#789=EDGE_CURVE('',#523,#619,#410,.T.);
#790=EDGE_CURVE('',#621,#622,#76,.T.);
#791=EDGE_CURVE('',#622,#620,#318,.T.);
#792=EDGE_CURVE('',#619,#621,#319,.T.);
#793=EDGE_CURVE('',#623,#612,#320,.T.);
#794=EDGE_CURVE('',#621,#623,#321,.T.);
#795=EDGE_CURVE('',#624,#613,#77,.F.);
#796=EDGE_CURVE('',#625,#624,#322,.T.);
#797=EDGE_CURVE('',#625,#614,#78,.T.);
#798=EDGE_CURVE('',#626,#627,#323,.F.);
#799=EDGE_CURVE('',#518,#626,#324,.F.);
#800=EDGE_CURVE('',#627,#518,#325,.F.);
#801=EDGE_CURVE('',#628,#629,#326,.F.);
#802=EDGE_CURVE('',#519,#628,#327,.F.);
#803=EDGE_CURVE('',#629,#519,#328,.F.);
#804=EDGE_CURVE('',#630,#631,#329,.F.);
#805=EDGE_CURVE('',#632,#630,#330,.F.);
#806=EDGE_CURVE('',#631,#632,#331,.F.);
#807=EDGE_CURVE('',#606,#632,#411,.T.);
#808=EDGE_CURVE('',#630,#604,#412,.T.);
#809=EDGE_CURVE('',#628,#631,#332,.T.);
#810=EDGE_CURVE('',#632,#517,#333,.T.);
#811=EDGE_CURVE('',#537,#630,#413,.T.);
#812=EDGE_CURVE('',#631,#538,#414,.T.);
#813=EDGE_CURVE('',#626,#629,#415,.T.);
#814=EDGE_CURVE('',#546,#628,#416,.T.);
#815=EDGE_CURVE('',#629,#547,#417,.T.);
#816=EDGE_CURVE('',#624,#627,#334,.T.);
#817=EDGE_CURVE('',#516,#625,#335,.T.);
#818=EDGE_CURVE('',#548,#626,#418,.T.);
#819=EDGE_CURVE('',#627,#549,#419,.T.);
#820=EDGE_CURVE('',#541,#624,#420,.T.);
#821=EDGE_CURVE('',#633,#634,#336,.F.);
#822=EDGE_CURVE('',#635,#633,#337,.F.);
#823=EDGE_CURVE('',#634,#635,#338,.F.);
#824=EDGE_CURVE('',#622,#635,#421,.T.);
#825=EDGE_CURVE('',#633,#620,#422,.T.);
#826=EDGE_CURVE('',#636,#637,#339,.F.);
#827=EDGE_CURVE('',#638,#636,#340,.F.);
#828=EDGE_CURVE('',#637,#638,#341,.F.);
#829=EDGE_CURVE('',#636,#634,#342,.T.);
#830=EDGE_CURVE('',#635,#638,#343,.T.);
#831=EDGE_CURVE('',#639,#640,#344,.F.);
#832=EDGE_CURVE('',#641,#639,#345,.F.);
#833=EDGE_CURVE('',#640,#641,#346,.F.);
#834=EDGE_CURVE('',#639,#637,#423,.T.);
#835=EDGE_CURVE('',#638,#641,#424,.T.);
#836=EDGE_CURVE('',#642,#617,#79,.F.);
#837=EDGE_CURVE('',#643,#642,#347,.T.);
#838=EDGE_CURVE('',#643,#618,#80,.T.);
#839=EDGE_CURVE('',#642,#640,#348,.T.);
#840=EDGE_CURVE('',#641,#643,#349,.T.);
#841=EDGE_CURVE('',#531,#642,#425,.T.);
#842=EDGE_CURVE('',#529,#639,#426,.T.);
#843=EDGE_CURVE('',#640,#530,#427,.T.);
#844=EDGE_CURVE('',#527,#636,#428,.T.);
#845=EDGE_CURVE('',#637,#528,#429,.T.);
#846=EDGE_CURVE('',#525,#633,#430,.T.);
#847=EDGE_CURVE('',#634,#526,#431,.T.);
#848=EDGE_CURVE('',#602,#623,#432,.T.);
#849=ORIENTED_EDGE('',*,*,#644,.F.);
#850=ORIENTED_EDGE('',*,*,#645,.F.);
#851=ORIENTED_EDGE('',*,*,#646,.F.);
#852=ORIENTED_EDGE('',*,*,#647,.F.);
#853=ORIENTED_EDGE('',*,*,#648,.F.);
#854=ORIENTED_EDGE('',*,*,#649,.T.);
#855=ORIENTED_EDGE('',*,*,#650,.T.);
#856=ORIENTED_EDGE('',*,*,#651,.F.);
#857=ORIENTED_EDGE('',*,*,#652,.T.);
#858=ORIENTED_EDGE('',*,*,#653,.F.);
#859=ORIENTED_EDGE('',*,*,#654,.T.);
#860=ORIENTED_EDGE('',*,*,#655,.F.);
#861=ORIENTED_EDGE('',*,*,#656,.T.);
#862=ORIENTED_EDGE('',*,*,#657,.F.);
#863=ORIENTED_EDGE('',*,*,#658,.F.);
#864=ORIENTED_EDGE('',*,*,#659,.F.);
#865=ORIENTED_EDGE('',*,*,#660,.F.);
#866=ORIENTED_EDGE('',*,*,#661,.F.);
#867=ORIENTED_EDGE('',*,*,#662,.T.);
#868=ORIENTED_EDGE('',*,*,#663,.F.);
#869=ORIENTED_EDGE('',*,*,#664,.T.);
#870=ORIENTED_EDGE('',*,*,#665,.F.);
#871=ORIENTED_EDGE('',*,*,#666,.T.);
#872=ORIENTED_EDGE('',*,*,#667,.F.);
#873=ORIENTED_EDGE('',*,*,#668,.F.);
#874=ORIENTED_EDGE('',*,*,#669,.F.);
#875=ORIENTED_EDGE('',*,*,#670,.F.);
#876=ORIENTED_EDGE('',*,*,#671,.F.);
#877=ORIENTED_EDGE('',*,*,#672,.T.);
#878=ORIENTED_EDGE('',*,*,#649,.F.);
#879=ORIENTED_EDGE('',*,*,#673,.F.);
#880=ORIENTED_EDGE('',*,*,#674,.T.);
#881=ORIENTED_EDGE('',*,*,#675,.T.);
#882=ORIENTED_EDGE('',*,*,#673,.T.);
#883=ORIENTED_EDGE('',*,*,#648,.T.);
#884=ORIENTED_EDGE('',*,*,#675,.F.);
#885=ORIENTED_EDGE('',*,*,#667,.T.);
#886=ORIENTED_EDGE('',*,*,#676,.T.);
#887=ORIENTED_EDGE('',*,*,#677,.F.);
#888=ORIENTED_EDGE('',*,*,#678,.T.);
#889=ORIENTED_EDGE('',*,*,#679,.F.);
#890=ORIENTED_EDGE('',*,*,#680,.F.);
#891=ORIENTED_EDGE('',*,*,#674,.F.);
#892=ORIENTED_EDGE('',*,*,#681,.T.);
#893=ORIENTED_EDGE('',*,*,#682,.F.);
#894=ORIENTED_EDGE('',*,*,#683,.T.);
#895=ORIENTED_EDGE('',*,*,#684,.F.);
#896=ORIENTED_EDGE('',*,*,#685,.T.);
#897=ORIENTED_EDGE('',*,*,#686,.F.);
#898=ORIENTED_EDGE('',*,*,#687,.T.);
#899=ORIENTED_EDGE('',*,*,#688,.F.);
#900=ORIENTED_EDGE('',*,*,#689,.T.);
#901=ORIENTED_EDGE('',*,*,#690,.F.);
#902=ORIENTED_EDGE('',*,*,#691,.T.);
#903=ORIENTED_EDGE('',*,*,#692,.F.);
#904=ORIENTED_EDGE('',*,*,#693,.T.);
#905=ORIENTED_EDGE('',*,*,#694,.F.);
#906=ORIENTED_EDGE('',*,*,#695,.T.);
#907=ORIENTED_EDGE('',*,*,#696,.F.);
#908=ORIENTED_EDGE('',*,*,#697,.T.);
#909=ORIENTED_EDGE('',*,*,#698,.F.);
#910=ORIENTED_EDGE('',*,*,#699,.T.);
#911=ORIENTED_EDGE('',*,*,#700,.F.);
#912=ORIENTED_EDGE('',*,*,#701,.T.);
#913=ORIENTED_EDGE('',*,*,#702,.F.);
#914=ORIENTED_EDGE('',*,*,#703,.T.);
#915=ORIENTED_EDGE('',*,*,#704,.F.);
#916=ORIENTED_EDGE('',*,*,#705,.T.);
#917=ORIENTED_EDGE('',*,*,#706,.T.);
#918=ORIENTED_EDGE('',*,*,#707,.T.);
#919=ORIENTED_EDGE('',*,*,#708,.T.);
#920=ORIENTED_EDGE('',*,*,#706,.F.);
#921=ORIENTED_EDGE('',*,*,#705,.F.);
#922=ORIENTED_EDGE('',*,*,#709,.T.);
#923=ORIENTED_EDGE('',*,*,#710,.F.);
#924=ORIENTED_EDGE('',*,*,#711,.T.);
#925=ORIENTED_EDGE('',*,*,#712,.F.);
#926=ORIENTED_EDGE('',*,*,#713,.T.);
#927=ORIENTED_EDGE('',*,*,#714,.F.);
#928=ORIENTED_EDGE('',*,*,#715,.T.);
#929=ORIENTED_EDGE('',*,*,#716,.F.);
#930=ORIENTED_EDGE('',*,*,#717,.T.);
#931=ORIENTED_EDGE('',*,*,#718,.F.);
#932=ORIENTED_EDGE('',*,*,#719,.T.);
#933=ORIENTED_EDGE('',*,*,#720,.F.);
#934=ORIENTED_EDGE('',*,*,#721,.T.);
#935=ORIENTED_EDGE('',*,*,#722,.F.);
#936=ORIENTED_EDGE('',*,*,#723,.T.);
#937=ORIENTED_EDGE('',*,*,#724,.F.);
#938=ORIENTED_EDGE('',*,*,#725,.T.);
#939=ORIENTED_EDGE('',*,*,#726,.F.);
#940=ORIENTED_EDGE('',*,*,#727,.T.);
#941=ORIENTED_EDGE('',*,*,#728,.F.);
#942=ORIENTED_EDGE('',*,*,#729,.T.);
#943=ORIENTED_EDGE('',*,*,#730,.F.);
#944=ORIENTED_EDGE('',*,*,#731,.T.);
#945=ORIENTED_EDGE('',*,*,#732,.F.);
#946=ORIENTED_EDGE('',*,*,#707,.F.);
#947=ORIENTED_EDGE('',*,*,#708,.F.);
#948=ORIENTED_EDGE('',*,*,#733,.T.);
#949=ORIENTED_EDGE('',*,*,#734,.F.);
#950=ORIENTED_EDGE('',*,*,#733,.F.);
#951=ORIENTED_EDGE('',*,*,#694,.T.);
#952=ORIENTED_EDGE('',*,*,#735,.T.);
#953=ORIENTED_EDGE('',*,*,#720,.T.);
#954=ORIENTED_EDGE('',*,*,#736,.T.);
#955=ORIENTED_EDGE('',*,*,#735,.F.);
#956=ORIENTED_EDGE('',*,*,#693,.F.);
#957=ORIENTED_EDGE('',*,*,#737,.F.);
#958=ORIENTED_EDGE('',*,*,#721,.F.);
#959=ORIENTED_EDGE('',*,*,#692,.T.);
#960=ORIENTED_EDGE('',*,*,#738,.T.);
#961=ORIENTED_EDGE('',*,*,#722,.T.);
#962=ORIENTED_EDGE('',*,*,#737,.T.);
#963=ORIENTED_EDGE('',*,*,#738,.F.);
#964=ORIENTED_EDGE('',*,*,#691,.F.);
#965=ORIENTED_EDGE('',*,*,#739,.F.);
#966=ORIENTED_EDGE('',*,*,#723,.F.);
#967=ORIENTED_EDGE('',*,*,#682,.T.);
#968=ORIENTED_EDGE('',*,*,#740,.T.);
#969=ORIENTED_EDGE('',*,*,#732,.T.);
#970=ORIENTED_EDGE('',*,*,#741,.T.);
#971=ORIENTED_EDGE('',*,*,#740,.F.);
#972=ORIENTED_EDGE('',*,*,#681,.F.);
#973=ORIENTED_EDGE('',*,*,#742,.F.);
#974=ORIENTED_EDGE('',*,*,#725,.F.);
#975=ORIENTED_EDGE('',*,*,#688,.T.);
#976=ORIENTED_EDGE('',*,*,#743,.T.);
#977=ORIENTED_EDGE('',*,*,#726,.T.);
#978=ORIENTED_EDGE('',*,*,#742,.T.);
#979=ORIENTED_EDGE('',*,*,#743,.F.);
#980=ORIENTED_EDGE('',*,*,#687,.F.);
#981=ORIENTED_EDGE('',*,*,#744,.F.);
#982=ORIENTED_EDGE('',*,*,#727,.F.);
#983=ORIENTED_EDGE('',*,*,#702,.T.);
#984=ORIENTED_EDGE('',*,*,#745,.T.);
#985=ORIENTED_EDGE('',*,*,#712,.T.);
#986=ORIENTED_EDGE('',*,*,#746,.T.);
#987=ORIENTED_EDGE('',*,*,#745,.F.);
#988=ORIENTED_EDGE('',*,*,#701,.F.);
#989=ORIENTED_EDGE('',*,*,#747,.F.);
#990=ORIENTED_EDGE('',*,*,#713,.F.);
#991=ORIENTED_EDGE('',*,*,#700,.T.);
#992=ORIENTED_EDGE('',*,*,#748,.T.);
#993=ORIENTED_EDGE('',*,*,#714,.T.);
#994=ORIENTED_EDGE('',*,*,#747,.T.);
#995=ORIENTED_EDGE('',*,*,#748,.F.);
#996=ORIENTED_EDGE('',*,*,#699,.F.);
#997=ORIENTED_EDGE('',*,*,#749,.F.);
#998=ORIENTED_EDGE('',*,*,#715,.F.);
#999=ORIENTED_EDGE('',*,*,#698,.T.);
#1000=ORIENTED_EDGE('',*,*,#750,.T.);
#1001=ORIENTED_EDGE('',*,*,#716,.T.);
#1002=ORIENTED_EDGE('',*,*,#749,.T.);
#1003=ORIENTED_EDGE('',*,*,#750,.F.);
#1004=ORIENTED_EDGE('',*,*,#697,.F.);
#1005=ORIENTED_EDGE('',*,*,#751,.F.);
#1006=ORIENTED_EDGE('',*,*,#709,.F.);
#1007=ORIENTED_EDGE('',*,*,#704,.T.);
#1008=ORIENTED_EDGE('',*,*,#752,.T.);
#1009=ORIENTED_EDGE('',*,*,#710,.T.);
#1010=ORIENTED_EDGE('',*,*,#751,.T.);
#1011=ORIENTED_EDGE('',*,*,#746,.F.);
#1012=ORIENTED_EDGE('',*,*,#711,.F.);
#1013=ORIENTED_EDGE('',*,*,#752,.F.);
#1014=ORIENTED_EDGE('',*,*,#703,.F.);
#1015=ORIENTED_EDGE('',*,*,#696,.T.);
#1016=ORIENTED_EDGE('',*,*,#753,.T.);
#1017=ORIENTED_EDGE('',*,*,#718,.T.);
#1018=ORIENTED_EDGE('',*,*,#754,.T.);
#1019=ORIENTED_EDGE('',*,*,#736,.F.);
#1020=ORIENTED_EDGE('',*,*,#719,.F.);
#1021=ORIENTED_EDGE('',*,*,#753,.F.);
#1022=ORIENTED_EDGE('',*,*,#695,.F.);
#1023=ORIENTED_EDGE('',*,*,#690,.T.);
#1024=ORIENTED_EDGE('',*,*,#755,.T.);
#1025=ORIENTED_EDGE('',*,*,#724,.T.);
#1026=ORIENTED_EDGE('',*,*,#739,.T.);
#1027=ORIENTED_EDGE('',*,*,#754,.F.);
#1028=ORIENTED_EDGE('',*,*,#717,.F.);
#1029=ORIENTED_EDGE('',*,*,#755,.F.);
#1030=ORIENTED_EDGE('',*,*,#689,.F.);
#1031=ORIENTED_EDGE('',*,*,#686,.T.);
#1032=ORIENTED_EDGE('',*,*,#756,.T.);
#1033=ORIENTED_EDGE('',*,*,#728,.T.);
#1034=ORIENTED_EDGE('',*,*,#744,.T.);
#1035=ORIENTED_EDGE('',*,*,#756,.F.);
#1036=ORIENTED_EDGE('',*,*,#685,.F.);
#1037=ORIENTED_EDGE('',*,*,#757,.F.);
#1038=ORIENTED_EDGE('',*,*,#729,.F.);
#1039=ORIENTED_EDGE('',*,*,#684,.T.);
#1040=ORIENTED_EDGE('',*,*,#758,.T.);
#1041=ORIENTED_EDGE('',*,*,#730,.T.);
#1042=ORIENTED_EDGE('',*,*,#757,.T.);
#1043=ORIENTED_EDGE('',*,*,#741,.F.);
#1044=ORIENTED_EDGE('',*,*,#731,.F.);
#1045=ORIENTED_EDGE('',*,*,#758,.F.);
#1046=ORIENTED_EDGE('',*,*,#683,.F.);
#1047=ORIENTED_EDGE('',*,*,#759,.F.);
#1048=ORIENTED_EDGE('',*,*,#734,.T.);
#1049=ORIENTED_EDGE('',*,*,#760,.T.);
#1050=ORIENTED_EDGE('',*,*,#761,.T.);
#1051=ORIENTED_EDGE('',*,*,#663,.T.);
#1052=ORIENTED_EDGE('',*,*,#762,.T.);
#1053=ORIENTED_EDGE('',*,*,#763,.T.);
#1054=ORIENTED_EDGE('',*,*,#764,.T.);
#1055=ORIENTED_EDGE('',*,*,#760,.F.);
#1056=ORIENTED_EDGE('',*,*,#765,.T.);
#1057=ORIENTED_EDGE('',*,*,#765,.F.);
#1058=ORIENTED_EDGE('',*,*,#762,.F.);
#1059=ORIENTED_EDGE('',*,*,#662,.F.);
#1060=ORIENTED_EDGE('',*,*,#766,.F.);
#1061=ORIENTED_EDGE('',*,*,#767,.F.);
#1062=ORIENTED_EDGE('',*,*,#768,.F.);
#1063=ORIENTED_EDGE('',*,*,#769,.T.);
#1064=ORIENTED_EDGE('',*,*,#770,.T.);
#1065=ORIENTED_EDGE('',*,*,#671,.T.);
#1066=ORIENTED_EDGE('',*,*,#771,.T.);
#1067=ORIENTED_EDGE('',*,*,#772,.T.);
#1068=ORIENTED_EDGE('',*,*,#773,.T.);
#1069=ORIENTED_EDGE('',*,*,#769,.F.);
#1070=ORIENTED_EDGE('',*,*,#774,.T.);
#1071=ORIENTED_EDGE('',*,*,#774,.F.);
#1072=ORIENTED_EDGE('',*,*,#775,.T.);
#1073=ORIENTED_EDGE('',*,*,#776,.T.);
#1074=ORIENTED_EDGE('',*,*,#777,.T.);
#1075=ORIENTED_EDGE('',*,*,#771,.F.);
#1076=ORIENTED_EDGE('',*,*,#670,.T.);
#1077=ORIENTED_EDGE('',*,*,#778,.F.);
#1078=ORIENTED_EDGE('',*,*,#775,.F.);
#1079=ORIENTED_EDGE('',*,*,#779,.T.);
#1080=ORIENTED_EDGE('',*,*,#766,.T.);
#1081=ORIENTED_EDGE('',*,*,#661,.T.);
#1082=ORIENTED_EDGE('',*,*,#780,.T.);
#1083=ORIENTED_EDGE('',*,*,#781,.T.);
#1084=ORIENTED_EDGE('',*,*,#767,.T.);
#1085=ORIENTED_EDGE('',*,*,#779,.F.);
#1086=ORIENTED_EDGE('',*,*,#782,.T.);
#1087=ORIENTED_EDGE('',*,*,#782,.F.);
#1088=ORIENTED_EDGE('',*,*,#783,.T.);
#1089=ORIENTED_EDGE('',*,*,#784,.T.);
#1090=ORIENTED_EDGE('',*,*,#785,.T.);
#1091=ORIENTED_EDGE('',*,*,#780,.F.);
#1092=ORIENTED_EDGE('',*,*,#660,.T.);
#1093=ORIENTED_EDGE('',*,*,#786,.F.);
#1094=ORIENTED_EDGE('',*,*,#783,.F.);
#1095=ORIENTED_EDGE('',*,*,#787,.T.);
#1096=ORIENTED_EDGE('',*,*,#788,.T.);
#1097=ORIENTED_EDGE('',*,*,#651,.T.);
#1098=ORIENTED_EDGE('',*,*,#789,.T.);
#1099=ORIENTED_EDGE('',*,*,#790,.T.);
#1100=ORIENTED_EDGE('',*,*,#791,.T.);
#1101=ORIENTED_EDGE('',*,*,#787,.F.);
#1102=ORIENTED_EDGE('',*,*,#792,.T.);
#1103=ORIENTED_EDGE('',*,*,#773,.F.);
#1104=ORIENTED_EDGE('',*,*,#793,.F.);
#1105=ORIENTED_EDGE('',*,*,#794,.F.);
#1106=ORIENTED_EDGE('',*,*,#792,.F.);
#1107=ORIENTED_EDGE('',*,*,#789,.F.);
#1108=ORIENTED_EDGE('',*,*,#650,.F.);
#1109=ORIENTED_EDGE('',*,*,#672,.F.);
#1110=ORIENTED_EDGE('',*,*,#770,.F.);
#1111=ORIENTED_EDGE('',*,*,#795,.F.);
#1112=ORIENTED_EDGE('',*,*,#796,.F.);
#1113=ORIENTED_EDGE('',*,*,#797,.T.);
#1114=ORIENTED_EDGE('',*,*,#776,.F.);
#1115=ORIENTED_EDGE('',*,*,#798,.F.);
#1116=ORIENTED_EDGE('',*,*,#799,.F.);
#1117=ORIENTED_EDGE('',*,*,#800,.F.);
#1118=ORIENTED_EDGE('',*,*,#801,.F.);
#1119=ORIENTED_EDGE('',*,*,#802,.F.);
#1120=ORIENTED_EDGE('',*,*,#803,.F.);
#1121=ORIENTED_EDGE('',*,*,#804,.F.);
#1122=ORIENTED_EDGE('',*,*,#805,.F.);
#1123=ORIENTED_EDGE('',*,*,#806,.F.);
#1124=ORIENTED_EDGE('',*,*,#764,.F.);
#1125=ORIENTED_EDGE('',*,*,#807,.T.);
#1126=ORIENTED_EDGE('',*,*,#805,.T.);
#1127=ORIENTED_EDGE('',*,*,#808,.T.);
#1128=ORIENTED_EDGE('',*,*,#802,.T.);
#1129=ORIENTED_EDGE('',*,*,#809,.T.);
#1130=ORIENTED_EDGE('',*,*,#806,.T.);
#1131=ORIENTED_EDGE('',*,*,#810,.T.);
#1132=ORIENTED_EDGE('',*,*,#647,.T.);
#1133=ORIENTED_EDGE('',*,*,#665,.T.);
#1134=ORIENTED_EDGE('',*,*,#811,.T.);
#1135=ORIENTED_EDGE('',*,*,#804,.T.);
#1136=ORIENTED_EDGE('',*,*,#812,.T.);
#1137=ORIENTED_EDGE('',*,*,#799,.T.);
#1138=ORIENTED_EDGE('',*,*,#813,.T.);
#1139=ORIENTED_EDGE('',*,*,#803,.T.);
#1140=ORIENTED_EDGE('',*,*,#646,.T.);
#1141=ORIENTED_EDGE('',*,*,#677,.T.);
#1142=ORIENTED_EDGE('',*,*,#814,.T.);
#1143=ORIENTED_EDGE('',*,*,#801,.T.);
#1144=ORIENTED_EDGE('',*,*,#815,.T.);
#1145=ORIENTED_EDGE('',*,*,#796,.T.);
#1146=ORIENTED_EDGE('',*,*,#816,.T.);
#1147=ORIENTED_EDGE('',*,*,#800,.T.);
#1148=ORIENTED_EDGE('',*,*,#645,.T.);
#1149=ORIENTED_EDGE('',*,*,#817,.T.);
#1150=ORIENTED_EDGE('',*,*,#679,.T.);
#1151=ORIENTED_EDGE('',*,*,#818,.T.);
#1152=ORIENTED_EDGE('',*,*,#798,.T.);
#1153=ORIENTED_EDGE('',*,*,#819,.T.);
#1154=ORIENTED_EDGE('',*,*,#669,.T.);
#1155=ORIENTED_EDGE('',*,*,#820,.T.);
#1156=ORIENTED_EDGE('',*,*,#795,.T.);
#1157=ORIENTED_EDGE('',*,*,#778,.T.);
#1158=ORIENTED_EDGE('',*,*,#761,.F.);
#1159=ORIENTED_EDGE('',*,*,#808,.F.);
#1160=ORIENTED_EDGE('',*,*,#811,.F.);
#1161=ORIENTED_EDGE('',*,*,#664,.F.);
#1162=ORIENTED_EDGE('',*,*,#812,.F.);
#1163=ORIENTED_EDGE('',*,*,#809,.F.);
#1164=ORIENTED_EDGE('',*,*,#814,.F.);
#1165=ORIENTED_EDGE('',*,*,#676,.F.);
#1166=ORIENTED_EDGE('',*,*,#666,.F.);
#1167=ORIENTED_EDGE('',*,*,#815,.F.);
#1168=ORIENTED_EDGE('',*,*,#813,.F.);
#1169=ORIENTED_EDGE('',*,*,#818,.F.);
#1170=ORIENTED_EDGE('',*,*,#678,.F.);
#1171=ORIENTED_EDGE('',*,*,#819,.F.);
#1172=ORIENTED_EDGE('',*,*,#816,.F.);
#1173=ORIENTED_EDGE('',*,*,#820,.F.);
#1174=ORIENTED_EDGE('',*,*,#668,.T.);
#1175=ORIENTED_EDGE('',*,*,#680,.T.);
#1176=ORIENTED_EDGE('',*,*,#821,.F.);
#1177=ORIENTED_EDGE('',*,*,#822,.F.);
#1178=ORIENTED_EDGE('',*,*,#823,.F.);
#1179=ORIENTED_EDGE('',*,*,#791,.F.);
#1180=ORIENTED_EDGE('',*,*,#824,.T.);
#1181=ORIENTED_EDGE('',*,*,#822,.T.);
#1182=ORIENTED_EDGE('',*,*,#825,.T.);
#1183=ORIENTED_EDGE('',*,*,#826,.F.);
#1184=ORIENTED_EDGE('',*,*,#827,.F.);
#1185=ORIENTED_EDGE('',*,*,#828,.F.);
#1186=ORIENTED_EDGE('',*,*,#827,.T.);
#1187=ORIENTED_EDGE('',*,*,#829,.T.);
#1188=ORIENTED_EDGE('',*,*,#823,.T.);
#1189=ORIENTED_EDGE('',*,*,#830,.T.);
#1190=ORIENTED_EDGE('',*,*,#831,.F.);
#1191=ORIENTED_EDGE('',*,*,#832,.F.);
#1192=ORIENTED_EDGE('',*,*,#833,.F.);
#1193=ORIENTED_EDGE('',*,*,#832,.T.);
#1194=ORIENTED_EDGE('',*,*,#834,.T.);
#1195=ORIENTED_EDGE('',*,*,#828,.T.);
#1196=ORIENTED_EDGE('',*,*,#835,.T.);
#1197=ORIENTED_EDGE('',*,*,#836,.F.);
#1198=ORIENTED_EDGE('',*,*,#837,.F.);
#1199=ORIENTED_EDGE('',*,*,#838,.T.);
#1200=ORIENTED_EDGE('',*,*,#784,.F.);
#1201=ORIENTED_EDGE('',*,*,#837,.T.);
#1202=ORIENTED_EDGE('',*,*,#839,.T.);
#1203=ORIENTED_EDGE('',*,*,#833,.T.);
#1204=ORIENTED_EDGE('',*,*,#840,.T.);
#1205=ORIENTED_EDGE('',*,*,#659,.T.);
#1206=ORIENTED_EDGE('',*,*,#841,.T.);
#1207=ORIENTED_EDGE('',*,*,#836,.T.);
#1208=ORIENTED_EDGE('',*,*,#786,.T.);
#1209=ORIENTED_EDGE('',*,*,#657,.T.);
#1210=ORIENTED_EDGE('',*,*,#842,.T.);
#1211=ORIENTED_EDGE('',*,*,#831,.T.);
#1212=ORIENTED_EDGE('',*,*,#843,.T.);
#1213=ORIENTED_EDGE('',*,*,#655,.T.);
#1214=ORIENTED_EDGE('',*,*,#844,.T.);
#1215=ORIENTED_EDGE('',*,*,#826,.T.);
#1216=ORIENTED_EDGE('',*,*,#845,.T.);
#1217=ORIENTED_EDGE('',*,*,#653,.T.);
#1218=ORIENTED_EDGE('',*,*,#846,.T.);
#1219=ORIENTED_EDGE('',*,*,#821,.T.);
#1220=ORIENTED_EDGE('',*,*,#847,.T.);
#1221=ORIENTED_EDGE('',*,*,#788,.F.);
#1222=ORIENTED_EDGE('',*,*,#825,.F.);
#1223=ORIENTED_EDGE('',*,*,#846,.F.);
#1224=ORIENTED_EDGE('',*,*,#652,.F.);
#1225=ORIENTED_EDGE('',*,*,#847,.F.);
#1226=ORIENTED_EDGE('',*,*,#829,.F.);
#1227=ORIENTED_EDGE('',*,*,#844,.F.);
#1228=ORIENTED_EDGE('',*,*,#654,.F.);
#1229=ORIENTED_EDGE('',*,*,#845,.F.);
#1230=ORIENTED_EDGE('',*,*,#834,.F.);
#1231=ORIENTED_EDGE('',*,*,#842,.F.);
#1232=ORIENTED_EDGE('',*,*,#656,.F.);
#1233=ORIENTED_EDGE('',*,*,#843,.F.);
#1234=ORIENTED_EDGE('',*,*,#839,.F.);
#1235=ORIENTED_EDGE('',*,*,#841,.F.);
#1236=ORIENTED_EDGE('',*,*,#658,.T.);
#1237=ORIENTED_EDGE('',*,*,#759,.T.);
#1238=ORIENTED_EDGE('',*,*,#848,.T.);
#1239=ORIENTED_EDGE('',*,*,#793,.T.);
#1240=ORIENTED_EDGE('',*,*,#772,.F.);
#1241=ORIENTED_EDGE('',*,*,#777,.F.);
#1242=ORIENTED_EDGE('',*,*,#797,.F.);
#1243=ORIENTED_EDGE('',*,*,#817,.F.);
#1244=ORIENTED_EDGE('',*,*,#644,.T.);
#1245=ORIENTED_EDGE('',*,*,#810,.F.);
#1246=ORIENTED_EDGE('',*,*,#807,.F.);
#1247=ORIENTED_EDGE('',*,*,#763,.F.);
#1248=ORIENTED_EDGE('',*,*,#768,.T.);
#1249=ORIENTED_EDGE('',*,*,#781,.F.);
#1250=ORIENTED_EDGE('',*,*,#785,.F.);
#1251=ORIENTED_EDGE('',*,*,#838,.F.);
#1252=ORIENTED_EDGE('',*,*,#840,.F.);
#1253=ORIENTED_EDGE('',*,*,#835,.F.);
#1254=ORIENTED_EDGE('',*,*,#830,.F.);
#1255=ORIENTED_EDGE('',*,*,#824,.F.);
#1256=ORIENTED_EDGE('',*,*,#790,.F.);
#1257=ORIENTED_EDGE('',*,*,#794,.T.);
#1258=ORIENTED_EDGE('',*,*,#848,.F.);
#1259=CYLINDRICAL_SURFACE('',#1382,12.1);
#1260=CYLINDRICAL_SURFACE('',#1385,13.5);
#1261=CYLINDRICAL_SURFACE('',#1398,13.5);
#1262=CYLINDRICAL_SURFACE('',#1444,11.5);
#1263=CYLINDRICAL_SURFACE('',#1446,1.);
#1264=CYLINDRICAL_SURFACE('',#1447,4.625);
#1265=CYLINDRICAL_SURFACE('',#1448,1.);
#1266=CYLINDRICAL_SURFACE('',#1450,1.);
#1267=CYLINDRICAL_SURFACE('',#1451,4.625);
#1268=CYLINDRICAL_SURFACE('',#1452,1.);
#1269=CYLINDRICAL_SURFACE('',#1454,1.);
#1270=CYLINDRICAL_SURFACE('',#1456,1.);
#1271=CYLINDRICAL_SURFACE('',#1457,4.625);
#1272=CYLINDRICAL_SURFACE('',#1458,1.);
#1273=CYLINDRICAL_SURFACE('',#1460,1.);
#1274=CYLINDRICAL_SURFACE('',#1461,7.125);
#1275=CYLINDRICAL_SURFACE('',#1462,1.);
#1276=CYLINDRICAL_SURFACE('',#1464,1.);
#1277=CYLINDRICAL_SURFACE('',#1465,7.125);
#1278=CYLINDRICAL_SURFACE('',#1466,1.);
#1279=CYLINDRICAL_SURFACE('',#1467,7.125);
#1280=CYLINDRICAL_SURFACE('',#1468,1.);
#1281=CYLINDRICAL_SURFACE('',#1472,0.5);
#1282=CYLINDRICAL_SURFACE('',#1480,0.5);
#1283=CYLINDRICAL_SURFACE('',#1485,0.5);
#1284=CYLINDRICAL_SURFACE('',#1488,0.5);
#1285=CYLINDRICAL_SURFACE('',#1492,0.5);
#1286=CYLINDRICAL_SURFACE('',#1495,0.5);
#1287=CYLINDRICAL_SURFACE('',#1516,0.5);
#1288=CYLINDRICAL_SURFACE('',#1520,0.5);
#1289=CYLINDRICAL_SURFACE('',#1521,0.5);
#1290=CYLINDRICAL_SURFACE('',#1522,0.5);
#1291=CYLINDRICAL_SURFACE('',#1526,0.5);
#1292=CYLINDRICAL_SURFACE('',#1527,0.5);
#1293=CYLINDRICAL_SURFACE('',#1536,0.5);
#1294=CYLINDRICAL_SURFACE('',#1548,0.5);
#1295=CYLINDRICAL_SURFACE('',#1553,0.5);
#1296=CYLINDRICAL_SURFACE('',#1554,0.5);
#1297=CYLINDRICAL_SURFACE('',#1555,0.5);
#1298=CYLINDRICAL_SURFACE('',#1556,0.5);
#1299=CYLINDRICAL_SURFACE('',#1561,12.1);
#1300=ADVANCED_FACE('',(#81),#1259,.F.);
#1301=ADVANCED_FACE('',(#82),#1260,.T.);
#1302=ADVANCED_FACE('',(#83),#51,.T.);
#1303=ADVANCED_FACE('',(#84),#1261,.T.);
#1304=ADVANCED_FACE('',(#85,#23,#24,#25),#30,.T.);
#1305=ADVANCED_FACE('',(#86),#52,.F.);
#1306=ADVANCED_FACE('',(#87,#26,#27,#28),#31,.F.);
#1307=ADVANCED_FACE('',(#88),#1262,.F.);
#1308=ADVANCED_FACE('',(#89),#1263,.F.);
#1309=ADVANCED_FACE('',(#90),#1264,.T.);
#1310=ADVANCED_FACE('',(#91),#1265,.F.);
#1311=ADVANCED_FACE('',(#92),#32,.T.);
#1312=ADVANCED_FACE('',(#93),#1266,.F.);
#1313=ADVANCED_FACE('',(#94),#1267,.T.);
#1314=ADVANCED_FACE('',(#95),#1268,.F.);
#1315=ADVANCED_FACE('',(#96),#33,.T.);
#1316=ADVANCED_FACE('',(#97),#1269,.F.);
#1317=ADVANCED_FACE('',(#98),#34,.T.);
#1318=ADVANCED_FACE('',(#99),#1270,.F.);
#1319=ADVANCED_FACE('',(#100),#1271,.T.);
#1320=ADVANCED_FACE('',(#101),#1272,.F.);
#1321=ADVANCED_FACE('',(#102),#35,.T.);
#1322=ADVANCED_FACE('',(#103),#1273,.F.);
#1323=ADVANCED_FACE('',(#104),#1274,.F.);
#1324=ADVANCED_FACE('',(#105),#1275,.F.);
#1325=ADVANCED_FACE('',(#106),#36,.T.);
#1326=ADVANCED_FACE('',(#107),#1276,.F.);
#1327=ADVANCED_FACE('',(#108),#1277,.F.);
#1328=ADVANCED_FACE('',(#109),#1278,.F.);
#1329=ADVANCED_FACE('',(#110),#1279,.F.);
#1330=ADVANCED_FACE('',(#111),#1280,.F.);
#1331=ADVANCED_FACE('',(#112),#37,.T.);
#1332=ADVANCED_FACE('',(#113,#29),#38,.T.);
#1333=ADVANCED_FACE('',(#114),#1281,.F.);
#1334=ADVANCED_FACE('',(#115),#53,.F.);
#1335=ADVANCED_FACE('',(#116),#39,.F.);
#1336=ADVANCED_FACE('',(#117),#1282,.F.);
#1337=ADVANCED_FACE('',(#118),#54,.F.);
#1338=ADVANCED_FACE('',(#119),#1283,.T.);
#1339=ADVANCED_FACE('',(#120),#40,.T.);
#1340=ADVANCED_FACE('',(#121),#1284,.F.);
#1341=ADVANCED_FACE('',(#122),#55,.F.);
#1342=ADVANCED_FACE('',(#123),#1285,.T.);
#1343=ADVANCED_FACE('',(#124),#41,.T.);
#1344=ADVANCED_FACE('',(#125),#1286,.F.);
#1345=ADVANCED_FACE('',(#126),#56,.F.);
#1346=ADVANCED_FACE('',(#127),#42,.F.);
#1347=ADVANCED_FACE('',(#128),#21,.F.);
#1348=ADVANCED_FACE('',(#129),#15,.T.);
#1349=ADVANCED_FACE('',(#130),#16,.T.);
#1350=ADVANCED_FACE('',(#131),#17,.T.);
#1351=ADVANCED_FACE('',(#132),#1287,.T.);
#1352=ADVANCED_FACE('',(#133),#57,.T.);
#1353=ADVANCED_FACE('',(#134),#1288,.T.);
#1354=ADVANCED_FACE('',(#135),#1289,.T.);
#1355=ADVANCED_FACE('',(#136),#1290,.T.);
#1356=ADVANCED_FACE('',(#137),#58,.T.);
#1357=ADVANCED_FACE('',(#138),#1291,.T.);
#1358=ADVANCED_FACE('',(#139),#1292,.F.);
#1359=ADVANCED_FACE('',(#140),#43,.T.);
#1360=ADVANCED_FACE('',(#141),#44,.F.);
#1361=ADVANCED_FACE('',(#142),#45,.T.);
#1362=ADVANCED_FACE('',(#143),#46,.F.);
#1363=ADVANCED_FACE('',(#144),#18,.T.);
#1364=ADVANCED_FACE('',(#145),#1293,.T.);
#1365=ADVANCED_FACE('',(#146),#19,.T.);
#1366=ADVANCED_FACE('',(#147),#59,.T.);
#1367=ADVANCED_FACE('',(#148),#20,.T.);
#1368=ADVANCED_FACE('',(#149),#1294,.T.);
#1369=ADVANCED_FACE('',(#150),#22,.F.);
#1370=ADVANCED_FACE('',(#151),#60,.T.);
#1371=ADVANCED_FACE('',(#152),#1295,.F.);
#1372=ADVANCED_FACE('',(#153),#1296,.T.);
#1373=ADVANCED_FACE('',(#154),#1297,.T.);
#1374=ADVANCED_FACE('',(#155),#1298,.T.);
#1375=ADVANCED_FACE('',(#156),#47,.T.);
#1376=ADVANCED_FACE('',(#157),#48,.F.);
#1377=ADVANCED_FACE('',(#158),#49,.T.);
#1378=ADVANCED_FACE('',(#159),#50,.F.);
#1379=ADVANCED_FACE('',(#160),#1299,.F.);
#1380=CLOSED_SHELL('',(#1300,#1301,#1302,#1303,#1304,#1305,#1306,#1307,
#1308,#1309,#1310,#1311,#1312,#1313,#1314,#1315,#1316,#1317,#1318,#1319,
#1320,#1321,#1322,#1323,#1324,#1325,#1326,#1327,#1328,#1329,#1330,#1331,
#1332,#1333,#1334,#1335,#1336,#1337,#1338,#1339,#1340,#1341,#1342,#1343,
#1344,#1345,#1346,#1347,#1348,#1349,#1350,#1351,#1352,#1353,#1354,#1355,
#1356,#1357,#1358,#1359,#1360,#1361,#1362,#1363,#1364,#1365,#1366,#1367,
#1368,#1369,#1370,#1371,#1372,#1373,#1374,#1375,#1376,#1377,#1378,#1379));
#1381=AXIS2_PLACEMENT_3D('',#2007,#1562,#1563);
#1382=AXIS2_PLACEMENT_3D('',#2008,#1564,#1565);
#1383=AXIS2_PLACEMENT_3D('',#2013,#1567,#1568);
#1384=AXIS2_PLACEMENT_3D('',#2016,#1570,#1571);
#1385=AXIS2_PLACEMENT_3D('',#2017,#1572,#1573);
#1386=AXIS2_PLACEMENT_3D('',#2020,#1574,#1575);
#1387=AXIS2_PLACEMENT_3D('',#2024,#1577,#1578);
#1388=AXIS2_PLACEMENT_3D('',#2050,#1580,#1581);
#1389=AXIS2_PLACEMENT_3D('',#2076,#1583,#1584);
#1390=AXIS2_PLACEMENT_3D('',#2102,#1586,#1587);
#1391=AXIS2_PLACEMENT_3D('',#2128,#1589,#1590);
#1392=AXIS2_PLACEMENT_3D('',#2132,#1592,#1593);
#1393=AXIS2_PLACEMENT_3D('',#2157,#1595,#1596);
#1394=AXIS2_PLACEMENT_3D('',#2158,#1597,#1598);
#1395=AXIS2_PLACEMENT_3D('',#2159,#1599,#1600);
#1396=AXIS2_PLACEMENT_3D('',#2161,#1601,#1602);
#1397=AXIS2_PLACEMENT_3D('',#2162,#1603,#1604);
#1398=AXIS2_PLACEMENT_3D('',#2163,#1605,#1606);
#1399=AXIS2_PLACEMENT_3D('',#2165,#1607,#1608);
#1400=AXIS2_PLACEMENT_3D('',#2190,#1610,#1611);
#1401=AXIS2_PLACEMENT_3D('',#2191,#1612,#1613);
#1402=AXIS2_PLACEMENT_3D('',#2194,#1614,#1615);
#1403=AXIS2_PLACEMENT_3D('',#2196,#1616,#1617);
#1404=AXIS2_PLACEMENT_3D('',#2200,#1619,#1620);
#1405=AXIS2_PLACEMENT_3D('',#2202,#1621,#1622);
#1406=AXIS2_PLACEMENT_3D('',#2204,#1623,#1624);
#1407=AXIS2_PLACEMENT_3D('',#2207,#1626,#1627);
#1408=AXIS2_PLACEMENT_3D('',#2210,#1628,#1629);
#1409=AXIS2_PLACEMENT_3D('',#2212,#1630,#1631);
#1410=AXIS2_PLACEMENT_3D('',#2216,#1633,#1634);
#1411=AXIS2_PLACEMENT_3D('',#2218,#1635,#1636);
#1412=AXIS2_PLACEMENT_3D('',#2220,#1637,#1638);
#1413=AXIS2_PLACEMENT_3D('',#2223,#1640,#1641);
#1414=AXIS2_PLACEMENT_3D('',#2228,#1643,#1644);
#1415=AXIS2_PLACEMENT_3D('',#2230,#1645,#1646);
#1416=AXIS2_PLACEMENT_3D('',#2232,#1647,#1648);
#1417=AXIS2_PLACEMENT_3D('',#2236,#1650,#1651);
#1418=AXIS2_PLACEMENT_3D('',#2238,#1652,#1653);
#1419=AXIS2_PLACEMENT_3D('',#2239,#1654,#1655);
#1420=AXIS2_PLACEMENT_3D('',#2240,#1656,#1657);
#1421=AXIS2_PLACEMENT_3D('',#2242,#1658,#1659);
#1422=AXIS2_PLACEMENT_3D('',#2244,#1660,#1661);
#1423=AXIS2_PLACEMENT_3D('',#2246,#1662,#1663);
#1424=AXIS2_PLACEMENT_3D('',#2247,#1664,#1665);
#1425=AXIS2_PLACEMENT_3D('',#2248,#1666,#1667);
#1426=AXIS2_PLACEMENT_3D('',#2253,#1669,#1670);
#1427=AXIS2_PLACEMENT_3D('',#2255,#1671,#1672);
#1428=AXIS2_PLACEMENT_3D('',#2257,#1673,#1674);
#1429=AXIS2_PLACEMENT_3D('',#2261,#1676,#1677);
#1430=AXIS2_PLACEMENT_3D('',#2263,#1678,#1679);
#1431=AXIS2_PLACEMENT_3D('',#2264,#1680,#1681);
#1432=AXIS2_PLACEMENT_3D('',#2267,#1682,#1683);
#1433=AXIS2_PLACEMENT_3D('',#2269,#1684,#1685);
#1434=AXIS2_PLACEMENT_3D('',#2273,#1687,#1688);
#1435=AXIS2_PLACEMENT_3D('',#2275,#1689,#1690);
#1436=AXIS2_PLACEMENT_3D('',#2277,#1691,#1692);
#1437=AXIS2_PLACEMENT_3D('',#2280,#1694,#1695);
#1438=AXIS2_PLACEMENT_3D('',#2283,#1696,#1697);
#1439=AXIS2_PLACEMENT_3D('',#2285,#1698,#1699);
#1440=AXIS2_PLACEMENT_3D('',#2289,#1701,#1702);
#1441=AXIS2_PLACEMENT_3D('',#2291,#1703,#1704);
#1442=AXIS2_PLACEMENT_3D('',#2293,#1705,#1706);
#1443=AXIS2_PLACEMENT_3D('',#2296,#1708,#1709);
#1444=AXIS2_PLACEMENT_3D('',#2297,#1710,#1711);
#1445=AXIS2_PLACEMENT_3D('',#2300,#1713,#1714);
#1446=AXIS2_PLACEMENT_3D('',#2301,#1715,#1716);
#1447=AXIS2_PLACEMENT_3D('',#2304,#1719,#1720);
#1448=AXIS2_PLACEMENT_3D('',#2306,#1722,#1723);
#1449=AXIS2_PLACEMENT_3D('',#2308,#1725,#1726);
#1450=AXIS2_PLACEMENT_3D('',#2310,#1728,#1729);
#1451=AXIS2_PLACEMENT_3D('',#2313,#1732,#1733);
#1452=AXIS2_PLACEMENT_3D('',#2315,#1735,#1736);
#1453=AXIS2_PLACEMENT_3D('',#2317,#1738,#1739);
#1454=AXIS2_PLACEMENT_3D('',#2319,#1741,#1742);
#1455=AXIS2_PLACEMENT_3D('',#2322,#1745,#1746);
#1456=AXIS2_PLACEMENT_3D('',#2324,#1748,#1749);
#1457=AXIS2_PLACEMENT_3D('',#2326,#1751,#1752);
#1458=AXIS2_PLACEMENT_3D('',#2328,#1754,#1755);
#1459=AXIS2_PLACEMENT_3D('',#2330,#1757,#1758);
#1460=AXIS2_PLACEMENT_3D('',#2332,#1760,#1761);
#1461=AXIS2_PLACEMENT_3D('',#2334,#1763,#1764);
#1462=AXIS2_PLACEMENT_3D('',#2335,#1765,#1766);
#1463=AXIS2_PLACEMENT_3D('',#2338,#1769,#1770);
#1464=AXIS2_PLACEMENT_3D('',#2339,#1771,#1772);
#1465=AXIS2_PLACEMENT_3D('',#2341,#1774,#1775);
#1466=AXIS2_PLACEMENT_3D('',#2342,#1776,#1777);
#1467=AXIS2_PLACEMENT_3D('',#2344,#1779,#1780);
#1468=AXIS2_PLACEMENT_3D('',#2346,#1782,#1783);
#1469=AXIS2_PLACEMENT_3D('',#2348,#1785,#1786);
#1470=AXIS2_PLACEMENT_3D('',#2349,#1787,#1788);
#1471=AXIS2_PLACEMENT_3D('',#2351,#1789,#1790);
#1472=AXIS2_PLACEMENT_3D('',#2352,#1791,#1792);
#1473=AXIS2_PLACEMENT_3D('',#2355,#1793,#1794);
#1474=AXIS2_PLACEMENT_3D('',#2358,#1797,#1798);
#1475=AXIS2_PLACEMENT_3D('',#2371,#1799,#1800);
#1476=AXIS2_PLACEMENT_3D('',#2372,#1801,#1802);
#1477=AXIS2_PLACEMENT_3D('',#2373,#1803,#1804);
#1478=AXIS2_PLACEMENT_3D('',#2377,#1806,#1807);
#1479=AXIS2_PLACEMENT_3D('',#2378,#1808,#1809);
#1480=AXIS2_PLACEMENT_3D('',#2379,#1810,#1811);
#1481=AXIS2_PLACEMENT_3D('',#2382,#1812,#1813);
#1482=AXIS2_PLACEMENT_3D('',#2385,#1816,#1817);
#1483=AXIS2_PLACEMENT_3D('',#2398,#1818,#1819);
#1484=AXIS2_PLACEMENT_3D('',#2399,#1820,#1821);
#1485=AXIS2_PLACEMENT_3D('',#2400,#1822,#1823);
#1486=AXIS2_PLACEMENT_3D('',#2404,#1825,#1826);
#1487=AXIS2_PLACEMENT_3D('',#2406,#1828,#1829);
#1488=AXIS2_PLACEMENT_3D('',#2408,#1831,#1832);
#1489=AXIS2_PLACEMENT_3D('',#2410,#1833,#1834);
#1490=AXIS2_PLACEMENT_3D('',#2412,#1836,#1837);
#1491=AXIS2_PLACEMENT_3D('',#2424,#1838,#1839);
#1492=AXIS2_PLACEMENT_3D('',#2425,#1840,#1841);
#1493=AXIS2_PLACEMENT_3D('',#2429,#1843,#1844);
#1494=AXIS2_PLACEMENT_3D('',#2431,#1846,#1847);
#1495=AXIS2_PLACEMENT_3D('',#2433,#1849,#1850);
#1496=AXIS2_PLACEMENT_3D('',#2436,#1851,#1852);
#1497=AXIS2_PLACEMENT_3D('',#2439,#1855,#1856);
#1498=AXIS2_PLACEMENT_3D('',#2452,#1857,#1858);
#1499=AXIS2_PLACEMENT_3D('',#2453,#1859,#1860);
#1500=AXIS2_PLACEMENT_3D('',#2454,#1861,#1862);
#1501=AXIS2_PLACEMENT_3D('',#2456,#1863,#1864);
#1502=AXIS2_PLACEMENT_3D('',#2457,#1865,#1866);
#1503=AXIS2_PLACEMENT_3D('',#2490,#1867,#1868);
#1504=AXIS2_PLACEMENT_3D('',#2496,#1869,#1870);
#1505=AXIS2_PLACEMENT_3D('',#2499,#1871,#1872);
#1506=AXIS2_PLACEMENT_3D('',#2500,#1873,#1874);
#1507=AXIS2_PLACEMENT_3D('',#2501,#1875,#1876);
#1508=AXIS2_PLACEMENT_3D('',#2502,#1877,#1878);
#1509=AXIS2_PLACEMENT_3D('',#2505,#1879,#1880);
#1510=AXIS2_PLACEMENT_3D('',#2506,#1881,#1882);
#1511=AXIS2_PLACEMENT_3D('',#2507,#1883,#1884);
#1512=AXIS2_PLACEMENT_3D('',#2508,#1885,#1886);
#1513=AXIS2_PLACEMENT_3D('',#2511,#1887,#1888);
#1514=AXIS2_PLACEMENT_3D('',#2513,#1889,#1890);
#1515=AXIS2_PLACEMENT_3D('',#2514,#1891,#1892);
#1516=AXIS2_PLACEMENT_3D('',#2515,#1893,#1894);
#1517=AXIS2_PLACEMENT_3D('',#2518,#1897,#1898);
#1518=AXIS2_PLACEMENT_3D('',#2519,#1899,#1900);
#1519=AXIS2_PLACEMENT_3D('',#2520,#1901,#1902);
#1520=AXIS2_PLACEMENT_3D('',#2521,#1903,#1904);
#1521=AXIS2_PLACEMENT_3D('',#2524,#1907,#1908);
#1522=AXIS2_PLACEMENT_3D('',#2526,#1910,#1911);
#1523=AXIS2_PLACEMENT_3D('',#2529,#1914,#1915);
#1524=AXIS2_PLACEMENT_3D('',#2530,#1916,#1917);
#1525=AXIS2_PLACEMENT_3D('',#2531,#1918,#1919);
#1526=AXIS2_PLACEMENT_3D('',#2532,#1920,#1921);
#1527=AXIS2_PLACEMENT_3D('',#2535,#1924,#1925);
#1528=AXIS2_PLACEMENT_3D('',#2537,#1927,#1928);
#1529=AXIS2_PLACEMENT_3D('',#2538,#1929,#1930);
#1530=AXIS2_PLACEMENT_3D('',#2539,#1931,#1932);
#1531=AXIS2_PLACEMENT_3D('',#2540,#1933,#1934);
#1532=AXIS2_PLACEMENT_3D('',#2541,#1935,#1936);
#1533=AXIS2_PLACEMENT_3D('',#2544,#1937,#1938);
#1534=AXIS2_PLACEMENT_3D('',#2546,#1939,#1940);
#1535=AXIS2_PLACEMENT_3D('',#2547,#1941,#1942);
#1536=AXIS2_PLACEMENT_3D('',#2548,#1943,#1944);
#1537=AXIS2_PLACEMENT_3D('',#2551,#1947,#1948);
#1538=AXIS2_PLACEMENT_3D('',#2554,#1949,#1950);
#1539=AXIS2_PLACEMENT_3D('',#2556,#1951,#1952);
#1540=AXIS2_PLACEMENT_3D('',#2557,#1953,#1954);
#1541=AXIS2_PLACEMENT_3D('',#2558,#1955,#1956);
#1542=AXIS2_PLACEMENT_3D('',#2559,#1957,#1958);
#1543=AXIS2_PLACEMENT_3D('',#2560,#1959,#1960);
#1544=AXIS2_PLACEMENT_3D('',#2561,#1961,#1962);
#1545=AXIS2_PLACEMENT_3D('',#2564,#1963,#1964);
#1546=AXIS2_PLACEMENT_3D('',#2566,#1965,#1966);
#1547=AXIS2_PLACEMENT_3D('',#2567,#1967,#1968);
#1548=AXIS2_PLACEMENT_3D('',#2568,#1969,#1970);
#1549=AXIS2_PLACEMENT_3D('',#2603,#1973,#1974);
#1550=AXIS2_PLACEMENT_3D('',#2609,#1975,#1976);
#1551=AXIS2_PLACEMENT_3D('',#2610,#1977,#1978);
#1552=AXIS2_PLACEMENT_3D('',#2611,#1979,#1980);
#1553=AXIS2_PLACEMENT_3D('',#2612,#1981,#1982);
#1554=AXIS2_PLACEMENT_3D('',#2614,#1984,#1985);
#1555=AXIS2_PLACEMENT_3D('',#2617,#1988,#1989);
#1556=AXIS2_PLACEMENT_3D('',#2620,#1992,#1993);
#1557=AXIS2_PLACEMENT_3D('',#2623,#1996,#1997);
#1558=AXIS2_PLACEMENT_3D('',#2624,#1998,#1999);
#1559=AXIS2_PLACEMENT_3D('',#2625,#2000,#2001);
#1560=AXIS2_PLACEMENT_3D('',#2626,#2002,#2003);
#1561=AXIS2_PLACEMENT_3D('',#2627,#2004,#2005);
#1562=DIRECTION('axis',(0.,0.,1.));
#1563=DIRECTION('refdir',(1.,0.,0.));
#1564=DIRECTION('center_axis',(0.,1.,0.));
#1565=DIRECTION('ref_axis',(1.,0.,0.));
#1566=DIRECTION('',(0.,-1.,0.));
#1567=DIRECTION('center_axis',(0.,-1.,0.));
#1568=DIRECTION('ref_axis',(-0.999390827019096,0.,-0.0348994967025013));
#1569=DIRECTION('',(0.,1.,0.));
#1570=DIRECTION('center_axis',(0.,1.,0.));
#1571=DIRECTION('ref_axis',(-0.857167300702112,0.,-0.515038074910055));
#1572=DIRECTION('center_axis',(0.,1.,0.));
#1573=DIRECTION('ref_axis',(1.,0.,0.));
#1574=DIRECTION('center_axis',(0.,1.,0.));
#1575=DIRECTION('ref_axis',(1.,0.,0.));
#1576=DIRECTION('',(0.,-1.,0.));
#1577=DIRECTION('center_axis',(0.,1.,0.));
#1578=DIRECTION('ref_axis',(1.,0.,0.));
#1579=DIRECTION('',(0.,-1.,0.));
#1580=DIRECTION('center_axis',(0.,1.,0.));
#1581=DIRECTION('ref_axis',(1.,0.,0.));
#1582=DIRECTION('',(0.,1.,0.));
#1583=DIRECTION('center_axis',(0.,1.,0.));
#1584=DIRECTION('ref_axis',(1.,0.,0.));
#1585=DIRECTION('',(0.,-1.,0.));
#1586=DIRECTION('center_axis',(0.,1.,0.));
#1587=DIRECTION('ref_axis',(1.,0.,0.));
#1588=DIRECTION('',(0.,-1.,0.));
#1589=DIRECTION('center_axis',(0.,1.,0.));
#1590=DIRECTION('ref_axis',(1.,0.,0.));
#1591=DIRECTION('',(0.,-1.,0.));
#1592=DIRECTION('center_axis',(0.,1.,0.));
#1593=DIRECTION('ref_axis',(1.,0.,0.));
#1594=DIRECTION('',(0.,-1.,0.));
#1595=DIRECTION('center_axis',(0.,1.,0.));
#1596=DIRECTION('ref_axis',(1.,0.,0.));
#1597=DIRECTION('center_axis',(0.,1.,0.));
#1598=DIRECTION('ref_axis',(1.,0.,0.));
#1599=DIRECTION('center_axis',(0.,1.,0.));
#1600=DIRECTION('ref_axis',(0.,0.,1.));
#1601=DIRECTION('center_axis',(0.,-1.,0.));
#1602=DIRECTION('ref_axis',(1.,0.,0.));
#1603=DIRECTION('center_axis',(-1.,0.,1.22464679914735E-16));
#1604=DIRECTION('ref_axis',(-1.22464679914735E-16,0.,-1.));
#1605=DIRECTION('center_axis',(0.,1.,0.));
#1606=DIRECTION('ref_axis',(1.,0.,0.));
#1607=DIRECTION('center_axis',(0.,1.,0.));
#1608=DIRECTION('ref_axis',(1.,0.,0.));
#1609=DIRECTION('',(0.,1.,0.));
#1610=DIRECTION('center_axis',(0.,1.,0.));
#1611=DIRECTION('ref_axis',(1.,0.,0.));
#1612=DIRECTION('center_axis',(0.,1.,0.));
#1613=DIRECTION('ref_axis',(1.,0.,0.));
#1614=DIRECTION('center_axis',(0.,1.,0.));
#1615=DIRECTION('ref_axis',(-1.,0.,0.));
#1616=DIRECTION('center_axis',(0.,1.,0.));
#1617=DIRECTION('ref_axis',(0.99586712151459,0.,-0.090822223526215));
#1618=DIRECTION('',(-0.469471562785961,0.,0.88294759285889));
#1619=DIRECTION('center_axis',(0.,1.,0.));
#1620=DIRECTION('ref_axis',(0.108415004085891,0.,0.994105722189072));
#1621=DIRECTION('center_axis',(0.,-1.,0.));
#1622=DIRECTION('ref_axis',(-1.,0.,0.));
#1623=DIRECTION('center_axis',(0.,1.,0.));
#1624=DIRECTION('ref_axis',(0.0388056008759447,0.,-0.999246778999391));
#1625=DIRECTION('',(0.529919264233125,0.,0.848048096156476));
#1626=DIRECTION('center_axis',(0.,1.,0.));
#1627=DIRECTION('ref_axis',(0.99977667730948,0.,0.0211328064396648));
#1628=DIRECTION('center_axis',(0.,-1.,0.));
#1629=DIRECTION('ref_axis',(-1.,0.,0.));
#1630=DIRECTION('center_axis',(0.,1.,0.));
#1631=DIRECTION('ref_axis',(-0.884775895701346,0.,0.466016753331767));
#1632=DIRECTION('',(0.469471562786077,0.,-0.882947592858828));
#1633=DIRECTION('center_axis',(0.,1.,0.));
#1634=DIRECTION('ref_axis',(-0.481586791424478,0.,-0.876398403881178));
#1635=DIRECTION('center_axis',(0.,1.,0.));
#1636=DIRECTION('ref_axis',(-1.,0.,0.));
#1637=DIRECTION('center_axis',(0.,1.,0.));
#1638=DIRECTION('ref_axis',(-0.576587913559378,0.,-0.817035114262076));
#1639=DIRECTION('',(0.999390827019082,0.,-0.0348994967028866));
#1640=DIRECTION('center_axis',(0.,1.,0.));
#1641=DIRECTION('ref_axis',(0.806713307420114,0.,-0.59094300878452));
#1642=DIRECTION('',(-0.999390827019095,0.,0.0348994967025118));
#1643=DIRECTION('center_axis',(0.,1.,0.));
#1644=DIRECTION('ref_axis',(-0.5181898858849,0.,0.855265597441283));
#1645=DIRECTION('center_axis',(0.,1.,0.));
#1646=DIRECTION('ref_axis',(-1.,0.,0.));
#1647=DIRECTION('center_axis',(0.,1.,0.));
#1648=DIRECTION('ref_axis',(-0.419279207955055,0.,0.907857337788588));
#1649=DIRECTION('',(-0.529919264233273,0.,-0.848048096156384));
#1650=DIRECTION('center_axis',(0.,1.,0.));
#1651=DIRECTION('ref_axis',(-0.915128311506304,0.,-0.403162713404428));
#1652=DIRECTION('center_axis',(0.,-1.,0.));
#1653=DIRECTION('ref_axis',(-1.,0.,0.));
#1654=DIRECTION('center_axis',(0.,1.,0.));
#1655=DIRECTION('ref_axis',(0.845970294825194,0.,0.533230025667511));
#1656=DIRECTION('center_axis',(0.,1.,0.));
#1657=DIRECTION('ref_axis',(0.,0.,1.));
#1658=DIRECTION('center_axis',(0.,1.,0.));
#1659=DIRECTION('ref_axis',(-1.,0.,-1.22464679914735E-16));
#1660=DIRECTION('center_axis',(-1.,0.,1.22464679914735E-16));
#1661=DIRECTION('ref_axis',(-1.22464679914735E-16,0.,-1.));
#1662=DIRECTION('center_axis',(0.,-1.,0.));
#1663=DIRECTION('ref_axis',(-1.,0.,-1.22464679914735E-16));
#1664=DIRECTION('center_axis',(0.,-1.,0.));
#1665=DIRECTION('ref_axis',(-1.,0.,-1.22464679914735E-16));
#1666=DIRECTION('center_axis',(0.,1.,0.));
#1667=DIRECTION('ref_axis',(-1.,0.,0.));
#1668=DIRECTION('',(0.999390827019095,0.,-0.0348994967025118));
#1669=DIRECTION('center_axis',(0.,-1.,0.));
#1670=DIRECTION('ref_axis',(0.845970294825194,0.,0.533230025667511));
#1671=DIRECTION('center_axis',(0.,1.,0.));
#1672=DIRECTION('ref_axis',(-1.,0.,0.));
#1673=DIRECTION('center_axis',(0.,-1.,0.));
#1674=DIRECTION('ref_axis',(-0.915128311506304,0.,-0.403162713404428));
#1675=DIRECTION('',(0.529919264233273,0.,0.848048096156384));
#1676=DIRECTION('center_axis',(0.,-1.,0.));
#1677=DIRECTION('ref_axis',(-0.419279207955055,0.,0.907857337788588));
#1678=DIRECTION('center_axis',(0.,-1.,0.));
#1679=DIRECTION('ref_axis',(-1.,0.,0.));
#1680=DIRECTION('center_axis',(0.,-1.,0.));
#1681=DIRECTION('ref_axis',(-0.5181898858849,0.,0.855265597441283));
#1682=DIRECTION('center_axis',(0.,1.,0.));
#1683=DIRECTION('ref_axis',(-1.,0.,0.));
#1684=DIRECTION('center_axis',(0.,-1.,0.));
#1685=DIRECTION('ref_axis',(0.806713307420114,0.,-0.59094300878452));
#1686=DIRECTION('',(-0.999390827019082,0.,0.0348994967028866));
#1687=DIRECTION('center_axis',(0.,-1.,0.));
#1688=DIRECTION('ref_axis',(-0.576587913559378,0.,-0.817035114262076));
#1689=DIRECTION('center_axis',(0.,-1.,0.));
#1690=DIRECTION('ref_axis',(-1.,0.,0.));
#1691=DIRECTION('center_axis',(0.,-1.,0.));
#1692=DIRECTION('ref_axis',(-0.481586791424478,0.,-0.876398403881178));
#1693=DIRECTION('',(-0.469471562786077,0.,0.882947592858828));
#1694=DIRECTION('center_axis',(0.,-1.,0.));
#1695=DIRECTION('ref_axis',(-0.884775895701346,0.,0.466016753331767));
#1696=DIRECTION('center_axis',(0.,-1.,0.));
#1697=DIRECTION('ref_axis',(-1.,0.,0.));
#1698=DIRECTION('center_axis',(0.,-1.,0.));
#1699=DIRECTION('ref_axis',(0.99977667730948,0.,0.0211328064396648));
#1700=DIRECTION('',(-0.529919264233125,0.,-0.848048096156476));
#1701=DIRECTION('center_axis',(0.,-1.,0.));
#1702=DIRECTION('ref_axis',(0.0388056008759447,0.,-0.999246778999391));
#1703=DIRECTION('center_axis',(0.,1.,0.));
#1704=DIRECTION('ref_axis',(-1.,0.,0.));
#1705=DIRECTION('center_axis',(0.,-1.,0.));
#1706=DIRECTION('ref_axis',(0.108415004085891,0.,0.994105722189072));
#1707=DIRECTION('',(0.469471562785961,0.,-0.88294759285889));
#1708=DIRECTION('center_axis',(0.,-1.,0.));
#1709=DIRECTION('ref_axis',(0.99586712151459,0.,-0.090822223526215));
#1710=DIRECTION('center_axis',(0.,1.,0.));
#1711=DIRECTION('ref_axis',(1.,0.,0.));
#1712=DIRECTION('',(0.,-1.,0.));
#1713=DIRECTION('center_axis',(0.,1.,0.));
#1714=DIRECTION('ref_axis',(1.,0.,0.));
#1715=DIRECTION('center_axis',(0.,-1.,0.));
#1716=DIRECTION('ref_axis',(-0.576587913559378,0.,-0.817035114262076));
#1717=DIRECTION('',(0.,-1.,0.));
#1718=DIRECTION('',(0.,1.,0.));
#1719=DIRECTION('center_axis',(0.,-1.,0.));
#1720=DIRECTION('ref_axis',(-1.,0.,0.));
#1721=DIRECTION('',(0.,1.,0.));
#1722=DIRECTION('center_axis',(0.,-1.,0.));
#1723=DIRECTION('ref_axis',(-0.481586791424478,0.,-0.876398403881178));
#1724=DIRECTION('',(0.,-1.,0.));
#1725=DIRECTION('center_axis',(0.882947592858828,0.,0.469471562786077));
#1726=DIRECTION('ref_axis',(-0.469471562786077,0.,0.882947592858828));
#1727=DIRECTION('',(0.,1.,0.));
#1728=DIRECTION('center_axis',(0.,-1.,0.));
#1729=DIRECTION('ref_axis',(0.99586712151459,0.,-0.090822223526215));
#1730=DIRECTION('',(0.,-1.,0.));
#1731=DIRECTION('',(0.,1.,0.));
#1732=DIRECTION('center_axis',(0.,-1.,0.));
#1733=DIRECTION('ref_axis',(-1.,0.,0.));
#1734=DIRECTION('',(0.,1.,0.));
#1735=DIRECTION('center_axis',(0.,-1.,0.));
#1736=DIRECTION('ref_axis',(0.99977667730948,0.,0.0211328064396648));
#1737=DIRECTION('',(0.,-1.,0.));
#1738=DIRECTION('center_axis',(-0.848048096156476,0.,0.529919264233125));
#1739=DIRECTION('ref_axis',(-0.529919264233125,0.,-0.848048096156476));
#1740=DIRECTION('',(0.,1.,0.));
#1741=DIRECTION('center_axis',(0.,-1.,0.));
#1742=DIRECTION('ref_axis',(-0.915128311506304,0.,-0.403162713404428));
#1743=DIRECTION('',(0.,-1.,0.));
#1744=DIRECTION('',(0.,1.,0.));
#1745=DIRECTION('center_axis',(0.848048096156384,0.,-0.529919264233273));
#1746=DIRECTION('ref_axis',(0.529919264233273,0.,0.848048096156384));
#1747=DIRECTION('',(0.,1.,0.));
#1748=DIRECTION('center_axis',(0.,-1.,0.));
#1749=DIRECTION('ref_axis',(-0.419279207955055,0.,0.907857337788588));
#1750=DIRECTION('',(0.,-1.,0.));
#1751=DIRECTION('center_axis',(0.,-1.,0.));
#1752=DIRECTION('ref_axis',(-1.,0.,0.));
#1753=DIRECTION('',(0.,1.,0.));
#1754=DIRECTION('center_axis',(0.,-1.,0.));
#1755=DIRECTION('ref_axis',(-0.5181898858849,0.,0.855265597441283));
#1756=DIRECTION('',(0.,-1.,0.));
#1757=DIRECTION('center_axis',(-0.0348994967025118,0.,-0.999390827019095));
#1758=DIRECTION('ref_axis',(0.999390827019095,0.,-0.0348994967025118));
#1759=DIRECTION('',(0.,1.,0.));
#1760=DIRECTION('center_axis',(0.,-1.,0.));
#1761=DIRECTION('ref_axis',(0.845970294825194,0.,0.533230025667511));
#1762=DIRECTION('',(0.,-1.,0.));
#1763=DIRECTION('center_axis',(0.,-1.,0.));
#1764=DIRECTION('ref_axis',(-1.,0.,0.));
#1765=DIRECTION('center_axis',(0.,-1.,0.));
#1766=DIRECTION('ref_axis',(0.806713307420114,0.,-0.59094300878452));
#1767=DIRECTION('',(0.,-1.,0.));
#1768=DIRECTION('',(0.,1.,0.));
#1769=DIRECTION('center_axis',(0.0348994967028866,0.,0.999390827019082));
#1770=DIRECTION('ref_axis',(-0.999390827019082,0.,0.0348994967028866));
#1771=DIRECTION('center_axis',(0.,-1.,0.));
#1772=DIRECTION('ref_axis',(-0.884775895701346,0.,0.466016753331767));
#1773=DIRECTION('',(0.,-1.,0.));
#1774=DIRECTION('center_axis',(0.,-1.,0.));
#1775=DIRECTION('ref_axis',(-1.,0.,0.));
#1776=DIRECTION('center_axis',(0.,-1.,0.));
#1777=DIRECTION('ref_axis',(0.0388056008759447,0.,-0.999246778999391));
#1778=DIRECTION('',(0.,-1.,0.));
#1779=DIRECTION('center_axis',(0.,-1.,0.));
#1780=DIRECTION('ref_axis',(-1.,0.,0.));
#1781=DIRECTION('',(0.,1.,0.));
#1782=DIRECTION('center_axis',(0.,-1.,0.));
#1783=DIRECTION('ref_axis',(0.108415004085891,0.,0.994105722189072));
#1784=DIRECTION('',(0.,-1.,0.));
#1785=DIRECTION('center_axis',(-0.88294759285889,0.,-0.469471562785961));
#1786=DIRECTION('ref_axis',(0.469471562785961,0.,-0.88294759285889));
#1787=DIRECTION('center_axis',(0.,-1.,0.));
#1788=DIRECTION('ref_axis',(1.,0.,0.));
#1789=DIRECTION('center_axis',(0.,1.,0.));
#1790=DIRECTION('ref_axis',(1.,0.,0.));
#1791=DIRECTION('center_axis',(0.,0.,-1.));
#1792=DIRECTION('ref_axis',(-0.707106781186548,0.707106781186548,0.));
#1793=DIRECTION('center_axis',(0.,0.,1.));
#1794=DIRECTION('ref_axis',(0.,1.,0.));
#1795=DIRECTION('',(0.,0.,-1.));
#1796=DIRECTION('',(0.,0.,1.));
#1797=DIRECTION('center_axis',(0.,-1.,0.));
#1798=DIRECTION('ref_axis',(0.,0.,-1.));
#1799=DIRECTION('center_axis',(0.,1.,0.));
#1800=DIRECTION('ref_axis',(0.721000187129843,0.,0.692934867183584));
#1801=DIRECTION('center_axis',(0.,-1.,0.));
#1802=DIRECTION('ref_axis',(0.721000187129843,0.,0.692934867183584));
#1803=DIRECTION('center_axis',(0.,1.,0.));
#1804=DIRECTION('ref_axis',(1.,0.,0.));
#1805=DIRECTION('',(0.848048096156427,0.,0.529919264233203));
#1806=DIRECTION('center_axis',(0.,-1.,0.));
#1807=DIRECTION('ref_axis',(-0.205570206199592,0.,-0.978642371003349));
#1808=DIRECTION('center_axis',(0.,-1.,0.));
#1809=DIRECTION('ref_axis',(1.,0.,0.));
#1810=DIRECTION('center_axis',(0.848048096156427,0.,0.529919264233204));
#1811=DIRECTION('ref_axis',(0.374709505220687,0.707106781186547,-0.59966055956455));
#1812=DIRECTION('center_axis',(0.848048096156424,0.,0.529919264233208));
#1813=DIRECTION('ref_axis',(0.529919264233208,0.,-0.848048096156424));
#1814=DIRECTION('',(-0.848048096156427,0.,-0.529919264233204));
#1815=DIRECTION('',(0.848048096156427,0.,0.529919264233204));
#1816=DIRECTION('center_axis',(0.,-1.,0.));
#1817=DIRECTION('ref_axis',(0.205570206199592,0.,0.978642371003349));
#1818=DIRECTION('center_axis',(0.,-1.,0.));
#1819=DIRECTION('ref_axis',(0.205570206199596,0.,0.978642371003348));
#1820=DIRECTION('center_axis',(0.,1.,0.));
#1821=DIRECTION('ref_axis',(0.205570206199596,0.,0.978642371003348));
#1822=DIRECTION('center_axis',(0.,-1.,0.));
#1823=DIRECTION('ref_axis',(0.20557020619959,0.,0.97864237100335));
#1824=DIRECTION('',(0.,-1.,0.));
#1825=DIRECTION('center_axis',(0.,1.,0.));
#1826=DIRECTION('ref_axis',(-0.529919264233205,0.,0.848048096156426));
#1827=DIRECTION('',(0.,1.,0.));
#1828=DIRECTION('center_axis',(-0.529919264233204,0.,0.848048096156427));
#1829=DIRECTION('ref_axis',(-0.848048096156427,0.,-0.529919264233204));
#1830=DIRECTION('',(-0.848048096156427,0.,-0.529919264233204));
#1831=DIRECTION('center_axis',(-0.848048096156427,0.,-0.529919264233203));
#1832=DIRECTION('ref_axis',(-0.374709505220684,0.707106781186548,0.599660559564551));
#1833=DIRECTION('center_axis',(-0.848048096156424,0.,-0.529919264233208));
#1834=DIRECTION('ref_axis',(-0.529919264233208,0.,0.848048096156424));
#1835=DIRECTION('',(-0.848048096156427,0.,-0.529919264233203));
#1836=DIRECTION('center_axis',(0.,-1.,0.));
#1837=DIRECTION('ref_axis',(0.,0.,-1.));
#1838=DIRECTION('center_axis',(0.,1.,0.));
#1839=DIRECTION('ref_axis',(-0.205570206199592,0.,-0.978642371003349));
#1840=DIRECTION('center_axis',(0.,-1.,0.));
#1841=DIRECTION('ref_axis',(-0.205570206199597,0.,-0.978642371003348));
#1842=DIRECTION('',(0.,-1.,0.));
#1843=DIRECTION('center_axis',(0.,1.,0.));
#1844=DIRECTION('ref_axis',(0.529919264233204,0.,-0.848048096156426));
#1845=DIRECTION('',(0.,1.,0.));
#1846=DIRECTION('center_axis',(0.529919264233203,0.,-0.848048096156427));
#1847=DIRECTION('ref_axis',(0.848048096156427,0.,0.529919264233203));
#1848=DIRECTION('',(0.848048096156427,0.,0.529919264233203));
#1849=DIRECTION('center_axis',(-8.9214350193093E-17,0.,1.));
#1850=DIRECTION('ref_axis',(0.707106781186548,0.707106781186547,0.));
#1851=DIRECTION('center_axis',(0.,0.,-1.));
#1852=DIRECTION('ref_axis',(0.,1.,0.));
#1853=DIRECTION('',(-8.9214350193093E-17,0.,1.));
#1854=DIRECTION('',(8.9214350193093E-17,0.,-1.));
#1855=DIRECTION('center_axis',(0.,-1.,0.));
#1856=DIRECTION('ref_axis',(0.,0.,-1.));
#1857=DIRECTION('center_axis',(0.,1.,0.));
#1858=DIRECTION('ref_axis',(-0.721000187129845,0.,-0.692934867183582));
#1859=DIRECTION('center_axis',(0.,-1.,0.));
#1860=DIRECTION('ref_axis',(-0.721000187129845,0.,-0.692934867183582));
#1861=DIRECTION('center_axis',(0.,1.,0.));
#1862=DIRECTION('ref_axis',(1.,0.,0.));
#1863=DIRECTION('center_axis',(0.,-1.,0.));
#1864=DIRECTION('ref_axis',(1.,0.,0.));
#1865=DIRECTION('center_axis',(0.,-1.,0.));
#1866=DIRECTION('ref_axis',(1.,0.,0.));
#1867=DIRECTION('center_axis',(-0.495849164639935,1.92825458483228E-15,
0.868408662972612));
#1868=DIRECTION('ref_axis',(0.868408662972612,0.,0.495849164639935));
#1869=DIRECTION('center_axis',(0.,0.,1.));
#1870=DIRECTION('ref_axis',(1.,0.,0.));
#1871=DIRECTION('center_axis',(0.882947592858925,3.92107498851733E-15,-0.469471562785894));
#1872=DIRECTION('ref_axis',(0.469471562785894,0.,0.882947592858925));
#1873=DIRECTION('center_axis',(1.92915168437663E-15,1.,4.00387324341475E-15));
#1874=DIRECTION('ref_axis',(0.90088195234993,0.,-0.434064174898342));
#1875=DIRECTION('center_axis',(0.434064174898338,0.,0.900881952349932));
#1876=DIRECTION('ref_axis',(0.,1.,0.));
#1877=DIRECTION('center_axis',(0.,0.,1.));
#1878=DIRECTION('ref_axis',(1.,0.,0.));
#1879=DIRECTION('center_axis',(0.882947592858925,0.,-0.469471562785895));
#1880=DIRECTION('ref_axis',(0.,-1.,0.));
#1881=DIRECTION('center_axis',(0.434064174898337,0.,0.900881952349933));
#1882=DIRECTION('ref_axis',(0.900881952349933,0.,-0.434064174898337));
#1883=DIRECTION('center_axis',(0.,-1.,0.));
#1884=DIRECTION('ref_axis',(0.469471562785892,0.,0.882947592858926));
#1885=DIRECTION('center_axis',(1.11022302462516E-16,0.,1.));
#1886=DIRECTION('ref_axis',(1.,0.,0.));
#1887=DIRECTION('center_axis',(0.,-4.44089209850062E-15,1.));
#1888=DIRECTION('ref_axis',(1.,0.,0.));
#1889=DIRECTION('center_axis',(0.,-1.,0.));
#1890=DIRECTION('ref_axis',(0.0396825396825395,0.,0.999212337816314));
#1891=DIRECTION('center_axis',(0.999212337816314,0.,-0.0396825396825371));
#1892=DIRECTION('ref_axis',(0.,-1.,0.));
#1893=DIRECTION('center_axis',(0.,-1.,0.));
#1894=DIRECTION('ref_axis',(0.721000187129843,0.,0.692934867183584));
#1895=DIRECTION('',(0.,-1.,0.));
#1896=DIRECTION('',(0.,1.,0.));
#1897=DIRECTION('center_axis',(0.,1.,0.));
#1898=DIRECTION('ref_axis',(0.,0.,1.));
#1899=DIRECTION('center_axis',(0.,-1.,0.));
#1900=DIRECTION('ref_axis',(-0.857167300702112,0.,-0.515038074910055));
#1901=DIRECTION('center_axis',(0.,1.,0.));
#1902=DIRECTION('ref_axis',(-0.857167300702112,0.,-0.515038074910055));
#1903=DIRECTION('center_axis',(0.,0.,1.));
#1904=DIRECTION('ref_axis',(0.707106781186546,-0.707106781186549,0.));
#1905=DIRECTION('',(0.,0.,1.));
#1906=DIRECTION('',(0.,0.,-1.));
#1907=DIRECTION('center_axis',(0.,1.,0.));
#1908=DIRECTION('ref_axis',(0.950314257608534,0.,0.311292164671618));
#1909=DIRECTION('',(0.,-1.,0.));
#1910=DIRECTION('center_axis',(0.882947592858926,0.,-0.469471562785893));
#1911=DIRECTION('ref_axis',(0.331966525620151,-0.707106781186549,0.624338230342883));
#1912=DIRECTION('',(0.882947592858926,0.,-0.469471562785893));
#1913=DIRECTION('',(-0.882947592858926,0.,0.469471562785893));
#1914=DIRECTION('center_axis',(0.,-1.,0.));
#1915=DIRECTION('ref_axis',(0.,0.,-1.));
#1916=DIRECTION('center_axis',(0.,1.,0.));
#1917=DIRECTION('ref_axis',(-0.999390827019096,0.,-0.0348994967025013));
#1918=DIRECTION('center_axis',(0.,-1.,0.));
#1919=DIRECTION('ref_axis',(-0.999390827019096,0.,-0.0348994967025013));
#1920=DIRECTION('center_axis',(0.882947592858926,0.,-0.469471562785893));
#1921=DIRECTION('ref_axis',(0.331966525620151,0.707106781186549,0.624338230342884));
#1922=DIRECTION('',(0.882947592858926,0.,-0.469471562785893));
#1923=DIRECTION('',(-0.882947592858926,0.,0.469471562785893));
#1924=DIRECTION('center_axis',(0.848048096156427,0.,0.529919264233204));
#1925=DIRECTION('ref_axis',(0.374709505220684,-0.707106781186549,-0.599660559564549));
#1926=DIRECTION('',(0.848048096156427,0.,0.529919264233204));
#1927=DIRECTION('center_axis',(1.,0.,0.));
#1928=DIRECTION('ref_axis',(0.,0.,1.));
#1929=DIRECTION('center_axis',(0.,1.,0.));
#1930=DIRECTION('ref_axis',(1.,0.,0.));
#1931=DIRECTION('center_axis',(0.469471562785893,0.,0.882947592858926));
#1932=DIRECTION('ref_axis',(0.882947592858926,0.,-0.469471562785893));
#1933=DIRECTION('center_axis',(0.,-1.,0.));
#1934=DIRECTION('ref_axis',(0.,0.,-1.));
#1935=DIRECTION('center_axis',(0.,0.,1.));
#1936=DIRECTION('ref_axis',(1.,0.,0.));
#1937=DIRECTION('center_axis',(0.,0.,-1.));
#1938=DIRECTION('ref_axis',(-1.,0.,0.));
#1939=DIRECTION('center_axis',(0.,-1.,0.));
#1940=DIRECTION('ref_axis',(-0.0396825396825396,0.,-0.999212337816314));
#1941=DIRECTION('center_axis',(-0.999212337816314,0.,0.0396825396825375));
#1942=DIRECTION('ref_axis',(0.,-1.,0.));
#1943=DIRECTION('center_axis',(0.,-1.,0.));
#1944=DIRECTION('ref_axis',(-0.721000187129844,0.,-0.692934867183583));
#1945=DIRECTION('',(0.,-1.,0.));
#1946=DIRECTION('',(0.,1.,0.));
#1947=DIRECTION('center_axis',(0.,0.,1.));
#1948=DIRECTION('ref_axis',(1.,0.,0.));
#1949=DIRECTION('center_axis',(-0.882947592858924,0.,0.469471562785896));
#1950=DIRECTION('ref_axis',(0.,-1.,0.));
#1951=DIRECTION('center_axis',(-0.434064174898342,7.92871148035717E-15,
-0.90088195234993));
#1952=DIRECTION('ref_axis',(-0.90088195234993,0.,0.434064174898342));
#1953=DIRECTION('center_axis',(0.,-1.,0.));
#1954=DIRECTION('ref_axis',(-0.469471562785895,0.,-0.882947592858925));
#1955=DIRECTION('center_axis',(0.,1.,0.));
#1956=DIRECTION('ref_axis',(0.,0.,1.));
#1957=DIRECTION('center_axis',(0.,-1.,0.));
#1958=DIRECTION('ref_axis',(0.857167300702112,0.,0.515038074910054));
#1959=DIRECTION('center_axis',(0.,1.,0.));
#1960=DIRECTION('ref_axis',(0.857167300702112,0.,0.515038074910054));
#1961=DIRECTION('center_axis',(0.,0.,1.));
#1962=DIRECTION('ref_axis',(1.,0.,0.));
#1963=DIRECTION('center_axis',(-0.882947592858925,0.,0.469471562785894));
#1964=DIRECTION('ref_axis',(-0.469471562785894,0.,-0.882947592858925));
#1965=DIRECTION('center_axis',(-1.92915168437661E-15,1.,-4.00387324341474E-15));
#1966=DIRECTION('ref_axis',(-0.900881952349931,0.,0.43406417489834));
#1967=DIRECTION('center_axis',(-0.434064174898337,0.,-0.900881952349933));
#1968=DIRECTION('ref_axis',(0.,1.,0.));
#1969=DIRECTION('center_axis',(0.,1.,0.));
#1970=DIRECTION('ref_axis',(-0.950314257608533,0.,-0.311292164671619));
#1971=DIRECTION('',(0.,-1.,0.));
#1972=DIRECTION('',(0.,1.,0.));
#1973=DIRECTION('center_axis',(0.495849164639935,1.92825458483228E-15,-0.868408662972612));
#1974=DIRECTION('ref_axis',(-0.868408662972612,0.,-0.495849164639935));
#1975=DIRECTION('center_axis',(0.,-1.,0.));
#1976=DIRECTION('ref_axis',(0.,0.,-1.));
#1977=DIRECTION('center_axis',(0.,1.,0.));
#1978=DIRECTION('ref_axis',(0.999390827019096,0.,0.0348994967025016));
#1979=DIRECTION('center_axis',(0.,-1.,0.));
#1980=DIRECTION('ref_axis',(0.999390827019096,0.,0.0348994967025016));
#1981=DIRECTION('center_axis',(-0.848048096156427,0.,-0.529919264233203));
#1982=DIRECTION('ref_axis',(-0.374709505220683,-0.70710678118655,0.599660559564549));
#1983=DIRECTION('',(-0.848048096156427,0.,-0.529919264233203));
#1984=DIRECTION('center_axis',(-0.882947592858926,0.,0.469471562785893));
#1985=DIRECTION('ref_axis',(-0.331966525620151,0.707106781186549,-0.624338230342884));
#1986=DIRECTION('',(-0.882947592858926,0.,0.469471562785893));
#1987=DIRECTION('',(0.882947592858926,0.,-0.469471562785893));
#1988=DIRECTION('center_axis',(-0.882947592858926,0.,0.469471562785893));
#1989=DIRECTION('ref_axis',(-0.331966525620151,-0.707106781186549,-0.624338230342884));
#1990=DIRECTION('',(-0.882947592858926,0.,0.469471562785893));
#1991=DIRECTION('',(0.882947592858926,0.,-0.469471562785893));
#1992=DIRECTION('center_axis',(8.9214350193093E-17,0.,-1.));
#1993=DIRECTION('ref_axis',(-0.707106781186546,-0.707106781186549,0.));
#1994=DIRECTION('',(8.9214350193093E-17,0.,-1.));
#1995=DIRECTION('',(-8.9214350193093E-17,0.,1.));
#1996=DIRECTION('center_axis',(-1.,0.,-8.9214350193093E-17));
#1997=DIRECTION('ref_axis',(8.9214350193093E-17,0.,-1.));
#1998=DIRECTION('center_axis',(0.,1.,0.));
#1999=DIRECTION('ref_axis',(1.,0.,0.));
#2000=DIRECTION('center_axis',(-0.469471562785893,0.,-0.882947592858926));
#2001=DIRECTION('ref_axis',(-0.882947592858926,0.,0.469471562785893));
#2002=DIRECTION('center_axis',(0.,-1.,0.));
#2003=DIRECTION('ref_axis',(0.,0.,-1.));
#2004=DIRECTION('center_axis',(0.,1.,0.));
#2005=DIRECTION('ref_axis',(1.,0.,0.));
#2006=DIRECTION('',(0.,-1.,0.));
#2007=CARTESIAN_POINT('',(0.,0.,0.));
#2008=CARTESIAN_POINT('Origin',(0.,0.,0.));
#2009=CARTESIAN_POINT('',(-12.1,-11.,1.4818226269683E-15));
#2010=CARTESIAN_POINT('',(-12.1,-19.75,1.4818226269683E-15));
#2011=CARTESIAN_POINT('',(-12.1,0.,1.4818226269683E-15));
#2012=CARTESIAN_POINT('',(-10.9006716234342,-11.,5.25217651626992));
#2013=CARTESIAN_POINT('Origin',(0.,-11.,0.));
#2014=CARTESIAN_POINT('',(-10.9006716234342,-19.75,5.25217651626992));
#2015=CARTESIAN_POINT('',(-10.9006716234342,0.,5.25217651626992));
#2016=CARTESIAN_POINT('Origin',(0.,-19.75,0.));
#2017=CARTESIAN_POINT('Origin',(0.,0.,0.));
#2018=CARTESIAN_POINT('',(-13.5,95.,1.65327317884893E-15));
#2019=CARTESIAN_POINT('',(-1.65327317884893E-15,95.,-13.5));
#2020=CARTESIAN_POINT('Origin',(0.,95.,0.));
#2021=CARTESIAN_POINT('',(-13.5,0.,1.65327317884893E-15));
#2022=CARTESIAN_POINT('',(-13.5,0.,1.65327317884893E-15));
#2023=CARTESIAN_POINT('',(-0.5,0.,13.490737563232));
#2024=CARTESIAN_POINT('Origin',(0.,0.,0.));
#2025=CARTESIAN_POINT('',(-1.2490009027033E-16,-0.5,13.5));
#2026=CARTESIAN_POINT('Ctrl Pts',(-1.85863229568944E-16,-0.5,13.5));
#2027=CARTESIAN_POINT('Ctrl Pts',(-1.37943324807978E-16,-0.437218308298148,
13.5));
#2028=CARTESIAN_POINT('Ctrl Pts',(-0.0125470836839647,-0.370252035867058,
13.5000182785572));
#2029=CARTESIAN_POINT('Ctrl Pts',(-0.0635743520666448,-0.247062194185216,
13.4998744161744));
#2030=CARTESIAN_POINT('Ctrl Pts',(-0.102054555583949,-0.190838663229504,
13.4996872465274));
#2031=CARTESIAN_POINT('Ctrl Pts',(-0.190851020395827,-0.102042198417625,
13.4987239349424));
#2032=CARTESIAN_POINT('Ctrl Pts',(-0.247088628089103,-0.0635587266095844,
13.4978792245625));
#2033=CARTESIAN_POINT('Ctrl Pts',(-0.370285480814522,-0.0125379086045172,
13.4950615046292));
#2034=CARTESIAN_POINT('Ctrl Pts',(-0.437243919024483,3.75975570177393E-17,
13.493063458339));
#2035=CARTESIAN_POINT('Ctrl Pts',(-0.5,3.46944695195361E-17,13.490737563232));
#2036=CARTESIAN_POINT('',(-1.2490009027033E-16,-19.75,13.5));
#2037=CARTESIAN_POINT('',(-1.2490009027033E-16,0.,13.5));
#2038=CARTESIAN_POINT('',(0.5,-20.25,13.490737563232));
#2039=CARTESIAN_POINT('Ctrl Pts',(0.5,-20.25,13.490737563232));
#2040=CARTESIAN_POINT('Ctrl Pts',(0.437243919024483,-20.25,13.493063458339));
#2041=CARTESIAN_POINT('Ctrl Pts',(0.370285480814524,-20.2374620913955,13.4950615046292));
#2042=CARTESIAN_POINT('Ctrl Pts',(0.247088628089105,-20.1864412733904,13.4978792245625));
#2043=CARTESIAN_POINT('Ctrl Pts',(0.190851020395827,-20.1479578015824,13.4987239349424));
#2044=CARTESIAN_POINT('Ctrl Pts',(0.102054555583948,-20.0591613367705,13.4996872465274));
#2045=CARTESIAN_POINT('Ctrl Pts',(0.0635743520666457,-20.0029378058148,
13.4998744161744));
#2046=CARTESIAN_POINT('Ctrl Pts',(0.0125470836839647,-19.8797479641329,
13.5000182785572));
#2047=CARTESIAN_POINT('Ctrl Pts',(-1.90741397204138E-16,-19.8127816917019,
13.5));
#2048=CARTESIAN_POINT('Ctrl Pts',(-2.08166817117217E-16,-19.75,13.5));
#2049=CARTESIAN_POINT('',(12.1463500387402,-20.25,-5.8920438505154));
#2050=CARTESIAN_POINT('Origin',(0.,-20.25,0.));
#2051=CARTESIAN_POINT('',(11.9197925035955,-19.75,-6.33786609760952));
#2052=CARTESIAN_POINT('Ctrl Pts',(11.9197925035955,-19.75,-6.33786609760952));
#2053=CARTESIAN_POINT('Ctrl Pts',(11.9197925035955,-19.8127816917019,-6.33786609760952));
#2054=CARTESIAN_POINT('Ctrl Pts',(11.9256991415891,-19.8797479641329,-6.32679626153618));
#2055=CARTESIAN_POINT('Ctrl Pts',(11.9495279700768,-20.0029378058148,-6.28167431844982));
#2056=CARTESIAN_POINT('Ctrl Pts',(11.9674280703692,-20.0591613367705,-6.24761044455484));
#2057=CARTESIAN_POINT('Ctrl Pts',(12.0082649318291,-20.1479578015824,-6.16875557229953));
#2058=CARTESIAN_POINT('Ctrl Pts',(12.0339210544036,-20.1864412733904,-6.11870414445647));
#2059=CARTESIAN_POINT('Ctrl Pts',(12.0892705743504,-20.2374620913955,-6.00860494051417));
#2060=CARTESIAN_POINT('Ctrl Pts',(12.1189414868162,-20.25,-5.94854612276074));
#2061=CARTESIAN_POINT('Ctrl Pts',(12.1463500387402,-20.25,-5.8920438505154));
#2062=CARTESIAN_POINT('',(11.9197925035955,-11.,-6.33786609760952));
#2063=CARTESIAN_POINT('',(11.9197925035955,-20.25,-6.33786609760952));
#2064=CARTESIAN_POINT('',(12.1463500387402,-10.5,-5.8920438505154));
#2065=CARTESIAN_POINT('Ctrl Pts',(12.1463500387402,-10.5,-5.8920438505154));
#2066=CARTESIAN_POINT('Ctrl Pts',(12.1189414868162,-10.5,-5.94854612276074));
#2067=CARTESIAN_POINT('Ctrl Pts',(12.0892705743504,-10.5125379086045,-6.00860494051417));
#2068=CARTESIAN_POINT('Ctrl Pts',(12.0339210544036,-10.5635587266096,-6.11870414445648));
#2069=CARTESIAN_POINT('Ctrl Pts',(12.0082649318291,-10.6020421984176,-6.16875557229953));
#2070=CARTESIAN_POINT('Ctrl Pts',(11.9674280703692,-10.6908386632295,-6.24761044455485));
#2071=CARTESIAN_POINT('Ctrl Pts',(11.9495279700768,-10.7470621941852,-6.28167431844982));
#2072=CARTESIAN_POINT('Ctrl Pts',(11.9256991415891,-10.8702520358671,-6.32679626153618));
#2073=CARTESIAN_POINT('Ctrl Pts',(11.9197925035955,-10.9372183082981,-6.33786609760952));
#2074=CARTESIAN_POINT('Ctrl Pts',(11.9197925035955,-11.,-6.33786609760952));
#2075=CARTESIAN_POINT('',(11.7057539383615,-10.5,6.72497767539298));
#2076=CARTESIAN_POINT('Origin',(0.,-10.5,0.));
#2077=CARTESIAN_POINT('',(11.4486492981117,-10.,7.15391006714827));
#2078=CARTESIAN_POINT('Ctrl Pts',(11.4486492981117,-10.,7.15391006714827));
#2079=CARTESIAN_POINT('Ctrl Pts',(11.4486492981117,-10.0627816917018,7.15391006714827));
#2080=CARTESIAN_POINT('Ctrl Pts',(11.4553137405615,-10.1297479641329,7.14327922287736));
#2081=CARTESIAN_POINT('Ctrl Pts',(11.4822320708588,-10.2529378058148,7.09992940962529));
#2082=CARTESIAN_POINT('Ctrl Pts',(11.5024647431314,-10.3091613367705,7.06719716149114));
#2083=CARTESIAN_POINT('Ctrl Pts',(11.5487027658754,-10.3979578015824,6.99138301119563));
#2084=CARTESIAN_POINT('Ctrl Pts',(11.577787802537,-10.4364412733904,6.94324318675597));
#2085=CARTESIAN_POINT('Ctrl Pts',(11.6406826260641,-10.4874620913955,6.83727316627582));
#2086=CARTESIAN_POINT('Ctrl Pts',(11.6744707530221,-10.5,6.77943038701027));
#2087=CARTESIAN_POINT('Ctrl Pts',(11.7057539383615,-10.5,6.72497767539298));
#2088=CARTESIAN_POINT('',(11.4486492981117,-0.5,7.15391006714827));
#2089=CARTESIAN_POINT('',(11.4486492981117,0.,7.15391006714827));
#2090=CARTESIAN_POINT('',(11.7057539383615,0.,6.72497767539298));
#2091=CARTESIAN_POINT('Ctrl Pts',(11.7057539383615,-3.46944695195361E-17,
6.72497767539298));
#2092=CARTESIAN_POINT('Ctrl Pts',(11.6744707530221,-3.96124433322253E-16,
6.77943038701027));
#2093=CARTESIAN_POINT('Ctrl Pts',(11.6406826260641,-0.0125379086045181,
6.83727316627582));
#2094=CARTESIAN_POINT('Ctrl Pts',(11.577787802537,-0.0635587266095855,6.94324318675597));
#2095=CARTESIAN_POINT('Ctrl Pts',(11.5487027658754,-0.102042198417626,6.99138301119563));
#2096=CARTESIAN_POINT('Ctrl Pts',(11.5024647431314,-0.190838663229504,7.06719716149114));
#2097=CARTESIAN_POINT('Ctrl Pts',(11.4822320708588,-0.247062194185217,7.09992940962529));
#2098=CARTESIAN_POINT('Ctrl Pts',(11.4553137405615,-0.370252035867059,7.14327922287736));
#2099=CARTESIAN_POINT('Ctrl Pts',(11.4486492981117,-0.437218308298148,7.15391006714827));
#2100=CARTESIAN_POINT('Ctrl Pts',(11.4486492981117,-0.5,7.15391006714827));
#2101=CARTESIAN_POINT('',(0.5,0.,-13.490737563232));
#2102=CARTESIAN_POINT('Origin',(0.,0.,0.));
#2103=CARTESIAN_POINT('',(0.,-0.5,-13.5));
#2104=CARTESIAN_POINT('Ctrl Pts',(0.,-0.5,-13.5));
#2105=CARTESIAN_POINT('Ctrl Pts',(0.,-0.437218308298148,-13.5));
#2106=CARTESIAN_POINT('Ctrl Pts',(0.0125470836839645,-0.370252035867058,
-13.5000182785572));
#2107=CARTESIAN_POINT('Ctrl Pts',(0.0635743520666447,-0.247062194185215,
-13.4998744161744));
#2108=CARTESIAN_POINT('Ctrl Pts',(0.102054555583948,-0.190838663229504,
-13.4996872465274));
#2109=CARTESIAN_POINT('Ctrl Pts',(0.190851020395827,-0.102042198417625,
-13.4987239349424));
#2110=CARTESIAN_POINT('Ctrl Pts',(0.247088628089103,-0.0635587266095844,
-13.4978792245625));
#2111=CARTESIAN_POINT('Ctrl Pts',(0.370285480814522,-0.0125379086045172,
-13.4950615046292));
#2112=CARTESIAN_POINT('Ctrl Pts',(0.437243919024483,0.,-13.493063458339));
#2113=CARTESIAN_POINT('Ctrl Pts',(0.5,0.,-13.490737563232));
#2114=CARTESIAN_POINT('',(0.,-19.75,-13.5));
#2115=CARTESIAN_POINT('',(0.,0.,-13.5));
#2116=CARTESIAN_POINT('',(-0.5,-20.25,-13.490737563232));
#2117=CARTESIAN_POINT('Ctrl Pts',(-0.5,-20.25,-13.490737563232));
#2118=CARTESIAN_POINT('Ctrl Pts',(-0.437243919024483,-20.25,-13.493063458339));
#2119=CARTESIAN_POINT('Ctrl Pts',(-0.370285480814524,-20.2374620913955,
-13.4950615046292));
#2120=CARTESIAN_POINT('Ctrl Pts',(-0.247088628089105,-20.1864412733904,
-13.4978792245625));
#2121=CARTESIAN_POINT('Ctrl Pts',(-0.190851020395827,-20.1479578015824,
-13.4987239349424));
#2122=CARTESIAN_POINT('Ctrl Pts',(-0.102054555583948,-20.0591613367705,
-13.4996872465274));
#2123=CARTESIAN_POINT('Ctrl Pts',(-0.0635743520666458,-20.0029378058148,
-13.4998744161744));
#2124=CARTESIAN_POINT('Ctrl Pts',(-0.0125470836839648,-19.8797479641329,
-13.5000182785572));
#2125=CARTESIAN_POINT('Ctrl Pts',(6.93889390390723E-17,-19.8127816917019,
-13.5));
#2126=CARTESIAN_POINT('Ctrl Pts',(6.93889390390723E-17,-19.75,-13.5));
#2127=CARTESIAN_POINT('',(-13.5,-20.25,1.65327317884893E-15));
#2128=CARTESIAN_POINT('Origin',(0.,-20.25,0.));
#2129=CARTESIAN_POINT('',(-13.5,-10.5,1.65327317884893E-15));
#2130=CARTESIAN_POINT('',(-13.5,0.,1.65327317884893E-15));
#2131=CARTESIAN_POINT('',(-11.7057539383615,-10.5,-6.72497767539298));
#2132=CARTESIAN_POINT('Origin',(0.,-10.5,0.));
#2133=CARTESIAN_POINT('',(-11.4486492981117,-10.,-7.15391006714827));
#2134=CARTESIAN_POINT('Ctrl Pts',(-11.4486492981117,-10.,-7.15391006714827));
#2135=CARTESIAN_POINT('Ctrl Pts',(-11.4486492981117,-10.0627816917019,-7.15391006714827));
#2136=CARTESIAN_POINT('Ctrl Pts',(-11.4553137405615,-10.1297479641329,-7.14327922287736));
#2137=CARTESIAN_POINT('Ctrl Pts',(-11.4822320708588,-10.2529378058148,-7.09992940962529));
#2138=CARTESIAN_POINT('Ctrl Pts',(-11.5024647431314,-10.3091613367705,-7.06719716149114));
#2139=CARTESIAN_POINT('Ctrl Pts',(-11.5487027658754,-10.3979578015824,-6.99138301119563));
#2140=CARTESIAN_POINT('Ctrl Pts',(-11.577787802537,-10.4364412733904,-6.94324318675597));
#2141=CARTESIAN_POINT('Ctrl Pts',(-11.6406826260641,-10.4874620913955,-6.83727316627583));
#2142=CARTESIAN_POINT('Ctrl Pts',(-11.6744707530221,-10.5,-6.77943038701027));
#2143=CARTESIAN_POINT('Ctrl Pts',(-11.7057539383615,-10.5,-6.72497767539298));
#2144=CARTESIAN_POINT('',(-11.4486492981117,-0.5,-7.15391006714827));
#2145=CARTESIAN_POINT('',(-11.4486492981117,0.,-7.15391006714827));
#2146=CARTESIAN_POINT('',(-11.7057539383615,0.,-6.72497767539298));
#2147=CARTESIAN_POINT('Ctrl Pts',(-11.7057539383615,1.04083408558609E-16,
-6.72497767539298));
#2148=CARTESIAN_POINT('Ctrl Pts',(-11.6744707530221,1.18837329996679E-15,
-6.77943038701027));
#2149=CARTESIAN_POINT('Ctrl Pts',(-11.6406826260641,-0.0125379086045176,
-6.83727316627582));
#2150=CARTESIAN_POINT('Ctrl Pts',(-11.577787802537,-0.0635587266095857,
-6.94324318675597));
#2151=CARTESIAN_POINT('Ctrl Pts',(-11.5487027658754,-0.102042198417625,
-6.99138301119563));
#2152=CARTESIAN_POINT('Ctrl Pts',(-11.5024647431314,-0.190838663229504,
-7.06719716149114));
#2153=CARTESIAN_POINT('Ctrl Pts',(-11.4822320708588,-0.247062194185216,
-7.09992940962529));
#2154=CARTESIAN_POINT('Ctrl Pts',(-11.4553137405615,-0.370252035867058,
-7.14327922287736));
#2155=CARTESIAN_POINT('Ctrl Pts',(-11.4486492981117,-0.437218308298148,
-7.15391006714827));
#2156=CARTESIAN_POINT('Ctrl Pts',(-11.4486492981117,-0.5,-7.15391006714827));
#2157=CARTESIAN_POINT('Origin',(0.,0.,0.));
#2158=CARTESIAN_POINT('Origin',(0.,95.,0.));
#2159=CARTESIAN_POINT('Origin',(0.,95.,0.));
#2160=CARTESIAN_POINT('',(-1.34711147906209E-15,97.5,-11.));
#2161=CARTESIAN_POINT('Origin',(0.,97.5,0.));
#2162=CARTESIAN_POINT('Origin',(-1.34711147906209E-15,95.,-11.));
#2163=CARTESIAN_POINT('Origin',(0.,0.,0.));
#2164=CARTESIAN_POINT('',(-12.1463500387402,-20.25,5.8920438505154));
#2165=CARTESIAN_POINT('Origin',(0.,-20.25,0.));
#2166=CARTESIAN_POINT('',(-11.9197925035955,-19.75,6.33786609760952));
#2167=CARTESIAN_POINT('Ctrl Pts',(-11.9197925035955,-19.75,6.33786609760952));
#2168=CARTESIAN_POINT('Ctrl Pts',(-11.9197925035955,-19.8127816917019,6.33786609760952));
#2169=CARTESIAN_POINT('Ctrl Pts',(-11.9256991415891,-19.8797479641329,6.32679626153619));
#2170=CARTESIAN_POINT('Ctrl Pts',(-11.9495279700768,-20.0029378058148,6.28167431844982));
#2171=CARTESIAN_POINT('Ctrl Pts',(-11.9674280703692,-20.0591613367705,6.24761044455485));
#2172=CARTESIAN_POINT('Ctrl Pts',(-12.0082649318291,-20.1479578015824,6.16875557229954));
#2173=CARTESIAN_POINT('Ctrl Pts',(-12.0339210544036,-20.1864412733904,6.11870414445648));
#2174=CARTESIAN_POINT('Ctrl Pts',(-12.0892705743504,-20.2374620913955,6.00860494051417));
#2175=CARTESIAN_POINT('Ctrl Pts',(-12.1189414868162,-20.25,5.94854612276074));
#2176=CARTESIAN_POINT('Ctrl Pts',(-12.1463500387402,-20.25,5.8920438505154));
#2177=CARTESIAN_POINT('',(-11.9197925035955,-11.,6.33786609760952));
#2178=CARTESIAN_POINT('',(-11.9197925035955,-20.25,6.33786609760952));
#2179=CARTESIAN_POINT('',(-12.1463500387402,-10.5,5.8920438505154));
#2180=CARTESIAN_POINT('Ctrl Pts',(-12.1463500387402,-10.5,5.8920438505154));
#2181=CARTESIAN_POINT('Ctrl Pts',(-12.1189414868162,-10.5,5.94854612276074));
#2182=CARTESIAN_POINT('Ctrl Pts',(-12.0892705743504,-10.5125379086045,6.00860494051417));
#2183=CARTESIAN_POINT('Ctrl Pts',(-12.0339210544036,-10.5635587266096,6.11870414445648));
#2184=CARTESIAN_POINT('Ctrl Pts',(-12.0082649318291,-10.6020421984176,6.16875557229953));
#2185=CARTESIAN_POINT('Ctrl Pts',(-11.9674280703692,-10.6908386632295,6.24761044455485));
#2186=CARTESIAN_POINT('Ctrl Pts',(-11.9495279700768,-10.7470621941852,6.28167431844982));
#2187=CARTESIAN_POINT('Ctrl Pts',(-11.9256991415891,-10.8702520358671,6.32679626153618));
#2188=CARTESIAN_POINT('Ctrl Pts',(-11.9197925035955,-10.9372183082981,6.33786609760952));
#2189=CARTESIAN_POINT('Ctrl Pts',(-11.9197925035955,-11.,6.33786609760952));
#2190=CARTESIAN_POINT('Origin',(0.,-10.5,0.));
#2191=CARTESIAN_POINT('Origin',(0.,97.5,0.));
#2192=CARTESIAN_POINT('',(-3.81515448291261,97.5,-2.61442561024632));
#2193=CARTESIAN_POINT('',(-3.62348784690258,97.5,2.87418872437934));
#2194=CARTESIAN_POINT('Origin',(0.,97.5,0.));
#2195=CARTESIAN_POINT('',(-3.52399708580641,97.5,3.96510649784191));
#2196=CARTESIAN_POINT('Origin',(-4.4069446786653,97.5,3.49563493505595));
#2197=CARTESIAN_POINT('',(-3.77815339204764,97.5,4.44310498932437));
#2198=CARTESIAN_POINT('',(-3.19418421731983,97.5,3.34481870746755));
#2199=CARTESIAN_POINT('',(-5.42209706407494,97.5,4.6223899043406));
#2200=CARTESIAN_POINT('Origin',(-4.66110098490653,97.5,3.97363342653841));
#2201=CARTESIAN_POINT('',(-5.73133072813972,97.5,-4.23290362336322));
#2202=CARTESIAN_POINT('Origin',(0.,97.5,0.));
#2203=CARTESIAN_POINT('',(-4.07888533680574,97.5,-4.16873115098396));
#2204=CARTESIAN_POINT('Origin',(-4.92693343296221,97.5,-3.63881188675084));
#2205=CARTESIAN_POINT('',(-3.79200465333183,97.5,-3.70962608750568));
#2206=CARTESIAN_POINT('',(-3.41972610345391,97.5,-3.11385586971458));
#2207=CARTESIAN_POINT('Origin',(-4.64005274948831,97.5,-3.17970682327255));
#2208=CARTESIAN_POINT('',(6.71415561539327,97.5,2.38447884710329));
#2209=CARTESIAN_POINT('',(-0.80013670553692,97.5,7.07992981974063));
#2210=CARTESIAN_POINT('Origin',(0.,97.5,0.));
#2211=CARTESIAN_POINT('',(-1.57078440989934,97.5,5.6167838962892));
#2212=CARTESIAN_POINT('Origin',(-0.68783681704051,97.5,6.08625545907528));
#2213=CARTESIAN_POINT('',(-1.31662810365801,97.5,5.1387854048067));
#2214=CARTESIAN_POINT('',(-2.18942093324943,97.5,6.78026997818296));
#2215=CARTESIAN_POINT('',(-0.356581753323769,97.5,4.6112335066874));
#2216=CARTESIAN_POINT('Origin',(-0.433680510799178,97.5,5.60825696759278));
#2217=CARTESIAN_POINT('',(4.30086437403459,97.5,1.70093816353212));
#2218=CARTESIAN_POINT('Origin',(0.,97.5,0.));
#2219=CARTESIAN_POINT('',(5.19588149874459,97.5,1.06931775024971));
#2220=CARTESIAN_POINT('Origin',(5.23078099544748,97.5,2.0687085772688));
#2221=CARTESIAN_POINT('',(5.73691848845975,97.5,1.05042432224515));
#2222=CARTESIAN_POINT('',(7.0538452540045,97.5,1.00443622622754));
#2223=CARTESIAN_POINT('Origin',(5.77181798516263,97.5,2.04981514926424));
#2224=CARTESIAN_POINT('',(5.64966974670362,97.5,-1.44805274530336));
#2225=CARTESIAN_POINT('',(5.10863275698853,97.5,-1.429159317299));
#2226=CARTESIAN_POINT('',(4.40654133862384,97.5,-1.40464174471615));
#2227=CARTESIAN_POINT('',(4.17173623623517,97.5,-1.99680789643933));
#2228=CARTESIAN_POINT('Origin',(5.07373326028601,97.5,-2.4285501443181));
#2229=CARTESIAN_POINT('',(-0.677376527134798,97.5,-4.57512688791107));
#2230=CARTESIAN_POINT('Origin',(0.,97.5,0.));
#2231=CARTESIAN_POINT('',(-1.67188441294195,97.5,-5.034424248091));
#2232=CARTESIAN_POINT('Origin',(-0.823836316785565,97.5,-5.56434351232427));
#2233=CARTESIAN_POINT('',(-1.9587650964158,97.5,-5.49352931156902));
#2234=CARTESIAN_POINT('',(-2.65705533861024,97.5,-6.61102729744503));
#2235=CARTESIAN_POINT('',(-1.29205855132218,97.5,-7.00686875144349));
#2236=CARTESIAN_POINT('Origin',(-1.11071700025942,97.5,-6.0234485758023));
#2237=CARTESIAN_POINT('',(6.53146743367476,97.5,-2.8470261963751));
#2238=CARTESIAN_POINT('Origin',(0.,97.5,0.));
#2239=CARTESIAN_POINT('Origin',(5.61477025000111,97.5,-2.44744357232245));
#2240=CARTESIAN_POINT('Origin',(0.,94.,0.));
#2241=CARTESIAN_POINT('',(-1.10218211923262E-15,96.5,-9.));
#2242=CARTESIAN_POINT('Origin',(0.,96.5,0.));
#2243=CARTESIAN_POINT('',(-1.40834381901946E-15,94.,-11.5));
#2244=CARTESIAN_POINT('Origin',(-1.10218211923262E-15,94.,-9.));
#2245=CARTESIAN_POINT('',(-11.5,94.,1.40834381901946E-15));
#2246=CARTESIAN_POINT('Origin',(0.,94.,0.));
#2247=CARTESIAN_POINT('Origin',(0.,94.,0.));
#2248=CARTESIAN_POINT('Origin',(0.,96.5,0.));
#2249=CARTESIAN_POINT('',(5.10863275698853,96.5,-1.429159317299));
#2250=CARTESIAN_POINT('',(5.64966974670362,96.5,-1.44805274530336));
#2251=CARTESIAN_POINT('',(4.40654133862384,96.5,-1.40464174471615));
#2252=CARTESIAN_POINT('',(6.53146743367476,96.5,-2.8470261963751));
#2253=CARTESIAN_POINT('Origin',(5.61477025000111,96.5,-2.44744357232245));
#2254=CARTESIAN_POINT('',(-1.29205855132218,96.5,-7.00686875144349));
#2255=CARTESIAN_POINT('Origin',(0.,96.5,0.));
#2256=CARTESIAN_POINT('',(-1.9587650964158,96.5,-5.49352931156902));
#2257=CARTESIAN_POINT('Origin',(-1.11071700025942,96.5,-6.0234485758023));
#2258=CARTESIAN_POINT('',(-1.67188441294195,96.5,-5.034424248091));
#2259=CARTESIAN_POINT('',(-2.65705533861024,96.5,-6.61102729744503));
#2260=CARTESIAN_POINT('',(-0.677376527134798,96.5,-4.57512688791107));
#2261=CARTESIAN_POINT('Origin',(-0.823836316785565,96.5,-5.56434351232427));
#2262=CARTESIAN_POINT('',(4.17173623623517,96.5,-1.99680789643933));
#2263=CARTESIAN_POINT('Origin',(0.,96.5,0.));
#2264=CARTESIAN_POINT('Origin',(5.07373326028601,96.5,-2.4285501443181));
#2265=CARTESIAN_POINT('',(-0.80013670553692,96.5,7.07992981974063));
#2266=CARTESIAN_POINT('',(6.71415561539327,96.5,2.38447884710329));
#2267=CARTESIAN_POINT('Origin',(0.,96.5,0.));
#2268=CARTESIAN_POINT('',(5.73691848845975,96.5,1.05042432224515));
#2269=CARTESIAN_POINT('Origin',(5.77181798516263,96.5,2.04981514926424));
#2270=CARTESIAN_POINT('',(5.19588149874459,96.5,1.06931775024971));
#2271=CARTESIAN_POINT('',(7.0538452540045,96.5,1.00443622622754));
#2272=CARTESIAN_POINT('',(4.30086437403459,96.5,1.70093816353212));
#2273=CARTESIAN_POINT('Origin',(5.23078099544748,96.5,2.0687085772688));
#2274=CARTESIAN_POINT('',(-0.356581753323769,96.5,4.6112335066874));
#2275=CARTESIAN_POINT('Origin',(0.,96.5,0.));
#2276=CARTESIAN_POINT('',(-1.31662810365801,96.5,5.1387854048067));
#2277=CARTESIAN_POINT('Origin',(-0.433680510799178,96.5,5.60825696759278));
#2278=CARTESIAN_POINT('',(-1.57078440989934,96.5,5.6167838962892));
#2279=CARTESIAN_POINT('',(-2.18942093324943,96.5,6.78026997818296));
#2280=CARTESIAN_POINT('Origin',(-0.68783681704051,96.5,6.08625545907528));
#2281=CARTESIAN_POINT('',(-3.62348784690258,96.5,2.87418872437934));
#2282=CARTESIAN_POINT('',(-3.81515448291261,96.5,-2.61442561024632));
#2283=CARTESIAN_POINT('Origin',(0.,96.5,0.));
#2284=CARTESIAN_POINT('',(-3.79200465333183,96.5,-3.70962608750568));
#2285=CARTESIAN_POINT('Origin',(-4.64005274948831,96.5,-3.17970682327255));
#2286=CARTESIAN_POINT('',(-4.07888533680574,96.5,-4.16873115098396));
#2287=CARTESIAN_POINT('',(-3.41972610345391,96.5,-3.11385586971458));
#2288=CARTESIAN_POINT('',(-5.73133072813972,96.5,-4.23290362336322));
#2289=CARTESIAN_POINT('Origin',(-4.92693343296221,96.5,-3.63881188675084));
#2290=CARTESIAN_POINT('',(-5.42209706407494,96.5,4.6223899043406));
#2291=CARTESIAN_POINT('Origin',(0.,96.5,0.));
#2292=CARTESIAN_POINT('',(-3.77815339204764,96.5,4.44310498932437));
#2293=CARTESIAN_POINT('Origin',(-4.66110098490653,96.5,3.97363342653841));
#2294=CARTESIAN_POINT('',(-3.52399708580641,96.5,3.96510649784191));
#2295=CARTESIAN_POINT('',(-3.19418421731983,96.5,3.34481870746755));
#2296=CARTESIAN_POINT('Origin',(-4.4069446786653,96.5,3.49563493505595));
#2297=CARTESIAN_POINT('Origin',(0.,10.1,0.));
#2298=CARTESIAN_POINT('',(-11.5,10.1,-1.40834381901946E-15));
#2299=CARTESIAN_POINT('',(-11.5,10.1,1.40834381901946E-15));
#2300=CARTESIAN_POINT('Origin',(0.,10.1,0.));
#2301=CARTESIAN_POINT('Origin',(5.23078099544748,97.5,2.0687085772688));
#2302=CARTESIAN_POINT('',(4.30086437403459,97.5,1.70093816353212));
#2303=CARTESIAN_POINT('',(5.19588149874459,97.5,1.06931775024971));
#2304=CARTESIAN_POINT('Origin',(0.,97.5,0.));
#2305=CARTESIAN_POINT('',(-0.356581753323769,97.5,4.6112335066874));
#2306=CARTESIAN_POINT('Origin',(-0.433680510799178,97.5,5.60825696759278));
#2307=CARTESIAN_POINT('',(-1.31662810365801,97.5,5.1387854048067));
#2308=CARTESIAN_POINT('Origin',(-0.986815235171478,97.5,4.51849761443261));
#2309=CARTESIAN_POINT('',(-1.57078440989934,97.5,5.6167838962892));
#2310=CARTESIAN_POINT('Origin',(-4.4069446786653,97.5,3.49563493505595));
#2311=CARTESIAN_POINT('',(-3.62348784690258,97.5,2.87418872437934));
#2312=CARTESIAN_POINT('',(-3.52399708580641,97.5,3.96510649784191));
#2313=CARTESIAN_POINT('Origin',(0.,97.5,0.));
#2314=CARTESIAN_POINT('',(-3.81515448291261,97.5,-2.61442561024632));
#2315=CARTESIAN_POINT('Origin',(-4.64005274948831,97.5,-3.17970682327255));
#2316=CARTESIAN_POINT('',(-3.79200465333183,97.5,-3.70962608750568));
#2317=CARTESIAN_POINT('Origin',(-3.41972610345391,97.5,-3.11385586971458));
#2318=CARTESIAN_POINT('',(-4.07888533680574,97.5,-4.16873115098396));
#2319=CARTESIAN_POINT('Origin',(-1.11071700025942,97.5,-6.0234485758023));
#2320=CARTESIAN_POINT('',(-1.9587650964158,97.5,-5.49352931156902));
#2321=CARTESIAN_POINT('',(-1.29205855132218,97.5,-7.00686875144349));
#2322=CARTESIAN_POINT('Origin',(-2.65705533861024,97.5,-6.61102729744503));
#2323=CARTESIAN_POINT('',(-1.67188441294195,97.5,-5.034424248091));
#2324=CARTESIAN_POINT('Origin',(-0.823836316785565,97.5,-5.56434351232427));
#2325=CARTESIAN_POINT('',(-0.677376527134798,97.5,-4.57512688791107));
#2326=CARTESIAN_POINT('Origin',(0.,97.5,0.));
#2327=CARTESIAN_POINT('',(4.17173623623517,97.5,-1.99680789643933));
#2328=CARTESIAN_POINT('Origin',(5.07373326028601,97.5,-2.4285501443181));
#2329=CARTESIAN_POINT('',(5.10863275698853,97.5,-1.429159317299));
#2330=CARTESIAN_POINT('Origin',(4.40654133862384,97.5,-1.40464174471615));
#2331=CARTESIAN_POINT('',(5.64966974670362,97.5,-1.44805274530336));
#2332=CARTESIAN_POINT('Origin',(5.61477025000111,97.5,-2.44744357232245));
#2333=CARTESIAN_POINT('',(6.53146743367476,97.5,-2.8470261963751));
#2334=CARTESIAN_POINT('Origin',(0.,97.5,0.));
#2335=CARTESIAN_POINT('Origin',(5.77181798516263,97.5,2.04981514926424));
#2336=CARTESIAN_POINT('',(5.73691848845975,97.5,1.05042432224515));
#2337=CARTESIAN_POINT('',(6.71415561539327,97.5,2.38447884710329));
#2338=CARTESIAN_POINT('Origin',(7.0538452540045,97.5,1.00443622622754));
#2339=CARTESIAN_POINT('Origin',(-0.68783681704051,97.5,6.08625545907528));
#2340=CARTESIAN_POINT('',(-0.80013670553692,97.5,7.07992981974063));
#2341=CARTESIAN_POINT('Origin',(0.,97.5,0.));
#2342=CARTESIAN_POINT('Origin',(-4.92693343296221,97.5,-3.63881188675084));
#2343=CARTESIAN_POINT('',(-5.73133072813972,97.5,-4.23290362336322));
#2344=CARTESIAN_POINT('Origin',(0.,97.5,0.));
#2345=CARTESIAN_POINT('',(-5.42209706407494,97.5,4.6223899043406));
#2346=CARTESIAN_POINT('Origin',(-4.66110098490653,97.5,3.97363342653841));
#2347=CARTESIAN_POINT('',(-3.77815339204764,97.5,4.44310498932437));
#2348=CARTESIAN_POINT('Origin',(-4.39678991539738,97.5,5.60659107121786));
#2349=CARTESIAN_POINT('Origin',(0.,10.1,0.));
#2350=CARTESIAN_POINT('',(-12.1,10.1,1.4818226269683E-15));
#2351=CARTESIAN_POINT('Origin',(0.,10.1,0.));
#2352=CARTESIAN_POINT('Origin',(0.5,-0.5,-6.75));
#2353=CARTESIAN_POINT('',(0.5,0.,-12.5900754564856));
#2354=CARTESIAN_POINT('',(0.,-0.5,-12.5900754564856));
#2355=CARTESIAN_POINT('Origin',(0.5,-0.5,-12.5900754564856));
#2356=CARTESIAN_POINT('',(0.,-0.5,-6.75));
#2357=CARTESIAN_POINT('',(0.5,0.,-6.75));
#2358=CARTESIAN_POINT('Origin',(-0.499999999999999,-0.5,-12.5900754564856));
#2359=CARTESIAN_POINT('',(0.368500649928294,0.,-12.0943874285142));
#2360=CARTESIAN_POINT('',(-0.480158730158729,-0.5,-12.0904692875774));
#2361=CARTESIAN_POINT('Ctrl Pts',(0.368500649928294,5.63785129692462E-17,
-12.0943874285142));
#2362=CARTESIAN_POINT('Ctrl Pts',(0.294320789695057,-2.49073883292634E-16,
-12.0966475947995));
#2363=CARTESIAN_POINT('Ctrl Pts',(0.220768990359607,-0.0128508825664766,
-12.0981947968587));
#2364=CARTESIAN_POINT('Ctrl Pts',(0.0399646366088263,-0.0710746575947406,
-12.1004313659496));
#2365=CARTESIAN_POINT('Ctrl Pts',(-0.0535718554907116,-0.126858645760655,
-12.1001053707649));
#2366=CARTESIAN_POINT('Ctrl Pts',(-0.233869447719535,-0.255596467657877,
-12.0982100858888));
#2367=CARTESIAN_POINT('Ctrl Pts',(-0.332851260706834,-0.349564663116384,
-12.0962926448509));
#2368=CARTESIAN_POINT('Ctrl Pts',(-0.478684339569924,-0.498494271880898,
-12.0905277737313));
#2369=CARTESIAN_POINT('Ctrl Pts',(-0.479421537733011,-0.499247137502728,
-12.0904985643053));
#2370=CARTESIAN_POINT('Ctrl Pts',(-0.480158730158729,-0.5,-12.0904692875774));
#2371=CARTESIAN_POINT('Origin',(-0.499999999999999,-0.5,-12.5900754564856));
#2372=CARTESIAN_POINT('Origin',(-0.499999999999999,0.,-12.5900754564856));
#2373=CARTESIAN_POINT('Origin',(0.,0.,0.));
#2374=CARTESIAN_POINT('',(10.9419491534549,0.,6.24769947446315));
#2375=CARTESIAN_POINT('',(5.39565061386297,0.,2.78198750053269));
#2376=CARTESIAN_POINT('',(10.4518978262091,0.,6.09654261286548));
#2377=CARTESIAN_POINT('Origin',(10.4120298892217,0.,7.09574757061957));
#2378=CARTESIAN_POINT('Origin',(0.,0.,0.));
#2379=CARTESIAN_POINT('Origin',(-5.39565061386297,-0.5,-2.78198750053269));
#2380=CARTESIAN_POINT('',(-10.6769895213383,-0.5,-6.67172352254136));
#2381=CARTESIAN_POINT('',(-10.9419491534549,0.,-6.24769947446315));
#2382=CARTESIAN_POINT('Origin',(-10.9419491534549,-0.5,-6.24769947446315));
#2383=CARTESIAN_POINT('',(-5.39565061386297,0.,-2.78198750053269));
#2384=CARTESIAN_POINT('',(-5.13069098174637,-0.5,-3.2060115486109));
#2385=CARTESIAN_POINT('Origin',(-10.4120298892217,-0.5,-7.09574757061958));
#2386=CARTESIAN_POINT('',(-9.99885409996688,-0.5,-6.81417028607118));
#2387=CARTESIAN_POINT('',(-10.4518978262091,0.,-6.09654261286548));
#2388=CARTESIAN_POINT('Ctrl Pts',(-9.99885409996688,-0.5,-6.81417028607118));
#2389=CARTESIAN_POINT('Ctrl Pts',(-9.99926958063224,-0.499247137277683,
-6.8135606255579));
#2390=CARTESIAN_POINT('Ctrl Pts',(-9.99968500688991,-0.498494272105868,
-6.81295092506176));
#2391=CARTESIAN_POINT('Ctrl Pts',(-10.0818536419858,-0.349564682828368,
-6.69233239219357));
#2392=CARTESIAN_POINT('Ctrl Pts',(-10.1359321390114,-0.255596422026578,
-6.60940707330066));
#2393=CARTESIAN_POINT('Ctrl Pts',(-10.233082564724,-0.126858645760638,-6.45751044527642));
#2394=CARTESIAN_POINT('Ctrl Pts',(-10.2829258133922,-0.0710746575947336,
-6.37835975235871));
#2395=CARTESIAN_POINT('Ctrl Pts',(-10.3768408053426,-0.0128508825663561,
-6.22384376333619));
#2396=CARTESIAN_POINT('Ctrl Pts',(-10.4145052189691,1.34997455443447E-13,
-6.16064840776373));
#2397=CARTESIAN_POINT('Ctrl Pts',(-10.4518978262097,0.,-6.09654261286448));
#2398=CARTESIAN_POINT('Origin',(-10.4120298892217,0.,-7.09574757061958));
#2399=CARTESIAN_POINT('Origin',(-10.4120298892217,-0.5,-7.09574757061958));
#2400=CARTESIAN_POINT('Origin',(-10.4120298892217,0.,-7.09574757061958));
#2401=CARTESIAN_POINT('',(-10.6769895213383,-10.,-6.67172352254137));
#2402=CARTESIAN_POINT('',(-10.6769895213383,0.,-6.67172352254136));
#2403=CARTESIAN_POINT('',(-9.99885409996688,-10.,-6.81417028607118));
#2404=CARTESIAN_POINT('Origin',(-10.4120298892217,-10.,-7.09574757061958));
#2405=CARTESIAN_POINT('',(-9.99885409996688,0.,-6.81417028607118));
#2406=CARTESIAN_POINT('Origin',(-10.2613819634928,0.,-6.41202309722179));
#2407=CARTESIAN_POINT('',(-5.13069098174637,-10.,-3.2060115486109));
#2408=CARTESIAN_POINT('Origin',(5.39565061386297,-0.5,2.78198750053269));
#2409=CARTESIAN_POINT('',(10.6769895213383,-0.5,6.67172352254136));
#2410=CARTESIAN_POINT('Origin',(10.9419491534549,-0.5,6.24769947446315));
#2411=CARTESIAN_POINT('',(5.13069098174637,-0.5,3.2060115486109));
#2412=CARTESIAN_POINT('Origin',(10.4120298892217,-0.5,7.09574757061957));
#2413=CARTESIAN_POINT('',(9.99885409996689,-0.5,6.81417028607118));
#2414=CARTESIAN_POINT('Ctrl Pts',(9.99885409996689,-0.5,6.81417028607118));
#2415=CARTESIAN_POINT('Ctrl Pts',(9.99926958056385,-0.499247137401598,6.81356062565824));
#2416=CARTESIAN_POINT('Ctrl Pts',(9.99968500695838,-0.498494271982135,6.81295092496124));
#2417=CARTESIAN_POINT('Ctrl Pts',(10.0818536480401,-0.34956467183725,6.69233238330627));
#2418=CARTESIAN_POINT('Ctrl Pts',(10.135932119811,-0.255596447469837,6.60940710332094));
#2419=CARTESIAN_POINT('Ctrl Pts',(10.233082564724,-0.126858645760706,6.4575104452765));
#2420=CARTESIAN_POINT('Ctrl Pts',(10.2829258133921,-0.0710746575947614,
6.37835975235878));
#2421=CARTESIAN_POINT('Ctrl Pts',(10.3768408053427,-0.0128508825663561,
6.22384376333619));
#2422=CARTESIAN_POINT('Ctrl Pts',(10.4145052189691,1.35017279942982E-13,
6.16064840776372));
#2423=CARTESIAN_POINT('Ctrl Pts',(10.4518978262097,-9.75781955236954E-18,
6.09654261286447));
#2424=CARTESIAN_POINT('Origin',(10.4120298892217,-0.5,7.09574757061957));
#2425=CARTESIAN_POINT('Origin',(10.4120298892217,0.,7.09574757061957));
#2426=CARTESIAN_POINT('',(10.6769895213383,-10.,6.67172352254136));
#2427=CARTESIAN_POINT('',(10.6769895213383,0.,6.67172352254136));
#2428=CARTESIAN_POINT('',(9.99885409996689,-10.,6.81417028607118));
#2429=CARTESIAN_POINT('Origin',(10.4120298892217,-10.,7.09574757061957));
#2430=CARTESIAN_POINT('',(9.99885409996689,0.,6.81417028607118));
#2431=CARTESIAN_POINT('Origin',(10.2613819634927,0.,6.41202309722178));
#2432=CARTESIAN_POINT('',(5.13069098174637,-10.,3.2060115486109));
#2433=CARTESIAN_POINT('Origin',(-0.5,-0.5,6.75));
#2434=CARTESIAN_POINT('',(-0.5,0.,12.5900754564856));
#2435=CARTESIAN_POINT('',(-6.93889390390723E-17,-0.5,12.5900754564856));
#2436=CARTESIAN_POINT('Origin',(-0.5,-0.5,12.5900754564856));
#2437=CARTESIAN_POINT('',(4.85722573273506E-16,-0.5,6.75));
#2438=CARTESIAN_POINT('',(-0.5,0.,6.75));
#2439=CARTESIAN_POINT('Origin',(0.500000000000001,-0.5,12.5900754564856));
#2440=CARTESIAN_POINT('',(-0.368500649928292,0.,12.0943874285142));
#2441=CARTESIAN_POINT('',(0.480158730158731,-0.5,12.0904692875774));
#2442=CARTESIAN_POINT('Ctrl Pts',(-0.368500649928292,4.11996825544492E-17,
12.0943874285142));
#2443=CARTESIAN_POINT('Ctrl Pts',(-0.294320789695056,-2.71194816658473E-16,
12.0966475947995));
#2444=CARTESIAN_POINT('Ctrl Pts',(-0.220768990359606,-0.0128508825664764,
12.0981947968587));
#2445=CARTESIAN_POINT('Ctrl Pts',(-0.0399646366088121,-0.0710746575947445,
12.1004313659496));
#2446=CARTESIAN_POINT('Ctrl Pts',(0.0535718554907274,-0.126858645760665,
12.1001053707649));
#2447=CARTESIAN_POINT('Ctrl Pts',(0.233869446591306,-0.255596466852286,
12.0982100859007));
#2448=CARTESIAN_POINT('Ctrl Pts',(0.332851261047234,-0.349564663464578,
12.0962926448374));
#2449=CARTESIAN_POINT('Ctrl Pts',(0.478684339576686,-0.49849427188779,12.0905277737311));
#2450=CARTESIAN_POINT('Ctrl Pts',(0.479421537726503,-0.49924713749608,12.0904985643055));
#2451=CARTESIAN_POINT('Ctrl Pts',(0.480158730158731,-0.5,12.0904692875774));
#2452=CARTESIAN_POINT('Origin',(0.500000000000001,-0.5,12.5900754564856));
#2453=CARTESIAN_POINT('Origin',(0.500000000000001,0.,12.5900754564856));
#2454=CARTESIAN_POINT('Origin',(0.,0.,0.));
#2455=CARTESIAN_POINT('',(-12.1,0.,1.4818226269683E-15));
#2456=CARTESIAN_POINT('Origin',(0.,0.,0.));
#2457=CARTESIAN_POINT('Origin',(0.,0.,0.));
#2458=CARTESIAN_POINT('Ctrl Pts',(-10.6769895213383,-10.,-6.67172352254137));
#2459=CARTESIAN_POINT('Ctrl Pts',(-10.6769895213383,-10.1122091908041,-6.67172352254137));
#2460=CARTESIAN_POINT('Ctrl Pts',(-10.7336715366735,-10.3743627901086,-6.59923190945077));
#2461=CARTESIAN_POINT('Ctrl Pts',(-10.8727988987353,-10.5,-6.3807701798858));
#2462=CARTESIAN_POINT('Ctrl Pts',(-10.9419491534549,-10.5,-6.24769947446316));
#2463=CARTESIAN_POINT('Ctrl Pts',(-10.5687854135282,-10.,-6.60411009182015));
#2464=CARTESIAN_POINT('Ctrl Pts',(-10.5687854135282,-10.1131354897828,-6.60411009182015));
#2465=CARTESIAN_POINT('Ctrl Pts',(-10.6254834514586,-10.3765999369422,-6.52745815902509));
#2466=CARTESIAN_POINT('Ctrl Pts',(-10.7599683010761,-10.4984118240692,-6.31239741996858));
#2467=CARTESIAN_POINT('Ctrl Pts',(-10.8282747252921,-10.5,-6.18279297059143));
#2468=CARTESIAN_POINT('Ctrl Pts',(-10.2987433766403,-10.,-6.55643312751521));
#2469=CARTESIAN_POINT('Ctrl Pts',(-10.2987433766403,-10.1387593504861,-6.55643312751521));
#2470=CARTESIAN_POINT('Ctrl Pts',(-10.3626247908526,-10.4605347210887,-6.46025531533425));
#2471=CARTESIAN_POINT('Ctrl Pts',(-10.5175142150261,-10.6054393222763,-6.20466791166731));
#2472=CARTESIAN_POINT('Ctrl Pts',(-10.6018323752021,-10.6083447888594,-6.05349756519221));
#2473=CARTESIAN_POINT('Ctrl Pts',(-10.0707080879476,-10.,-6.7087344791926));
#2474=CARTESIAN_POINT('Ctrl Pts',(-10.0707080879476,-10.1957145225976,-6.7087344791926));
#2475=CARTESIAN_POINT('Ctrl Pts',(-10.158045703831,-10.6522877811121,-6.58015617825989));
#2476=CARTESIAN_POINT('Ctrl Pts',(-10.3846734865306,-10.8681018773927,-6.21525166707876));
#2477=CARTESIAN_POINT('Ctrl Pts',(-10.5077448219686,-10.8691003061004,-5.99977489214319));
#2478=CARTESIAN_POINT('Ctrl Pts',(-9.99885409996688,-10.,-6.81417028607119));
#2479=CARTESIAN_POINT('Ctrl Pts',(-9.99885409996688,-10.2244183816081,-6.81417028607119));
#2480=CARTESIAN_POINT('Ctrl Pts',(-10.0998570811549,-10.7487255802171,-6.67002734171085));
#2481=CARTESIAN_POINT('Ctrl Pts',(-10.3652623064863,-11.,-6.24931257333869));
#2482=CARTESIAN_POINT('Ctrl Pts',(-10.5077448219686,-11.,-5.99977489214319));
#2483=CARTESIAN_POINT('',(-10.9419491534549,-10.5,-6.24769947446316));
#2484=CARTESIAN_POINT('Ctrl Pts',(-10.6769895213383,-10.,-6.67172352254137));
#2485=CARTESIAN_POINT('Ctrl Pts',(-10.6769895213383,-10.1122091908041,-6.67172352254137));
#2486=CARTESIAN_POINT('Ctrl Pts',(-10.7336715366735,-10.3743627901086,-6.59923190945077));
#2487=CARTESIAN_POINT('Ctrl Pts',(-10.8727988987353,-10.5,-6.3807701798858));
#2488=CARTESIAN_POINT('Ctrl Pts',(-10.9419491534549,-10.5,-6.24769947446316));
#2489=CARTESIAN_POINT('',(-10.5077448219686,-11.,-5.99977489214319));
#2490=CARTESIAN_POINT('Origin',(-10.9419491534549,-11.,-6.24769947446315));
#2491=CARTESIAN_POINT('Ctrl Pts',(-10.5077448219686,-11.,-5.99977489214319));
#2492=CARTESIAN_POINT('Ctrl Pts',(-10.3652623064863,-11.,-6.24931257333869));
#2493=CARTESIAN_POINT('Ctrl Pts',(-10.0998570811549,-10.7487255802171,-6.67002734171085));
#2494=CARTESIAN_POINT('Ctrl Pts',(-9.99885409996688,-10.2244183816081,-6.81417028607119));
#2495=CARTESIAN_POINT('Ctrl Pts',(-9.99885409996688,-10.,-6.81417028607119));
#2496=CARTESIAN_POINT('Origin',(-11.3511125996091,-11.,5.46920860371909));
#2497=CARTESIAN_POINT('',(-11.1163768182162,-11.,5.91068240014855));
#2498=CARTESIAN_POINT('',(-11.3511125996091,-10.5,5.46920860371909));
#2499=CARTESIAN_POINT('Origin',(-11.3511125996091,-11.,5.46920860371909));
#2500=CARTESIAN_POINT('Origin',(-11.3511125996091,-11.,5.46920860371909));
#2501=CARTESIAN_POINT('Origin',(-11.3511125996091,-11.,5.46920860371909));
#2502=CARTESIAN_POINT('Origin',(-11.3511125996091,-19.75,5.46920860371909));
#2503=CARTESIAN_POINT('',(-11.3511125996091,-20.25,5.46920860371909));
#2504=CARTESIAN_POINT('',(-11.1163768182162,-19.75,5.91068240014855));
#2505=CARTESIAN_POINT('Origin',(-11.3511125996091,-19.75,5.46920860371909));
#2506=CARTESIAN_POINT('Origin',(-11.3511125996091,-19.75,5.46920860371909));
#2507=CARTESIAN_POINT('Origin',(-11.3511125996091,-19.75,5.46920860371909));
#2508=CARTESIAN_POINT('Origin',(-0.499999999999999,-19.75,-12.5900754564856));
#2509=CARTESIAN_POINT('',(0.,-19.75,-12.5900754564856));
#2510=CARTESIAN_POINT('',(-0.5,-20.25,-12.5900754564856));
#2511=CARTESIAN_POINT('Origin',(-0.5,-19.75,-12.5900754564856));
#2512=CARTESIAN_POINT('',(-0.480158730158731,-19.75,-12.0904692875774));
#2513=CARTESIAN_POINT('Origin',(-0.499999999999999,-19.75,-12.5900754564856));
#2514=CARTESIAN_POINT('Origin',(-0.499999999999999,-19.75,-12.5900754564856));
#2515=CARTESIAN_POINT('Origin',(-0.499999999999999,0.,-12.5900754564856));
#2516=CARTESIAN_POINT('',(-0.480158730158729,0.,-12.0904692875774));
#2517=CARTESIAN_POINT('',(0.,0.,-12.5900754564856));
#2518=CARTESIAN_POINT('Origin',(0.,-19.75,0.));
#2519=CARTESIAN_POINT('Origin',(0.,-20.25,0.));
#2520=CARTESIAN_POINT('Origin',(0.,-19.75,0.));
#2521=CARTESIAN_POINT('Origin',(-0.5,-19.75,-11.7280057743054));
#2522=CARTESIAN_POINT('',(0.,-19.75,-11.7280057743054));
#2523=CARTESIAN_POINT('',(-0.5,-20.25,-11.7280057743054));
#2524=CARTESIAN_POINT('Origin',(-11.3511125996091,0.,5.46920860371909));
#2525=CARTESIAN_POINT('',(-11.1163768182162,0.,5.91068240014855));
#2526=CARTESIAN_POINT('Origin',(-6.36248671403576,-19.75,2.81670916932912));
#2527=CARTESIAN_POINT('',(-6.36248671403576,-20.25,2.81670916932912));
#2528=CARTESIAN_POINT('',(-6.12775093264282,-19.75,3.25818296575858));
#2529=CARTESIAN_POINT('Origin',(0.,-11.,0.));
#2530=CARTESIAN_POINT('Origin',(0.,-10.5,0.));
#2531=CARTESIAN_POINT('Origin',(0.,-11.,0.));
#2532=CARTESIAN_POINT('Origin',(-6.19463203319071,-11.,2.72745925237528));
#2533=CARTESIAN_POINT('',(-5.95989625179777,-11.,3.16893304880474));
#2534=CARTESIAN_POINT('',(-6.19463203319071,-10.5,2.72745925237528));
#2535=CARTESIAN_POINT('Origin',(-5.39565061386297,-10.,-2.78198750053269));
#2536=CARTESIAN_POINT('',(-5.39565061386297,-10.5,-2.78198750053269));
#2537=CARTESIAN_POINT('Origin',(0.,0.,-13.5));
#2538=CARTESIAN_POINT('Origin',(-5.72432464905587,-20.25,-9.9560115486109));
#2539=CARTESIAN_POINT('Origin',(-11.9197925035955,-20.25,6.33786609760952));
#2540=CARTESIAN_POINT('Origin',(0.,-10.5,-1.11022302462516E-15));
#2541=CARTESIAN_POINT('Origin',(0.500000000000001,-19.75,12.5900754564856));
#2542=CARTESIAN_POINT('',(-6.93889390390723E-17,-19.75,12.5900754564856));
#2543=CARTESIAN_POINT('',(0.5,-20.25,12.5900754564856));
#2544=CARTESIAN_POINT('Origin',(0.5,-19.75,12.5900754564856));
#2545=CARTESIAN_POINT('',(0.480158730158731,-19.75,12.0904692875774));
#2546=CARTESIAN_POINT('Origin',(0.500000000000001,-19.75,12.5900754564856));
#2547=CARTESIAN_POINT('Origin',(0.499999999999999,-19.75,12.5900754564856));
#2548=CARTESIAN_POINT('Origin',(0.500000000000001,0.,12.5900754564856));
#2549=CARTESIAN_POINT('',(0.480158730158731,0.,12.0904692875774));
#2550=CARTESIAN_POINT('',(-6.93889390390723E-17,0.,12.5900754564856));
#2551=CARTESIAN_POINT('Origin',(11.3511125996091,-19.75,-5.46920860371909));
#2552=CARTESIAN_POINT('',(11.3511125996091,-20.25,-5.46920860371909));
#2553=CARTESIAN_POINT('',(11.1163768182162,-19.75,-5.91068240014855));
#2554=CARTESIAN_POINT('Origin',(11.3511125996091,-19.75,-5.46920860371909));
#2555=CARTESIAN_POINT('',(10.9006716234342,-19.75,-5.25217651626992));
#2556=CARTESIAN_POINT('Origin',(11.3511125996091,-19.75,-5.46920860371909));
#2557=CARTESIAN_POINT('Origin',(11.3511125996091,-19.75,-5.46920860371909));
#2558=CARTESIAN_POINT('Origin',(0.,-19.75,0.));
#2559=CARTESIAN_POINT('Origin',(0.,-20.25,0.));
#2560=CARTESIAN_POINT('Origin',(0.,-19.75,0.));
#2561=CARTESIAN_POINT('Origin',(11.3511125996091,-11.,-5.46920860371909));
#2562=CARTESIAN_POINT('',(11.1163768182162,-11.,-5.91068240014855));
#2563=CARTESIAN_POINT('',(11.3511125996091,-10.5,-5.46920860371909));
#2564=CARTESIAN_POINT('Origin',(11.3511125996091,-11.,-5.46920860371909));
#2565=CARTESIAN_POINT('',(10.9006716234342,-11.,-5.25217651626992));
#2566=CARTESIAN_POINT('Origin',(11.3511125996091,-11.,-5.46920860371909));
#2567=CARTESIAN_POINT('Origin',(11.3511125996091,-11.,-5.46920860371909));
#2568=CARTESIAN_POINT('Origin',(11.3511125996091,0.,-5.46920860371909));
#2569=CARTESIAN_POINT('',(11.1163768182162,0.,-5.91068240014855));
#2570=CARTESIAN_POINT('',(10.9006716234342,0.,-5.25217651626992));
#2571=CARTESIAN_POINT('Ctrl Pts',(10.6769895213383,-10.,6.67172352254136));
#2572=CARTESIAN_POINT('Ctrl Pts',(10.6769895213383,-10.1122091908041,6.67172352254136));
#2573=CARTESIAN_POINT('Ctrl Pts',(10.7336715366735,-10.3743627901085,6.59923190945076));
#2574=CARTESIAN_POINT('Ctrl Pts',(10.8727988987353,-10.5,6.3807701798858));
#2575=CARTESIAN_POINT('Ctrl Pts',(10.9419491534549,-10.5,6.24769947446315));
#2576=CARTESIAN_POINT('Ctrl Pts',(10.5687854135282,-10.,6.60411009182014));
#2577=CARTESIAN_POINT('Ctrl Pts',(10.5687854135282,-10.1131354897828,6.60411009182014));
#2578=CARTESIAN_POINT('Ctrl Pts',(10.6254834514586,-10.3765999369422,6.52745815902508));
#2579=CARTESIAN_POINT('Ctrl Pts',(10.7599683010761,-10.4984118240692,6.31239741996858));
#2580=CARTESIAN_POINT('Ctrl Pts',(10.8282747252921,-10.5,6.18279297059142));
#2581=CARTESIAN_POINT('Ctrl Pts',(10.2987433766403,-10.,6.55643312751521));
#2582=CARTESIAN_POINT('Ctrl Pts',(10.2987433766403,-10.1387593504861,6.55643312751521));
#2583=CARTESIAN_POINT('Ctrl Pts',(10.3626247908526,-10.4605347210887,6.46025531533424));
#2584=CARTESIAN_POINT('Ctrl Pts',(10.5175142150261,-10.6054393222763,6.20466791166731));
#2585=CARTESIAN_POINT('Ctrl Pts',(10.6018323752021,-10.6083447888594,6.05349756519221));
#2586=CARTESIAN_POINT('Ctrl Pts',(10.0707080879476,-10.,6.7087344791926));
#2587=CARTESIAN_POINT('Ctrl Pts',(10.0707080879476,-10.1957145225976,6.7087344791926));
#2588=CARTESIAN_POINT('Ctrl Pts',(10.158045703831,-10.6522877811121,6.58015617825988));
#2589=CARTESIAN_POINT('Ctrl Pts',(10.3846734865306,-10.8681018773927,6.21525166707876));
#2590=CARTESIAN_POINT('Ctrl Pts',(10.5077448219686,-10.8691003061004,5.99977489214319));
#2591=CARTESIAN_POINT('Ctrl Pts',(9.99885409996689,-10.,6.81417028607118));
#2592=CARTESIAN_POINT('Ctrl Pts',(9.99885409996689,-10.2244183816081,6.81417028607118));
#2593=CARTESIAN_POINT('Ctrl Pts',(10.0998570811549,-10.7487255802171,6.67002734171084));
#2594=CARTESIAN_POINT('Ctrl Pts',(10.3652623064863,-11.,6.24931257333869));
#2595=CARTESIAN_POINT('Ctrl Pts',(10.5077448219686,-11.,5.99977489214319));
#2596=CARTESIAN_POINT('',(10.9419491534549,-10.5,6.24769947446315));
#2597=CARTESIAN_POINT('Ctrl Pts',(10.6769895213383,-10.,6.67172352254136));
#2598=CARTESIAN_POINT('Ctrl Pts',(10.6769895213383,-10.1122091908041,6.67172352254136));
#2599=CARTESIAN_POINT('Ctrl Pts',(10.7336715366735,-10.3743627901085,6.59923190945076));
#2600=CARTESIAN_POINT('Ctrl Pts',(10.8727988987353,-10.5,6.3807701798858));
#2601=CARTESIAN_POINT('Ctrl Pts',(10.9419491534549,-10.5,6.24769947446315));
#2602=CARTESIAN_POINT('',(10.5077448219686,-11.,5.99977489214318));
#2603=CARTESIAN_POINT('Origin',(10.9419491534549,-11.,6.24769947446315));
#2604=CARTESIAN_POINT('Ctrl Pts',(10.5077448219686,-11.,5.99977489214319));
#2605=CARTESIAN_POINT('Ctrl Pts',(10.3652623064863,-11.,6.24931257333869));
#2606=CARTESIAN_POINT('Ctrl Pts',(10.0998570811549,-10.7487255802171,6.67002734171084));
#2607=CARTESIAN_POINT('Ctrl Pts',(9.99885409996689,-10.2244183816081,6.81417028607118));
#2608=CARTESIAN_POINT('Ctrl Pts',(9.99885409996689,-10.,6.81417028607118));
#2609=CARTESIAN_POINT('Origin',(0.,-11.,0.));
#2610=CARTESIAN_POINT('Origin',(0.,-10.5,0.));
#2611=CARTESIAN_POINT('Origin',(0.,-11.,0.));
#2612=CARTESIAN_POINT('Origin',(5.39565061386297,-10.,2.78198750053269));
#2613=CARTESIAN_POINT('',(5.39565061386297,-10.5,2.78198750053269));
#2614=CARTESIAN_POINT('Origin',(6.19463203319071,-11.,-2.72745925237528));
#2615=CARTESIAN_POINT('',(5.95989625179777,-11.,-3.16893304880474));
#2616=CARTESIAN_POINT('',(6.19463203319071,-10.5,-2.72745925237528));
#2617=CARTESIAN_POINT('Origin',(6.36248671403577,-19.75,-2.81670916932912));
#2618=CARTESIAN_POINT('',(6.36248671403577,-20.25,-2.81670916932912));
#2619=CARTESIAN_POINT('',(6.12775093264282,-19.75,-3.25818296575858));
#2620=CARTESIAN_POINT('Origin',(0.5,-19.75,11.7280057743054));
#2621=CARTESIAN_POINT('',(0.,-19.75,11.7280057743054));
#2622=CARTESIAN_POINT('',(0.5,-20.25,11.7280057743054));
#2623=CARTESIAN_POINT('Origin',(-1.2490009027033E-16,0.,13.5));
#2624=CARTESIAN_POINT('Origin',(5.72432464905587,-20.25,9.95601154861089));
#2625=CARTESIAN_POINT('Origin',(11.9197925035955,-20.25,-6.33786609760952));
#2626=CARTESIAN_POINT('Origin',(0.,-10.5,-1.11022302462516E-15));
#2627=CARTESIAN_POINT('Origin',(0.,0.,0.));
#2628=CARTESIAN_POINT('',(-12.1,0.,1.4818226269683E-15));
#2629=UNCERTAINTY_MEASURE_WITH_UNIT(LENGTH_MEASURE(0.01),#2633,
'DISTANCE_ACCURACY_VALUE',
'Maximum model space distance between geometric entities at asserted c
onnectivities');
#2630=UNCERTAINTY_MEASURE_WITH_UNIT(LENGTH_MEASURE(0.01),#2633,
'DISTANCE_ACCURACY_VALUE',
'Maximum model space distance between geometric entities at asserted c
onnectivities');
#2631=(
GEOMETRIC_REPRESENTATION_CONTEXT(3)
GLOBAL_UNCERTAINTY_ASSIGNED_CONTEXT((#2629))
GLOBAL_UNIT_ASSIGNED_CONTEXT((#2633,#2634,#2635))
REPRESENTATION_CONTEXT('','3D')
);
#2632=(
GEOMETRIC_REPRESENTATION_CONTEXT(3)
GLOBAL_UNCERTAINTY_ASSIGNED_CONTEXT((#2630))
GLOBAL_UNIT_ASSIGNED_CONTEXT((#2633,#2634,#2635))
REPRESENTATION_CONTEXT('','3D')
);
#2633=(
LENGTH_UNIT()
NAMED_UNIT(*)
SI_UNIT(.MILLI.,.METRE.)
);
#2634=(
NAMED_UNIT(*)
PLANE_ANGLE_UNIT()
SI_UNIT($,.RADIAN.)
);
#2635=(
NAMED_UNIT(*)
SI_UNIT($,.STERADIAN.)
SOLID_ANGLE_UNIT()
);
#2636=SHAPE_DEFINITION_REPRESENTATION(#2637,#2638);
#2637=PRODUCT_DEFINITION_SHAPE('',$,#2640);
#2638=SHAPE_REPRESENTATION('',(#1381),#2631);
#2639=PRODUCT_DEFINITION_CONTEXT('part definition',#2644,'design');
#2640=PRODUCT_DEFINITION('distal_needle_cover_rev_D',
'distal_needle_cover_rev_D v5',#2641,#2639);
#2641=PRODUCT_DEFINITION_FORMATION('',$,#2646);
#2642=PRODUCT_RELATED_PRODUCT_CATEGORY('distal_needle_cover_rev_D v5',
'distal_needle_cover_rev_D v5',(#2646));
#2643=APPLICATION_PROTOCOL_DEFINITION('international standard',
'automotive_design',2009,#2644);
#2644=APPLICATION_CONTEXT(
'Core Data for Automotive Mechanical Design Process');
#2645=PRODUCT_CONTEXT('part definition',#2644,'mechanical');
#2646=PRODUCT('distal_needle_cover_rev_D',
'distal_needle_cover_rev_D v5',$,(#2645));
#2647=PRESENTATION_STYLE_ASSIGNMENT((#2649));
#2648=PRESENTATION_STYLE_ASSIGNMENT((#2650));
#2649=SURFACE_STYLE_USAGE(.BOTH.,#2651);
#2650=SURFACE_STYLE_USAGE(.BOTH.,#2652);
#2651=SURFACE_SIDE_STYLE('',(#2653));
#2652=SURFACE_SIDE_STYLE('',(#2654));
#2653=SURFACE_STYLE_FILL_AREA(#2655);
#2654=SURFACE_STYLE_FILL_AREA(#2656);
#2655=FILL_AREA_STYLE('ABS (White)',(#2657));
#2656=FILL_AREA_STYLE('Plastic - Matte (Gray)',(#2658));
#2657=FILL_AREA_STYLE_COLOUR('ABS (White)',#2659);
#2658=FILL_AREA_STYLE_COLOUR('Plastic - Matte (Gray)',#2660);
#2659=COLOUR_RGB('ABS (White)',0.964705882352941,0.964705882352941,0.952941176470588);
#2660=COLOUR_RGB('Plastic - Matte (Gray)',0.701960784313725,0.701960784313725,
0.701960784313725);
ENDSEC;
END-ISO-10303-21;
