ISO-10303-21;
HEADER;
/* Generated by software containing ST-Developer
 * from STEP Tools, Inc. (www.steptools.com) 
 */

FILE_DESCRIPTION(
/* description */ (''),
/* implementation_level */ '2;1');

FILE_NAME(
/* name */ 'STEP_proximal_needle_cover_rev_D_v2.step',
/* time_stamp */ '2025-05-31T04:57:14-04:00',
/* author */ (''),
/* organization */ (''),
/* preprocessor_version */ 'ST-DEVELOPER v20.1',
/* originating_system */ 'Autodesk Translation Framework v14.10.0.0',
/* authorisation */ '');

FILE_SCHEMA (('AUTOMOTIVE_DESIGN { 1 0 10303 214 3 1 1 }'));
ENDSEC;

DATA;
#10=MECHANICAL_DESIGN_GEOMETRIC_PRESENTATION_REPRESENTATION('',(#13),#4470);
#11=SHAPE_REPRESENTATION_RELATIONSHIP('SRR','None',#4477,#12);
#12=ADVANCED_BREP_SHAPE_REPRESENTATION('',(#14),#4469);
#13=STYLED_ITEM('',(#4487),#14);
#14=MANIFOLD_SOLID_BREP('Body1',#1999);
#15=B_SPLINE_SURFACE_WITH_KNOTS('',3,3,((#2976,#2977,#2978,#2979,#2980),
(#2981,#2982,#2983,#2984,#2985),(#2986,#2987,#2988,#2989,#2990),(#2991,
#2992,#2993,#2994,#2995),(#2996,#2997,#2998,#2999,#3000)),.UNSPECIFIED.,
 .F.,.F.,.F.,(4,1,4),(4,1,4),(0.,0.5,1.),(0.,0.0196438158513661,0.0392876317027322),
 .UNSPECIFIED.);
#16=B_SPLINE_SURFACE_WITH_KNOTS('',3,3,((#3020,#3021,#3022,#3023,#3024),
(#3025,#3026,#3027,#3028,#3029),(#3030,#3031,#3032,#3033,#3034),(#3035,
#3036,#3037,#3038,#3039),(#3040,#3041,#3042,#3043,#3044)),.UNSPECIFIED.,
 .F.,.F.,.F.,(4,1,4),(4,1,4),(0.,0.5,1.),(4.46001348227026E-17,0.0196438137771848,
0.0392876275543695),.UNSPECIFIED.);
#17=B_SPLINE_SURFACE_WITH_KNOTS('',3,3,((#3064,#3065,#3066,#3067,#3068),
(#3069,#3070,#3071,#3072,#3073),(#3074,#3075,#3076,#3077,#3078),(#3079,
#3080,#3081,#3082,#3083),(#3084,#3085,#3086,#3087,#3088)),.UNSPECIFIED.,
 .F.,.F.,.F.,(4,1,4),(4,1,4),(0.,0.5,1.),(7.39557098644714E-32,0.0673322705477132,
0.117831473458498),.UNSPECIFIED.);
#18=B_SPLINE_SURFACE_WITH_KNOTS('',3,3,((#3108,#3109,#3110,#3111,#3112),
(#3113,#3114,#3115,#3116,#3117),(#3118,#3119,#3120,#3121,#3122),(#3123,
#3124,#3125,#3126,#3127),(#3128,#3129,#3130,#3131,#3132)),.UNSPECIFIED.,
 .F.,.F.,.F.,(4,1,4),(4,1,4),(0.,0.5,1.),(2.34150707819171E-18,0.0196438135225446,
0.0392876270450893),.UNSPECIFIED.);
#19=B_SPLINE_SURFACE_WITH_KNOTS('',3,3,((#3152,#3153,#3154,#3155,#3156),
(#3157,#3158,#3159,#3160,#3161),(#3162,#3163,#3164,#3165,#3166),(#3167,
#3168,#3169,#3170,#3171),(#3172,#3173,#3174,#3175,#3176)),.UNSPECIFIED.,
 .F.,.F.,.F.,(4,1,4),(4,1,4),(0.,0.5,1.),(8.67361737988441E-19,0.0196438158650749,
0.0392876317301497),.UNSPECIFIED.);
#20=B_SPLINE_SURFACE_WITH_KNOTS('',3,3,((#3196,#3197,#3198,#3199,#3200),
(#3201,#3202,#3203,#3204,#3205),(#3206,#3207,#3208,#3209,#3210),(#3211,
#3212,#3213,#3214,#3215),(#3216,#3217,#3218,#3219,#3220)),.UNSPECIFIED.,
 .F.,.F.,.F.,(4,1,4),(4,1,4),(0.,0.5,1.),(0.,0.0673322554817926,0.117831447093137),
 .UNSPECIFIED.);
#21=B_SPLINE_SURFACE_WITH_KNOTS('',3,3,((#3240,#3241,#3242,#3243,#3244),
(#3245,#3246,#3247,#3248,#3249),(#3250,#3251,#3252,#3253,#3254),(#3255,
#3256,#3257,#3258,#3259),(#3260,#3261,#3262,#3263,#3264)),.UNSPECIFIED.,
 .F.,.F.,.F.,(4,1,4),(4,1,4),(0.,0.5,1.),(6.54816181091638E-33,0.0504992029107849,
0.117831473458498),.UNSPECIFIED.);
#22=B_SPLINE_SURFACE_WITH_KNOTS('',3,3,((#3284,#3285,#3286,#3287,#3288),
(#3289,#3290,#3291,#3292,#3293),(#3294,#3295,#3296,#3297,#3298),(#3299,
#3300,#3301,#3302,#3303),(#3304,#3305,#3306,#3307,#3308)),.UNSPECIFIED.,
 .F.,.F.,.F.,(4,1,4),(4,1,4),(0.,0.5,1.),(6.76693347628472E-16,0.0504991848283174,
0.117831431266073),.UNSPECIFIED.);
#23=B_SPLINE_SURFACE_WITH_KNOTS('',3,3,((#3333,#3334,#3335,#3336,#3337),
(#3338,#3339,#3340,#3341,#3342),(#3343,#3344,#3345,#3346,#3347),(#3348,
#3349,#3350,#3351,#3352),(#3353,#3354,#3355,#3356,#3357)),.UNSPECIFIED.,
 .F.,.F.,.F.,(4,1,4),(4,1,4),(0.,0.5,1.),(0.,0.0196438158513661,0.0392876317027321),
 .UNSPECIFIED.);
#24=B_SPLINE_SURFACE_WITH_KNOTS('',3,3,((#3377,#3378,#3379,#3380,#3381),
(#3382,#3383,#3384,#3385,#3386),(#3387,#3388,#3389,#3390,#3391),(#3392,
#3393,#3394,#3395,#3396),(#3397,#3398,#3399,#3400,#3401)),.UNSPECIFIED.,
 .F.,.F.,.F.,(4,1,4),(4,1,4),(0.,0.5,1.),(0.,0.0196438137771847,0.0392876275543695),
 .UNSPECIFIED.);
#25=B_SPLINE_SURFACE_WITH_KNOTS('',3,3,((#3421,#3422,#3423,#3424,#3425),
(#3426,#3427,#3428,#3429,#3430),(#3431,#3432,#3433,#3434,#3435),(#3436,
#3437,#3438,#3439,#3440),(#3441,#3442,#3443,#3444,#3445)),.UNSPECIFIED.,
 .F.,.F.,.F.,(4,1,4),(4,1,4),(0.,0.5,1.),(0.,0.0504992029107849,0.117831473458498),
 .UNSPECIFIED.);
#26=B_SPLINE_SURFACE_WITH_KNOTS('',3,3,((#3465,#3466,#3467,#3468,#3469),
(#3470,#3471,#3472,#3473,#3474),(#3475,#3476,#3477,#3478,#3479),(#3480,
#3481,#3482,#3483,#3484),(#3485,#3486,#3487,#3488,#3489)),.UNSPECIFIED.,
 .F.,.F.,.F.,(4,1,4),(4,1,4),(0.,0.5,1.),(0.,0.0196438135225446,0.0392876270450892),
 .UNSPECIFIED.);
#27=B_SPLINE_SURFACE_WITH_KNOTS('',3,3,((#3509,#3510,#3511,#3512,#3513),
(#3514,#3515,#3516,#3517,#3518),(#3519,#3520,#3521,#3522,#3523),(#3524,
#3525,#3526,#3527,#3528),(#3529,#3530,#3531,#3532,#3533)),.UNSPECIFIED.,
 .F.,.F.,.F.,(4,1,4),(4,1,4),(0.,0.5,1.),(8.67361737988444E-19,0.0196438158650749,
0.0392876317301497),.UNSPECIFIED.);
#28=B_SPLINE_SURFACE_WITH_KNOTS('',3,3,((#3553,#3554,#3555,#3556,#3557),
(#3558,#3559,#3560,#3561,#3562),(#3563,#3564,#3565,#3566,#3567),(#3568,
#3569,#3570,#3571,#3572),(#3573,#3574,#3575,#3576,#3577)),.UNSPECIFIED.,
 .F.,.F.,.F.,(4,1,4),(4,1,4),(0.,0.5,1.),(0.,0.0673322554817928,0.117831447093137),
 .UNSPECIFIED.);
#29=B_SPLINE_SURFACE_WITH_KNOTS('',3,3,((#3597,#3598,#3599,#3600,#3601),
(#3602,#3603,#3604,#3605,#3606),(#3607,#3608,#3609,#3610,#3611),(#3612,
#3613,#3614,#3615,#3616),(#3617,#3618,#3619,#3620,#3621)),.UNSPECIFIED.,
 .F.,.F.,.F.,(4,1,4),(4,1,4),(0.,0.5,1.),(0.,0.0504992029107847,0.117831473458498),
 .UNSPECIFIED.);
#30=B_SPLINE_SURFACE_WITH_KNOTS('',3,3,((#3641,#3642,#3643,#3644,#3645),
(#3646,#3647,#3648,#3649,#3650),(#3651,#3652,#3653,#3654,#3655),(#3656,
#3657,#3658,#3659,#3660),(#3661,#3662,#3663,#3664,#3665)),.UNSPECIFIED.,
 .F.,.F.,.F.,(4,1,4),(4,1,4),(0.,0.5,1.),(6.49772453202049E-17,0.067332246437755,
0.117831431266071),.UNSPECIFIED.);
#31=B_SPLINE_SURFACE_WITH_KNOTS('',3,3,((#3787,#3788,#3789,#3790,#3791),
(#3792,#3793,#3794,#3795,#3796),(#3797,#3798,#3799,#3800,#3801),(#3802,
#3803,#3804,#3805,#3806),(#3807,#3808,#3809,#3810,#3811)),.UNSPECIFIED.,
 .F.,.F.,.F.,(4,1,4),(4,1,4),(0.,0.5,1.),(0.,0.0196418501493824,0.0392837002987648),
 .UNSPECIFIED.);
#32=B_SPLINE_SURFACE_WITH_KNOTS('',3,3,((#3831,#3832,#3833,#3834,#3835),
(#3836,#3837,#3838,#3839,#3840),(#3841,#3842,#3843,#3844,#3845),(#3846,
#3847,#3848,#3849,#3850),(#3851,#3852,#3853,#3854,#3855)),.UNSPECIFIED.,
 .F.,.F.,.F.,(4,1,4),(4,1,4),(0.,0.5,1.),(0.,0.0196418485506805,0.0392836971013611),
 .UNSPECIFIED.);
#33=B_SPLINE_SURFACE_WITH_KNOTS('',3,3,((#3872,#3873,#3874,#3875,#3876),
(#3877,#3878,#3879,#3880,#3881),(#3882,#3883,#3884,#3885,#3886),(#3887,
#3888,#3889,#3890,#3891),(#3892,#3893,#3894,#3895,#3896)),.UNSPECIFIED.,
 .F.,.F.,.F.,(4,1,4),(4,1,4),(0.,0.5,1.),(0.,0.050496913478208,0.117826131449152),
 .UNSPECIFIED.);
#34=B_SPLINE_SURFACE_WITH_KNOTS('',3,3,((#3908,#3909,#3910,#3911,#3912),
(#3913,#3914,#3915,#3916,#3917),(#3918,#3919,#3920,#3921,#3922),(#3923,
#3924,#3925,#3926,#3927),(#3928,#3929,#3930,#3931,#3932)),.UNSPECIFIED.,
 .F.,.F.,.F.,(4,1,4),(4,1,4),(0.,0.5,1.),(0.,0.0504969045574666,0.117826110634089),
 .UNSPECIFIED.);
#35=B_SPLINE_SURFACE_WITH_KNOTS('',3,3,((#3944,#3945,#3946,#3947,#3948),
(#3949,#3950,#3951,#3952,#3953),(#3954,#3955,#3956,#3957,#3958),(#3959,
#3960,#3961,#3962,#3963),(#3964,#3965,#3966,#3967,#3968)),.UNSPECIFIED.,
 .F.,.F.,.F.,(4,1,4),(4,1,4),(0.,0.5,1.),(0.,0.0504969133789842,0.11782613121763),
 .UNSPECIFIED.);
#36=B_SPLINE_SURFACE_WITH_KNOTS('',3,3,((#3980,#3981,#3982,#3983,#3984),
(#3985,#3986,#3987,#3988,#3989),(#3990,#3991,#3992,#3993,#3994),(#3995,
#3996,#3997,#3998,#3999),(#4000,#4001,#4002,#4003,#4004)),.UNSPECIFIED.,
 .F.,.F.,.F.,(4,1,4),(4,1,4),(0.,0.5,1.),(0.,0.0196418485451376,0.0392836970902753),
 .UNSPECIFIED.);
#37=B_SPLINE_SURFACE_WITH_KNOTS('',3,3,((#4016,#4017,#4018,#4019,#4020),
(#4021,#4022,#4023,#4024,#4025),(#4026,#4027,#4028,#4029,#4030),(#4031,
#4032,#4033,#4034,#4035),(#4036,#4037,#4038,#4039,#4040)),.UNSPECIFIED.,
 .F.,.F.,.F.,(4,1,4),(4,1,4),(0.,0.5,1.),(0.,0.0196418501683302,0.0392837003366605),
 .UNSPECIFIED.);
#38=B_SPLINE_SURFACE_WITH_KNOTS('',3,3,((#4052,#4053,#4054,#4055,#4056),
(#4057,#4058,#4059,#4060,#4061),(#4062,#4063,#4064,#4065,#4066),(#4067,
#4068,#4069,#4070,#4071),(#4072,#4073,#4074,#4075,#4076)),.UNSPECIFIED.,
 .F.,.F.,.F.,(4,1,4),(4,1,4),(0.,0.5,1.),(0.,0.0504969045574667,0.117826110634089),
 .UNSPECIFIED.);
#39=B_SPLINE_SURFACE_WITH_KNOTS('',3,3,((#4088,#4089,#4090,#4091,#4092),
(#4093,#4094,#4095,#4096,#4097),(#4098,#4099,#4100,#4101,#4102),(#4103,
#4104,#4105,#4106,#4107),(#4108,#4109,#4110,#4111,#4112)),.UNSPECIFIED.,
 .F.,.F.,.F.,(4,1,4),(4,1,4),(0.,0.5,1.),(4.08297148210137E-31,0.0196418501493825,
0.039283700298765),.UNSPECIFIED.);
#40=B_SPLINE_SURFACE_WITH_KNOTS('',3,3,((#4124,#4125,#4126,#4127,#4128),
(#4129,#4130,#4131,#4132,#4133),(#4134,#4135,#4136,#4137,#4138),(#4139,
#4140,#4141,#4142,#4143),(#4144,#4145,#4146,#4147,#4148)),.UNSPECIFIED.,
 .F.,.F.,.F.,(4,1,4),(4,1,4),(0.,0.5,1.),(0.,0.0196418485506805,0.039283697101361),
 .UNSPECIFIED.);
#41=B_SPLINE_SURFACE_WITH_KNOTS('',3,3,((#4162,#4163,#4164,#4165,#4166),
(#4167,#4168,#4169,#4170,#4171),(#4172,#4173,#4174,#4175,#4176),(#4177,
#4178,#4179,#4180,#4181),(#4182,#4183,#4184,#4185,#4186)),.UNSPECIFIED.,
 .F.,.F.,.F.,(4,1,4),(4,1,4),(0.,0.5,1.),(9.78131653859211E-16,0.0504969134782096,
0.117826131449154),.UNSPECIFIED.);
#42=B_SPLINE_SURFACE_WITH_KNOTS('',3,3,((#4211,#4212,#4213,#4214,#4215),
(#4216,#4217,#4218,#4219,#4220),(#4221,#4222,#4223,#4224,#4225),(#4226,
#4227,#4228,#4229,#4230),(#4231,#4232,#4233,#4234,#4235)),.UNSPECIFIED.,
 .F.,.F.,.F.,(4,1,4),(4,1,4),(0.,0.5,1.),(0.,0.0504969045574668,0.117826110634089),
 .UNSPECIFIED.);
#43=B_SPLINE_SURFACE_WITH_KNOTS('',3,3,((#4255,#4256,#4257,#4258,#4259),
(#4260,#4261,#4262,#4263,#4264),(#4265,#4266,#4267,#4268,#4269),(#4270,
#4271,#4272,#4273,#4274),(#4275,#4276,#4277,#4278,#4279)),.UNSPECIFIED.,
 .F.,.F.,.F.,(4,1,4),(4,1,4),(0.,0.5,1.),(0.,0.0504969133789842,0.11782613121763),
 .UNSPECIFIED.);
#44=B_SPLINE_SURFACE_WITH_KNOTS('',3,3,((#4299,#4300,#4301,#4302,#4303),
(#4304,#4305,#4306,#4307,#4308),(#4309,#4310,#4311,#4312,#4313),(#4314,
#4315,#4316,#4317,#4318),(#4319,#4320,#4321,#4322,#4323)),.UNSPECIFIED.,
 .F.,.F.,.F.,(4,1,4),(4,1,4),(0.,0.5,1.),(5.27403558762731E-18,0.0196418485451377,
0.0392836970902753),.UNSPECIFIED.);
#45=B_SPLINE_SURFACE_WITH_KNOTS('',3,3,((#4343,#4344,#4345,#4346,#4347),
(#4348,#4349,#4350,#4351,#4352),(#4353,#4354,#4355,#4356,#4357),(#4358,
#4359,#4360,#4361,#4362),(#4363,#4364,#4365,#4366,#4367)),.UNSPECIFIED.,
 .F.,.F.,.F.,(4,1,4),(4,1,4),(0.,0.5,1.),(0.,0.0196418501683302,0.0392837003366604),
 .UNSPECIFIED.);
#46=B_SPLINE_SURFACE_WITH_KNOTS('',3,3,((#4387,#4388,#4389,#4390,#4391),
(#4392,#4393,#4394,#4395,#4396),(#4397,#4398,#4399,#4400,#4401),(#4402,
#4403,#4404,#4405,#4406),(#4407,#4408,#4409,#4410,#4411)),.UNSPECIFIED.,
 .F.,.F.,.F.,(4,1,4),(4,1,4),(0.,0.5,1.),(0.,0.0504969045574665,0.117826110634089),
 .UNSPECIFIED.);
#47=FACE_BOUND('',#356,.T.);
#48=FACE_BOUND('',#372,.T.);
#49=FACE_BOUND('',#474,.T.);
#50=FACE_BOUND('',#476,.T.);
#51=PLANE('',#2038);
#52=PLANE('',#2046);
#53=PLANE('',#2063);
#54=PLANE('',#2064);
#55=PLANE('',#2065);
#56=PLANE('',#2070);
#57=PLANE('',#2071);
#58=PLANE('',#2072);
#59=PLANE('',#2138);
#60=PLANE('',#2141);
#61=PLANE('',#2143);
#62=PLANE('',#2146);
#63=PLANE('',#2148);
#64=PLANE('',#2151);
#65=PLANE('',#2153);
#66=PLANE('',#2156);
#67=PLANE('',#2219);
#68=PLANE('',#2221);
#69=PLANE('',#2223);
#70=PLANE('',#2225);
#71=PLANE('',#2227);
#72=PLANE('',#2229);
#73=PLANE('',#2231);
#74=PLANE('',#2235);
#75=PLANE('',#2239);
#76=PLANE('',#2240);
#77=TOROIDAL_SURFACE('',#2032,13.,0.5);
#78=TOROIDAL_SURFACE('',#2058,13.,0.5);
#79=TOROIDAL_SURFACE('',#2077,9.05,0.25);
#80=TOROIDAL_SURFACE('',#2085,9.05,0.25);
#81=TOROIDAL_SURFACE('',#2093,9.05,0.25);
#82=TOROIDAL_SURFACE('',#2101,9.05,0.25);
#83=TOROIDAL_SURFACE('',#2109,9.05,0.25);
#84=TOROIDAL_SURFACE('',#2117,9.05,0.25);
#85=TOROIDAL_SURFACE('',#2125,9.05,0.25);
#86=TOROIDAL_SURFACE('',#2133,9.05,0.25);
#87=TOROIDAL_SURFACE('',#2163,10.15,0.25);
#88=TOROIDAL_SURFACE('',#2171,10.15,0.25);
#89=TOROIDAL_SURFACE('',#2178,10.15,0.25);
#90=TOROIDAL_SURFACE('',#2185,10.15,0.25);
#91=TOROIDAL_SURFACE('',#2192,10.15,0.25);
#92=TOROIDAL_SURFACE('',#2199,10.15,0.25);
#93=TOROIDAL_SURFACE('',#2207,10.15,0.25);
#94=TOROIDAL_SURFACE('',#2215,10.15,0.25);
#95=B_SPLINE_CURVE_WITH_KNOTS('',3,(#2829,#2830,#2831,#2832,#2833,#2834,
#2835,#2836,#2837,#2838),.UNSPECIFIED.,.F.,.F.,(4,2,2,2,4),(-0.075351487038378,
-0.0565102968905805,-0.037669106742783,-0.0188345533713915,0.),
 .UNSPECIFIED.);
#96=B_SPLINE_CURVE_WITH_KNOTS('',3,(#2860,#2861,#2862,#2863,#2864,#2865,
#2866,#2867,#2868,#2869),.UNSPECIFIED.,.F.,.F.,(4,2,2,2,4),(0.150759038150782,
0.169593591522173,0.188428144893565,0.207269335041362,0.22611052518916),
 .UNSPECIFIED.);
#97=B_SPLINE_CURVE_WITH_KNOTS('',3,(#2921,#2922,#2923,#2924,#2925,#2926,
#2927,#2928,#2929,#2930),.UNSPECIFIED.,.F.,.F.,(4,2,2,2,4),(0.0754075511124035,
0.094248741260201,0.113089931407999,0.13192448477939,0.150759038150782),
 .UNSPECIFIED.);
#98=B_SPLINE_CURVE_WITH_KNOTS('',3,(#2939,#2940,#2941,#2942,#2943,#2944,
#2945,#2946,#2947,#2948),.UNSPECIFIED.,.F.,.F.,(4,2,2,2,4),(0.150759038150782,
0.169593591522173,0.188428144893565,0.207269335041362,0.22611052518916),
 .UNSPECIFIED.);
#99=B_SPLINE_CURVE_WITH_KNOTS('',3,(#3004,#3005,#3006,#3007,#3008),
 .UNSPECIFIED.,.F.,.F.,(4,1,4),(-0.0392876317027322,-0.0196438158513661,
0.),.UNSPECIFIED.);
#100=B_SPLINE_CURVE_WITH_KNOTS('',3,(#3009,#3010,#3011,#3012,#3013),
 .UNSPECIFIED.,.F.,.F.,(4,1,4),(0.,0.0196438158513661,0.0392876317027322),
 .UNSPECIFIED.);
#101=B_SPLINE_CURVE_WITH_KNOTS('',3,(#3048,#3049,#3050,#3051,#3052),
 .UNSPECIFIED.,.F.,.F.,(4,1,4),(-0.0392876275543695,-0.0196438137771848,
-4.46001348227026E-17),.UNSPECIFIED.);
#102=B_SPLINE_CURVE_WITH_KNOTS('',3,(#3053,#3054,#3055,#3056,#3057),
 .UNSPECIFIED.,.F.,.F.,(4,1,4),(4.46001348227026E-17,0.0196438137771848,
0.0392876275543695),.UNSPECIFIED.);
#103=B_SPLINE_CURVE_WITH_KNOTS('',3,(#3092,#3093,#3094,#3095,#3096),
 .UNSPECIFIED.,.F.,.F.,(4,1,4),(-0.117831473458498,-0.0673322705477132,
-7.39557098644714E-32),.UNSPECIFIED.);
#104=B_SPLINE_CURVE_WITH_KNOTS('',3,(#3097,#3098,#3099,#3100,#3101),
 .UNSPECIFIED.,.F.,.F.,(4,1,4),(7.39557098644714E-32,0.0673322705477132,
0.117831473458498),.UNSPECIFIED.);
#105=B_SPLINE_CURVE_WITH_KNOTS('',3,(#3136,#3137,#3138,#3139,#3140),
 .UNSPECIFIED.,.F.,.F.,(4,1,4),(-0.0392876270450893,-0.0196438135225446,
-2.34150707819171E-18),.UNSPECIFIED.);
#106=B_SPLINE_CURVE_WITH_KNOTS('',3,(#3141,#3142,#3143,#3144,#3145),
 .UNSPECIFIED.,.F.,.F.,(4,1,4),(2.34150707819171E-18,0.0196438135225446,
0.0392876270450893),.UNSPECIFIED.);
#107=B_SPLINE_CURVE_WITH_KNOTS('',3,(#3180,#3181,#3182,#3183,#3184),
 .UNSPECIFIED.,.F.,.F.,(4,1,4),(-0.0392876317301497,-0.0196438158650749,
-8.67361737988441E-19),.UNSPECIFIED.);
#108=B_SPLINE_CURVE_WITH_KNOTS('',3,(#3185,#3186,#3187,#3188,#3189),
 .UNSPECIFIED.,.F.,.F.,(4,1,4),(8.67361737988441E-19,0.0196438158650749,
0.0392876317301497),.UNSPECIFIED.);
#109=B_SPLINE_CURVE_WITH_KNOTS('',3,(#3224,#3225,#3226,#3227,#3228),
 .UNSPECIFIED.,.F.,.F.,(4,1,4),(-0.117831447093137,-0.0673322554817926,
0.),.UNSPECIFIED.);
#110=B_SPLINE_CURVE_WITH_KNOTS('',3,(#3229,#3230,#3231,#3232,#3233),
 .UNSPECIFIED.,.F.,.F.,(4,1,4),(0.,0.0673322554817926,0.117831447093137),
 .UNSPECIFIED.);
#111=B_SPLINE_CURVE_WITH_KNOTS('',3,(#3268,#3269,#3270,#3271,#3272),
 .UNSPECIFIED.,.F.,.F.,(4,1,4),(-0.117831473458498,-0.0504992029107849,
-6.54816181091638E-33),.UNSPECIFIED.);
#112=B_SPLINE_CURVE_WITH_KNOTS('',3,(#3273,#3274,#3275,#3276,#3277),
 .UNSPECIFIED.,.F.,.F.,(4,1,4),(6.54816181091638E-33,0.0504992029107849,
0.117831473458498),.UNSPECIFIED.);
#113=B_SPLINE_CURVE_WITH_KNOTS('',3,(#3312,#3313,#3314,#3315,#3316),
 .UNSPECIFIED.,.F.,.F.,(4,1,4),(-0.117831431266073,-0.0504991848283174,
-6.76693347628472E-16),.UNSPECIFIED.);
#114=B_SPLINE_CURVE_WITH_KNOTS('',3,(#3318,#3319,#3320,#3321),
 .UNSPECIFIED.,.F.,.F.,(4,4),(6.76693347628472E-16,0.0186240594117226),
 .UNSPECIFIED.);
#115=B_SPLINE_CURVE_WITH_KNOTS('',3,(#3322,#3323,#3324,#3325,#3326),
 .UNSPECIFIED.,.F.,.F.,(4,1,4),(0.0186055842059566,0.0504991848283174,0.117831431266073),
 .UNSPECIFIED.);
#116=B_SPLINE_CURVE_WITH_KNOTS('',3,(#3361,#3362,#3363,#3364,#3365),
 .UNSPECIFIED.,.F.,.F.,(4,1,4),(-0.0392876317027321,-0.0196438158513661,
0.),.UNSPECIFIED.);
#117=B_SPLINE_CURVE_WITH_KNOTS('',3,(#3366,#3367,#3368,#3369,#3370),
 .UNSPECIFIED.,.F.,.F.,(4,1,4),(0.,0.0196438158513661,0.0392876317027321),
 .UNSPECIFIED.);
#118=B_SPLINE_CURVE_WITH_KNOTS('',3,(#3405,#3406,#3407,#3408,#3409),
 .UNSPECIFIED.,.F.,.F.,(4,1,4),(-0.0392876275543695,-0.0196438137771847,
0.),.UNSPECIFIED.);
#119=B_SPLINE_CURVE_WITH_KNOTS('',3,(#3410,#3411,#3412,#3413,#3414),
 .UNSPECIFIED.,.F.,.F.,(4,1,4),(0.,0.0196438137771847,0.0392876275543695),
 .UNSPECIFIED.);
#120=B_SPLINE_CURVE_WITH_KNOTS('',3,(#3449,#3450,#3451,#3452,#3453),
 .UNSPECIFIED.,.F.,.F.,(4,1,4),(-0.117831473458498,-0.0504992029107849,
0.),.UNSPECIFIED.);
#121=B_SPLINE_CURVE_WITH_KNOTS('',3,(#3454,#3455,#3456,#3457,#3458),
 .UNSPECIFIED.,.F.,.F.,(4,1,4),(0.,0.0504992029107849,0.117831473458498),
 .UNSPECIFIED.);
#122=B_SPLINE_CURVE_WITH_KNOTS('',3,(#3493,#3494,#3495,#3496,#3497),
 .UNSPECIFIED.,.F.,.F.,(4,1,4),(-0.0392876270450892,-0.0196438135225446,
0.),.UNSPECIFIED.);
#123=B_SPLINE_CURVE_WITH_KNOTS('',3,(#3498,#3499,#3500,#3501,#3502),
 .UNSPECIFIED.,.F.,.F.,(4,1,4),(0.,0.0196438135225446,0.0392876270450892),
 .UNSPECIFIED.);
#124=B_SPLINE_CURVE_WITH_KNOTS('',3,(#3537,#3538,#3539,#3540,#3541),
 .UNSPECIFIED.,.F.,.F.,(4,1,4),(-0.0392876317301497,-0.0196438158650749,
-8.67361737988444E-19),.UNSPECIFIED.);
#125=B_SPLINE_CURVE_WITH_KNOTS('',3,(#3542,#3543,#3544,#3545,#3546),
 .UNSPECIFIED.,.F.,.F.,(4,1,4),(8.67361737988444E-19,0.0196438158650749,
0.0392876317301497),.UNSPECIFIED.);
#126=B_SPLINE_CURVE_WITH_KNOTS('',3,(#3581,#3582,#3583,#3584,#3585),
 .UNSPECIFIED.,.F.,.F.,(4,1,4),(-0.117831447093137,-0.0673322554817928,
0.),.UNSPECIFIED.);
#127=B_SPLINE_CURVE_WITH_KNOTS('',3,(#3586,#3587,#3588,#3589,#3590),
 .UNSPECIFIED.,.F.,.F.,(4,1,4),(0.,0.0673322554817928,0.117831447093137),
 .UNSPECIFIED.);
#128=B_SPLINE_CURVE_WITH_KNOTS('',3,(#3625,#3626,#3627,#3628,#3629),
 .UNSPECIFIED.,.F.,.F.,(4,1,4),(-0.117831473458498,-0.0504992029107847,
0.),.UNSPECIFIED.);
#129=B_SPLINE_CURVE_WITH_KNOTS('',3,(#3630,#3631,#3632,#3633,#3634),
 .UNSPECIFIED.,.F.,.F.,(4,1,4),(0.,0.0504992029107847,0.117831473458498),
 .UNSPECIFIED.);
#130=B_SPLINE_CURVE_WITH_KNOTS('',3,(#3666,#3667,#3668,#3669,#3670),
 .UNSPECIFIED.,.F.,.F.,(4,1,4),(-0.117831431266071,-0.067332246437755,-6.49772453202049E-17),
 .UNSPECIFIED.);
#131=B_SPLINE_CURVE_WITH_KNOTS('',3,(#3671,#3672,#3673,#3674,#3675),
 .UNSPECIFIED.,.F.,.F.,(4,1,4),(6.49772453202049E-17,0.067332246437755,
0.117831431266071),.UNSPECIFIED.);
#132=B_SPLINE_CURVE_WITH_KNOTS('',3,(#3680,#3681,#3682,#3683,#3684),
 .UNSPECIFIED.,.F.,.F.,(4,1,4),(-0.039283697101361,-0.0196418485506805,
0.),.UNSPECIFIED.);
#133=B_SPLINE_CURVE_WITH_KNOTS('',3,(#3693,#3694,#3695,#3696,#3697),
 .UNSPECIFIED.,.F.,.F.,(4,1,4),(-0.039283700298765,-0.0196418501493825,
-4.08297148210137E-31),.UNSPECIFIED.);
#134=B_SPLINE_CURVE_WITH_KNOTS('',3,(#3705,#3706,#3707,#3708,#3709),
 .UNSPECIFIED.,.F.,.F.,(4,1,4),(-0.117826110634089,-0.0504969045574667,
0.),.UNSPECIFIED.);
#135=B_SPLINE_CURVE_WITH_KNOTS('',3,(#3717,#3718,#3719,#3720,#3721),
 .UNSPECIFIED.,.F.,.F.,(4,1,4),(-0.0392837003366605,-0.0196418501683302,
0.),.UNSPECIFIED.);
#136=B_SPLINE_CURVE_WITH_KNOTS('',3,(#3729,#3730,#3731,#3732,#3733),
 .UNSPECIFIED.,.F.,.F.,(4,1,4),(-0.0392836970902753,-0.0196418485451376,
0.),.UNSPECIFIED.);
#137=B_SPLINE_CURVE_WITH_KNOTS('',3,(#3741,#3742,#3743,#3744,#3745),
 .UNSPECIFIED.,.F.,.F.,(4,1,4),(-0.11782613121763,-0.0504969133789842,0.),
 .UNSPECIFIED.);
#138=B_SPLINE_CURVE_WITH_KNOTS('',3,(#3753,#3754,#3755,#3756,#3757),
 .UNSPECIFIED.,.F.,.F.,(4,1,4),(-0.117826110634089,-0.0504969045574666,
0.),.UNSPECIFIED.);
#139=B_SPLINE_CURVE_WITH_KNOTS('',3,(#3765,#3766,#3767,#3768,#3769),
 .UNSPECIFIED.,.F.,.F.,(4,1,4),(-0.117826131449152,-0.050496913478208,0.),
 .UNSPECIFIED.);
#140=B_SPLINE_CURVE_WITH_KNOTS('',3,(#3815,#3816,#3817,#3818,#3819),
 .UNSPECIFIED.,.F.,.F.,(4,1,4),(-0.0392837002987648,-0.0196418501493824,
0.),.UNSPECIFIED.);
#141=B_SPLINE_CURVE_WITH_KNOTS('',3,(#3820,#3821,#3822,#3823,#3824),
 .UNSPECIFIED.,.F.,.F.,(4,1,4),(0.,0.0196418501493824,0.0392837002987648),
 .UNSPECIFIED.);
#142=B_SPLINE_CURVE_WITH_KNOTS('',3,(#3858,#3859,#3860,#3861,#3862),
 .UNSPECIFIED.,.F.,.F.,(4,1,4),(-0.0392836971013611,-0.0196418485506805,
0.),.UNSPECIFIED.);
#143=B_SPLINE_CURVE_WITH_KNOTS('',3,(#3863,#3864,#3865,#3866,#3867),
 .UNSPECIFIED.,.F.,.F.,(4,1,4),(0.,0.0196418485506805,0.0392836971013611),
 .UNSPECIFIED.);
#144=B_SPLINE_CURVE_WITH_KNOTS('',3,(#3899,#3900,#3901,#3902,#3903),
 .UNSPECIFIED.,.F.,.F.,(4,1,4),(0.,0.050496913478208,0.117826131449152),
 .UNSPECIFIED.);
#145=B_SPLINE_CURVE_WITH_KNOTS('',3,(#3935,#3936,#3937,#3938,#3939),
 .UNSPECIFIED.,.F.,.F.,(4,1,4),(0.,0.0504969045574666,0.117826110634089),
 .UNSPECIFIED.);
#146=B_SPLINE_CURVE_WITH_KNOTS('',3,(#3971,#3972,#3973,#3974,#3975),
 .UNSPECIFIED.,.F.,.F.,(4,1,4),(0.,0.0504969133789842,0.11782613121763),
 .UNSPECIFIED.);
#147=B_SPLINE_CURVE_WITH_KNOTS('',3,(#4007,#4008,#4009,#4010,#4011),
 .UNSPECIFIED.,.F.,.F.,(4,1,4),(0.,0.0196418485451376,0.0392836970902753),
 .UNSPECIFIED.);
#148=B_SPLINE_CURVE_WITH_KNOTS('',3,(#4043,#4044,#4045,#4046,#4047),
 .UNSPECIFIED.,.F.,.F.,(4,1,4),(0.,0.0196418501683302,0.0392837003366605),
 .UNSPECIFIED.);
#149=B_SPLINE_CURVE_WITH_KNOTS('',3,(#4079,#4080,#4081,#4082,#4083),
 .UNSPECIFIED.,.F.,.F.,(4,1,4),(0.,0.0504969045574667,0.117826110634089),
 .UNSPECIFIED.);
#150=B_SPLINE_CURVE_WITH_KNOTS('',3,(#4115,#4116,#4117,#4118,#4119),
 .UNSPECIFIED.,.F.,.F.,(4,1,4),(4.08297148210137E-31,0.0196418501493825,
0.039283700298765),.UNSPECIFIED.);
#151=B_SPLINE_CURVE_WITH_KNOTS('',3,(#4151,#4152,#4153,#4154,#4155),
 .UNSPECIFIED.,.F.,.F.,(4,1,4),(0.,0.0196418485506805,0.039283697101361),
 .UNSPECIFIED.);
#152=B_SPLINE_CURVE_WITH_KNOTS('',3,(#4190,#4191,#4192,#4193,#4194),
 .UNSPECIFIED.,.F.,.F.,(4,1,4),(-0.117826131449154,-0.0504969134782096,
-9.78131653859211E-16),.UNSPECIFIED.);
#153=B_SPLINE_CURVE_WITH_KNOTS('',3,(#4196,#4197,#4198,#4199,#4200),
 .UNSPECIFIED.,.F.,.F.,(4,1,4),(9.78131653859211E-16,0.0504969134782096,
0.103142820435892),.UNSPECIFIED.);
#154=B_SPLINE_CURVE_WITH_KNOTS('',3,(#4201,#4202,#4203,#4204),
 .UNSPECIFIED.,.F.,.F.,(4,4),(0.103142820435892,0.117826131449154),
 .UNSPECIFIED.);
#155=B_SPLINE_CURVE_WITH_KNOTS('',3,(#4239,#4240,#4241,#4242,#4243),
 .UNSPECIFIED.,.F.,.F.,(4,1,4),(-0.117826110634089,-0.0504969045574668,
0.),.UNSPECIFIED.);
#156=B_SPLINE_CURVE_WITH_KNOTS('',3,(#4244,#4245,#4246,#4247,#4248),
 .UNSPECIFIED.,.F.,.F.,(4,1,4),(0.,0.0504969045574668,0.117826110634089),
 .UNSPECIFIED.);
#157=B_SPLINE_CURVE_WITH_KNOTS('',3,(#4283,#4284,#4285,#4286,#4287),
 .UNSPECIFIED.,.F.,.F.,(4,1,4),(-0.11782613121763,-0.0504969133789842,0.),
 .UNSPECIFIED.);
#158=B_SPLINE_CURVE_WITH_KNOTS('',3,(#4288,#4289,#4290,#4291,#4292),
 .UNSPECIFIED.,.F.,.F.,(4,1,4),(0.,0.0504969133789842,0.11782613121763),
 .UNSPECIFIED.);
#159=B_SPLINE_CURVE_WITH_KNOTS('',3,(#4327,#4328,#4329,#4330,#4331),
 .UNSPECIFIED.,.F.,.F.,(4,1,4),(-0.0392836970902753,-0.0196418485451377,
-5.27403558762731E-18),.UNSPECIFIED.);
#160=B_SPLINE_CURVE_WITH_KNOTS('',3,(#4332,#4333,#4334,#4335,#4336),
 .UNSPECIFIED.,.F.,.F.,(4,1,4),(5.27403558762731E-18,0.0196418485451377,
0.0392836970902753),.UNSPECIFIED.);
#161=B_SPLINE_CURVE_WITH_KNOTS('',3,(#4371,#4372,#4373,#4374,#4375),
 .UNSPECIFIED.,.F.,.F.,(4,1,4),(-0.0392837003366604,-0.0196418501683302,
0.),.UNSPECIFIED.);
#162=B_SPLINE_CURVE_WITH_KNOTS('',3,(#4376,#4377,#4378,#4379,#4380),
 .UNSPECIFIED.,.F.,.F.,(4,1,4),(0.,0.0196418501683302,0.0392837003366604),
 .UNSPECIFIED.);
#163=B_SPLINE_CURVE_WITH_KNOTS('',3,(#4412,#4413,#4414,#4415,#4416),
 .UNSPECIFIED.,.F.,.F.,(4,1,4),(-0.117826110634089,-0.0504969045574665,
0.),.UNSPECIFIED.);
#164=B_SPLINE_CURVE_WITH_KNOTS('',3,(#4417,#4418,#4419,#4420,#4421),
 .UNSPECIFIED.,.F.,.F.,(4,1,4),(0.,0.0504969045574665,0.117826110634089),
 .UNSPECIFIED.);
#165=SPHERICAL_SURFACE('',#2019,0.500000000000002);
#166=SPHERICAL_SURFACE('',#2026,0.500000000000001);
#167=SPHERICAL_SURFACE('',#2047,0.500000000000001);
#168=SPHERICAL_SURFACE('',#2052,0.500000000000002);
#169=CYLINDRICAL_SURFACE('',#2017,13.5);
#170=CYLINDRICAL_SURFACE('',#2023,0.5);
#171=CYLINDRICAL_SURFACE('',#2025,0.5);
#172=CYLINDRICAL_SURFACE('',#2030,0.5);
#173=CYLINDRICAL_SURFACE('',#2035,0.5);
#174=CYLINDRICAL_SURFACE('',#2036,13.5);
#175=CYLINDRICAL_SURFACE('',#2051,0.5);
#176=CYLINDRICAL_SURFACE('',#2056,0.5);
#177=CYLINDRICAL_SURFACE('',#2057,0.5);
#178=CYLINDRICAL_SURFACE('',#2061,0.5);
#179=CYLINDRICAL_SURFACE('',#2062,13.5);
#180=CYLINDRICAL_SURFACE('',#2066,12.);
#181=CYLINDRICAL_SURFACE('',#2073,0.25);
#182=CYLINDRICAL_SURFACE('',#2082,0.25);
#183=CYLINDRICAL_SURFACE('',#2090,0.25);
#184=CYLINDRICAL_SURFACE('',#2098,0.25);
#185=CYLINDRICAL_SURFACE('',#2106,0.25);
#186=CYLINDRICAL_SURFACE('',#2114,0.25);
#187=CYLINDRICAL_SURFACE('',#2122,0.25);
#188=CYLINDRICAL_SURFACE('',#2130,0.25);
#189=CYLINDRICAL_SURFACE('',#2137,0.5);
#190=CYLINDRICAL_SURFACE('',#2140,0.5);
#191=CYLINDRICAL_SURFACE('',#2142,0.5);
#192=CYLINDRICAL_SURFACE('',#2145,0.5);
#193=CYLINDRICAL_SURFACE('',#2147,0.5);
#194=CYLINDRICAL_SURFACE('',#2150,0.5);
#195=CYLINDRICAL_SURFACE('',#2152,0.5);
#196=CYLINDRICAL_SURFACE('',#2155,0.5);
#197=CYLINDRICAL_SURFACE('',#2157,8.8);
#198=CYLINDRICAL_SURFACE('',#2159,0.25);
#199=CYLINDRICAL_SURFACE('',#2168,0.25);
#200=CYLINDRICAL_SURFACE('',#2175,0.25);
#201=CYLINDRICAL_SURFACE('',#2182,0.25);
#202=CYLINDRICAL_SURFACE('',#2189,0.25);
#203=CYLINDRICAL_SURFACE('',#2196,0.25);
#204=CYLINDRICAL_SURFACE('',#2204,0.25);
#205=CYLINDRICAL_SURFACE('',#2212,0.25);
#206=CYLINDRICAL_SURFACE('',#2220,0.5);
#207=CYLINDRICAL_SURFACE('',#2222,0.5);
#208=CYLINDRICAL_SURFACE('',#2224,0.5);
#209=CYLINDRICAL_SURFACE('',#2226,0.5);
#210=CYLINDRICAL_SURFACE('',#2228,0.5);
#211=CYLINDRICAL_SURFACE('',#2230,0.5);
#212=CYLINDRICAL_SURFACE('',#2232,10.4);
#213=CYLINDRICAL_SURFACE('',#2234,0.5);
#214=CYLINDRICAL_SURFACE('',#2236,0.5);
#215=CYLINDRICAL_SURFACE('',#2242,12.);
#216=FACE_OUTER_BOUND('',#345,.T.);
#217=FACE_OUTER_BOUND('',#346,.T.);
#218=FACE_OUTER_BOUND('',#347,.T.);
#219=FACE_OUTER_BOUND('',#348,.T.);
#220=FACE_OUTER_BOUND('',#349,.T.);
#221=FACE_OUTER_BOUND('',#350,.T.);
#222=FACE_OUTER_BOUND('',#351,.T.);
#223=FACE_OUTER_BOUND('',#352,.T.);
#224=FACE_OUTER_BOUND('',#353,.T.);
#225=FACE_OUTER_BOUND('',#354,.T.);
#226=FACE_OUTER_BOUND('',#355,.T.);
#227=FACE_OUTER_BOUND('',#357,.T.);
#228=FACE_OUTER_BOUND('',#358,.T.);
#229=FACE_OUTER_BOUND('',#359,.T.);
#230=FACE_OUTER_BOUND('',#360,.T.);
#231=FACE_OUTER_BOUND('',#361,.T.);
#232=FACE_OUTER_BOUND('',#362,.T.);
#233=FACE_OUTER_BOUND('',#363,.T.);
#234=FACE_OUTER_BOUND('',#364,.T.);
#235=FACE_OUTER_BOUND('',#365,.T.);
#236=FACE_OUTER_BOUND('',#366,.T.);
#237=FACE_OUTER_BOUND('',#367,.T.);
#238=FACE_OUTER_BOUND('',#368,.T.);
#239=FACE_OUTER_BOUND('',#369,.T.);
#240=FACE_OUTER_BOUND('',#370,.T.);
#241=FACE_OUTER_BOUND('',#371,.T.);
#242=FACE_OUTER_BOUND('',#373,.T.);
#243=FACE_OUTER_BOUND('',#374,.T.);
#244=FACE_OUTER_BOUND('',#375,.T.);
#245=FACE_OUTER_BOUND('',#376,.T.);
#246=FACE_OUTER_BOUND('',#377,.T.);
#247=FACE_OUTER_BOUND('',#378,.T.);
#248=FACE_OUTER_BOUND('',#379,.T.);
#249=FACE_OUTER_BOUND('',#380,.T.);
#250=FACE_OUTER_BOUND('',#381,.T.);
#251=FACE_OUTER_BOUND('',#382,.T.);
#252=FACE_OUTER_BOUND('',#383,.T.);
#253=FACE_OUTER_BOUND('',#384,.T.);
#254=FACE_OUTER_BOUND('',#385,.T.);
#255=FACE_OUTER_BOUND('',#386,.T.);
#256=FACE_OUTER_BOUND('',#387,.T.);
#257=FACE_OUTER_BOUND('',#388,.T.);
#258=FACE_OUTER_BOUND('',#389,.T.);
#259=FACE_OUTER_BOUND('',#390,.T.);
#260=FACE_OUTER_BOUND('',#391,.T.);
#261=FACE_OUTER_BOUND('',#392,.T.);
#262=FACE_OUTER_BOUND('',#393,.T.);
#263=FACE_OUTER_BOUND('',#394,.T.);
#264=FACE_OUTER_BOUND('',#395,.T.);
#265=FACE_OUTER_BOUND('',#396,.T.);
#266=FACE_OUTER_BOUND('',#397,.T.);
#267=FACE_OUTER_BOUND('',#398,.T.);
#268=FACE_OUTER_BOUND('',#399,.T.);
#269=FACE_OUTER_BOUND('',#400,.T.);
#270=FACE_OUTER_BOUND('',#401,.T.);
#271=FACE_OUTER_BOUND('',#402,.T.);
#272=FACE_OUTER_BOUND('',#403,.T.);
#273=FACE_OUTER_BOUND('',#404,.T.);
#274=FACE_OUTER_BOUND('',#405,.T.);
#275=FACE_OUTER_BOUND('',#406,.T.);
#276=FACE_OUTER_BOUND('',#407,.T.);
#277=FACE_OUTER_BOUND('',#408,.T.);
#278=FACE_OUTER_BOUND('',#409,.T.);
#279=FACE_OUTER_BOUND('',#410,.T.);
#280=FACE_OUTER_BOUND('',#411,.T.);
#281=FACE_OUTER_BOUND('',#412,.T.);
#282=FACE_OUTER_BOUND('',#413,.T.);
#283=FACE_OUTER_BOUND('',#414,.T.);
#284=FACE_OUTER_BOUND('',#415,.T.);
#285=FACE_OUTER_BOUND('',#416,.T.);
#286=FACE_OUTER_BOUND('',#417,.T.);
#287=FACE_OUTER_BOUND('',#418,.T.);
#288=FACE_OUTER_BOUND('',#419,.T.);
#289=FACE_OUTER_BOUND('',#420,.T.);
#290=FACE_OUTER_BOUND('',#421,.T.);
#291=FACE_OUTER_BOUND('',#422,.T.);
#292=FACE_OUTER_BOUND('',#423,.T.);
#293=FACE_OUTER_BOUND('',#424,.T.);
#294=FACE_OUTER_BOUND('',#425,.T.);
#295=FACE_OUTER_BOUND('',#426,.T.);
#296=FACE_OUTER_BOUND('',#427,.T.);
#297=FACE_OUTER_BOUND('',#428,.T.);
#298=FACE_OUTER_BOUND('',#429,.T.);
#299=FACE_OUTER_BOUND('',#430,.T.);
#300=FACE_OUTER_BOUND('',#431,.T.);
#301=FACE_OUTER_BOUND('',#432,.T.);
#302=FACE_OUTER_BOUND('',#433,.T.);
#303=FACE_OUTER_BOUND('',#434,.T.);
#304=FACE_OUTER_BOUND('',#435,.T.);
#305=FACE_OUTER_BOUND('',#436,.T.);
#306=FACE_OUTER_BOUND('',#437,.T.);
#307=FACE_OUTER_BOUND('',#438,.T.);
#308=FACE_OUTER_BOUND('',#439,.T.);
#309=FACE_OUTER_BOUND('',#440,.T.);
#310=FACE_OUTER_BOUND('',#441,.T.);
#311=FACE_OUTER_BOUND('',#442,.T.);
#312=FACE_OUTER_BOUND('',#443,.T.);
#313=FACE_OUTER_BOUND('',#444,.T.);
#314=FACE_OUTER_BOUND('',#445,.T.);
#315=FACE_OUTER_BOUND('',#446,.T.);
#316=FACE_OUTER_BOUND('',#447,.T.);
#317=FACE_OUTER_BOUND('',#448,.T.);
#318=FACE_OUTER_BOUND('',#449,.T.);
#319=FACE_OUTER_BOUND('',#450,.T.);
#320=FACE_OUTER_BOUND('',#451,.T.);
#321=FACE_OUTER_BOUND('',#452,.T.);
#322=FACE_OUTER_BOUND('',#453,.T.);
#323=FACE_OUTER_BOUND('',#454,.T.);
#324=FACE_OUTER_BOUND('',#455,.T.);
#325=FACE_OUTER_BOUND('',#456,.T.);
#326=FACE_OUTER_BOUND('',#457,.T.);
#327=FACE_OUTER_BOUND('',#458,.T.);
#328=FACE_OUTER_BOUND('',#459,.T.);
#329=FACE_OUTER_BOUND('',#460,.T.);
#330=FACE_OUTER_BOUND('',#461,.T.);
#331=FACE_OUTER_BOUND('',#462,.T.);
#332=FACE_OUTER_BOUND('',#463,.T.);
#333=FACE_OUTER_BOUND('',#464,.T.);
#334=FACE_OUTER_BOUND('',#465,.T.);
#335=FACE_OUTER_BOUND('',#466,.T.);
#336=FACE_OUTER_BOUND('',#467,.T.);
#337=FACE_OUTER_BOUND('',#468,.T.);
#338=FACE_OUTER_BOUND('',#469,.T.);
#339=FACE_OUTER_BOUND('',#470,.T.);
#340=FACE_OUTER_BOUND('',#471,.T.);
#341=FACE_OUTER_BOUND('',#472,.T.);
#342=FACE_OUTER_BOUND('',#473,.T.);
#343=FACE_OUTER_BOUND('',#475,.T.);
#344=FACE_OUTER_BOUND('',#477,.T.);
#345=EDGE_LOOP('',(#1272,#1273,#1274,#1275,#1276));
#346=EDGE_LOOP('',(#1277,#1278,#1279,#1280));
#347=EDGE_LOOP('',(#1281,#1282,#1283));
#348=EDGE_LOOP('',(#1284,#1285,#1286,#1287));
#349=EDGE_LOOP('',(#1288,#1289,#1290,#1291));
#350=EDGE_LOOP('',(#1292,#1293,#1294));
#351=EDGE_LOOP('',(#1295,#1296,#1297,#1298));
#352=EDGE_LOOP('',(#1299,#1300,#1301,#1302));
#353=EDGE_LOOP('',(#1303,#1304,#1305,#1306));
#354=EDGE_LOOP('',(#1307,#1308,#1309,#1310));
#355=EDGE_LOOP('',(#1311,#1312,#1313,#1314,#1315,#1316,#1317,#1318,#1319,
#1320,#1321,#1322,#1323));
#356=EDGE_LOOP('',(#1324));
#357=EDGE_LOOP('',(#1325,#1326,#1327,#1328));
#358=EDGE_LOOP('',(#1329,#1330,#1331));
#359=EDGE_LOOP('',(#1332,#1333,#1334,#1335));
#360=EDGE_LOOP('',(#1336,#1337,#1338));
#361=EDGE_LOOP('',(#1339,#1340,#1341,#1342));
#362=EDGE_LOOP('',(#1343,#1344,#1345,#1346));
#363=EDGE_LOOP('',(#1347,#1348,#1349,#1350));
#364=EDGE_LOOP('',(#1351,#1352,#1353,#1354));
#365=EDGE_LOOP('',(#1355,#1356,#1357,#1358));
#366=EDGE_LOOP('',(#1359,#1360,#1361,#1362));
#367=EDGE_LOOP('',(#1363,#1364,#1365,#1366));
#368=EDGE_LOOP('',(#1367,#1368,#1369,#1370));
#369=EDGE_LOOP('',(#1371,#1372,#1373,#1374,#1375,#1376,#1377,#1378,#1379,
#1380,#1381,#1382,#1383,#1384,#1385,#1386));
#370=EDGE_LOOP('',(#1387,#1388,#1389,#1390));
#371=EDGE_LOOP('',(#1391));
#372=EDGE_LOOP('',(#1392));
#373=EDGE_LOOP('',(#1393,#1394,#1395,#1396));
#374=EDGE_LOOP('',(#1397,#1398,#1399,#1400));
#375=EDGE_LOOP('',(#1401,#1402,#1403,#1404));
#376=EDGE_LOOP('',(#1405,#1406,#1407,#1408));
#377=EDGE_LOOP('',(#1409,#1410,#1411,#1412));
#378=EDGE_LOOP('',(#1413,#1414,#1415,#1416));
#379=EDGE_LOOP('',(#1417,#1418,#1419,#1420));
#380=EDGE_LOOP('',(#1421,#1422,#1423,#1424));
#381=EDGE_LOOP('',(#1425,#1426,#1427,#1428));
#382=EDGE_LOOP('',(#1429,#1430,#1431,#1432));
#383=EDGE_LOOP('',(#1433,#1434,#1435,#1436));
#384=EDGE_LOOP('',(#1437,#1438,#1439,#1440));
#385=EDGE_LOOP('',(#1441,#1442,#1443,#1444));
#386=EDGE_LOOP('',(#1445,#1446,#1447,#1448));
#387=EDGE_LOOP('',(#1449,#1450,#1451,#1452));
#388=EDGE_LOOP('',(#1453,#1454,#1455,#1456));
#389=EDGE_LOOP('',(#1457,#1458,#1459,#1460,#1461));
#390=EDGE_LOOP('',(#1462,#1463,#1464,#1465));
#391=EDGE_LOOP('',(#1466,#1467,#1468,#1469));
#392=EDGE_LOOP('',(#1470,#1471,#1472,#1473));
#393=EDGE_LOOP('',(#1474,#1475,#1476,#1477));
#394=EDGE_LOOP('',(#1478,#1479,#1480,#1481));
#395=EDGE_LOOP('',(#1482,#1483,#1484,#1485));
#396=EDGE_LOOP('',(#1486,#1487,#1488,#1489));
#397=EDGE_LOOP('',(#1490,#1491,#1492,#1493));
#398=EDGE_LOOP('',(#1494,#1495,#1496,#1497));
#399=EDGE_LOOP('',(#1498,#1499,#1500,#1501));
#400=EDGE_LOOP('',(#1502,#1503,#1504,#1505));
#401=EDGE_LOOP('',(#1506,#1507,#1508,#1509));
#402=EDGE_LOOP('',(#1510,#1511,#1512,#1513));
#403=EDGE_LOOP('',(#1514,#1515,#1516,#1517));
#404=EDGE_LOOP('',(#1518,#1519,#1520,#1521));
#405=EDGE_LOOP('',(#1522,#1523,#1524,#1525));
#406=EDGE_LOOP('',(#1526,#1527,#1528,#1529));
#407=EDGE_LOOP('',(#1530,#1531,#1532,#1533));
#408=EDGE_LOOP('',(#1534,#1535,#1536,#1537));
#409=EDGE_LOOP('',(#1538,#1539,#1540,#1541));
#410=EDGE_LOOP('',(#1542,#1543,#1544,#1545));
#411=EDGE_LOOP('',(#1546,#1547,#1548,#1549));
#412=EDGE_LOOP('',(#1550,#1551,#1552,#1553));
#413=EDGE_LOOP('',(#1554,#1555,#1556,#1557));
#414=EDGE_LOOP('',(#1558,#1559,#1560,#1561));
#415=EDGE_LOOP('',(#1562,#1563,#1564,#1565));
#416=EDGE_LOOP('',(#1566,#1567,#1568,#1569));
#417=EDGE_LOOP('',(#1570,#1571,#1572,#1573));
#418=EDGE_LOOP('',(#1574,#1575,#1576,#1577));
#419=EDGE_LOOP('',(#1578,#1579,#1580,#1581));
#420=EDGE_LOOP('',(#1582,#1583,#1584,#1585));
#421=EDGE_LOOP('',(#1586,#1587,#1588,#1589));
#422=EDGE_LOOP('',(#1590,#1591,#1592,#1593,#1594,#1595,#1596,#1597,#1598,
#1599,#1600,#1601,#1602,#1603,#1604,#1605,#1606,#1607,#1608,#1609,#1610,
#1611,#1612,#1613,#1614,#1615,#1616,#1617,#1618,#1619,#1620,#1621,#1622,
#1623,#1624,#1625));
#423=EDGE_LOOP('',(#1626,#1627,#1628,#1629));
#424=EDGE_LOOP('',(#1630,#1631,#1632,#1633));
#425=EDGE_LOOP('',(#1634,#1635,#1636,#1637));
#426=EDGE_LOOP('',(#1638,#1639,#1640,#1641));
#427=EDGE_LOOP('',(#1642,#1643,#1644,#1645));
#428=EDGE_LOOP('',(#1646,#1647,#1648,#1649));
#429=EDGE_LOOP('',(#1650,#1651,#1652,#1653));
#430=EDGE_LOOP('',(#1654,#1655,#1656,#1657));
#431=EDGE_LOOP('',(#1658,#1659,#1660,#1661));
#432=EDGE_LOOP('',(#1662,#1663,#1664,#1665));
#433=EDGE_LOOP('',(#1666,#1667,#1668,#1669));
#434=EDGE_LOOP('',(#1670,#1671,#1672,#1673));
#435=EDGE_LOOP('',(#1674,#1675,#1676,#1677));
#436=EDGE_LOOP('',(#1678,#1679,#1680,#1681));
#437=EDGE_LOOP('',(#1682,#1683,#1684,#1685));
#438=EDGE_LOOP('',(#1686,#1687,#1688,#1689));
#439=EDGE_LOOP('',(#1690,#1691,#1692,#1693));
#440=EDGE_LOOP('',(#1694,#1695,#1696,#1697));
#441=EDGE_LOOP('',(#1698,#1699,#1700,#1701));
#442=EDGE_LOOP('',(#1702,#1703,#1704,#1705));
#443=EDGE_LOOP('',(#1706,#1707,#1708,#1709));
#444=EDGE_LOOP('',(#1710,#1711,#1712,#1713,#1714));
#445=EDGE_LOOP('',(#1715,#1716,#1717,#1718));
#446=EDGE_LOOP('',(#1719,#1720,#1721,#1722));
#447=EDGE_LOOP('',(#1723,#1724,#1725,#1726));
#448=EDGE_LOOP('',(#1727,#1728,#1729,#1730));
#449=EDGE_LOOP('',(#1731,#1732,#1733,#1734));
#450=EDGE_LOOP('',(#1735,#1736,#1737,#1738));
#451=EDGE_LOOP('',(#1739,#1740,#1741,#1742));
#452=EDGE_LOOP('',(#1743,#1744,#1745,#1746));
#453=EDGE_LOOP('',(#1747,#1748,#1749,#1750));
#454=EDGE_LOOP('',(#1751,#1752,#1753,#1754));
#455=EDGE_LOOP('',(#1755,#1756,#1757,#1758));
#456=EDGE_LOOP('',(#1759,#1760,#1761,#1762));
#457=EDGE_LOOP('',(#1763,#1764,#1765,#1766));
#458=EDGE_LOOP('',(#1767,#1768,#1769,#1770));
#459=EDGE_LOOP('',(#1771,#1772,#1773,#1774));
#460=EDGE_LOOP('',(#1775,#1776,#1777,#1778));
#461=EDGE_LOOP('',(#1779,#1780,#1781,#1782));
#462=EDGE_LOOP('',(#1783,#1784,#1785,#1786));
#463=EDGE_LOOP('',(#1787,#1788,#1789,#1790));
#464=EDGE_LOOP('',(#1791,#1792,#1793,#1794));
#465=EDGE_LOOP('',(#1795,#1796,#1797,#1798));
#466=EDGE_LOOP('',(#1799,#1800,#1801,#1802));
#467=EDGE_LOOP('',(#1803,#1804,#1805,#1806));
#468=EDGE_LOOP('',(#1807,#1808,#1809,#1810,#1811,#1812,#1813,#1814,#1815,
#1816,#1817,#1818,#1819,#1820,#1821,#1822,#1823,#1824,#1825,#1826,#1827,
#1828,#1829,#1830,#1831,#1832,#1833,#1834,#1835,#1836,#1837,#1838,#1839,
#1840,#1841,#1842));
#469=EDGE_LOOP('',(#1843,#1844,#1845,#1846));
#470=EDGE_LOOP('',(#1847,#1848,#1849,#1850));
#471=EDGE_LOOP('',(#1851,#1852,#1853,#1854));
#472=EDGE_LOOP('',(#1855,#1856,#1857,#1858));
#473=EDGE_LOOP('',(#1859));
#474=EDGE_LOOP('',(#1860));
#475=EDGE_LOOP('',(#1861));
#476=EDGE_LOOP('',(#1862));
#477=EDGE_LOOP('',(#1863,#1864,#1865,#1866,#1867));
#478=LINE('',#2806,#573);
#479=LINE('',#2811,#574);
#480=LINE('',#2824,#575);
#481=LINE('',#2825,#576);
#482=LINE('',#2839,#577);
#483=LINE('',#2840,#578);
#484=LINE('',#2852,#579);
#485=LINE('',#2853,#580);
#486=LINE('',#2870,#581);
#487=LINE('',#2871,#582);
#488=LINE('',#2876,#583);
#489=LINE('',#2880,#584);
#490=LINE('',#2888,#585);
#491=LINE('',#2893,#586);
#492=LINE('',#2897,#587);
#493=LINE('',#2906,#588);
#494=LINE('',#2907,#589);
#495=LINE('',#2916,#590);
#496=LINE('',#2917,#591);
#497=LINE('',#2931,#592);
#498=LINE('',#2932,#593);
#499=LINE('',#2949,#594);
#500=LINE('',#2950,#595);
#501=LINE('',#2953,#596);
#502=LINE('',#2955,#597);
#503=LINE('',#2957,#598);
#504=LINE('',#2961,#599);
#505=LINE('',#2972,#600);
#506=LINE('',#2975,#601);
#507=LINE('',#3062,#602);
#508=LINE('',#3063,#603);
#509=LINE('',#3150,#604);
#510=LINE('',#3151,#605);
#511=LINE('',#3238,#606);
#512=LINE('',#3239,#607);
#513=LINE('',#3331,#608);
#514=LINE('',#3332,#609);
#515=LINE('',#3419,#610);
#516=LINE('',#3420,#611);
#517=LINE('',#3507,#612);
#518=LINE('',#3508,#613);
#519=LINE('',#3595,#614);
#520=LINE('',#3596,#615);
#521=LINE('',#3678,#616);
#522=LINE('',#3685,#617);
#523=LINE('',#3688,#618);
#524=LINE('',#3692,#619);
#525=LINE('',#3700,#620);
#526=LINE('',#3701,#621);
#527=LINE('',#3704,#622);
#528=LINE('',#3712,#623);
#529=LINE('',#3716,#624);
#530=LINE('',#3724,#625);
#531=LINE('',#3725,#626);
#532=LINE('',#3728,#627);
#533=LINE('',#3736,#628);
#534=LINE('',#3740,#629);
#535=LINE('',#3748,#630);
#536=LINE('',#3749,#631);
#537=LINE('',#3752,#632);
#538=LINE('',#3760,#633);
#539=LINE('',#3764,#634);
#540=LINE('',#3772,#635);
#541=LINE('',#3773,#636);
#542=LINE('',#3776,#637);
#543=LINE('',#3783,#638);
#544=LINE('',#3786,#639);
#545=LINE('',#3871,#640);
#546=LINE('',#3943,#641);
#547=LINE('',#4015,#642);
#548=LINE('',#4087,#643);
#549=LINE('',#4160,#644);
#550=LINE('',#4161,#645);
#551=LINE('',#4253,#646);
#552=LINE('',#4254,#647);
#553=LINE('',#4341,#648);
#554=LINE('',#4342,#649);
#555=LINE('',#4423,#650);
#556=LINE('',#4425,#651);
#557=LINE('',#4427,#652);
#558=LINE('',#4429,#653);
#559=LINE('',#4431,#654);
#560=LINE('',#4433,#655);
#561=LINE('',#4435,#656);
#562=LINE('',#4437,#657);
#563=LINE('',#4439,#658);
#564=LINE('',#4441,#659);
#565=LINE('',#4443,#660);
#566=LINE('',#4445,#661);
#567=LINE('',#4447,#662);
#568=LINE('',#4450,#663);
#569=LINE('',#4453,#664);
#570=LINE('',#4455,#665);
#571=LINE('',#4459,#666);
#572=LINE('',#4466,#667);
#573=VECTOR('',#2249,12.75);
#574=VECTOR('',#2256,13.5);
#575=VECTOR('',#2271,10.);
#576=VECTOR('',#2272,10.);
#577=VECTOR('',#2275,10.);
#578=VECTOR('',#2276,10.);
#579=VECTOR('',#2289,10.);
#580=VECTOR('',#2290,10.);
#581=VECTOR('',#2299,10.);
#582=VECTOR('',#2300,10.);
#583=VECTOR('',#2307,10.);
#584=VECTOR('',#2310,10.);
#585=VECTOR('',#2317,10.);
#586=VECTOR('',#2322,10.);
#587=VECTOR('',#2327,10.);
#588=VECTOR('',#2338,10.);
#589=VECTOR('',#2339,10.);
#590=VECTOR('',#2350,10.);
#591=VECTOR('',#2351,10.);
#592=VECTOR('',#2354,10.);
#593=VECTOR('',#2355,10.);
#594=VECTOR('',#2364,10.);
#595=VECTOR('',#2365,10.);
#596=VECTOR('',#2370,10.);
#597=VECTOR('',#2373,10.);
#598=VECTOR('',#2376,10.);
#599=VECTOR('',#2381,12.);
#600=VECTOR('',#2396,10.);
#601=VECTOR('',#2399,10.);
#602=VECTOR('',#2416,10.);
#603=VECTOR('',#2417,10.);
#604=VECTOR('',#2434,10.);
#605=VECTOR('',#2435,10.);
#606=VECTOR('',#2452,10.);
#607=VECTOR('',#2453,10.);
#608=VECTOR('',#2470,10.);
#609=VECTOR('',#2471,10.);
#610=VECTOR('',#2488,10.);
#611=VECTOR('',#2489,10.);
#612=VECTOR('',#2506,10.);
#613=VECTOR('',#2507,10.);
#614=VECTOR('',#2524,10.);
#615=VECTOR('',#2525,10.);
#616=VECTOR('',#2538,10.);
#617=VECTOR('',#2539,10.);
#618=VECTOR('',#2542,10.);
#619=VECTOR('',#2547,10.);
#620=VECTOR('',#2550,10.);
#621=VECTOR('',#2551,10.);
#622=VECTOR('',#2554,10.);
#623=VECTOR('',#2557,10.);
#624=VECTOR('',#2562,10.);
#625=VECTOR('',#2565,10.);
#626=VECTOR('',#2566,10.);
#627=VECTOR('',#2569,10.);
#628=VECTOR('',#2572,10.);
#629=VECTOR('',#2577,10.);
#630=VECTOR('',#2580,10.);
#631=VECTOR('',#2581,10.);
#632=VECTOR('',#2584,10.);
#633=VECTOR('',#2587,10.);
#634=VECTOR('',#2592,10.);
#635=VECTOR('',#2595,10.);
#636=VECTOR('',#2596,10.);
#637=VECTOR('',#2599,8.8);
#638=VECTOR('',#2606,10.);
#639=VECTOR('',#2609,10.);
#640=VECTOR('',#2626,10.);
#641=VECTOR('',#2641,10.);
#642=VECTOR('',#2656,10.);
#643=VECTOR('',#2671,10.);
#644=VECTOR('',#2686,10.);
#645=VECTOR('',#2687,10.);
#646=VECTOR('',#2704,10.);
#647=VECTOR('',#2705,10.);
#648=VECTOR('',#2722,10.);
#649=VECTOR('',#2723,10.);
#650=VECTOR('',#2736,10.);
#651=VECTOR('',#2739,10.);
#652=VECTOR('',#2742,10.);
#653=VECTOR('',#2745,10.);
#654=VECTOR('',#2748,10.);
#655=VECTOR('',#2751,10.);
#656=VECTOR('',#2754,10.);
#657=VECTOR('',#2757,10.);
#658=VECTOR('',#2760,10.);
#659=VECTOR('',#2763,10.);
#660=VECTOR('',#2766,10.);
#661=VECTOR('',#2769,10.);
#662=VECTOR('',#2772,10.);
#663=VECTOR('',#2775,10.4);
#664=VECTOR('',#2780,10.);
#665=VECTOR('',#2783,10.);
#666=VECTOR('',#2788,11.2);
#667=VECTOR('',#2799,12.);
#668=CIRCLE('',#2014,12.);
#669=CIRCLE('',#2015,13.5);
#670=CIRCLE('',#2016,12.);
#671=CIRCLE('',#2018,13.5);
#672=CIRCLE('',#2020,0.5);
#673=CIRCLE('',#2021,0.500000000000002);
#674=CIRCLE('',#2022,0.499999999999998);
#675=CIRCLE('',#2024,0.5);
#676=CIRCLE('',#2027,0.5);
#677=CIRCLE('',#2028,0.500000000000001);
#678=CIRCLE('',#2029,0.499999999999998);
#679=CIRCLE('',#2031,0.5);
#680=CIRCLE('',#2033,13.5);
#681=CIRCLE('',#2034,13.);
#682=CIRCLE('',#2037,13.5);
#683=CIRCLE('',#2039,12.);
#684=CIRCLE('',#2040,0.5);
#685=CIRCLE('',#2041,13.5);
#686=CIRCLE('',#2042,0.5);
#687=CIRCLE('',#2043,12.);
#688=CIRCLE('',#2044,12.);
#689=CIRCLE('',#2045,11.2);
#690=CIRCLE('',#2048,0.5);
#691=CIRCLE('',#2049,0.500000000000001);
#692=CIRCLE('',#2050,0.499999999999998);
#693=CIRCLE('',#2053,0.500000000000003);
#694=CIRCLE('',#2054,0.500000000000002);
#695=CIRCLE('',#2055,0.499999999999989);
#696=CIRCLE('',#2059,13.5);
#697=CIRCLE('',#2060,13.);
#698=CIRCLE('',#2067,12.);
#699=CIRCLE('',#2068,12.);
#700=CIRCLE('',#2069,12.);
#701=CIRCLE('',#2074,0.25);
#702=CIRCLE('',#2075,0.249999999999999);
#703=CIRCLE('',#2076,0.25);
#704=CIRCLE('',#2078,0.249999999999999);
#705=CIRCLE('',#2079,9.05);
#706=CIRCLE('',#2080,8.8);
#707=CIRCLE('',#2081,0.25);
#708=CIRCLE('',#2083,0.249999999999999);
#709=CIRCLE('',#2084,0.25);
#710=CIRCLE('',#2086,0.249999999999999);
#711=CIRCLE('',#2087,9.05);
#712=CIRCLE('',#2088,8.8);
#713=CIRCLE('',#2089,0.25);
#714=CIRCLE('',#2091,0.249999999999998);
#715=CIRCLE('',#2092,0.25);
#716=CIRCLE('',#2094,0.25);
#717=CIRCLE('',#2095,9.05);
#718=CIRCLE('',#2096,8.8);
#719=CIRCLE('',#2097,0.25);
#720=CIRCLE('',#2099,0.249999999999999);
#721=CIRCLE('',#2100,0.249999999999999);
#722=CIRCLE('',#2102,0.25);
#723=CIRCLE('',#2103,9.05);
#724=CIRCLE('',#2104,8.8);
#725=CIRCLE('',#2105,0.25);
#726=CIRCLE('',#2107,0.249999999999999);
#727=CIRCLE('',#2108,0.25);
#728=CIRCLE('',#2110,0.249999999999998);
#729=CIRCLE('',#2111,9.05);
#730=CIRCLE('',#2112,8.8);
#731=CIRCLE('',#2113,0.249999999999999);
#732=CIRCLE('',#2115,0.249999999999999);
#733=CIRCLE('',#2116,0.249999999999999);
#734=CIRCLE('',#2118,0.25);
#735=CIRCLE('',#2119,9.05);
#736=CIRCLE('',#2120,8.8);
#737=CIRCLE('',#2121,0.25);
#738=CIRCLE('',#2123,0.249999999999998);
#739=CIRCLE('',#2124,0.25);
#740=CIRCLE('',#2126,0.249999999999999);
#741=CIRCLE('',#2127,9.05);
#742=CIRCLE('',#2128,8.8);
#743=CIRCLE('',#2129,0.249999999999999);
#744=CIRCLE('',#2131,0.249999999999999);
#745=CIRCLE('',#2132,0.250000000000001);
#746=CIRCLE('',#2134,0.250000000000001);
#747=CIRCLE('',#2135,9.05);
#748=CIRCLE('',#2136,8.8);
#749=CIRCLE('',#2139,10.15);
#750=CIRCLE('',#2144,10.15);
#751=CIRCLE('',#2149,10.15);
#752=CIRCLE('',#2154,10.15);
#753=CIRCLE('',#2158,8.8);
#754=CIRCLE('',#2160,0.25);
#755=CIRCLE('',#2161,0.249999999999999);
#756=CIRCLE('',#2162,0.25);
#757=CIRCLE('',#2164,0.249999999999998);
#758=CIRCLE('',#2165,10.15);
#759=CIRCLE('',#2166,10.4);
#760=CIRCLE('',#2167,0.250000000000001);
#761=CIRCLE('',#2169,0.250000000000001);
#762=CIRCLE('',#2170,0.25);
#763=CIRCLE('',#2172,0.249999999999999);
#764=CIRCLE('',#2173,10.4);
#765=CIRCLE('',#2174,0.25);
#766=CIRCLE('',#2176,0.250000000000001);
#767=CIRCLE('',#2177,0.25);
#768=CIRCLE('',#2179,0.25);
#769=CIRCLE('',#2180,10.4);
#770=CIRCLE('',#2181,0.249999999999997);
#771=CIRCLE('',#2183,0.250000000000002);
#772=CIRCLE('',#2184,0.249999999999998);
#773=CIRCLE('',#2186,0.249999999999999);
#774=CIRCLE('',#2187,10.4);
#775=CIRCLE('',#2188,0.25);
#776=CIRCLE('',#2190,0.250000000000001);
#777=CIRCLE('',#2191,0.25);
#778=CIRCLE('',#2193,0.249999999999998);
#779=CIRCLE('',#2194,10.4);
#780=CIRCLE('',#2195,0.250000000000001);
#781=CIRCLE('',#2197,0.250000000000001);
#782=CIRCLE('',#2198,0.25);
#783=CIRCLE('',#2200,0.249999999999999);
#784=CIRCLE('',#2201,10.15);
#785=CIRCLE('',#2202,10.4);
#786=CIRCLE('',#2203,0.25);
#787=CIRCLE('',#2205,0.249999999999999);
#788=CIRCLE('',#2206,0.250000000000001);
#789=CIRCLE('',#2208,0.249999999999997);
#790=CIRCLE('',#2209,10.15);
#791=CIRCLE('',#2210,10.4);
#792=CIRCLE('',#2211,0.249999999999997);
#793=CIRCLE('',#2213,0.250000000000002);
#794=CIRCLE('',#2214,0.249999999999997);
#795=CIRCLE('',#2216,0.249999999999998);
#796=CIRCLE('',#2217,10.15);
#797=CIRCLE('',#2218,10.4);
#798=CIRCLE('',#2233,10.4);
#799=CIRCLE('',#2238,8.90854275260583);
#800=CIRCLE('',#2241,12.);
#801=VERTEX_POINT('',#2802);
#802=VERTEX_POINT('',#2803);
#803=VERTEX_POINT('',#2805);
#804=VERTEX_POINT('',#2810);
#805=VERTEX_POINT('',#2814);
#806=VERTEX_POINT('',#2815);
#807=VERTEX_POINT('',#2817);
#808=VERTEX_POINT('',#2821);
#809=VERTEX_POINT('',#2822);
#810=VERTEX_POINT('',#2827);
#811=VERTEX_POINT('',#2828);
#812=VERTEX_POINT('',#2842);
#813=VERTEX_POINT('',#2843);
#814=VERTEX_POINT('',#2845);
#815=VERTEX_POINT('',#2849);
#816=VERTEX_POINT('',#2850);
#817=VERTEX_POINT('',#2858);
#818=VERTEX_POINT('',#2859);
#819=VERTEX_POINT('',#2875);
#820=VERTEX_POINT('',#2877);
#821=VERTEX_POINT('',#2879);
#822=VERTEX_POINT('',#2881);
#823=VERTEX_POINT('',#2883);
#824=VERTEX_POINT('',#2885);
#825=VERTEX_POINT('',#2887);
#826=VERTEX_POINT('',#2889);
#827=VERTEX_POINT('',#2891);
#828=VERTEX_POINT('',#2894);
#829=VERTEX_POINT('',#2899);
#830=VERTEX_POINT('',#2900);
#831=VERTEX_POINT('',#2902);
#832=VERTEX_POINT('',#2909);
#833=VERTEX_POINT('',#2910);
#834=VERTEX_POINT('',#2912);
#835=VERTEX_POINT('',#2919);
#836=VERTEX_POINT('',#2920);
#837=VERTEX_POINT('',#2937);
#838=VERTEX_POINT('',#2938);
#839=VERTEX_POINT('',#2960);
#840=VERTEX_POINT('',#2968);
#841=VERTEX_POINT('',#2969);
#842=VERTEX_POINT('',#2971);
#843=VERTEX_POINT('',#2973);
#844=VERTEX_POINT('',#3001);
#845=VERTEX_POINT('',#3002);
#846=VERTEX_POINT('',#3015);
#847=VERTEX_POINT('',#3016);
#848=VERTEX_POINT('',#3045);
#849=VERTEX_POINT('',#3046);
#850=VERTEX_POINT('',#3059);
#851=VERTEX_POINT('',#3060);
#852=VERTEX_POINT('',#3089);
#853=VERTEX_POINT('',#3090);
#854=VERTEX_POINT('',#3103);
#855=VERTEX_POINT('',#3104);
#856=VERTEX_POINT('',#3133);
#857=VERTEX_POINT('',#3134);
#858=VERTEX_POINT('',#3147);
#859=VERTEX_POINT('',#3148);
#860=VERTEX_POINT('',#3177);
#861=VERTEX_POINT('',#3178);
#862=VERTEX_POINT('',#3191);
#863=VERTEX_POINT('',#3192);
#864=VERTEX_POINT('',#3221);
#865=VERTEX_POINT('',#3222);
#866=VERTEX_POINT('',#3235);
#867=VERTEX_POINT('',#3236);
#868=VERTEX_POINT('',#3265);
#869=VERTEX_POINT('',#3266);
#870=VERTEX_POINT('',#3279);
#871=VERTEX_POINT('',#3280);
#872=VERTEX_POINT('',#3309);
#873=VERTEX_POINT('',#3310);
#874=VERTEX_POINT('',#3317);
#875=VERTEX_POINT('',#3328);
#876=VERTEX_POINT('',#3329);
#877=VERTEX_POINT('',#3358);
#878=VERTEX_POINT('',#3359);
#879=VERTEX_POINT('',#3372);
#880=VERTEX_POINT('',#3373);
#881=VERTEX_POINT('',#3402);
#882=VERTEX_POINT('',#3403);
#883=VERTEX_POINT('',#3416);
#884=VERTEX_POINT('',#3417);
#885=VERTEX_POINT('',#3446);
#886=VERTEX_POINT('',#3447);
#887=VERTEX_POINT('',#3460);
#888=VERTEX_POINT('',#3461);
#889=VERTEX_POINT('',#3490);
#890=VERTEX_POINT('',#3491);
#891=VERTEX_POINT('',#3504);
#892=VERTEX_POINT('',#3505);
#893=VERTEX_POINT('',#3534);
#894=VERTEX_POINT('',#3535);
#895=VERTEX_POINT('',#3548);
#896=VERTEX_POINT('',#3549);
#897=VERTEX_POINT('',#3578);
#898=VERTEX_POINT('',#3579);
#899=VERTEX_POINT('',#3592);
#900=VERTEX_POINT('',#3593);
#901=VERTEX_POINT('',#3622);
#902=VERTEX_POINT('',#3623);
#903=VERTEX_POINT('',#3636);
#904=VERTEX_POINT('',#3637);
#905=VERTEX_POINT('',#3677);
#906=VERTEX_POINT('',#3679);
#907=VERTEX_POINT('',#3687);
#908=VERTEX_POINT('',#3691);
#909=VERTEX_POINT('',#3699);
#910=VERTEX_POINT('',#3703);
#911=VERTEX_POINT('',#3711);
#912=VERTEX_POINT('',#3715);
#913=VERTEX_POINT('',#3723);
#914=VERTEX_POINT('',#3727);
#915=VERTEX_POINT('',#3735);
#916=VERTEX_POINT('',#3739);
#917=VERTEX_POINT('',#3747);
#918=VERTEX_POINT('',#3751);
#919=VERTEX_POINT('',#3759);
#920=VERTEX_POINT('',#3763);
#921=VERTEX_POINT('',#3771);
#922=VERTEX_POINT('',#3775);
#923=VERTEX_POINT('',#3779);
#924=VERTEX_POINT('',#3780);
#925=VERTEX_POINT('',#3782);
#926=VERTEX_POINT('',#3784);
#927=VERTEX_POINT('',#3812);
#928=VERTEX_POINT('',#3813);
#929=VERTEX_POINT('',#3826);
#930=VERTEX_POINT('',#3827);
#931=VERTEX_POINT('',#3856);
#932=VERTEX_POINT('',#3869);
#933=VERTEX_POINT('',#3897);
#934=VERTEX_POINT('',#3905);
#935=VERTEX_POINT('',#3933);
#936=VERTEX_POINT('',#3941);
#937=VERTEX_POINT('',#3969);
#938=VERTEX_POINT('',#3977);
#939=VERTEX_POINT('',#4005);
#940=VERTEX_POINT('',#4013);
#941=VERTEX_POINT('',#4041);
#942=VERTEX_POINT('',#4049);
#943=VERTEX_POINT('',#4077);
#944=VERTEX_POINT('',#4085);
#945=VERTEX_POINT('',#4113);
#946=VERTEX_POINT('',#4121);
#947=VERTEX_POINT('',#4149);
#948=VERTEX_POINT('',#4157);
#949=VERTEX_POINT('',#4158);
#950=VERTEX_POINT('',#4187);
#951=VERTEX_POINT('',#4188);
#952=VERTEX_POINT('',#4195);
#953=VERTEX_POINT('',#4206);
#954=VERTEX_POINT('',#4207);
#955=VERTEX_POINT('',#4236);
#956=VERTEX_POINT('',#4237);
#957=VERTEX_POINT('',#4250);
#958=VERTEX_POINT('',#4251);
#959=VERTEX_POINT('',#4280);
#960=VERTEX_POINT('',#4281);
#961=VERTEX_POINT('',#4294);
#962=VERTEX_POINT('',#4295);
#963=VERTEX_POINT('',#4324);
#964=VERTEX_POINT('',#4325);
#965=VERTEX_POINT('',#4338);
#966=VERTEX_POINT('',#4339);
#967=VERTEX_POINT('',#4368);
#968=VERTEX_POINT('',#4369);
#969=VERTEX_POINT('',#4382);
#970=VERTEX_POINT('',#4383);
#971=VERTEX_POINT('',#4449);
#972=VERTEX_POINT('',#4458);
#973=VERTEX_POINT('',#4463);
#974=EDGE_CURVE('',#801,#802,#668,.T.);
#975=EDGE_CURVE('',#801,#803,#478,.T.);
#976=EDGE_CURVE('',#803,#803,#669,.T.);
#977=EDGE_CURVE('',#802,#801,#670,.T.);
#978=EDGE_CURVE('',#803,#804,#479,.T.);
#979=EDGE_CURVE('',#804,#804,#671,.T.);
#980=EDGE_CURVE('',#805,#806,#672,.F.);
#981=EDGE_CURVE('',#807,#805,#673,.F.);
#982=EDGE_CURVE('',#806,#807,#674,.F.);
#983=EDGE_CURVE('',#808,#809,#675,.T.);
#984=EDGE_CURVE('',#809,#807,#480,.T.);
#985=EDGE_CURVE('',#805,#808,#481,.T.);
#986=EDGE_CURVE('',#810,#811,#95,.F.);
#987=EDGE_CURVE('',#811,#806,#482,.T.);
#988=EDGE_CURVE('',#807,#810,#483,.T.);
#989=EDGE_CURVE('',#812,#813,#676,.F.);
#990=EDGE_CURVE('',#814,#812,#677,.F.);
#991=EDGE_CURVE('',#813,#814,#678,.F.);
#992=EDGE_CURVE('',#815,#816,#679,.T.);
#993=EDGE_CURVE('',#816,#814,#484,.T.);
#994=EDGE_CURVE('',#812,#815,#485,.T.);
#995=EDGE_CURVE('',#814,#805,#680,.T.);
#996=EDGE_CURVE('',#806,#813,#681,.T.);
#997=EDGE_CURVE('',#817,#818,#96,.F.);
#998=EDGE_CURVE('',#818,#812,#486,.T.);
#999=EDGE_CURVE('',#813,#817,#487,.T.);
#1000=EDGE_CURVE('',#808,#816,#682,.T.);
#1001=EDGE_CURVE('',#815,#819,#488,.T.);
#1002=EDGE_CURVE('',#819,#820,#683,.T.);
#1003=EDGE_CURVE('',#820,#821,#489,.T.);
#1004=EDGE_CURVE('',#822,#821,#684,.T.);
#1005=EDGE_CURVE('',#822,#823,#685,.T.);
#1006=EDGE_CURVE('',#824,#823,#686,.T.);
#1007=EDGE_CURVE('',#824,#825,#490,.T.);
#1008=EDGE_CURVE('',#825,#826,#687,.T.);
#1009=EDGE_CURVE('',#826,#827,#688,.T.);
#1010=EDGE_CURVE('',#827,#809,#491,.T.);
#1011=EDGE_CURVE('',#828,#828,#689,.T.);
#1012=EDGE_CURVE('',#819,#818,#492,.T.);
#1013=EDGE_CURVE('',#829,#830,#690,.F.);
#1014=EDGE_CURVE('',#831,#829,#691,.F.);
#1015=EDGE_CURVE('',#830,#831,#692,.F.);
#1016=EDGE_CURVE('',#823,#831,#493,.T.);
#1017=EDGE_CURVE('',#829,#824,#494,.T.);
#1018=EDGE_CURVE('',#832,#833,#693,.F.);
#1019=EDGE_CURVE('',#834,#832,#694,.F.);
#1020=EDGE_CURVE('',#833,#834,#695,.F.);
#1021=EDGE_CURVE('',#821,#834,#495,.T.);
#1022=EDGE_CURVE('',#832,#822,#496,.T.);
#1023=EDGE_CURVE('',#835,#836,#97,.F.);
#1024=EDGE_CURVE('',#836,#833,#497,.T.);
#1025=EDGE_CURVE('',#834,#835,#498,.T.);
#1026=EDGE_CURVE('',#831,#832,#696,.T.);
#1027=EDGE_CURVE('',#833,#830,#697,.T.);
#1028=EDGE_CURVE('',#837,#838,#98,.F.);
#1029=EDGE_CURVE('',#838,#829,#499,.T.);
#1030=EDGE_CURVE('',#830,#837,#500,.T.);
#1031=EDGE_CURVE('',#825,#838,#501,.T.);
#1032=EDGE_CURVE('',#827,#810,#502,.T.);
#1033=EDGE_CURVE('',#820,#835,#503,.T.);
#1034=EDGE_CURVE('',#811,#817,#698,.T.);
#1035=EDGE_CURVE('',#826,#839,#504,.T.);
#1036=EDGE_CURVE('',#839,#839,#699,.T.);
#1037=EDGE_CURVE('',#836,#837,#700,.T.);
#1038=EDGE_CURVE('',#840,#841,#701,.T.);
#1039=EDGE_CURVE('',#841,#842,#505,.T.);
#1040=EDGE_CURVE('',#842,#843,#702,.T.);
#1041=EDGE_CURVE('',#843,#840,#506,.T.);
#1042=EDGE_CURVE('',#844,#845,#703,.T.);
#1043=EDGE_CURVE('',#845,#843,#99,.T.);
#1044=EDGE_CURVE('',#842,#844,#100,.T.);
#1045=EDGE_CURVE('',#846,#847,#704,.T.);
#1046=EDGE_CURVE('',#847,#845,#705,.T.);
#1047=EDGE_CURVE('',#844,#846,#706,.T.);
#1048=EDGE_CURVE('',#848,#849,#707,.T.);
#1049=EDGE_CURVE('',#849,#847,#101,.T.);
#1050=EDGE_CURVE('',#846,#848,#102,.T.);
#1051=EDGE_CURVE('',#850,#851,#708,.T.);
#1052=EDGE_CURVE('',#851,#849,#507,.T.);
#1053=EDGE_CURVE('',#848,#850,#508,.T.);
#1054=EDGE_CURVE('',#852,#853,#709,.T.);
#1055=EDGE_CURVE('',#853,#851,#103,.T.);
#1056=EDGE_CURVE('',#850,#852,#104,.T.);
#1057=EDGE_CURVE('',#854,#855,#710,.T.);
#1058=EDGE_CURVE('',#855,#853,#711,.T.);
#1059=EDGE_CURVE('',#852,#854,#712,.T.);
#1060=EDGE_CURVE('',#856,#857,#713,.T.);
#1061=EDGE_CURVE('',#857,#855,#105,.T.);
#1062=EDGE_CURVE('',#854,#856,#106,.T.);
#1063=EDGE_CURVE('',#858,#859,#714,.T.);
#1064=EDGE_CURVE('',#859,#857,#509,.T.);
#1065=EDGE_CURVE('',#856,#858,#510,.T.);
#1066=EDGE_CURVE('',#860,#861,#715,.T.);
#1067=EDGE_CURVE('',#861,#859,#107,.T.);
#1068=EDGE_CURVE('',#858,#860,#108,.T.);
#1069=EDGE_CURVE('',#862,#863,#716,.T.);
#1070=EDGE_CURVE('',#863,#861,#717,.T.);
#1071=EDGE_CURVE('',#860,#862,#718,.T.);
#1072=EDGE_CURVE('',#864,#865,#719,.T.);
#1073=EDGE_CURVE('',#865,#863,#109,.T.);
#1074=EDGE_CURVE('',#862,#864,#110,.T.);
#1075=EDGE_CURVE('',#866,#867,#720,.T.);
#1076=EDGE_CURVE('',#867,#865,#511,.T.);
#1077=EDGE_CURVE('',#864,#866,#512,.T.);
#1078=EDGE_CURVE('',#868,#869,#721,.T.);
#1079=EDGE_CURVE('',#869,#867,#111,.T.);
#1080=EDGE_CURVE('',#866,#868,#112,.T.);
#1081=EDGE_CURVE('',#870,#871,#722,.T.);
#1082=EDGE_CURVE('',#871,#869,#723,.T.);
#1083=EDGE_CURVE('',#868,#870,#724,.T.);
#1084=EDGE_CURVE('',#872,#873,#725,.T.);
#1085=EDGE_CURVE('',#873,#871,#113,.T.);
#1086=EDGE_CURVE('',#870,#874,#114,.T.);
#1087=EDGE_CURVE('',#874,#872,#115,.T.);
#1088=EDGE_CURVE('',#875,#876,#726,.T.);
#1089=EDGE_CURVE('',#876,#873,#513,.T.);
#1090=EDGE_CURVE('',#872,#875,#514,.T.);
#1091=EDGE_CURVE('',#877,#878,#727,.T.);
#1092=EDGE_CURVE('',#878,#876,#116,.T.);
#1093=EDGE_CURVE('',#875,#877,#117,.T.);
#1094=EDGE_CURVE('',#879,#880,#728,.T.);
#1095=EDGE_CURVE('',#880,#878,#729,.T.);
#1096=EDGE_CURVE('',#877,#879,#730,.T.);
#1097=EDGE_CURVE('',#881,#882,#731,.T.);
#1098=EDGE_CURVE('',#882,#880,#118,.T.);
#1099=EDGE_CURVE('',#879,#881,#119,.T.);
#1100=EDGE_CURVE('',#883,#884,#732,.T.);
#1101=EDGE_CURVE('',#884,#882,#515,.T.);
#1102=EDGE_CURVE('',#881,#883,#516,.T.);
#1103=EDGE_CURVE('',#885,#886,#733,.T.);
#1104=EDGE_CURVE('',#886,#884,#120,.T.);
#1105=EDGE_CURVE('',#883,#885,#121,.T.);
#1106=EDGE_CURVE('',#887,#888,#734,.T.);
#1107=EDGE_CURVE('',#888,#886,#735,.T.);
#1108=EDGE_CURVE('',#885,#887,#736,.T.);
#1109=EDGE_CURVE('',#889,#890,#737,.T.);
#1110=EDGE_CURVE('',#890,#888,#122,.T.);
#1111=EDGE_CURVE('',#887,#889,#123,.T.);
#1112=EDGE_CURVE('',#891,#892,#738,.T.);
#1113=EDGE_CURVE('',#892,#890,#517,.T.);
#1114=EDGE_CURVE('',#889,#891,#518,.T.);
#1115=EDGE_CURVE('',#893,#894,#739,.T.);
#1116=EDGE_CURVE('',#894,#892,#124,.T.);
#1117=EDGE_CURVE('',#891,#893,#125,.T.);
#1118=EDGE_CURVE('',#895,#896,#740,.T.);
#1119=EDGE_CURVE('',#896,#894,#741,.T.);
#1120=EDGE_CURVE('',#893,#895,#742,.T.);
#1121=EDGE_CURVE('',#897,#898,#743,.T.);
#1122=EDGE_CURVE('',#898,#896,#126,.T.);
#1123=EDGE_CURVE('',#895,#897,#127,.T.);
#1124=EDGE_CURVE('',#899,#900,#744,.T.);
#1125=EDGE_CURVE('',#900,#898,#519,.T.);
#1126=EDGE_CURVE('',#897,#899,#520,.T.);
#1127=EDGE_CURVE('',#901,#902,#745,.T.);
#1128=EDGE_CURVE('',#902,#900,#128,.T.);
#1129=EDGE_CURVE('',#899,#901,#129,.T.);
#1130=EDGE_CURVE('',#903,#904,#746,.T.);
#1131=EDGE_CURVE('',#904,#902,#747,.T.);
#1132=EDGE_CURVE('',#901,#903,#748,.T.);
#1133=EDGE_CURVE('',#840,#904,#130,.T.);
#1134=EDGE_CURVE('',#903,#841,#131,.T.);
#1135=EDGE_CURVE('',#878,#905,#521,.T.);
#1136=EDGE_CURVE('',#906,#905,#132,.T.);
#1137=EDGE_CURVE('',#906,#876,#522,.T.);
#1138=EDGE_CURVE('',#907,#880,#523,.T.);
#1139=EDGE_CURVE('',#905,#907,#749,.T.);
#1140=EDGE_CURVE('',#882,#908,#524,.T.);
#1141=EDGE_CURVE('',#907,#908,#133,.T.);
#1142=EDGE_CURVE('',#909,#884,#525,.T.);
#1143=EDGE_CURVE('',#908,#909,#526,.T.);
#1144=EDGE_CURVE('',#886,#910,#527,.T.);
#1145=EDGE_CURVE('',#909,#910,#134,.T.);
#1146=EDGE_CURVE('',#911,#888,#528,.T.);
#1147=EDGE_CURVE('',#910,#911,#750,.T.);
#1148=EDGE_CURVE('',#890,#912,#529,.T.);
#1149=EDGE_CURVE('',#911,#912,#135,.T.);
#1150=EDGE_CURVE('',#913,#892,#530,.T.);
#1151=EDGE_CURVE('',#912,#913,#531,.T.);
#1152=EDGE_CURVE('',#894,#914,#532,.T.);
#1153=EDGE_CURVE('',#913,#914,#136,.T.);
#1154=EDGE_CURVE('',#915,#896,#533,.T.);
#1155=EDGE_CURVE('',#914,#915,#751,.T.);
#1156=EDGE_CURVE('',#898,#916,#534,.T.);
#1157=EDGE_CURVE('',#915,#916,#137,.T.);
#1158=EDGE_CURVE('',#917,#900,#535,.T.);
#1159=EDGE_CURVE('',#916,#917,#536,.T.);
#1160=EDGE_CURVE('',#902,#918,#537,.T.);
#1161=EDGE_CURVE('',#917,#918,#138,.T.);
#1162=EDGE_CURVE('',#919,#904,#538,.T.);
#1163=EDGE_CURVE('',#918,#919,#752,.T.);
#1164=EDGE_CURVE('',#840,#920,#539,.T.);
#1165=EDGE_CURVE('',#919,#920,#139,.T.);
#1166=EDGE_CURVE('',#921,#843,#540,.T.);
#1167=EDGE_CURVE('',#920,#921,#541,.T.);
#1168=EDGE_CURVE('',#874,#922,#542,.T.);
#1169=EDGE_CURVE('',#922,#922,#753,.T.);
#1170=EDGE_CURVE('',#923,#924,#754,.T.);
#1171=EDGE_CURVE('',#924,#925,#543,.T.);
#1172=EDGE_CURVE('',#925,#926,#755,.T.);
#1173=EDGE_CURVE('',#926,#923,#544,.T.);
#1174=EDGE_CURVE('',#927,#928,#756,.T.);
#1175=EDGE_CURVE('',#928,#926,#140,.T.);
#1176=EDGE_CURVE('',#925,#927,#141,.T.);
#1177=EDGE_CURVE('',#929,#930,#757,.T.);
#1178=EDGE_CURVE('',#930,#928,#758,.T.);
#1179=EDGE_CURVE('',#927,#929,#759,.T.);
#1180=EDGE_CURVE('',#931,#921,#760,.T.);
#1181=EDGE_CURVE('',#921,#930,#142,.T.);
#1182=EDGE_CURVE('',#929,#931,#143,.T.);
#1183=EDGE_CURVE('',#932,#920,#761,.T.);
#1184=EDGE_CURVE('',#931,#932,#545,.T.);
#1185=EDGE_CURVE('',#933,#919,#762,.T.);
#1186=EDGE_CURVE('',#932,#933,#144,.T.);
#1187=EDGE_CURVE('',#934,#918,#763,.T.);
#1188=EDGE_CURVE('',#933,#934,#764,.T.);
#1189=EDGE_CURVE('',#935,#917,#765,.T.);
#1190=EDGE_CURVE('',#934,#935,#145,.T.);
#1191=EDGE_CURVE('',#936,#916,#766,.T.);
#1192=EDGE_CURVE('',#935,#936,#546,.T.);
#1193=EDGE_CURVE('',#937,#915,#767,.T.);
#1194=EDGE_CURVE('',#936,#937,#146,.T.);
#1195=EDGE_CURVE('',#938,#914,#768,.T.);
#1196=EDGE_CURVE('',#937,#938,#769,.T.);
#1197=EDGE_CURVE('',#939,#913,#770,.T.);
#1198=EDGE_CURVE('',#938,#939,#147,.T.);
#1199=EDGE_CURVE('',#940,#912,#771,.T.);
#1200=EDGE_CURVE('',#939,#940,#547,.T.);
#1201=EDGE_CURVE('',#941,#911,#772,.T.);
#1202=EDGE_CURVE('',#940,#941,#148,.T.);
#1203=EDGE_CURVE('',#942,#910,#773,.T.);
#1204=EDGE_CURVE('',#941,#942,#774,.T.);
#1205=EDGE_CURVE('',#943,#909,#775,.T.);
#1206=EDGE_CURVE('',#942,#943,#149,.T.);
#1207=EDGE_CURVE('',#944,#908,#776,.T.);
#1208=EDGE_CURVE('',#943,#944,#548,.T.);
#1209=EDGE_CURVE('',#945,#907,#777,.T.);
#1210=EDGE_CURVE('',#944,#945,#150,.T.);
#1211=EDGE_CURVE('',#946,#905,#778,.T.);
#1212=EDGE_CURVE('',#945,#946,#779,.T.);
#1213=EDGE_CURVE('',#947,#906,#780,.T.);
#1214=EDGE_CURVE('',#946,#947,#151,.T.);
#1215=EDGE_CURVE('',#948,#949,#781,.T.);
#1216=EDGE_CURVE('',#949,#906,#549,.T.);
#1217=EDGE_CURVE('',#947,#948,#550,.T.);
#1218=EDGE_CURVE('',#950,#951,#782,.T.);
#1219=EDGE_CURVE('',#951,#949,#152,.T.);
#1220=EDGE_CURVE('',#948,#952,#153,.T.);
#1221=EDGE_CURVE('',#952,#950,#154,.T.);
#1222=EDGE_CURVE('',#953,#954,#783,.T.);
#1223=EDGE_CURVE('',#954,#951,#784,.T.);
#1224=EDGE_CURVE('',#950,#953,#785,.T.);
#1225=EDGE_CURVE('',#955,#956,#786,.T.);
#1226=EDGE_CURVE('',#956,#954,#155,.T.);
#1227=EDGE_CURVE('',#953,#955,#156,.T.);
#1228=EDGE_CURVE('',#957,#958,#787,.T.);
#1229=EDGE_CURVE('',#958,#956,#551,.T.);
#1230=EDGE_CURVE('',#955,#957,#552,.T.);
#1231=EDGE_CURVE('',#959,#960,#788,.T.);
#1232=EDGE_CURVE('',#960,#958,#157,.T.);
#1233=EDGE_CURVE('',#957,#959,#158,.T.);
#1234=EDGE_CURVE('',#961,#962,#789,.T.);
#1235=EDGE_CURVE('',#962,#960,#790,.T.);
#1236=EDGE_CURVE('',#959,#961,#791,.T.);
#1237=EDGE_CURVE('',#963,#964,#792,.T.);
#1238=EDGE_CURVE('',#964,#962,#159,.T.);
#1239=EDGE_CURVE('',#961,#963,#160,.T.);
#1240=EDGE_CURVE('',#965,#966,#793,.T.);
#1241=EDGE_CURVE('',#966,#964,#553,.T.);
#1242=EDGE_CURVE('',#963,#965,#554,.T.);
#1243=EDGE_CURVE('',#967,#968,#794,.T.);
#1244=EDGE_CURVE('',#968,#966,#161,.T.);
#1245=EDGE_CURVE('',#965,#967,#162,.T.);
#1246=EDGE_CURVE('',#969,#970,#795,.T.);
#1247=EDGE_CURVE('',#970,#968,#796,.T.);
#1248=EDGE_CURVE('',#967,#969,#797,.T.);
#1249=EDGE_CURVE('',#923,#970,#163,.T.);
#1250=EDGE_CURVE('',#969,#924,#164,.T.);
#1251=EDGE_CURVE('',#873,#949,#555,.T.);
#1252=EDGE_CURVE('',#951,#871,#556,.T.);
#1253=EDGE_CURVE('',#869,#954,#557,.T.);
#1254=EDGE_CURVE('',#956,#867,#558,.T.);
#1255=EDGE_CURVE('',#865,#958,#559,.T.);
#1256=EDGE_CURVE('',#960,#863,#560,.T.);
#1257=EDGE_CURVE('',#861,#962,#561,.T.);
#1258=EDGE_CURVE('',#964,#859,#562,.T.);
#1259=EDGE_CURVE('',#857,#966,#563,.T.);
#1260=EDGE_CURVE('',#968,#855,#564,.T.);
#1261=EDGE_CURVE('',#853,#970,#565,.T.);
#1262=EDGE_CURVE('',#923,#851,#566,.T.);
#1263=EDGE_CURVE('',#849,#926,#567,.T.);
#1264=EDGE_CURVE('',#952,#971,#568,.T.);
#1265=EDGE_CURVE('',#971,#971,#798,.T.);
#1266=EDGE_CURVE('',#928,#847,#569,.T.);
#1267=EDGE_CURVE('',#845,#930,#570,.T.);
#1268=EDGE_CURVE('',#828,#972,#571,.T.);
#1269=EDGE_CURVE('',#972,#972,#799,.T.);
#1270=EDGE_CURVE('',#973,#973,#800,.T.);
#1271=EDGE_CURVE('',#802,#973,#572,.T.);
#1272=ORIENTED_EDGE('',*,*,#974,.F.);
#1273=ORIENTED_EDGE('',*,*,#975,.T.);
#1274=ORIENTED_EDGE('',*,*,#976,.T.);
#1275=ORIENTED_EDGE('',*,*,#975,.F.);
#1276=ORIENTED_EDGE('',*,*,#977,.F.);
#1277=ORIENTED_EDGE('',*,*,#976,.F.);
#1278=ORIENTED_EDGE('',*,*,#978,.T.);
#1279=ORIENTED_EDGE('',*,*,#979,.T.);
#1280=ORIENTED_EDGE('',*,*,#978,.F.);
#1281=ORIENTED_EDGE('',*,*,#980,.F.);
#1282=ORIENTED_EDGE('',*,*,#981,.F.);
#1283=ORIENTED_EDGE('',*,*,#982,.F.);
#1284=ORIENTED_EDGE('',*,*,#983,.T.);
#1285=ORIENTED_EDGE('',*,*,#984,.T.);
#1286=ORIENTED_EDGE('',*,*,#981,.T.);
#1287=ORIENTED_EDGE('',*,*,#985,.T.);
#1288=ORIENTED_EDGE('',*,*,#986,.T.);
#1289=ORIENTED_EDGE('',*,*,#987,.T.);
#1290=ORIENTED_EDGE('',*,*,#982,.T.);
#1291=ORIENTED_EDGE('',*,*,#988,.T.);
#1292=ORIENTED_EDGE('',*,*,#989,.F.);
#1293=ORIENTED_EDGE('',*,*,#990,.F.);
#1294=ORIENTED_EDGE('',*,*,#991,.F.);
#1295=ORIENTED_EDGE('',*,*,#992,.T.);
#1296=ORIENTED_EDGE('',*,*,#993,.T.);
#1297=ORIENTED_EDGE('',*,*,#990,.T.);
#1298=ORIENTED_EDGE('',*,*,#994,.T.);
#1299=ORIENTED_EDGE('',*,*,#991,.T.);
#1300=ORIENTED_EDGE('',*,*,#995,.T.);
#1301=ORIENTED_EDGE('',*,*,#980,.T.);
#1302=ORIENTED_EDGE('',*,*,#996,.T.);
#1303=ORIENTED_EDGE('',*,*,#997,.T.);
#1304=ORIENTED_EDGE('',*,*,#998,.T.);
#1305=ORIENTED_EDGE('',*,*,#989,.T.);
#1306=ORIENTED_EDGE('',*,*,#999,.T.);
#1307=ORIENTED_EDGE('',*,*,#985,.F.);
#1308=ORIENTED_EDGE('',*,*,#995,.F.);
#1309=ORIENTED_EDGE('',*,*,#993,.F.);
#1310=ORIENTED_EDGE('',*,*,#1000,.F.);
#1311=ORIENTED_EDGE('',*,*,#983,.F.);
#1312=ORIENTED_EDGE('',*,*,#1000,.T.);
#1313=ORIENTED_EDGE('',*,*,#992,.F.);
#1314=ORIENTED_EDGE('',*,*,#1001,.T.);
#1315=ORIENTED_EDGE('',*,*,#1002,.T.);
#1316=ORIENTED_EDGE('',*,*,#1003,.T.);
#1317=ORIENTED_EDGE('',*,*,#1004,.F.);
#1318=ORIENTED_EDGE('',*,*,#1005,.T.);
#1319=ORIENTED_EDGE('',*,*,#1006,.F.);
#1320=ORIENTED_EDGE('',*,*,#1007,.T.);
#1321=ORIENTED_EDGE('',*,*,#1008,.T.);
#1322=ORIENTED_EDGE('',*,*,#1009,.T.);
#1323=ORIENTED_EDGE('',*,*,#1010,.T.);
#1324=ORIENTED_EDGE('',*,*,#1011,.T.);
#1325=ORIENTED_EDGE('',*,*,#994,.F.);
#1326=ORIENTED_EDGE('',*,*,#998,.F.);
#1327=ORIENTED_EDGE('',*,*,#1012,.F.);
#1328=ORIENTED_EDGE('',*,*,#1001,.F.);
#1329=ORIENTED_EDGE('',*,*,#1013,.F.);
#1330=ORIENTED_EDGE('',*,*,#1014,.F.);
#1331=ORIENTED_EDGE('',*,*,#1015,.F.);
#1332=ORIENTED_EDGE('',*,*,#1006,.T.);
#1333=ORIENTED_EDGE('',*,*,#1016,.T.);
#1334=ORIENTED_EDGE('',*,*,#1014,.T.);
#1335=ORIENTED_EDGE('',*,*,#1017,.T.);
#1336=ORIENTED_EDGE('',*,*,#1018,.F.);
#1337=ORIENTED_EDGE('',*,*,#1019,.F.);
#1338=ORIENTED_EDGE('',*,*,#1020,.F.);
#1339=ORIENTED_EDGE('',*,*,#1004,.T.);
#1340=ORIENTED_EDGE('',*,*,#1021,.T.);
#1341=ORIENTED_EDGE('',*,*,#1019,.T.);
#1342=ORIENTED_EDGE('',*,*,#1022,.T.);
#1343=ORIENTED_EDGE('',*,*,#1023,.T.);
#1344=ORIENTED_EDGE('',*,*,#1024,.T.);
#1345=ORIENTED_EDGE('',*,*,#1020,.T.);
#1346=ORIENTED_EDGE('',*,*,#1025,.T.);
#1347=ORIENTED_EDGE('',*,*,#1015,.T.);
#1348=ORIENTED_EDGE('',*,*,#1026,.T.);
#1349=ORIENTED_EDGE('',*,*,#1018,.T.);
#1350=ORIENTED_EDGE('',*,*,#1027,.T.);
#1351=ORIENTED_EDGE('',*,*,#1028,.T.);
#1352=ORIENTED_EDGE('',*,*,#1029,.T.);
#1353=ORIENTED_EDGE('',*,*,#1013,.T.);
#1354=ORIENTED_EDGE('',*,*,#1030,.T.);
#1355=ORIENTED_EDGE('',*,*,#1022,.F.);
#1356=ORIENTED_EDGE('',*,*,#1026,.F.);
#1357=ORIENTED_EDGE('',*,*,#1016,.F.);
#1358=ORIENTED_EDGE('',*,*,#1005,.F.);
#1359=ORIENTED_EDGE('',*,*,#1017,.F.);
#1360=ORIENTED_EDGE('',*,*,#1029,.F.);
#1361=ORIENTED_EDGE('',*,*,#1031,.F.);
#1362=ORIENTED_EDGE('',*,*,#1007,.F.);
#1363=ORIENTED_EDGE('',*,*,#984,.F.);
#1364=ORIENTED_EDGE('',*,*,#1010,.F.);
#1365=ORIENTED_EDGE('',*,*,#1032,.T.);
#1366=ORIENTED_EDGE('',*,*,#988,.F.);
#1367=ORIENTED_EDGE('',*,*,#1021,.F.);
#1368=ORIENTED_EDGE('',*,*,#1003,.F.);
#1369=ORIENTED_EDGE('',*,*,#1033,.T.);
#1370=ORIENTED_EDGE('',*,*,#1025,.F.);
#1371=ORIENTED_EDGE('',*,*,#1033,.F.);
#1372=ORIENTED_EDGE('',*,*,#1002,.F.);
#1373=ORIENTED_EDGE('',*,*,#1012,.T.);
#1374=ORIENTED_EDGE('',*,*,#997,.F.);
#1375=ORIENTED_EDGE('',*,*,#1034,.F.);
#1376=ORIENTED_EDGE('',*,*,#986,.F.);
#1377=ORIENTED_EDGE('',*,*,#1032,.F.);
#1378=ORIENTED_EDGE('',*,*,#1009,.F.);
#1379=ORIENTED_EDGE('',*,*,#1035,.T.);
#1380=ORIENTED_EDGE('',*,*,#1036,.T.);
#1381=ORIENTED_EDGE('',*,*,#1035,.F.);
#1382=ORIENTED_EDGE('',*,*,#1008,.F.);
#1383=ORIENTED_EDGE('',*,*,#1031,.T.);
#1384=ORIENTED_EDGE('',*,*,#1028,.F.);
#1385=ORIENTED_EDGE('',*,*,#1037,.F.);
#1386=ORIENTED_EDGE('',*,*,#1023,.F.);
#1387=ORIENTED_EDGE('',*,*,#1024,.F.);
#1388=ORIENTED_EDGE('',*,*,#1037,.T.);
#1389=ORIENTED_EDGE('',*,*,#1030,.F.);
#1390=ORIENTED_EDGE('',*,*,#1027,.F.);
#1391=ORIENTED_EDGE('',*,*,#979,.F.);
#1392=ORIENTED_EDGE('',*,*,#1036,.F.);
#1393=ORIENTED_EDGE('',*,*,#987,.F.);
#1394=ORIENTED_EDGE('',*,*,#1034,.T.);
#1395=ORIENTED_EDGE('',*,*,#999,.F.);
#1396=ORIENTED_EDGE('',*,*,#996,.F.);
#1397=ORIENTED_EDGE('',*,*,#1038,.T.);
#1398=ORIENTED_EDGE('',*,*,#1039,.T.);
#1399=ORIENTED_EDGE('',*,*,#1040,.T.);
#1400=ORIENTED_EDGE('',*,*,#1041,.T.);
#1401=ORIENTED_EDGE('',*,*,#1042,.T.);
#1402=ORIENTED_EDGE('',*,*,#1043,.T.);
#1403=ORIENTED_EDGE('',*,*,#1040,.F.);
#1404=ORIENTED_EDGE('',*,*,#1044,.T.);
#1405=ORIENTED_EDGE('',*,*,#1045,.T.);
#1406=ORIENTED_EDGE('',*,*,#1046,.T.);
#1407=ORIENTED_EDGE('',*,*,#1042,.F.);
#1408=ORIENTED_EDGE('',*,*,#1047,.T.);
#1409=ORIENTED_EDGE('',*,*,#1048,.T.);
#1410=ORIENTED_EDGE('',*,*,#1049,.T.);
#1411=ORIENTED_EDGE('',*,*,#1045,.F.);
#1412=ORIENTED_EDGE('',*,*,#1050,.T.);
#1413=ORIENTED_EDGE('',*,*,#1051,.T.);
#1414=ORIENTED_EDGE('',*,*,#1052,.T.);
#1415=ORIENTED_EDGE('',*,*,#1048,.F.);
#1416=ORIENTED_EDGE('',*,*,#1053,.T.);
#1417=ORIENTED_EDGE('',*,*,#1054,.T.);
#1418=ORIENTED_EDGE('',*,*,#1055,.T.);
#1419=ORIENTED_EDGE('',*,*,#1051,.F.);
#1420=ORIENTED_EDGE('',*,*,#1056,.T.);
#1421=ORIENTED_EDGE('',*,*,#1057,.T.);
#1422=ORIENTED_EDGE('',*,*,#1058,.T.);
#1423=ORIENTED_EDGE('',*,*,#1054,.F.);
#1424=ORIENTED_EDGE('',*,*,#1059,.T.);
#1425=ORIENTED_EDGE('',*,*,#1060,.T.);
#1426=ORIENTED_EDGE('',*,*,#1061,.T.);
#1427=ORIENTED_EDGE('',*,*,#1057,.F.);
#1428=ORIENTED_EDGE('',*,*,#1062,.T.);
#1429=ORIENTED_EDGE('',*,*,#1063,.T.);
#1430=ORIENTED_EDGE('',*,*,#1064,.T.);
#1431=ORIENTED_EDGE('',*,*,#1060,.F.);
#1432=ORIENTED_EDGE('',*,*,#1065,.T.);
#1433=ORIENTED_EDGE('',*,*,#1066,.T.);
#1434=ORIENTED_EDGE('',*,*,#1067,.T.);
#1435=ORIENTED_EDGE('',*,*,#1063,.F.);
#1436=ORIENTED_EDGE('',*,*,#1068,.T.);
#1437=ORIENTED_EDGE('',*,*,#1069,.T.);
#1438=ORIENTED_EDGE('',*,*,#1070,.T.);
#1439=ORIENTED_EDGE('',*,*,#1066,.F.);
#1440=ORIENTED_EDGE('',*,*,#1071,.T.);
#1441=ORIENTED_EDGE('',*,*,#1072,.T.);
#1442=ORIENTED_EDGE('',*,*,#1073,.T.);
#1443=ORIENTED_EDGE('',*,*,#1069,.F.);
#1444=ORIENTED_EDGE('',*,*,#1074,.T.);
#1445=ORIENTED_EDGE('',*,*,#1075,.T.);
#1446=ORIENTED_EDGE('',*,*,#1076,.T.);
#1447=ORIENTED_EDGE('',*,*,#1072,.F.);
#1448=ORIENTED_EDGE('',*,*,#1077,.T.);
#1449=ORIENTED_EDGE('',*,*,#1078,.T.);
#1450=ORIENTED_EDGE('',*,*,#1079,.T.);
#1451=ORIENTED_EDGE('',*,*,#1075,.F.);
#1452=ORIENTED_EDGE('',*,*,#1080,.T.);
#1453=ORIENTED_EDGE('',*,*,#1081,.T.);
#1454=ORIENTED_EDGE('',*,*,#1082,.T.);
#1455=ORIENTED_EDGE('',*,*,#1078,.F.);
#1456=ORIENTED_EDGE('',*,*,#1083,.T.);
#1457=ORIENTED_EDGE('',*,*,#1084,.T.);
#1458=ORIENTED_EDGE('',*,*,#1085,.T.);
#1459=ORIENTED_EDGE('',*,*,#1081,.F.);
#1460=ORIENTED_EDGE('',*,*,#1086,.T.);
#1461=ORIENTED_EDGE('',*,*,#1087,.T.);
#1462=ORIENTED_EDGE('',*,*,#1088,.T.);
#1463=ORIENTED_EDGE('',*,*,#1089,.T.);
#1464=ORIENTED_EDGE('',*,*,#1084,.F.);
#1465=ORIENTED_EDGE('',*,*,#1090,.T.);
#1466=ORIENTED_EDGE('',*,*,#1091,.T.);
#1467=ORIENTED_EDGE('',*,*,#1092,.T.);
#1468=ORIENTED_EDGE('',*,*,#1088,.F.);
#1469=ORIENTED_EDGE('',*,*,#1093,.T.);
#1470=ORIENTED_EDGE('',*,*,#1094,.T.);
#1471=ORIENTED_EDGE('',*,*,#1095,.T.);
#1472=ORIENTED_EDGE('',*,*,#1091,.F.);
#1473=ORIENTED_EDGE('',*,*,#1096,.T.);
#1474=ORIENTED_EDGE('',*,*,#1097,.T.);
#1475=ORIENTED_EDGE('',*,*,#1098,.T.);
#1476=ORIENTED_EDGE('',*,*,#1094,.F.);
#1477=ORIENTED_EDGE('',*,*,#1099,.T.);
#1478=ORIENTED_EDGE('',*,*,#1100,.T.);
#1479=ORIENTED_EDGE('',*,*,#1101,.T.);
#1480=ORIENTED_EDGE('',*,*,#1097,.F.);
#1481=ORIENTED_EDGE('',*,*,#1102,.T.);
#1482=ORIENTED_EDGE('',*,*,#1103,.T.);
#1483=ORIENTED_EDGE('',*,*,#1104,.T.);
#1484=ORIENTED_EDGE('',*,*,#1100,.F.);
#1485=ORIENTED_EDGE('',*,*,#1105,.T.);
#1486=ORIENTED_EDGE('',*,*,#1106,.T.);
#1487=ORIENTED_EDGE('',*,*,#1107,.T.);
#1488=ORIENTED_EDGE('',*,*,#1103,.F.);
#1489=ORIENTED_EDGE('',*,*,#1108,.T.);
#1490=ORIENTED_EDGE('',*,*,#1109,.T.);
#1491=ORIENTED_EDGE('',*,*,#1110,.T.);
#1492=ORIENTED_EDGE('',*,*,#1106,.F.);
#1493=ORIENTED_EDGE('',*,*,#1111,.T.);
#1494=ORIENTED_EDGE('',*,*,#1112,.T.);
#1495=ORIENTED_EDGE('',*,*,#1113,.T.);
#1496=ORIENTED_EDGE('',*,*,#1109,.F.);
#1497=ORIENTED_EDGE('',*,*,#1114,.T.);
#1498=ORIENTED_EDGE('',*,*,#1115,.T.);
#1499=ORIENTED_EDGE('',*,*,#1116,.T.);
#1500=ORIENTED_EDGE('',*,*,#1112,.F.);
#1501=ORIENTED_EDGE('',*,*,#1117,.T.);
#1502=ORIENTED_EDGE('',*,*,#1118,.T.);
#1503=ORIENTED_EDGE('',*,*,#1119,.T.);
#1504=ORIENTED_EDGE('',*,*,#1115,.F.);
#1505=ORIENTED_EDGE('',*,*,#1120,.T.);
#1506=ORIENTED_EDGE('',*,*,#1121,.T.);
#1507=ORIENTED_EDGE('',*,*,#1122,.T.);
#1508=ORIENTED_EDGE('',*,*,#1118,.F.);
#1509=ORIENTED_EDGE('',*,*,#1123,.T.);
#1510=ORIENTED_EDGE('',*,*,#1124,.T.);
#1511=ORIENTED_EDGE('',*,*,#1125,.T.);
#1512=ORIENTED_EDGE('',*,*,#1121,.F.);
#1513=ORIENTED_EDGE('',*,*,#1126,.T.);
#1514=ORIENTED_EDGE('',*,*,#1127,.T.);
#1515=ORIENTED_EDGE('',*,*,#1128,.T.);
#1516=ORIENTED_EDGE('',*,*,#1124,.F.);
#1517=ORIENTED_EDGE('',*,*,#1129,.T.);
#1518=ORIENTED_EDGE('',*,*,#1130,.T.);
#1519=ORIENTED_EDGE('',*,*,#1131,.T.);
#1520=ORIENTED_EDGE('',*,*,#1127,.F.);
#1521=ORIENTED_EDGE('',*,*,#1132,.T.);
#1522=ORIENTED_EDGE('',*,*,#1038,.F.);
#1523=ORIENTED_EDGE('',*,*,#1133,.T.);
#1524=ORIENTED_EDGE('',*,*,#1130,.F.);
#1525=ORIENTED_EDGE('',*,*,#1134,.T.);
#1526=ORIENTED_EDGE('',*,*,#1092,.F.);
#1527=ORIENTED_EDGE('',*,*,#1135,.T.);
#1528=ORIENTED_EDGE('',*,*,#1136,.F.);
#1529=ORIENTED_EDGE('',*,*,#1137,.T.);
#1530=ORIENTED_EDGE('',*,*,#1095,.F.);
#1531=ORIENTED_EDGE('',*,*,#1138,.F.);
#1532=ORIENTED_EDGE('',*,*,#1139,.F.);
#1533=ORIENTED_EDGE('',*,*,#1135,.F.);
#1534=ORIENTED_EDGE('',*,*,#1098,.F.);
#1535=ORIENTED_EDGE('',*,*,#1140,.T.);
#1536=ORIENTED_EDGE('',*,*,#1141,.F.);
#1537=ORIENTED_EDGE('',*,*,#1138,.T.);
#1538=ORIENTED_EDGE('',*,*,#1101,.F.);
#1539=ORIENTED_EDGE('',*,*,#1142,.F.);
#1540=ORIENTED_EDGE('',*,*,#1143,.F.);
#1541=ORIENTED_EDGE('',*,*,#1140,.F.);
#1542=ORIENTED_EDGE('',*,*,#1104,.F.);
#1543=ORIENTED_EDGE('',*,*,#1144,.T.);
#1544=ORIENTED_EDGE('',*,*,#1145,.F.);
#1545=ORIENTED_EDGE('',*,*,#1142,.T.);
#1546=ORIENTED_EDGE('',*,*,#1107,.F.);
#1547=ORIENTED_EDGE('',*,*,#1146,.F.);
#1548=ORIENTED_EDGE('',*,*,#1147,.F.);
#1549=ORIENTED_EDGE('',*,*,#1144,.F.);
#1550=ORIENTED_EDGE('',*,*,#1110,.F.);
#1551=ORIENTED_EDGE('',*,*,#1148,.T.);
#1552=ORIENTED_EDGE('',*,*,#1149,.F.);
#1553=ORIENTED_EDGE('',*,*,#1146,.T.);
#1554=ORIENTED_EDGE('',*,*,#1113,.F.);
#1555=ORIENTED_EDGE('',*,*,#1150,.F.);
#1556=ORIENTED_EDGE('',*,*,#1151,.F.);
#1557=ORIENTED_EDGE('',*,*,#1148,.F.);
#1558=ORIENTED_EDGE('',*,*,#1116,.F.);
#1559=ORIENTED_EDGE('',*,*,#1152,.T.);
#1560=ORIENTED_EDGE('',*,*,#1153,.F.);
#1561=ORIENTED_EDGE('',*,*,#1150,.T.);
#1562=ORIENTED_EDGE('',*,*,#1119,.F.);
#1563=ORIENTED_EDGE('',*,*,#1154,.F.);
#1564=ORIENTED_EDGE('',*,*,#1155,.F.);
#1565=ORIENTED_EDGE('',*,*,#1152,.F.);
#1566=ORIENTED_EDGE('',*,*,#1122,.F.);
#1567=ORIENTED_EDGE('',*,*,#1156,.T.);
#1568=ORIENTED_EDGE('',*,*,#1157,.F.);
#1569=ORIENTED_EDGE('',*,*,#1154,.T.);
#1570=ORIENTED_EDGE('',*,*,#1125,.F.);
#1571=ORIENTED_EDGE('',*,*,#1158,.F.);
#1572=ORIENTED_EDGE('',*,*,#1159,.F.);
#1573=ORIENTED_EDGE('',*,*,#1156,.F.);
#1574=ORIENTED_EDGE('',*,*,#1128,.F.);
#1575=ORIENTED_EDGE('',*,*,#1160,.T.);
#1576=ORIENTED_EDGE('',*,*,#1161,.F.);
#1577=ORIENTED_EDGE('',*,*,#1158,.T.);
#1578=ORIENTED_EDGE('',*,*,#1131,.F.);
#1579=ORIENTED_EDGE('',*,*,#1162,.F.);
#1580=ORIENTED_EDGE('',*,*,#1163,.F.);
#1581=ORIENTED_EDGE('',*,*,#1160,.F.);
#1582=ORIENTED_EDGE('',*,*,#1133,.F.);
#1583=ORIENTED_EDGE('',*,*,#1164,.T.);
#1584=ORIENTED_EDGE('',*,*,#1165,.F.);
#1585=ORIENTED_EDGE('',*,*,#1162,.T.);
#1586=ORIENTED_EDGE('',*,*,#1041,.F.);
#1587=ORIENTED_EDGE('',*,*,#1166,.F.);
#1588=ORIENTED_EDGE('',*,*,#1167,.F.);
#1589=ORIENTED_EDGE('',*,*,#1164,.F.);
#1590=ORIENTED_EDGE('',*,*,#1039,.F.);
#1591=ORIENTED_EDGE('',*,*,#1134,.F.);
#1592=ORIENTED_EDGE('',*,*,#1132,.F.);
#1593=ORIENTED_EDGE('',*,*,#1129,.F.);
#1594=ORIENTED_EDGE('',*,*,#1126,.F.);
#1595=ORIENTED_EDGE('',*,*,#1123,.F.);
#1596=ORIENTED_EDGE('',*,*,#1120,.F.);
#1597=ORIENTED_EDGE('',*,*,#1117,.F.);
#1598=ORIENTED_EDGE('',*,*,#1114,.F.);
#1599=ORIENTED_EDGE('',*,*,#1111,.F.);
#1600=ORIENTED_EDGE('',*,*,#1108,.F.);
#1601=ORIENTED_EDGE('',*,*,#1105,.F.);
#1602=ORIENTED_EDGE('',*,*,#1102,.F.);
#1603=ORIENTED_EDGE('',*,*,#1099,.F.);
#1604=ORIENTED_EDGE('',*,*,#1096,.F.);
#1605=ORIENTED_EDGE('',*,*,#1093,.F.);
#1606=ORIENTED_EDGE('',*,*,#1090,.F.);
#1607=ORIENTED_EDGE('',*,*,#1087,.F.);
#1608=ORIENTED_EDGE('',*,*,#1168,.T.);
#1609=ORIENTED_EDGE('',*,*,#1169,.F.);
#1610=ORIENTED_EDGE('',*,*,#1168,.F.);
#1611=ORIENTED_EDGE('',*,*,#1086,.F.);
#1612=ORIENTED_EDGE('',*,*,#1083,.F.);
#1613=ORIENTED_EDGE('',*,*,#1080,.F.);
#1614=ORIENTED_EDGE('',*,*,#1077,.F.);
#1615=ORIENTED_EDGE('',*,*,#1074,.F.);
#1616=ORIENTED_EDGE('',*,*,#1071,.F.);
#1617=ORIENTED_EDGE('',*,*,#1068,.F.);
#1618=ORIENTED_EDGE('',*,*,#1065,.F.);
#1619=ORIENTED_EDGE('',*,*,#1062,.F.);
#1620=ORIENTED_EDGE('',*,*,#1059,.F.);
#1621=ORIENTED_EDGE('',*,*,#1056,.F.);
#1622=ORIENTED_EDGE('',*,*,#1053,.F.);
#1623=ORIENTED_EDGE('',*,*,#1050,.F.);
#1624=ORIENTED_EDGE('',*,*,#1047,.F.);
#1625=ORIENTED_EDGE('',*,*,#1044,.F.);
#1626=ORIENTED_EDGE('',*,*,#1170,.T.);
#1627=ORIENTED_EDGE('',*,*,#1171,.T.);
#1628=ORIENTED_EDGE('',*,*,#1172,.T.);
#1629=ORIENTED_EDGE('',*,*,#1173,.T.);
#1630=ORIENTED_EDGE('',*,*,#1174,.T.);
#1631=ORIENTED_EDGE('',*,*,#1175,.T.);
#1632=ORIENTED_EDGE('',*,*,#1172,.F.);
#1633=ORIENTED_EDGE('',*,*,#1176,.T.);
#1634=ORIENTED_EDGE('',*,*,#1177,.T.);
#1635=ORIENTED_EDGE('',*,*,#1178,.T.);
#1636=ORIENTED_EDGE('',*,*,#1174,.F.);
#1637=ORIENTED_EDGE('',*,*,#1179,.T.);
#1638=ORIENTED_EDGE('',*,*,#1180,.T.);
#1639=ORIENTED_EDGE('',*,*,#1181,.T.);
#1640=ORIENTED_EDGE('',*,*,#1177,.F.);
#1641=ORIENTED_EDGE('',*,*,#1182,.T.);
#1642=ORIENTED_EDGE('',*,*,#1183,.T.);
#1643=ORIENTED_EDGE('',*,*,#1167,.T.);
#1644=ORIENTED_EDGE('',*,*,#1180,.F.);
#1645=ORIENTED_EDGE('',*,*,#1184,.T.);
#1646=ORIENTED_EDGE('',*,*,#1185,.T.);
#1647=ORIENTED_EDGE('',*,*,#1165,.T.);
#1648=ORIENTED_EDGE('',*,*,#1183,.F.);
#1649=ORIENTED_EDGE('',*,*,#1186,.T.);
#1650=ORIENTED_EDGE('',*,*,#1187,.T.);
#1651=ORIENTED_EDGE('',*,*,#1163,.T.);
#1652=ORIENTED_EDGE('',*,*,#1185,.F.);
#1653=ORIENTED_EDGE('',*,*,#1188,.T.);
#1654=ORIENTED_EDGE('',*,*,#1189,.T.);
#1655=ORIENTED_EDGE('',*,*,#1161,.T.);
#1656=ORIENTED_EDGE('',*,*,#1187,.F.);
#1657=ORIENTED_EDGE('',*,*,#1190,.T.);
#1658=ORIENTED_EDGE('',*,*,#1191,.T.);
#1659=ORIENTED_EDGE('',*,*,#1159,.T.);
#1660=ORIENTED_EDGE('',*,*,#1189,.F.);
#1661=ORIENTED_EDGE('',*,*,#1192,.T.);
#1662=ORIENTED_EDGE('',*,*,#1193,.T.);
#1663=ORIENTED_EDGE('',*,*,#1157,.T.);
#1664=ORIENTED_EDGE('',*,*,#1191,.F.);
#1665=ORIENTED_EDGE('',*,*,#1194,.T.);
#1666=ORIENTED_EDGE('',*,*,#1195,.T.);
#1667=ORIENTED_EDGE('',*,*,#1155,.T.);
#1668=ORIENTED_EDGE('',*,*,#1193,.F.);
#1669=ORIENTED_EDGE('',*,*,#1196,.T.);
#1670=ORIENTED_EDGE('',*,*,#1197,.T.);
#1671=ORIENTED_EDGE('',*,*,#1153,.T.);
#1672=ORIENTED_EDGE('',*,*,#1195,.F.);
#1673=ORIENTED_EDGE('',*,*,#1198,.T.);
#1674=ORIENTED_EDGE('',*,*,#1199,.T.);
#1675=ORIENTED_EDGE('',*,*,#1151,.T.);
#1676=ORIENTED_EDGE('',*,*,#1197,.F.);
#1677=ORIENTED_EDGE('',*,*,#1200,.T.);
#1678=ORIENTED_EDGE('',*,*,#1201,.T.);
#1679=ORIENTED_EDGE('',*,*,#1149,.T.);
#1680=ORIENTED_EDGE('',*,*,#1199,.F.);
#1681=ORIENTED_EDGE('',*,*,#1202,.T.);
#1682=ORIENTED_EDGE('',*,*,#1203,.T.);
#1683=ORIENTED_EDGE('',*,*,#1147,.T.);
#1684=ORIENTED_EDGE('',*,*,#1201,.F.);
#1685=ORIENTED_EDGE('',*,*,#1204,.T.);
#1686=ORIENTED_EDGE('',*,*,#1205,.T.);
#1687=ORIENTED_EDGE('',*,*,#1145,.T.);
#1688=ORIENTED_EDGE('',*,*,#1203,.F.);
#1689=ORIENTED_EDGE('',*,*,#1206,.T.);
#1690=ORIENTED_EDGE('',*,*,#1207,.T.);
#1691=ORIENTED_EDGE('',*,*,#1143,.T.);
#1692=ORIENTED_EDGE('',*,*,#1205,.F.);
#1693=ORIENTED_EDGE('',*,*,#1208,.T.);
#1694=ORIENTED_EDGE('',*,*,#1209,.T.);
#1695=ORIENTED_EDGE('',*,*,#1141,.T.);
#1696=ORIENTED_EDGE('',*,*,#1207,.F.);
#1697=ORIENTED_EDGE('',*,*,#1210,.T.);
#1698=ORIENTED_EDGE('',*,*,#1211,.T.);
#1699=ORIENTED_EDGE('',*,*,#1139,.T.);
#1700=ORIENTED_EDGE('',*,*,#1209,.F.);
#1701=ORIENTED_EDGE('',*,*,#1212,.T.);
#1702=ORIENTED_EDGE('',*,*,#1213,.T.);
#1703=ORIENTED_EDGE('',*,*,#1136,.T.);
#1704=ORIENTED_EDGE('',*,*,#1211,.F.);
#1705=ORIENTED_EDGE('',*,*,#1214,.T.);
#1706=ORIENTED_EDGE('',*,*,#1215,.T.);
#1707=ORIENTED_EDGE('',*,*,#1216,.T.);
#1708=ORIENTED_EDGE('',*,*,#1213,.F.);
#1709=ORIENTED_EDGE('',*,*,#1217,.T.);
#1710=ORIENTED_EDGE('',*,*,#1218,.T.);
#1711=ORIENTED_EDGE('',*,*,#1219,.T.);
#1712=ORIENTED_EDGE('',*,*,#1215,.F.);
#1713=ORIENTED_EDGE('',*,*,#1220,.T.);
#1714=ORIENTED_EDGE('',*,*,#1221,.T.);
#1715=ORIENTED_EDGE('',*,*,#1222,.T.);
#1716=ORIENTED_EDGE('',*,*,#1223,.T.);
#1717=ORIENTED_EDGE('',*,*,#1218,.F.);
#1718=ORIENTED_EDGE('',*,*,#1224,.T.);
#1719=ORIENTED_EDGE('',*,*,#1225,.T.);
#1720=ORIENTED_EDGE('',*,*,#1226,.T.);
#1721=ORIENTED_EDGE('',*,*,#1222,.F.);
#1722=ORIENTED_EDGE('',*,*,#1227,.T.);
#1723=ORIENTED_EDGE('',*,*,#1228,.T.);
#1724=ORIENTED_EDGE('',*,*,#1229,.T.);
#1725=ORIENTED_EDGE('',*,*,#1225,.F.);
#1726=ORIENTED_EDGE('',*,*,#1230,.T.);
#1727=ORIENTED_EDGE('',*,*,#1231,.T.);
#1728=ORIENTED_EDGE('',*,*,#1232,.T.);
#1729=ORIENTED_EDGE('',*,*,#1228,.F.);
#1730=ORIENTED_EDGE('',*,*,#1233,.T.);
#1731=ORIENTED_EDGE('',*,*,#1234,.T.);
#1732=ORIENTED_EDGE('',*,*,#1235,.T.);
#1733=ORIENTED_EDGE('',*,*,#1231,.F.);
#1734=ORIENTED_EDGE('',*,*,#1236,.T.);
#1735=ORIENTED_EDGE('',*,*,#1237,.T.);
#1736=ORIENTED_EDGE('',*,*,#1238,.T.);
#1737=ORIENTED_EDGE('',*,*,#1234,.F.);
#1738=ORIENTED_EDGE('',*,*,#1239,.T.);
#1739=ORIENTED_EDGE('',*,*,#1240,.T.);
#1740=ORIENTED_EDGE('',*,*,#1241,.T.);
#1741=ORIENTED_EDGE('',*,*,#1237,.F.);
#1742=ORIENTED_EDGE('',*,*,#1242,.T.);
#1743=ORIENTED_EDGE('',*,*,#1243,.T.);
#1744=ORIENTED_EDGE('',*,*,#1244,.T.);
#1745=ORIENTED_EDGE('',*,*,#1240,.F.);
#1746=ORIENTED_EDGE('',*,*,#1245,.T.);
#1747=ORIENTED_EDGE('',*,*,#1246,.T.);
#1748=ORIENTED_EDGE('',*,*,#1247,.T.);
#1749=ORIENTED_EDGE('',*,*,#1243,.F.);
#1750=ORIENTED_EDGE('',*,*,#1248,.T.);
#1751=ORIENTED_EDGE('',*,*,#1170,.F.);
#1752=ORIENTED_EDGE('',*,*,#1249,.T.);
#1753=ORIENTED_EDGE('',*,*,#1246,.F.);
#1754=ORIENTED_EDGE('',*,*,#1250,.T.);
#1755=ORIENTED_EDGE('',*,*,#1089,.F.);
#1756=ORIENTED_EDGE('',*,*,#1137,.F.);
#1757=ORIENTED_EDGE('',*,*,#1216,.F.);
#1758=ORIENTED_EDGE('',*,*,#1251,.F.);
#1759=ORIENTED_EDGE('',*,*,#1085,.F.);
#1760=ORIENTED_EDGE('',*,*,#1251,.T.);
#1761=ORIENTED_EDGE('',*,*,#1219,.F.);
#1762=ORIENTED_EDGE('',*,*,#1252,.T.);
#1763=ORIENTED_EDGE('',*,*,#1082,.F.);
#1764=ORIENTED_EDGE('',*,*,#1252,.F.);
#1765=ORIENTED_EDGE('',*,*,#1223,.F.);
#1766=ORIENTED_EDGE('',*,*,#1253,.F.);
#1767=ORIENTED_EDGE('',*,*,#1079,.F.);
#1768=ORIENTED_EDGE('',*,*,#1253,.T.);
#1769=ORIENTED_EDGE('',*,*,#1226,.F.);
#1770=ORIENTED_EDGE('',*,*,#1254,.T.);
#1771=ORIENTED_EDGE('',*,*,#1076,.F.);
#1772=ORIENTED_EDGE('',*,*,#1254,.F.);
#1773=ORIENTED_EDGE('',*,*,#1229,.F.);
#1774=ORIENTED_EDGE('',*,*,#1255,.F.);
#1775=ORIENTED_EDGE('',*,*,#1073,.F.);
#1776=ORIENTED_EDGE('',*,*,#1255,.T.);
#1777=ORIENTED_EDGE('',*,*,#1232,.F.);
#1778=ORIENTED_EDGE('',*,*,#1256,.T.);
#1779=ORIENTED_EDGE('',*,*,#1070,.F.);
#1780=ORIENTED_EDGE('',*,*,#1256,.F.);
#1781=ORIENTED_EDGE('',*,*,#1235,.F.);
#1782=ORIENTED_EDGE('',*,*,#1257,.F.);
#1783=ORIENTED_EDGE('',*,*,#1067,.F.);
#1784=ORIENTED_EDGE('',*,*,#1257,.T.);
#1785=ORIENTED_EDGE('',*,*,#1238,.F.);
#1786=ORIENTED_EDGE('',*,*,#1258,.T.);
#1787=ORIENTED_EDGE('',*,*,#1064,.F.);
#1788=ORIENTED_EDGE('',*,*,#1258,.F.);
#1789=ORIENTED_EDGE('',*,*,#1241,.F.);
#1790=ORIENTED_EDGE('',*,*,#1259,.F.);
#1791=ORIENTED_EDGE('',*,*,#1061,.F.);
#1792=ORIENTED_EDGE('',*,*,#1259,.T.);
#1793=ORIENTED_EDGE('',*,*,#1244,.F.);
#1794=ORIENTED_EDGE('',*,*,#1260,.T.);
#1795=ORIENTED_EDGE('',*,*,#1058,.F.);
#1796=ORIENTED_EDGE('',*,*,#1260,.F.);
#1797=ORIENTED_EDGE('',*,*,#1247,.F.);
#1798=ORIENTED_EDGE('',*,*,#1261,.F.);
#1799=ORIENTED_EDGE('',*,*,#1055,.F.);
#1800=ORIENTED_EDGE('',*,*,#1261,.T.);
#1801=ORIENTED_EDGE('',*,*,#1249,.F.);
#1802=ORIENTED_EDGE('',*,*,#1262,.T.);
#1803=ORIENTED_EDGE('',*,*,#1052,.F.);
#1804=ORIENTED_EDGE('',*,*,#1262,.F.);
#1805=ORIENTED_EDGE('',*,*,#1173,.F.);
#1806=ORIENTED_EDGE('',*,*,#1263,.F.);
#1807=ORIENTED_EDGE('',*,*,#1171,.F.);
#1808=ORIENTED_EDGE('',*,*,#1250,.F.);
#1809=ORIENTED_EDGE('',*,*,#1248,.F.);
#1810=ORIENTED_EDGE('',*,*,#1245,.F.);
#1811=ORIENTED_EDGE('',*,*,#1242,.F.);
#1812=ORIENTED_EDGE('',*,*,#1239,.F.);
#1813=ORIENTED_EDGE('',*,*,#1236,.F.);
#1814=ORIENTED_EDGE('',*,*,#1233,.F.);
#1815=ORIENTED_EDGE('',*,*,#1230,.F.);
#1816=ORIENTED_EDGE('',*,*,#1227,.F.);
#1817=ORIENTED_EDGE('',*,*,#1224,.F.);
#1818=ORIENTED_EDGE('',*,*,#1221,.F.);
#1819=ORIENTED_EDGE('',*,*,#1264,.T.);
#1820=ORIENTED_EDGE('',*,*,#1265,.F.);
#1821=ORIENTED_EDGE('',*,*,#1264,.F.);
#1822=ORIENTED_EDGE('',*,*,#1220,.F.);
#1823=ORIENTED_EDGE('',*,*,#1217,.F.);
#1824=ORIENTED_EDGE('',*,*,#1214,.F.);
#1825=ORIENTED_EDGE('',*,*,#1212,.F.);
#1826=ORIENTED_EDGE('',*,*,#1210,.F.);
#1827=ORIENTED_EDGE('',*,*,#1208,.F.);
#1828=ORIENTED_EDGE('',*,*,#1206,.F.);
#1829=ORIENTED_EDGE('',*,*,#1204,.F.);
#1830=ORIENTED_EDGE('',*,*,#1202,.F.);
#1831=ORIENTED_EDGE('',*,*,#1200,.F.);
#1832=ORIENTED_EDGE('',*,*,#1198,.F.);
#1833=ORIENTED_EDGE('',*,*,#1196,.F.);
#1834=ORIENTED_EDGE('',*,*,#1194,.F.);
#1835=ORIENTED_EDGE('',*,*,#1192,.F.);
#1836=ORIENTED_EDGE('',*,*,#1190,.F.);
#1837=ORIENTED_EDGE('',*,*,#1188,.F.);
#1838=ORIENTED_EDGE('',*,*,#1186,.F.);
#1839=ORIENTED_EDGE('',*,*,#1184,.F.);
#1840=ORIENTED_EDGE('',*,*,#1182,.F.);
#1841=ORIENTED_EDGE('',*,*,#1179,.F.);
#1842=ORIENTED_EDGE('',*,*,#1176,.F.);
#1843=ORIENTED_EDGE('',*,*,#1049,.F.);
#1844=ORIENTED_EDGE('',*,*,#1263,.T.);
#1845=ORIENTED_EDGE('',*,*,#1175,.F.);
#1846=ORIENTED_EDGE('',*,*,#1266,.T.);
#1847=ORIENTED_EDGE('',*,*,#1046,.F.);
#1848=ORIENTED_EDGE('',*,*,#1266,.F.);
#1849=ORIENTED_EDGE('',*,*,#1178,.F.);
#1850=ORIENTED_EDGE('',*,*,#1267,.F.);
#1851=ORIENTED_EDGE('',*,*,#1043,.F.);
#1852=ORIENTED_EDGE('',*,*,#1267,.T.);
#1853=ORIENTED_EDGE('',*,*,#1181,.F.);
#1854=ORIENTED_EDGE('',*,*,#1166,.T.);
#1855=ORIENTED_EDGE('',*,*,#1011,.F.);
#1856=ORIENTED_EDGE('',*,*,#1268,.T.);
#1857=ORIENTED_EDGE('',*,*,#1269,.T.);
#1858=ORIENTED_EDGE('',*,*,#1268,.F.);
#1859=ORIENTED_EDGE('',*,*,#1269,.F.);
#1860=ORIENTED_EDGE('',*,*,#1169,.T.);
#1861=ORIENTED_EDGE('',*,*,#1270,.T.);
#1862=ORIENTED_EDGE('',*,*,#1265,.T.);
#1863=ORIENTED_EDGE('',*,*,#974,.T.);
#1864=ORIENTED_EDGE('',*,*,#1271,.T.);
#1865=ORIENTED_EDGE('',*,*,#1270,.F.);
#1866=ORIENTED_EDGE('',*,*,#1271,.F.);
#1867=ORIENTED_EDGE('',*,*,#977,.T.);
#1868=CONICAL_SURFACE('',#2013,12.75,0.785398163397447);
#1869=CONICAL_SURFACE('',#2237,11.2,0.0305432619099008);
#1870=ADVANCED_FACE('',(#216),#1868,.T.);
#1871=ADVANCED_FACE('',(#217),#169,.T.);
#1872=ADVANCED_FACE('',(#218),#165,.T.);
#1873=ADVANCED_FACE('',(#219),#170,.T.);
#1874=ADVANCED_FACE('',(#220),#171,.T.);
#1875=ADVANCED_FACE('',(#221),#166,.T.);
#1876=ADVANCED_FACE('',(#222),#172,.T.);
#1877=ADVANCED_FACE('',(#223),#77,.T.);
#1878=ADVANCED_FACE('',(#224),#173,.T.);
#1879=ADVANCED_FACE('',(#225),#174,.T.);
#1880=ADVANCED_FACE('',(#226,#47),#51,.T.);
#1881=ADVANCED_FACE('',(#227),#52,.F.);
#1882=ADVANCED_FACE('',(#228),#167,.T.);
#1883=ADVANCED_FACE('',(#229),#175,.T.);
#1884=ADVANCED_FACE('',(#230),#168,.T.);
#1885=ADVANCED_FACE('',(#231),#176,.T.);
#1886=ADVANCED_FACE('',(#232),#177,.T.);
#1887=ADVANCED_FACE('',(#233),#78,.T.);
#1888=ADVANCED_FACE('',(#234),#178,.T.);
#1889=ADVANCED_FACE('',(#235),#179,.T.);
#1890=ADVANCED_FACE('',(#236),#53,.F.);
#1891=ADVANCED_FACE('',(#237),#54,.F.);
#1892=ADVANCED_FACE('',(#238),#55,.F.);
#1893=ADVANCED_FACE('',(#239),#180,.T.);
#1894=ADVANCED_FACE('',(#240),#56,.F.);
#1895=ADVANCED_FACE('',(#241,#48),#57,.T.);
#1896=ADVANCED_FACE('',(#242),#58,.F.);
#1897=ADVANCED_FACE('',(#243),#181,.T.);
#1898=ADVANCED_FACE('',(#244),#15,.F.);
#1899=ADVANCED_FACE('',(#245),#79,.T.);
#1900=ADVANCED_FACE('',(#246),#16,.F.);
#1901=ADVANCED_FACE('',(#247),#182,.T.);
#1902=ADVANCED_FACE('',(#248),#17,.F.);
#1903=ADVANCED_FACE('',(#249),#80,.T.);
#1904=ADVANCED_FACE('',(#250),#18,.F.);
#1905=ADVANCED_FACE('',(#251),#183,.T.);
#1906=ADVANCED_FACE('',(#252),#19,.F.);
#1907=ADVANCED_FACE('',(#253),#81,.T.);
#1908=ADVANCED_FACE('',(#254),#20,.F.);
#1909=ADVANCED_FACE('',(#255),#184,.T.);
#1910=ADVANCED_FACE('',(#256),#21,.F.);
#1911=ADVANCED_FACE('',(#257),#82,.T.);
#1912=ADVANCED_FACE('',(#258),#22,.F.);
#1913=ADVANCED_FACE('',(#259),#185,.T.);
#1914=ADVANCED_FACE('',(#260),#23,.F.);
#1915=ADVANCED_FACE('',(#261),#83,.T.);
#1916=ADVANCED_FACE('',(#262),#24,.F.);
#1917=ADVANCED_FACE('',(#263),#186,.T.);
#1918=ADVANCED_FACE('',(#264),#25,.F.);
#1919=ADVANCED_FACE('',(#265),#84,.T.);
#1920=ADVANCED_FACE('',(#266),#26,.F.);
#1921=ADVANCED_FACE('',(#267),#187,.T.);
#1922=ADVANCED_FACE('',(#268),#27,.F.);
#1923=ADVANCED_FACE('',(#269),#85,.T.);
#1924=ADVANCED_FACE('',(#270),#28,.F.);
#1925=ADVANCED_FACE('',(#271),#188,.T.);
#1926=ADVANCED_FACE('',(#272),#29,.F.);
#1927=ADVANCED_FACE('',(#273),#86,.T.);
#1928=ADVANCED_FACE('',(#274),#30,.F.);
#1929=ADVANCED_FACE('',(#275),#189,.T.);
#1930=ADVANCED_FACE('',(#276),#59,.T.);
#1931=ADVANCED_FACE('',(#277),#190,.T.);
#1932=ADVANCED_FACE('',(#278),#60,.T.);
#1933=ADVANCED_FACE('',(#279),#191,.F.);
#1934=ADVANCED_FACE('',(#280),#61,.T.);
#1935=ADVANCED_FACE('',(#281),#192,.T.);
#1936=ADVANCED_FACE('',(#282),#62,.T.);
#1937=ADVANCED_FACE('',(#283),#193,.T.);
#1938=ADVANCED_FACE('',(#284),#63,.F.);
#1939=ADVANCED_FACE('',(#285),#194,.F.);
#1940=ADVANCED_FACE('',(#286),#64,.T.);
#1941=ADVANCED_FACE('',(#287),#195,.F.);
#1942=ADVANCED_FACE('',(#288),#65,.F.);
#1943=ADVANCED_FACE('',(#289),#196,.F.);
#1944=ADVANCED_FACE('',(#290),#66,.T.);
#1945=ADVANCED_FACE('',(#291),#197,.F.);
#1946=ADVANCED_FACE('',(#292),#198,.T.);
#1947=ADVANCED_FACE('',(#293),#31,.F.);
#1948=ADVANCED_FACE('',(#294),#87,.T.);
#1949=ADVANCED_FACE('',(#295),#32,.F.);
#1950=ADVANCED_FACE('',(#296),#199,.T.);
#1951=ADVANCED_FACE('',(#297),#33,.F.);
#1952=ADVANCED_FACE('',(#298),#88,.T.);
#1953=ADVANCED_FACE('',(#299),#34,.F.);
#1954=ADVANCED_FACE('',(#300),#200,.T.);
#1955=ADVANCED_FACE('',(#301),#35,.F.);
#1956=ADVANCED_FACE('',(#302),#89,.T.);
#1957=ADVANCED_FACE('',(#303),#36,.F.);
#1958=ADVANCED_FACE('',(#304),#201,.T.);
#1959=ADVANCED_FACE('',(#305),#37,.F.);
#1960=ADVANCED_FACE('',(#306),#90,.T.);
#1961=ADVANCED_FACE('',(#307),#38,.F.);
#1962=ADVANCED_FACE('',(#308),#202,.T.);
#1963=ADVANCED_FACE('',(#309),#39,.F.);
#1964=ADVANCED_FACE('',(#310),#91,.T.);
#1965=ADVANCED_FACE('',(#311),#40,.F.);
#1966=ADVANCED_FACE('',(#312),#203,.T.);
#1967=ADVANCED_FACE('',(#313),#41,.F.);
#1968=ADVANCED_FACE('',(#314),#92,.T.);
#1969=ADVANCED_FACE('',(#315),#42,.F.);
#1970=ADVANCED_FACE('',(#316),#204,.T.);
#1971=ADVANCED_FACE('',(#317),#43,.F.);
#1972=ADVANCED_FACE('',(#318),#93,.T.);
#1973=ADVANCED_FACE('',(#319),#44,.F.);
#1974=ADVANCED_FACE('',(#320),#205,.T.);
#1975=ADVANCED_FACE('',(#321),#45,.F.);
#1976=ADVANCED_FACE('',(#322),#94,.T.);
#1977=ADVANCED_FACE('',(#323),#46,.F.);
#1978=ADVANCED_FACE('',(#324),#67,.T.);
#1979=ADVANCED_FACE('',(#325),#206,.F.);
#1980=ADVANCED_FACE('',(#326),#68,.F.);
#1981=ADVANCED_FACE('',(#327),#207,.F.);
#1982=ADVANCED_FACE('',(#328),#69,.T.);
#1983=ADVANCED_FACE('',(#329),#208,.F.);
#1984=ADVANCED_FACE('',(#330),#70,.F.);
#1985=ADVANCED_FACE('',(#331),#209,.T.);
#1986=ADVANCED_FACE('',(#332),#71,.T.);
#1987=ADVANCED_FACE('',(#333),#210,.T.);
#1988=ADVANCED_FACE('',(#334),#72,.T.);
#1989=ADVANCED_FACE('',(#335),#211,.F.);
#1990=ADVANCED_FACE('',(#336),#73,.T.);
#1991=ADVANCED_FACE('',(#337),#212,.T.);
#1992=ADVANCED_FACE('',(#338),#213,.T.);
#1993=ADVANCED_FACE('',(#339),#74,.T.);
#1994=ADVANCED_FACE('',(#340),#214,.T.);
#1995=ADVANCED_FACE('',(#341),#1869,.F.);
#1996=ADVANCED_FACE('',(#342,#49),#75,.T.);
#1997=ADVANCED_FACE('',(#343,#50),#76,.F.);
#1998=ADVANCED_FACE('',(#344),#215,.T.);
#1999=CLOSED_SHELL('',(#1870,#1871,#1872,#1873,#1874,#1875,#1876,#1877,
#1878,#1879,#1880,#1881,#1882,#1883,#1884,#1885,#1886,#1887,#1888,#1889,
#1890,#1891,#1892,#1893,#1894,#1895,#1896,#1897,#1898,#1899,#1900,#1901,
#1902,#1903,#1904,#1905,#1906,#1907,#1908,#1909,#1910,#1911,#1912,#1913,
#1914,#1915,#1916,#1917,#1918,#1919,#1920,#1921,#1922,#1923,#1924,#1925,
#1926,#1927,#1928,#1929,#1930,#1931,#1932,#1933,#1934,#1935,#1936,#1937,
#1938,#1939,#1940,#1941,#1942,#1943,#1944,#1945,#1946,#1947,#1948,#1949,
#1950,#1951,#1952,#1953,#1954,#1955,#1956,#1957,#1958,#1959,#1960,#1961,
#1962,#1963,#1964,#1965,#1966,#1967,#1968,#1969,#1970,#1971,#1972,#1973,
#1974,#1975,#1976,#1977,#1978,#1979,#1980,#1981,#1982,#1983,#1984,#1985,
#1986,#1987,#1988,#1989,#1990,#1991,#1992,#1993,#1994,#1995,#1996,#1997,
#1998));
#2000=DERIVED_UNIT_ELEMENT(#2002,1.);
#2001=DERIVED_UNIT_ELEMENT(#4472,-3.);
#2002=(
MASS_UNIT()
NAMED_UNIT(*)
SI_UNIT(.KILO.,.GRAM.)
);
#2003=DERIVED_UNIT((#2000,#2001));
#2004=MEASURE_REPRESENTATION_ITEM('density measure',
POSITIVE_RATIO_MEASURE(1060.),#2003);
#2005=PROPERTY_DEFINITION_REPRESENTATION(#2010,#2007);
#2006=PROPERTY_DEFINITION_REPRESENTATION(#2011,#2008);
#2007=REPRESENTATION('material name',(#2009),#4469);
#2008=REPRESENTATION('density',(#2004),#4469);
#2009=DESCRIPTIVE_REPRESENTATION_ITEM('ABS Plastic','ABS Plastic');
#2010=PROPERTY_DEFINITION('material property','material name',#4479);
#2011=PROPERTY_DEFINITION('material property','density of part',#4479);
#2012=AXIS2_PLACEMENT_3D('',#2800,#2243,#2244);
#2013=AXIS2_PLACEMENT_3D('',#2801,#2245,#2246);
#2014=AXIS2_PLACEMENT_3D('',#2804,#2247,#2248);
#2015=AXIS2_PLACEMENT_3D('',#2807,#2250,#2251);
#2016=AXIS2_PLACEMENT_3D('',#2808,#2252,#2253);
#2017=AXIS2_PLACEMENT_3D('',#2809,#2254,#2255);
#2018=AXIS2_PLACEMENT_3D('',#2812,#2257,#2258);
#2019=AXIS2_PLACEMENT_3D('',#2813,#2259,#2260);
#2020=AXIS2_PLACEMENT_3D('',#2816,#2261,#2262);
#2021=AXIS2_PLACEMENT_3D('',#2818,#2263,#2264);
#2022=AXIS2_PLACEMENT_3D('',#2819,#2265,#2266);
#2023=AXIS2_PLACEMENT_3D('',#2820,#2267,#2268);
#2024=AXIS2_PLACEMENT_3D('',#2823,#2269,#2270);
#2025=AXIS2_PLACEMENT_3D('',#2826,#2273,#2274);
#2026=AXIS2_PLACEMENT_3D('',#2841,#2277,#2278);
#2027=AXIS2_PLACEMENT_3D('',#2844,#2279,#2280);
#2028=AXIS2_PLACEMENT_3D('',#2846,#2281,#2282);
#2029=AXIS2_PLACEMENT_3D('',#2847,#2283,#2284);
#2030=AXIS2_PLACEMENT_3D('',#2848,#2285,#2286);
#2031=AXIS2_PLACEMENT_3D('',#2851,#2287,#2288);
#2032=AXIS2_PLACEMENT_3D('',#2854,#2291,#2292);
#2033=AXIS2_PLACEMENT_3D('',#2855,#2293,#2294);
#2034=AXIS2_PLACEMENT_3D('',#2856,#2295,#2296);
#2035=AXIS2_PLACEMENT_3D('',#2857,#2297,#2298);
#2036=AXIS2_PLACEMENT_3D('',#2872,#2301,#2302);
#2037=AXIS2_PLACEMENT_3D('',#2873,#2303,#2304);
#2038=AXIS2_PLACEMENT_3D('',#2874,#2305,#2306);
#2039=AXIS2_PLACEMENT_3D('',#2878,#2308,#2309);
#2040=AXIS2_PLACEMENT_3D('',#2882,#2311,#2312);
#2041=AXIS2_PLACEMENT_3D('',#2884,#2313,#2314);
#2042=AXIS2_PLACEMENT_3D('',#2886,#2315,#2316);
#2043=AXIS2_PLACEMENT_3D('',#2890,#2318,#2319);
#2044=AXIS2_PLACEMENT_3D('',#2892,#2320,#2321);
#2045=AXIS2_PLACEMENT_3D('',#2895,#2323,#2324);
#2046=AXIS2_PLACEMENT_3D('',#2896,#2325,#2326);
#2047=AXIS2_PLACEMENT_3D('',#2898,#2328,#2329);
#2048=AXIS2_PLACEMENT_3D('',#2901,#2330,#2331);
#2049=AXIS2_PLACEMENT_3D('',#2903,#2332,#2333);
#2050=AXIS2_PLACEMENT_3D('',#2904,#2334,#2335);
#2051=AXIS2_PLACEMENT_3D('',#2905,#2336,#2337);
#2052=AXIS2_PLACEMENT_3D('',#2908,#2340,#2341);
#2053=AXIS2_PLACEMENT_3D('',#2911,#2342,#2343);
#2054=AXIS2_PLACEMENT_3D('',#2913,#2344,#2345);
#2055=AXIS2_PLACEMENT_3D('',#2914,#2346,#2347);
#2056=AXIS2_PLACEMENT_3D('',#2915,#2348,#2349);
#2057=AXIS2_PLACEMENT_3D('',#2918,#2352,#2353);
#2058=AXIS2_PLACEMENT_3D('',#2933,#2356,#2357);
#2059=AXIS2_PLACEMENT_3D('',#2934,#2358,#2359);
#2060=AXIS2_PLACEMENT_3D('',#2935,#2360,#2361);
#2061=AXIS2_PLACEMENT_3D('',#2936,#2362,#2363);
#2062=AXIS2_PLACEMENT_3D('',#2951,#2366,#2367);
#2063=AXIS2_PLACEMENT_3D('',#2952,#2368,#2369);
#2064=AXIS2_PLACEMENT_3D('',#2954,#2371,#2372);
#2065=AXIS2_PLACEMENT_3D('',#2956,#2374,#2375);
#2066=AXIS2_PLACEMENT_3D('',#2958,#2377,#2378);
#2067=AXIS2_PLACEMENT_3D('',#2959,#2379,#2380);
#2068=AXIS2_PLACEMENT_3D('',#2962,#2382,#2383);
#2069=AXIS2_PLACEMENT_3D('',#2963,#2384,#2385);
#2070=AXIS2_PLACEMENT_3D('',#2964,#2386,#2387);
#2071=AXIS2_PLACEMENT_3D('',#2965,#2388,#2389);
#2072=AXIS2_PLACEMENT_3D('',#2966,#2390,#2391);
#2073=AXIS2_PLACEMENT_3D('',#2967,#2392,#2393);
#2074=AXIS2_PLACEMENT_3D('',#2970,#2394,#2395);
#2075=AXIS2_PLACEMENT_3D('',#2974,#2397,#2398);
#2076=AXIS2_PLACEMENT_3D('',#3003,#2400,#2401);
#2077=AXIS2_PLACEMENT_3D('',#3014,#2402,#2403);
#2078=AXIS2_PLACEMENT_3D('',#3017,#2404,#2405);
#2079=AXIS2_PLACEMENT_3D('',#3018,#2406,#2407);
#2080=AXIS2_PLACEMENT_3D('',#3019,#2408,#2409);
#2081=AXIS2_PLACEMENT_3D('',#3047,#2410,#2411);
#2082=AXIS2_PLACEMENT_3D('',#3058,#2412,#2413);
#2083=AXIS2_PLACEMENT_3D('',#3061,#2414,#2415);
#2084=AXIS2_PLACEMENT_3D('',#3091,#2418,#2419);
#2085=AXIS2_PLACEMENT_3D('',#3102,#2420,#2421);
#2086=AXIS2_PLACEMENT_3D('',#3105,#2422,#2423);
#2087=AXIS2_PLACEMENT_3D('',#3106,#2424,#2425);
#2088=AXIS2_PLACEMENT_3D('',#3107,#2426,#2427);
#2089=AXIS2_PLACEMENT_3D('',#3135,#2428,#2429);
#2090=AXIS2_PLACEMENT_3D('',#3146,#2430,#2431);
#2091=AXIS2_PLACEMENT_3D('',#3149,#2432,#2433);
#2092=AXIS2_PLACEMENT_3D('',#3179,#2436,#2437);
#2093=AXIS2_PLACEMENT_3D('',#3190,#2438,#2439);
#2094=AXIS2_PLACEMENT_3D('',#3193,#2440,#2441);
#2095=AXIS2_PLACEMENT_3D('',#3194,#2442,#2443);
#2096=AXIS2_PLACEMENT_3D('',#3195,#2444,#2445);
#2097=AXIS2_PLACEMENT_3D('',#3223,#2446,#2447);
#2098=AXIS2_PLACEMENT_3D('',#3234,#2448,#2449);
#2099=AXIS2_PLACEMENT_3D('',#3237,#2450,#2451);
#2100=AXIS2_PLACEMENT_3D('',#3267,#2454,#2455);
#2101=AXIS2_PLACEMENT_3D('',#3278,#2456,#2457);
#2102=AXIS2_PLACEMENT_3D('',#3281,#2458,#2459);
#2103=AXIS2_PLACEMENT_3D('',#3282,#2460,#2461);
#2104=AXIS2_PLACEMENT_3D('',#3283,#2462,#2463);
#2105=AXIS2_PLACEMENT_3D('',#3311,#2464,#2465);
#2106=AXIS2_PLACEMENT_3D('',#3327,#2466,#2467);
#2107=AXIS2_PLACEMENT_3D('',#3330,#2468,#2469);
#2108=AXIS2_PLACEMENT_3D('',#3360,#2472,#2473);
#2109=AXIS2_PLACEMENT_3D('',#3371,#2474,#2475);
#2110=AXIS2_PLACEMENT_3D('',#3374,#2476,#2477);
#2111=AXIS2_PLACEMENT_3D('',#3375,#2478,#2479);
#2112=AXIS2_PLACEMENT_3D('',#3376,#2480,#2481);
#2113=AXIS2_PLACEMENT_3D('',#3404,#2482,#2483);
#2114=AXIS2_PLACEMENT_3D('',#3415,#2484,#2485);
#2115=AXIS2_PLACEMENT_3D('',#3418,#2486,#2487);
#2116=AXIS2_PLACEMENT_3D('',#3448,#2490,#2491);
#2117=AXIS2_PLACEMENT_3D('',#3459,#2492,#2493);
#2118=AXIS2_PLACEMENT_3D('',#3462,#2494,#2495);
#2119=AXIS2_PLACEMENT_3D('',#3463,#2496,#2497);
#2120=AXIS2_PLACEMENT_3D('',#3464,#2498,#2499);
#2121=AXIS2_PLACEMENT_3D('',#3492,#2500,#2501);
#2122=AXIS2_PLACEMENT_3D('',#3503,#2502,#2503);
#2123=AXIS2_PLACEMENT_3D('',#3506,#2504,#2505);
#2124=AXIS2_PLACEMENT_3D('',#3536,#2508,#2509);
#2125=AXIS2_PLACEMENT_3D('',#3547,#2510,#2511);
#2126=AXIS2_PLACEMENT_3D('',#3550,#2512,#2513);
#2127=AXIS2_PLACEMENT_3D('',#3551,#2514,#2515);
#2128=AXIS2_PLACEMENT_3D('',#3552,#2516,#2517);
#2129=AXIS2_PLACEMENT_3D('',#3580,#2518,#2519);
#2130=AXIS2_PLACEMENT_3D('',#3591,#2520,#2521);
#2131=AXIS2_PLACEMENT_3D('',#3594,#2522,#2523);
#2132=AXIS2_PLACEMENT_3D('',#3624,#2526,#2527);
#2133=AXIS2_PLACEMENT_3D('',#3635,#2528,#2529);
#2134=AXIS2_PLACEMENT_3D('',#3638,#2530,#2531);
#2135=AXIS2_PLACEMENT_3D('',#3639,#2532,#2533);
#2136=AXIS2_PLACEMENT_3D('',#3640,#2534,#2535);
#2137=AXIS2_PLACEMENT_3D('',#3676,#2536,#2537);
#2138=AXIS2_PLACEMENT_3D('',#3686,#2540,#2541);
#2139=AXIS2_PLACEMENT_3D('',#3689,#2543,#2544);
#2140=AXIS2_PLACEMENT_3D('',#3690,#2545,#2546);
#2141=AXIS2_PLACEMENT_3D('',#3698,#2548,#2549);
#2142=AXIS2_PLACEMENT_3D('',#3702,#2552,#2553);
#2143=AXIS2_PLACEMENT_3D('',#3710,#2555,#2556);
#2144=AXIS2_PLACEMENT_3D('',#3713,#2558,#2559);
#2145=AXIS2_PLACEMENT_3D('',#3714,#2560,#2561);
#2146=AXIS2_PLACEMENT_3D('',#3722,#2563,#2564);
#2147=AXIS2_PLACEMENT_3D('',#3726,#2567,#2568);
#2148=AXIS2_PLACEMENT_3D('',#3734,#2570,#2571);
#2149=AXIS2_PLACEMENT_3D('',#3737,#2573,#2574);
#2150=AXIS2_PLACEMENT_3D('',#3738,#2575,#2576);
#2151=AXIS2_PLACEMENT_3D('',#3746,#2578,#2579);
#2152=AXIS2_PLACEMENT_3D('',#3750,#2582,#2583);
#2153=AXIS2_PLACEMENT_3D('',#3758,#2585,#2586);
#2154=AXIS2_PLACEMENT_3D('',#3761,#2588,#2589);
#2155=AXIS2_PLACEMENT_3D('',#3762,#2590,#2591);
#2156=AXIS2_PLACEMENT_3D('',#3770,#2593,#2594);
#2157=AXIS2_PLACEMENT_3D('',#3774,#2597,#2598);
#2158=AXIS2_PLACEMENT_3D('',#3777,#2600,#2601);
#2159=AXIS2_PLACEMENT_3D('',#3778,#2602,#2603);
#2160=AXIS2_PLACEMENT_3D('',#3781,#2604,#2605);
#2161=AXIS2_PLACEMENT_3D('',#3785,#2607,#2608);
#2162=AXIS2_PLACEMENT_3D('',#3814,#2610,#2611);
#2163=AXIS2_PLACEMENT_3D('',#3825,#2612,#2613);
#2164=AXIS2_PLACEMENT_3D('',#3828,#2614,#2615);
#2165=AXIS2_PLACEMENT_3D('',#3829,#2616,#2617);
#2166=AXIS2_PLACEMENT_3D('',#3830,#2618,#2619);
#2167=AXIS2_PLACEMENT_3D('',#3857,#2620,#2621);
#2168=AXIS2_PLACEMENT_3D('',#3868,#2622,#2623);
#2169=AXIS2_PLACEMENT_3D('',#3870,#2624,#2625);
#2170=AXIS2_PLACEMENT_3D('',#3898,#2627,#2628);
#2171=AXIS2_PLACEMENT_3D('',#3904,#2629,#2630);
#2172=AXIS2_PLACEMENT_3D('',#3906,#2631,#2632);
#2173=AXIS2_PLACEMENT_3D('',#3907,#2633,#2634);
#2174=AXIS2_PLACEMENT_3D('',#3934,#2635,#2636);
#2175=AXIS2_PLACEMENT_3D('',#3940,#2637,#2638);
#2176=AXIS2_PLACEMENT_3D('',#3942,#2639,#2640);
#2177=AXIS2_PLACEMENT_3D('',#3970,#2642,#2643);
#2178=AXIS2_PLACEMENT_3D('',#3976,#2644,#2645);
#2179=AXIS2_PLACEMENT_3D('',#3978,#2646,#2647);
#2180=AXIS2_PLACEMENT_3D('',#3979,#2648,#2649);
#2181=AXIS2_PLACEMENT_3D('',#4006,#2650,#2651);
#2182=AXIS2_PLACEMENT_3D('',#4012,#2652,#2653);
#2183=AXIS2_PLACEMENT_3D('',#4014,#2654,#2655);
#2184=AXIS2_PLACEMENT_3D('',#4042,#2657,#2658);
#2185=AXIS2_PLACEMENT_3D('',#4048,#2659,#2660);
#2186=AXIS2_PLACEMENT_3D('',#4050,#2661,#2662);
#2187=AXIS2_PLACEMENT_3D('',#4051,#2663,#2664);
#2188=AXIS2_PLACEMENT_3D('',#4078,#2665,#2666);
#2189=AXIS2_PLACEMENT_3D('',#4084,#2667,#2668);
#2190=AXIS2_PLACEMENT_3D('',#4086,#2669,#2670);
#2191=AXIS2_PLACEMENT_3D('',#4114,#2672,#2673);
#2192=AXIS2_PLACEMENT_3D('',#4120,#2674,#2675);
#2193=AXIS2_PLACEMENT_3D('',#4122,#2676,#2677);
#2194=AXIS2_PLACEMENT_3D('',#4123,#2678,#2679);
#2195=AXIS2_PLACEMENT_3D('',#4150,#2680,#2681);
#2196=AXIS2_PLACEMENT_3D('',#4156,#2682,#2683);
#2197=AXIS2_PLACEMENT_3D('',#4159,#2684,#2685);
#2198=AXIS2_PLACEMENT_3D('',#4189,#2688,#2689);
#2199=AXIS2_PLACEMENT_3D('',#4205,#2690,#2691);
#2200=AXIS2_PLACEMENT_3D('',#4208,#2692,#2693);
#2201=AXIS2_PLACEMENT_3D('',#4209,#2694,#2695);
#2202=AXIS2_PLACEMENT_3D('',#4210,#2696,#2697);
#2203=AXIS2_PLACEMENT_3D('',#4238,#2698,#2699);
#2204=AXIS2_PLACEMENT_3D('',#4249,#2700,#2701);
#2205=AXIS2_PLACEMENT_3D('',#4252,#2702,#2703);
#2206=AXIS2_PLACEMENT_3D('',#4282,#2706,#2707);
#2207=AXIS2_PLACEMENT_3D('',#4293,#2708,#2709);
#2208=AXIS2_PLACEMENT_3D('',#4296,#2710,#2711);
#2209=AXIS2_PLACEMENT_3D('',#4297,#2712,#2713);
#2210=AXIS2_PLACEMENT_3D('',#4298,#2714,#2715);
#2211=AXIS2_PLACEMENT_3D('',#4326,#2716,#2717);
#2212=AXIS2_PLACEMENT_3D('',#4337,#2718,#2719);
#2213=AXIS2_PLACEMENT_3D('',#4340,#2720,#2721);
#2214=AXIS2_PLACEMENT_3D('',#4370,#2724,#2725);
#2215=AXIS2_PLACEMENT_3D('',#4381,#2726,#2727);
#2216=AXIS2_PLACEMENT_3D('',#4384,#2728,#2729);
#2217=AXIS2_PLACEMENT_3D('',#4385,#2730,#2731);
#2218=AXIS2_PLACEMENT_3D('',#4386,#2732,#2733);
#2219=AXIS2_PLACEMENT_3D('',#4422,#2734,#2735);
#2220=AXIS2_PLACEMENT_3D('',#4424,#2737,#2738);
#2221=AXIS2_PLACEMENT_3D('',#4426,#2740,#2741);
#2222=AXIS2_PLACEMENT_3D('',#4428,#2743,#2744);
#2223=AXIS2_PLACEMENT_3D('',#4430,#2746,#2747);
#2224=AXIS2_PLACEMENT_3D('',#4432,#2749,#2750);
#2225=AXIS2_PLACEMENT_3D('',#4434,#2752,#2753);
#2226=AXIS2_PLACEMENT_3D('',#4436,#2755,#2756);
#2227=AXIS2_PLACEMENT_3D('',#4438,#2758,#2759);
#2228=AXIS2_PLACEMENT_3D('',#4440,#2761,#2762);
#2229=AXIS2_PLACEMENT_3D('',#4442,#2764,#2765);
#2230=AXIS2_PLACEMENT_3D('',#4444,#2767,#2768);
#2231=AXIS2_PLACEMENT_3D('',#4446,#2770,#2771);
#2232=AXIS2_PLACEMENT_3D('',#4448,#2773,#2774);
#2233=AXIS2_PLACEMENT_3D('',#4451,#2776,#2777);
#2234=AXIS2_PLACEMENT_3D('',#4452,#2778,#2779);
#2235=AXIS2_PLACEMENT_3D('',#4454,#2781,#2782);
#2236=AXIS2_PLACEMENT_3D('',#4456,#2784,#2785);
#2237=AXIS2_PLACEMENT_3D('',#4457,#2786,#2787);
#2238=AXIS2_PLACEMENT_3D('',#4460,#2789,#2790);
#2239=AXIS2_PLACEMENT_3D('',#4461,#2791,#2792);
#2240=AXIS2_PLACEMENT_3D('',#4462,#2793,#2794);
#2241=AXIS2_PLACEMENT_3D('',#4464,#2795,#2796);
#2242=AXIS2_PLACEMENT_3D('',#4465,#2797,#2798);
#2243=DIRECTION('axis',(0.,0.,1.));
#2244=DIRECTION('refdir',(1.,0.,0.));
#2245=DIRECTION('center_axis',(0.,1.,0.));
#2246=DIRECTION('ref_axis',(-1.,0.,0.));
#2247=DIRECTION('center_axis',(0.,-1.,0.));
#2248=DIRECTION('ref_axis',(1.,0.,0.));
#2249=DIRECTION('',(0.707106781186546,0.707106781186549,8.65956056235492E-17));
#2250=DIRECTION('center_axis',(0.,-1.,0.));
#2251=DIRECTION('ref_axis',(-1.,0.,0.));
#2252=DIRECTION('center_axis',(0.,-1.,0.));
#2253=DIRECTION('ref_axis',(1.,0.,0.));
#2254=DIRECTION('center_axis',(0.,-1.,0.));
#2255=DIRECTION('ref_axis',(-1.,0.,0.));
#2256=DIRECTION('',(0.,1.,0.));
#2257=DIRECTION('center_axis',(0.,-1.,0.));
#2258=DIRECTION('ref_axis',(-1.,0.,0.));
#2259=DIRECTION('center_axis',(0.,0.,1.));
#2260=DIRECTION('ref_axis',(1.,0.,0.));
#2261=DIRECTION('center_axis',(0.562144401522222,9.84200543375716E-15,0.827039099340063));
#2262=DIRECTION('ref_axis',(0.827039099340063,0.,-0.562144401522222));
#2263=DIRECTION('center_axis',(-1.50755150131033E-14,-1.,9.4202272959372E-15));
#2264=DIRECTION('ref_axis',(0.529919264233206,0.,0.848048096156426));
#2265=DIRECTION('center_axis',(0.848048096156424,0.,-0.529919264233208));
#2266=DIRECTION('ref_axis',(0.,-1.,0.));
#2267=DIRECTION('center_axis',(0.,-1.,0.));
#2268=DIRECTION('ref_axis',(0.978516591706624,0.,0.206168086169641));
#2269=DIRECTION('center_axis',(0.,-1.,0.));
#2270=DIRECTION('ref_axis',(0.978516591706624,0.,0.206168086169641));
#2271=DIRECTION('',(0.,-1.,0.));
#2272=DIRECTION('',(0.,1.,0.));
#2273=DIRECTION('center_axis',(0.848048096156427,0.,-0.529919264233204));
#2274=DIRECTION('ref_axis',(0.374709505220691,-0.707106781186539,0.599660559564556));
#2275=DIRECTION('',(0.848048096156427,0.,-0.529919264233204));
#2276=DIRECTION('',(-0.848048096156427,0.,0.529919264233204));
#2277=DIRECTION('center_axis',(-0.826864229146049,0.39782512875274,0.397530770496545));
#2278=DIRECTION('ref_axis',(-0.562401588332304,-0.584897651865612,-0.584464875149392));
#2279=DIRECTION('center_axis',(0.,0.,-1.));
#2280=DIRECTION('ref_axis',(-1.,0.,0.));
#2281=DIRECTION('center_axis',(1.77635683940025E-14,-1.,6.83720066269715E-16));
#2282=DIRECTION('ref_axis',(0.0384615384615387,0.,-0.999260081289737));
#2283=DIRECTION('center_axis',(-0.999260081289737,0.,-0.0384615384615382));
#2284=DIRECTION('ref_axis',(0.,-1.,0.));
#2285=DIRECTION('center_axis',(0.,1.,0.));
#2286=DIRECTION('ref_axis',(-0.693375245281536,0.,-0.720576692122893));
#2287=DIRECTION('center_axis',(0.,-1.,0.));
#2288=DIRECTION('ref_axis',(-0.693375245281536,0.,-0.720576692122893));
#2289=DIRECTION('',(0.,-1.,0.));
#2290=DIRECTION('',(0.,1.,0.));
#2291=DIRECTION('center_axis',(0.,1.,0.));
#2292=DIRECTION('ref_axis',(0.,0.,1.));
#2293=DIRECTION('center_axis',(0.,-1.,0.));
#2294=DIRECTION('ref_axis',(0.484809620246337,0.,-0.874619707139396));
#2295=DIRECTION('center_axis',(0.,1.,0.));
#2296=DIRECTION('ref_axis',(0.484809620246337,0.,-0.874619707139396));
#2297=DIRECTION('center_axis',(1.16573417585642E-16,0.,-1.));
#2298=DIRECTION('ref_axis',(-0.707106781186555,-0.70710678118654,0.));
#2299=DIRECTION('',(1.16573417585642E-16,0.,-1.));
#2300=DIRECTION('',(-1.16573417585642E-16,0.,1.));
#2301=DIRECTION('center_axis',(0.,-1.,0.));
#2302=DIRECTION('ref_axis',(-1.,0.,0.));
#2303=DIRECTION('center_axis',(0.,1.,0.));
#2304=DIRECTION('ref_axis',(-1.,0.,0.));
#2305=DIRECTION('center_axis',(0.,1.,0.));
#2306=DIRECTION('ref_axis',(1.,0.,0.));
#2307=DIRECTION('',(-1.16573417585642E-16,0.,1.));
#2308=DIRECTION('center_axis',(0.,1.,0.));
#2309=DIRECTION('ref_axis',(-1.,0.,0.));
#2310=DIRECTION('',(-0.848048096156427,0.,0.529919264233204));
#2311=DIRECTION('center_axis',(0.,-1.,0.));
#2312=DIRECTION('ref_axis',(-0.978516591706624,0.,-0.206168086169641));
#2313=DIRECTION('center_axis',(0.,1.,0.));
#2314=DIRECTION('ref_axis',(-1.,0.,0.));
#2315=DIRECTION('center_axis',(0.,-1.,0.));
#2316=DIRECTION('ref_axis',(0.693375245281535,0.,0.720576692122894));
#2317=DIRECTION('',(1.79023462720807E-16,0.,-1.));
#2318=DIRECTION('center_axis',(0.,1.,0.));
#2319=DIRECTION('ref_axis',(-1.,0.,0.));
#2320=DIRECTION('center_axis',(0.,1.,0.));
#2321=DIRECTION('ref_axis',(-1.,0.,0.));
#2322=DIRECTION('',(0.848048096156427,0.,-0.529919264233204));
#2323=DIRECTION('center_axis',(0.,-1.,0.));
#2324=DIRECTION('ref_axis',(-1.,0.,0.));
#2325=DIRECTION('center_axis',(1.,0.,1.16573417585642E-16));
#2326=DIRECTION('ref_axis',(-1.16573417585642E-16,0.,1.));
#2327=DIRECTION('',(0.,-1.,0.));
#2328=DIRECTION('center_axis',(-0.82686422914606,-0.397825128752715,0.397530770496546));
#2329=DIRECTION('ref_axis',(0.562401588332302,-0.584897651865613,0.584464875149393));
#2330=DIRECTION('center_axis',(0.,0.,1.));
#2331=DIRECTION('ref_axis',(1.,0.,0.));
#2332=DIRECTION('center_axis',(-1.77635683940025E-14,-1.,-6.83720066269714E-16));
#2333=DIRECTION('ref_axis',(-0.0384615384615385,0.,0.999260081289737));
#2334=DIRECTION('center_axis',(0.999260081289737,0.,0.0384615384615359));
#2335=DIRECTION('ref_axis',(0.,-1.,0.));
#2336=DIRECTION('center_axis',(0.,1.,0.));
#2337=DIRECTION('ref_axis',(0.693375245281535,0.,0.720576692122894));
#2338=DIRECTION('',(0.,-1.,0.));
#2339=DIRECTION('',(0.,1.,0.));
#2340=DIRECTION('center_axis',(0.,0.,1.));
#2341=DIRECTION('ref_axis',(1.,0.,0.));
#2342=DIRECTION('center_axis',(-0.562144401522223,8.6656366632832E-15,-0.827039099340063));
#2343=DIRECTION('ref_axis',(-0.827039099340062,0.,0.562144401522223));
#2344=DIRECTION('center_axis',(0.,-1.,0.));
#2345=DIRECTION('ref_axis',(-0.529919264233206,0.,-0.848048096156426));
#2346=DIRECTION('center_axis',(-0.848048096156424,0.,0.529919264233208));
#2347=DIRECTION('ref_axis',(0.,-1.,0.));
#2348=DIRECTION('center_axis',(0.,-1.,0.));
#2349=DIRECTION('ref_axis',(-0.978516591706624,0.,-0.206168086169641));
#2350=DIRECTION('',(0.,-1.,0.));
#2351=DIRECTION('',(0.,1.,0.));
#2352=DIRECTION('center_axis',(0.848048096156427,0.,-0.529919264233204));
#2353=DIRECTION('ref_axis',(-0.374709505220691,-0.707106781186539,-0.599660559564556));
#2354=DIRECTION('',(-0.848048096156427,0.,0.529919264233204));
#2355=DIRECTION('',(0.848048096156427,0.,-0.529919264233204));
#2356=DIRECTION('center_axis',(0.,1.,0.));
#2357=DIRECTION('ref_axis',(0.,0.,1.));
#2358=DIRECTION('center_axis',(0.,-1.,0.));
#2359=DIRECTION('ref_axis',(-0.484809620246337,0.,0.874619707139396));
#2360=DIRECTION('center_axis',(0.,1.,0.));
#2361=DIRECTION('ref_axis',(-0.484809620246337,0.,0.874619707139396));
#2362=DIRECTION('center_axis',(-1.79023462720807E-16,0.,1.));
#2363=DIRECTION('ref_axis',(0.707106781186555,-0.70710678118654,0.));
#2364=DIRECTION('',(-1.79023462720807E-16,0.,1.));
#2365=DIRECTION('',(1.79023462720807E-16,0.,-1.));
#2366=DIRECTION('center_axis',(0.,-1.,0.));
#2367=DIRECTION('ref_axis',(-1.,0.,0.));
#2368=DIRECTION('center_axis',(-1.,0.,-1.79023462720807E-16));
#2369=DIRECTION('ref_axis',(1.79023462720807E-16,0.,-1.));
#2370=DIRECTION('',(0.,-1.,0.));
#2371=DIRECTION('center_axis',(-0.529919264233204,0.,-0.848048096156427));
#2372=DIRECTION('ref_axis',(0.848048096156427,0.,-0.529919264233204));
#2373=DIRECTION('',(0.,-1.,0.));
#2374=DIRECTION('center_axis',(0.529919264233204,0.,0.848048096156427));
#2375=DIRECTION('ref_axis',(-0.848048096156427,0.,0.529919264233204));
#2376=DIRECTION('',(0.,-1.,0.));
#2377=DIRECTION('center_axis',(0.,-1.,0.));
#2378=DIRECTION('ref_axis',(-1.,0.,0.));
#2379=DIRECTION('center_axis',(0.,1.,0.));
#2380=DIRECTION('ref_axis',(-1.,0.,0.));
#2381=DIRECTION('',(0.,-1.,0.));
#2382=DIRECTION('center_axis',(0.,1.,0.));
#2383=DIRECTION('ref_axis',(-1.,0.,0.));
#2384=DIRECTION('center_axis',(0.,1.,0.));
#2385=DIRECTION('ref_axis',(-1.,0.,0.));
#2386=DIRECTION('center_axis',(0.,1.,0.));
#2387=DIRECTION('ref_axis',(-1.,0.,0.));
#2388=DIRECTION('center_axis',(0.,1.,0.));
#2389=DIRECTION('ref_axis',(-1.,0.,0.));
#2390=DIRECTION('center_axis',(0.,1.,0.));
#2391=DIRECTION('ref_axis',(-1.,0.,0.));
#2392=DIRECTION('center_axis',(0.,-1.,0.));
#2393=DIRECTION('ref_axis',(-0.671830755860855,0.,0.740704688441644));
#2394=DIRECTION('center_axis',(0.,-1.,0.));
#2395=DIRECTION('ref_axis',(0.0348994967025007,0.,0.999390827019096));
#2396=DIRECTION('',(0.,-1.,0.));
#2397=DIRECTION('center_axis',(0.,1.,0.));
#2398=DIRECTION('ref_axis',(-0.998045360946455,0.,0.0624936596244836));
#2399=DIRECTION('',(0.,1.,0.));
#2400=DIRECTION('center_axis',(0.0900611550291292,0.,0.995936237092927));
#2401=DIRECTION('ref_axis',(-0.995936237092927,0.,0.0900611550291292));
#2402=DIRECTION('center_axis',(0.,1.,0.));
#2403=DIRECTION('ref_axis',(0.,0.,1.));
#2404=DIRECTION('center_axis',(0.482256394744872,0.,0.87603011918979));
#2405=DIRECTION('ref_axis',(-0.87603011918979,0.,0.482256394744872));
#2406=DIRECTION('center_axis',(0.,-1.,0.));
#2407=DIRECTION('ref_axis',(0.956304755963035,0.,-0.292371704722737));
#2408=DIRECTION('center_axis',(0.,1.,0.));
#2409=DIRECTION('ref_axis',(0.956304755963035,0.,-0.292371704722737));
#2410=DIRECTION('center_axis',(0.,-1.,0.));
#2411=DIRECTION('ref_axis',(-0.862363114312796,0.,0.506290291307997));
#2412=DIRECTION('center_axis',(0.,-1.,0.));
#2413=DIRECTION('ref_axis',(-0.971169744350781,0.,-0.238389025875016));
#2414=DIRECTION('center_axis',(0.,-1.,0.));
#2415=DIRECTION('ref_axis',(-0.862363114312797,0.,0.506290291307995));
#2416=DIRECTION('',(0.,-1.,0.));
#2417=DIRECTION('',(0.,1.,0.));
#2418=DIRECTION('center_axis',(0.575963366695858,2.55779116418546E-15,0.817475504357392));
#2419=DIRECTION('ref_axis',(-0.817475504357392,0.,0.575963366695858));
#2420=DIRECTION('center_axis',(0.,1.,0.));
#2421=DIRECTION('ref_axis',(0.,0.,1.));
#2422=DIRECTION('center_axis',(0.998472628629549,-1.10852730176253E-15,
0.0552486187845316));
#2423=DIRECTION('ref_axis',(-0.0552486187845316,0.,0.998472628629549));
#2424=DIRECTION('center_axis',(0.,-1.,0.));
#2425=DIRECTION('ref_axis',(0.484809620246337,0.,-0.874619707139396));
#2426=DIRECTION('center_axis',(0.,1.,0.));
#2427=DIRECTION('ref_axis',(0.484809620246337,0.,-0.874619707139396));
#2428=DIRECTION('center_axis',(0.,-1.,4.44258749674764E-15));
#2429=DIRECTION('ref_axis',(-0.0276243093922647,4.44089209850062E-15,0.999618375946841));
#2430=DIRECTION('center_axis',(0.,-1.,0.));
#2431=DIRECTION('ref_axis',(-0.716806915909814,0.,0.697271715548437));
#2432=DIRECTION('center_axis',(0.,-1.,0.));
#2433=DIRECTION('ref_axis',(-0.0276243093922652,0.,0.999618375946841));
#2434=DIRECTION('',(0.,-1.,0.));
#2435=DIRECTION('',(0.,1.,0.));
#2436=DIRECTION('center_axis',(-0.998472628629549,2.77131825440632E-16,
-0.055248618784533));
#2437=DIRECTION('ref_axis',(-0.055248618784533,0.,0.998472628629549));
#2438=DIRECTION('center_axis',(0.,-1.,0.));
#2439=DIRECTION('ref_axis',(0.,0.,-1.));
#2440=DIRECTION('center_axis',(-0.575963366695858,-2.55779116418545E-15,
-0.817475504357392));
#2441=DIRECTION('ref_axis',(-0.817475504357392,0.,0.575963366695858));
#2442=DIRECTION('center_axis',(0.,1.,0.));
#2443=DIRECTION('ref_axis',(0.484809620246337,0.,-0.874619707139396));
#2444=DIRECTION('center_axis',(0.,-1.,0.));
#2445=DIRECTION('ref_axis',(0.484809620246337,0.,-0.874619707139396));
#2446=DIRECTION('center_axis',(0.,-1.,0.));
#2447=DIRECTION('ref_axis',(-0.862363114312797,0.,0.506290291307995));
#2448=DIRECTION('center_axis',(0.,-1.,0.));
#2449=DIRECTION('ref_axis',(-0.971169744350781,0.,-0.238389025875016));
#2450=DIRECTION('center_axis',(0.,-1.,0.));
#2451=DIRECTION('ref_axis',(-0.862363114312797,0.,0.506290291307995));
#2452=DIRECTION('',(0.,-1.,0.));
#2453=DIRECTION('',(0.,1.,0.));
#2454=DIRECTION('center_axis',(0.57596336669586,2.55779116418546E-15,0.817475504357391));
#2455=DIRECTION('ref_axis',(-0.817475504357391,0.,0.57596336669586));
#2456=DIRECTION('center_axis',(0.,1.,0.));
#2457=DIRECTION('ref_axis',(-0.292371704722737,0.,-0.956304755963035));
#2458=DIRECTION('center_axis',(0.0203687706083411,-3.69793176237471E-15,
-0.999792535071104));
#2459=DIRECTION('ref_axis',(0.999792535071104,0.,0.0203687706083411));
#2460=DIRECTION('center_axis',(0.,-1.,0.));
#2461=DIRECTION('ref_axis',(-0.292371704722737,0.,-0.956304755963035));
#2462=DIRECTION('center_axis',(0.,1.,0.));
#2463=DIRECTION('ref_axis',(-0.292371704722737,0.,-0.956304755963035));
#2464=DIRECTION('center_axis',(1.94343485611625E-15,1.,3.1037326892094E-14));
#2465=DIRECTION('ref_axis',(0.998045360946455,0.,-0.0624936596244872));
#2466=DIRECTION('center_axis',(0.,-1.,0.));
#2467=DIRECTION('ref_axis',(0.671830755860856,0.,-0.740704688441643));
#2468=DIRECTION('center_axis',(0.,1.,0.));
#2469=DIRECTION('ref_axis',(0.998045360946455,0.,-0.0624936596244836));
#2470=DIRECTION('',(0.,1.,0.));
#2471=DIRECTION('',(0.,-1.,0.));
#2472=DIRECTION('center_axis',(-0.0900611550291319,-1.81147081120751E-15,
-0.995936237092927));
#2473=DIRECTION('ref_axis',(0.995936237092927,0.,-0.0900611550291319));
#2474=DIRECTION('center_axis',(0.,1.,0.));
#2475=DIRECTION('ref_axis',(0.,0.,1.));
#2476=DIRECTION('center_axis',(-0.482256394744874,0.,-0.876030119189789));
#2477=DIRECTION('ref_axis',(0.876030119189789,0.,-0.482256394744874));
#2478=DIRECTION('center_axis',(0.,-1.,0.));
#2479=DIRECTION('ref_axis',(-0.956304755963035,0.,0.292371704722737));
#2480=DIRECTION('center_axis',(0.,1.,0.));
#2481=DIRECTION('ref_axis',(-0.956304755963035,0.,0.292371704722737));
#2482=DIRECTION('center_axis',(0.,-1.,0.));
#2483=DIRECTION('ref_axis',(0.862363114312797,0.,-0.506290291307995));
#2484=DIRECTION('center_axis',(0.,-1.,0.));
#2485=DIRECTION('ref_axis',(0.97116974435078,0.,0.238389025875021));
#2486=DIRECTION('center_axis',(0.,-1.,0.));
#2487=DIRECTION('ref_axis',(0.862363114312797,0.,-0.506290291307995));
#2488=DIRECTION('',(0.,-1.,0.));
#2489=DIRECTION('',(0.,1.,0.));
#2490=DIRECTION('center_axis',(-0.57596336669586,0.,-0.817475504357391));
#2491=DIRECTION('ref_axis',(0.817475504357391,0.,-0.57596336669586));
#2492=DIRECTION('center_axis',(0.,1.,0.));
#2493=DIRECTION('ref_axis',(0.,0.,1.));
#2494=DIRECTION('center_axis',(-0.998472628629549,-8.63174147149233E-16,
-0.0552486187845313));
#2495=DIRECTION('ref_axis',(0.0552486187845313,0.,-0.998472628629549));
#2496=DIRECTION('center_axis',(0.,-1.,0.));
#2497=DIRECTION('ref_axis',(-0.484809620246337,0.,0.874619707139396));
#2498=DIRECTION('center_axis',(0.,1.,0.));
#2499=DIRECTION('ref_axis',(-0.484809620246337,0.,0.874619707139396));
#2500=DIRECTION('center_axis',(0.,-1.,-4.44258749674764E-15));
#2501=DIRECTION('ref_axis',(0.0276243093922688,4.44089209850062E-15,-0.999618375946841));
#2502=DIRECTION('center_axis',(0.,-1.,0.));
#2503=DIRECTION('ref_axis',(0.716806915909813,0.,-0.697271715548439));
#2504=DIRECTION('center_axis',(0.,-1.,0.));
#2505=DIRECTION('ref_axis',(0.0276243093922652,0.,-0.999618375946841));
#2506=DIRECTION('',(0.,-1.,0.));
#2507=DIRECTION('',(0.,1.,0.));
#2508=DIRECTION('center_axis',(0.998472628629549,2.77131825440632E-16,0.0552486187845291));
#2509=DIRECTION('ref_axis',(0.0552486187845291,0.,-0.998472628629549));
#2510=DIRECTION('center_axis',(0.,-1.,0.));
#2511=DIRECTION('ref_axis',(0.,0.,-1.));
#2512=DIRECTION('center_axis',(0.57596336669586,1.07252934383309E-15,0.817475504357391));
#2513=DIRECTION('ref_axis',(0.817475504357391,0.,-0.57596336669586));
#2514=DIRECTION('center_axis',(0.,1.,0.));
#2515=DIRECTION('ref_axis',(-0.484809620246337,0.,0.874619707139396));
#2516=DIRECTION('center_axis',(0.,-1.,0.));
#2517=DIRECTION('ref_axis',(-0.484809620246337,0.,0.874619707139396));
#2518=DIRECTION('center_axis',(0.,-1.,0.));
#2519=DIRECTION('ref_axis',(0.862363114312797,0.,-0.506290291307995));
#2520=DIRECTION('center_axis',(0.,-1.,0.));
#2521=DIRECTION('ref_axis',(0.97116974435078,0.,0.238389025875021));
#2522=DIRECTION('center_axis',(0.,-1.,0.));
#2523=DIRECTION('ref_axis',(0.862363114312797,0.,-0.506290291307995));
#2524=DIRECTION('',(0.,-1.,0.));
#2525=DIRECTION('',(0.,1.,0.));
#2526=DIRECTION('center_axis',(-0.575963366695861,1.48526182035238E-15,
-0.81747550435739));
#2527=DIRECTION('ref_axis',(0.81747550435739,0.,-0.575963366695861));
#2528=DIRECTION('center_axis',(0.,1.,0.));
#2529=DIRECTION('ref_axis',(0.,0.,1.));
#2530=DIRECTION('center_axis',(-0.0203687706083399,4.5840919797257E-16,
0.999792535071104));
#2531=DIRECTION('ref_axis',(-0.999792535071104,0.,-0.0203687706083399));
#2532=DIRECTION('center_axis',(0.,-1.,0.));
#2533=DIRECTION('ref_axis',(0.292371704722736,0.,0.956304755963036));
#2534=DIRECTION('center_axis',(0.,1.,0.));
#2535=DIRECTION('ref_axis',(0.292371704722736,0.,0.956304755963036));
#2536=DIRECTION('center_axis',(0.999390827019096,0.,-0.0348994967025019));
#2537=DIRECTION('ref_axis',(-0.0246776707783389,-0.707106781186549,-0.706676030840833));
#2538=DIRECTION('',(-0.999390827019096,0.,0.0348994967025019));
#2539=DIRECTION('',(0.999390827019096,0.,-0.0348994967025019));
#2540=DIRECTION('center_axis',(0.,-1.,0.));
#2541=DIRECTION('ref_axis',(1.,0.,0.));
#2542=DIRECTION('',(0.848048096156428,0.,-0.529919264233202));
#2543=DIRECTION('center_axis',(0.,1.,0.));
#2544=DIRECTION('ref_axis',(-0.956304755963036,0.,0.292371704722737));
#2545=DIRECTION('center_axis',(-0.848048096156428,0.,0.529919264233202));
#2546=DIRECTION('ref_axis',(0.37470950522068,-0.707106781186551,0.59966055956455));
#2547=DIRECTION('',(-0.848048096156428,0.,0.529919264233202));
#2548=DIRECTION('center_axis',(0.529919264233202,0.,0.848048096156428));
#2549=DIRECTION('ref_axis',(-0.848048096156428,0.,0.529919264233202));
#2550=DIRECTION('',(0.848048096156428,0.,-0.529919264233202));
#2551=DIRECTION('',(0.,1.,0.));
#2552=DIRECTION('center_axis',(-0.848048096156428,0.,0.529919264233202));
#2553=DIRECTION('ref_axis',(-0.374709505220682,0.707106781186549,-0.59966055956455));
#2554=DIRECTION('',(-0.848048096156428,0.,0.529919264233202));
#2555=DIRECTION('center_axis',(0.,-1.,0.));
#2556=DIRECTION('ref_axis',(1.,0.,0.));
#2557=DIRECTION('',(1.63759703135832E-17,0.,-1.));
#2558=DIRECTION('center_axis',(0.,1.,0.));
#2559=DIRECTION('ref_axis',(-0.484809620246338,0.,0.874619707139396));
#2560=DIRECTION('center_axis',(-1.63759703135832E-17,0.,1.));
#2561=DIRECTION('ref_axis',(0.707106781186546,-0.707106781186549,0.));
#2562=DIRECTION('',(-1.63759703135832E-17,0.,1.));
#2563=DIRECTION('center_axis',(1.,0.,1.63759703135832E-17));
#2564=DIRECTION('ref_axis',(-1.63759703135832E-17,0.,1.));
#2565=DIRECTION('',(1.63759703135832E-17,0.,-1.));
#2566=DIRECTION('',(0.,1.,0.));
#2567=DIRECTION('center_axis',(-1.63759703135832E-17,0.,1.));
#2568=DIRECTION('ref_axis',(0.707106781186547,0.707106781186548,0.));
#2569=DIRECTION('',(-1.63759703135832E-17,0.,1.));
#2570=DIRECTION('center_axis',(0.,-1.,0.));
#2571=DIRECTION('ref_axis',(1.,0.,0.));
#2572=DIRECTION('',(0.848048096156428,0.,-0.529919264233202));
#2573=DIRECTION('center_axis',(0.,-1.,0.));
#2574=DIRECTION('ref_axis',(-0.484809620246338,0.,0.874619707139396));
#2575=DIRECTION('center_axis',(0.848048096156428,0.,-0.529919264233202));
#2576=DIRECTION('ref_axis',(-0.374709505220683,-0.707106781186547,-0.599660559564551));
#2577=DIRECTION('',(-0.848048096156428,0.,0.529919264233202));
#2578=DIRECTION('center_axis',(0.529919264233202,0.,0.848048096156428));
#2579=DIRECTION('ref_axis',(-0.848048096156428,0.,0.529919264233202));
#2580=DIRECTION('',(0.848048096156428,0.,-0.529919264233202));
#2581=DIRECTION('',(0.,1.,0.));
#2582=DIRECTION('center_axis',(0.848048096156428,0.,-0.529919264233202));
#2583=DIRECTION('ref_axis',(-0.374709505220683,0.707106781186547,-0.599660559564551));
#2584=DIRECTION('',(-0.848048096156428,0.,0.529919264233202));
#2585=DIRECTION('center_axis',(0.,1.,0.));
#2586=DIRECTION('ref_axis',(1.,0.,0.));
#2587=DIRECTION('',(-0.999390827019096,0.,0.0348994967025007));
#2588=DIRECTION('center_axis',(0.,1.,0.));
#2589=DIRECTION('ref_axis',(0.292371704722737,0.,0.956304755963036));
#2590=DIRECTION('center_axis',(0.999390827019096,0.,-0.0348994967025007));
#2591=DIRECTION('ref_axis',(-0.0246776707783358,0.707106781186548,-0.706676030840834));
#2592=DIRECTION('',(0.999390827019096,0.,-0.0348994967025007));
#2593=DIRECTION('center_axis',(0.0348994967025007,0.,0.999390827019096));
#2594=DIRECTION('ref_axis',(-0.999390827019096,0.,0.0348994967025007));
#2595=DIRECTION('',(-0.999390827019096,0.,0.0348994967025007));
#2596=DIRECTION('',(0.,-1.,0.));
#2597=DIRECTION('center_axis',(0.,-1.,0.));
#2598=DIRECTION('ref_axis',(1.,0.,0.));
#2599=DIRECTION('',(0.,1.,0.));
#2600=DIRECTION('center_axis',(0.,-1.,0.));
#2601=DIRECTION('ref_axis',(1.,0.,0.));
#2602=DIRECTION('center_axis',(0.,-1.,0.));
#2603=DIRECTION('ref_axis',(0.236934533955709,0.,-0.971525618097223));
#2604=DIRECTION('center_axis',(0.,-1.,0.));
#2605=DIRECTION('ref_axis',(-0.529919264233203,0.,-0.848048096156427));
#2606=DIRECTION('',(0.,-1.,0.));
#2607=DIRECTION('center_axis',(0.,1.,0.));
#2608=DIRECTION('ref_axis',(0.860843015804007,0.,-0.508870614342645));
#2609=DIRECTION('',(0.,1.,0.));
#2610=DIRECTION('center_axis',(-0.487500139962334,1.93872231292936E-15,
-0.87312290860835));
#2611=DIRECTION('ref_axis',(0.87312290860835,0.,-0.487500139962334));
#2612=DIRECTION('center_axis',(0.,-1.,0.));
#2613=DIRECTION('ref_axis',(0.,0.,-1.));
#2614=DIRECTION('center_axis',(-0.0840882016969085,-2.76572741209846E-15,
-0.996458315402797));
#2615=DIRECTION('ref_axis',(0.996458315402797,0.,-0.0840882016969085));
#2616=DIRECTION('center_axis',(0.,1.,0.));
#2617=DIRECTION('ref_axis',(0.956304755963035,0.,-0.292371704722737));
#2618=DIRECTION('center_axis',(0.,-1.,0.));
#2619=DIRECTION('ref_axis',(0.956304755963036,0.,-0.292371704722737));
#2620=DIRECTION('center_axis',(0.,-1.,0.));
#2621=DIRECTION('ref_axis',(0.998228040498322,0.,-0.0595044465807371));
#2622=DIRECTION('center_axis',(0.,-1.,0.));
#2623=DIRECTION('ref_axis',(0.739697862065098,0.,0.672939130127178));
#2624=DIRECTION('center_axis',(0.,-1.,0.));
#2625=DIRECTION('ref_axis',(0.998228040498322,0.,-0.0595044465807371));
#2626=DIRECTION('',(0.,1.,0.));
#2627=DIRECTION('center_axis',(0.0143739487483224,-1.31825363817873E-15,
-0.999896689462157));
#2628=DIRECTION('ref_axis',(0.999896689462157,0.,0.0143739487483224));
#2629=DIRECTION('center_axis',(0.,-1.,0.));
#2630=DIRECTION('ref_axis',(0.292371704722736,0.,0.956304755963036));
#2631=DIRECTION('center_axis',(0.571051676529472,-4.7552031275966E-15,0.820914114102614));
#2632=DIRECTION('ref_axis',(-0.820914114102614,0.,0.571051676529472));
#2633=DIRECTION('center_axis',(0.,-1.,0.));
#2634=DIRECTION('ref_axis',(0.292371704722737,0.,0.956304755963036));
#2635=DIRECTION('center_axis',(0.,1.,0.));
#2636=DIRECTION('ref_axis',(-0.860843015804004,0.,0.508870614342652));
#2637=DIRECTION('center_axis',(0.,-1.,0.));
#2638=DIRECTION('ref_axis',(-0.236934533955706,0.,0.971525618097224));
#2639=DIRECTION('center_axis',(0.,1.,0.));
#2640=DIRECTION('ref_axis',(-0.860843015804008,0.,0.508870614342645));
#2641=DIRECTION('',(0.,-1.,0.));
#2642=DIRECTION('center_axis',(-0.57105167652948,-2.5359788781353E-15,-0.820914114102608));
#2643=DIRECTION('ref_axis',(-0.820914114102608,0.,0.57105167652948));
#2644=DIRECTION('center_axis',(0.,-1.,0.));
#2645=DIRECTION('ref_axis',(0.,0.,-1.));
#2646=DIRECTION('center_axis',(-0.998785935838297,-2.21775028527892E-15,
-0.0492610837438435));
#2647=DIRECTION('ref_axis',(-0.0492610837438435,0.,0.998785935838297));
#2648=DIRECTION('center_axis',(0.,1.,0.));
#2649=DIRECTION('ref_axis',(-0.484809620246337,0.,0.874619707139396));
#2650=DIRECTION('center_axis',(0.,1.,0.));
#2651=DIRECTION('ref_axis',(-0.0246305418719189,0.,0.999696622184498));
#2652=DIRECTION('center_axis',(0.,-1.,0.));
#2653=DIRECTION('ref_axis',(0.698344276889297,0.,0.715762021160641));
#2654=DIRECTION('center_axis',(0.,1.,0.));
#2655=DIRECTION('ref_axis',(-0.024630541871921,0.,0.999696622184498));
#2656=DIRECTION('',(0.,-1.,0.));
#2657=DIRECTION('center_axis',(0.998785935838297,2.77218785659866E-16,0.0492610837438461));
#2658=DIRECTION('ref_axis',(-0.0492610837438461,0.,0.998785935838297));
#2659=DIRECTION('center_axis',(0.,-1.,0.));
#2660=DIRECTION('ref_axis',(0.,0.,-1.));
#2661=DIRECTION('center_axis',(0.571051676529469,-2.21922424946139E-15,
0.820914114102616));
#2662=DIRECTION('ref_axis',(-0.820914114102616,0.,0.571051676529469));
#2663=DIRECTION('center_axis',(0.,-1.,0.));
#2664=DIRECTION('ref_axis',(-0.484809620246337,0.,0.874619707139396));
#2665=DIRECTION('center_axis',(0.,1.,0.));
#2666=DIRECTION('ref_axis',(-0.860843015804004,0.,0.508870614342652));
#2667=DIRECTION('center_axis',(0.,-1.,0.));
#2668=DIRECTION('ref_axis',(-0.236934533955706,0.,0.971525618097224));
#2669=DIRECTION('center_axis',(0.,1.,0.));
#2670=DIRECTION('ref_axis',(-0.860843015804008,0.,0.508870614342645));
#2671=DIRECTION('',(0.,-1.,0.));
#2672=DIRECTION('center_axis',(0.487500139962329,1.93872231292937E-15,0.873122908608353));
#2673=DIRECTION('ref_axis',(-0.873122908608353,0.,0.487500139962329));
#2674=DIRECTION('center_axis',(0.,-1.,0.));
#2675=DIRECTION('ref_axis',(0.,0.,-1.));
#2676=DIRECTION('center_axis',(0.0840882016969118,0.,0.996458315402797));
#2677=DIRECTION('ref_axis',(-0.996458315402797,0.,0.0840882016969118));
#2678=DIRECTION('center_axis',(0.,-1.,0.));
#2679=DIRECTION('ref_axis',(-0.956304755963036,0.,0.292371704722737));
#2680=DIRECTION('center_axis',(0.,-1.,0.));
#2681=DIRECTION('ref_axis',(-0.998228040498322,0.,0.0595044465807393));
#2682=DIRECTION('center_axis',(0.,-1.,0.));
#2683=DIRECTION('ref_axis',(-0.739697862065097,0.,-0.672939130127179));
#2684=DIRECTION('center_axis',(0.,-1.,0.));
#2685=DIRECTION('ref_axis',(-0.998228040498322,0.,0.0595044465807374));
#2686=DIRECTION('',(0.,-1.,0.));
#2687=DIRECTION('',(0.,1.,0.));
#2688=DIRECTION('center_axis',(-0.0143739487483239,3.96280881458121E-14,
0.999896689462157));
#2689=DIRECTION('ref_axis',(-0.999896689462157,0.,-0.0143739487483239));
#2690=DIRECTION('center_axis',(0.,-1.,0.));
#2691=DIRECTION('ref_axis',(0.,0.,-1.));
#2692=DIRECTION('center_axis',(-0.571051676529472,0.,-0.820914114102614));
#2693=DIRECTION('ref_axis',(0.820914114102614,0.,-0.571051676529472));
#2694=DIRECTION('center_axis',(0.,1.,0.));
#2695=DIRECTION('ref_axis',(-0.292371704722737,0.,-0.956304755963035));
#2696=DIRECTION('center_axis',(0.,-1.,0.));
#2697=DIRECTION('ref_axis',(-0.292371704722737,0.,-0.956304755963036));
#2698=DIRECTION('center_axis',(0.,1.,0.));
#2699=DIRECTION('ref_axis',(0.860843015804009,0.,-0.508870614342643));
#2700=DIRECTION('center_axis',(0.,-1.,0.));
#2701=DIRECTION('ref_axis',(0.236934533955709,0.,-0.971525618097223));
#2702=DIRECTION('center_axis',(0.,1.,0.));
#2703=DIRECTION('ref_axis',(0.860843015804007,0.,-0.508870614342645));
#2704=DIRECTION('',(0.,1.,0.));
#2705=DIRECTION('',(0.,-1.,0.));
#2706=DIRECTION('center_axis',(0.571051676529473,-2.53597887813527E-15,
0.820914114102613));
#2707=DIRECTION('ref_axis',(0.820914114102613,0.,-0.571051676529473));
#2708=DIRECTION('center_axis',(0.,-1.,0.));
#2709=DIRECTION('ref_axis',(0.,0.,-1.));
#2710=DIRECTION('center_axis',(0.998785935838297,-4.37526315123208E-16,
0.0492610837438417));
#2711=DIRECTION('ref_axis',(0.0492610837438417,0.,-0.998785935838297));
#2712=DIRECTION('center_axis',(0.,-1.,0.));
#2713=DIRECTION('ref_axis',(0.484809620246337,0.,-0.874619707139396));
#2714=DIRECTION('center_axis',(0.,1.,0.));
#2715=DIRECTION('ref_axis',(0.484809620246337,0.,-0.874619707139396));
#2716=DIRECTION('center_axis',(0.,1.,0.));
#2717=DIRECTION('ref_axis',(0.0246305418719243,0.,-0.999696622184498));
#2718=DIRECTION('center_axis',(0.,-1.,0.));
#2719=DIRECTION('ref_axis',(-0.698344276889299,0.,-0.715762021160639));
#2720=DIRECTION('center_axis',(0.,1.,0.));
#2721=DIRECTION('ref_axis',(0.0246305418719211,0.,-0.999696622184498));
#2722=DIRECTION('',(0.,1.,0.));
#2723=DIRECTION('',(0.,-1.,0.));
#2724=DIRECTION('center_axis',(-0.998785935838297,2.77218785659866E-16,
-0.0492610837438417));
#2725=DIRECTION('ref_axis',(0.0492610837438417,0.,-0.998785935838297));
#2726=DIRECTION('center_axis',(0.,-1.,0.));
#2727=DIRECTION('ref_axis',(0.,0.,-1.));
#2728=DIRECTION('center_axis',(-0.571051676529471,2.53597887813527E-15,
-0.820914114102614));
#2729=DIRECTION('ref_axis',(0.820914114102614,0.,-0.571051676529471));
#2730=DIRECTION('center_axis',(0.,1.,0.));
#2731=DIRECTION('ref_axis',(0.484809620246337,0.,-0.874619707139396));
#2732=DIRECTION('center_axis',(0.,-1.,0.));
#2733=DIRECTION('ref_axis',(0.484809620246337,0.,-0.874619707139396));
#2734=DIRECTION('center_axis',(-0.0348994967025019,0.,-0.999390827019096));
#2735=DIRECTION('ref_axis',(0.999390827019096,0.,-0.0348994967025019));
#2736=DIRECTION('',(-0.999390827019096,0.,0.0348994967025019));
#2737=DIRECTION('center_axis',(-0.999390827019096,0.,0.0348994967025019));
#2738=DIRECTION('ref_axis',(0.0246776707783389,0.707106781186548,0.706676030840834));
#2739=DIRECTION('',(0.999390827019096,0.,-0.0348994967025019));
#2740=DIRECTION('center_axis',(0.,1.,0.));
#2741=DIRECTION('ref_axis',(1.,0.,0.));
#2742=DIRECTION('',(0.848048096156426,0.,-0.529919264233205));
#2743=DIRECTION('center_axis',(-0.848048096156426,0.,0.529919264233205));
#2744=DIRECTION('ref_axis',(0.374709505220685,0.707106781186548,0.59966055956455));
#2745=DIRECTION('',(-0.848048096156426,0.,0.529919264233205));
#2746=DIRECTION('center_axis',(-0.529919264233205,0.,-0.848048096156426));
#2747=DIRECTION('ref_axis',(0.848048096156426,0.,-0.529919264233205));
#2748=DIRECTION('',(0.848048096156426,0.,-0.529919264233205));
#2749=DIRECTION('center_axis',(-0.848048096156426,0.,0.529919264233205));
#2750=DIRECTION('ref_axis',(0.374709505220686,-0.707106781186547,0.59966055956455));
#2751=DIRECTION('',(-0.848048096156426,0.,0.529919264233205));
#2752=DIRECTION('center_axis',(0.,-1.,0.));
#2753=DIRECTION('ref_axis',(1.,0.,0.));
#2754=DIRECTION('',(0.,0.,-1.));
#2755=DIRECTION('center_axis',(0.,0.,-1.));
#2756=DIRECTION('ref_axis',(-0.707106781186547,0.707106781186548,0.));
#2757=DIRECTION('',(0.,0.,1.));
#2758=DIRECTION('center_axis',(-1.,0.,0.));
#2759=DIRECTION('ref_axis',(0.,0.,-1.));
#2760=DIRECTION('',(0.,0.,-1.));
#2761=DIRECTION('center_axis',(0.,0.,-1.));
#2762=DIRECTION('ref_axis',(-0.707106781186546,-0.707106781186549,0.));
#2763=DIRECTION('',(0.,0.,1.));
#2764=DIRECTION('center_axis',(0.,-1.,0.));
#2765=DIRECTION('ref_axis',(1.,0.,0.));
#2766=DIRECTION('',(0.848048096156426,0.,-0.529919264233205));
#2767=DIRECTION('center_axis',(0.848048096156426,0.,-0.529919264233205));
#2768=DIRECTION('ref_axis',(0.374709505220686,0.707106781186549,0.599660559564548));
#2769=DIRECTION('',(-0.848048096156426,0.,0.529919264233205));
#2770=DIRECTION('center_axis',(-0.529919264233205,0.,-0.848048096156426));
#2771=DIRECTION('ref_axis',(0.848048096156426,0.,-0.529919264233205));
#2772=DIRECTION('',(0.848048096156426,0.,-0.529919264233205));
#2773=DIRECTION('center_axis',(0.,-1.,0.));
#2774=DIRECTION('ref_axis',(1.,0.,0.));
#2775=DIRECTION('',(0.,1.,0.));
#2776=DIRECTION('center_axis',(0.,1.,0.));
#2777=DIRECTION('ref_axis',(1.,0.,0.));
#2778=DIRECTION('center_axis',(0.848048096156426,0.,-0.529919264233205));
#2779=DIRECTION('ref_axis',(-0.374709505220683,-0.70710678118655,-0.599660559564549));
#2780=DIRECTION('',(-0.848048096156426,0.,0.529919264233205));
#2781=DIRECTION('center_axis',(0.,-1.,0.));
#2782=DIRECTION('ref_axis',(1.,0.,0.));
#2783=DIRECTION('',(0.999390827019096,0.,-0.0348994967025007));
#2784=DIRECTION('center_axis',(-0.999390827019096,0.,0.0348994967025007));
#2785=DIRECTION('ref_axis',(0.0246776707783357,-0.707106781186549,0.706676030840833));
#2786=DIRECTION('center_axis',(0.,1.,0.));
#2787=DIRECTION('ref_axis',(-1.,0.,0.));
#2788=DIRECTION('',(-0.0305385132098227,-0.999533590836713,-3.73988924531285E-18));
#2789=DIRECTION('center_axis',(0.,-1.,0.));
#2790=DIRECTION('ref_axis',(-1.,0.,0.));
#2791=DIRECTION('center_axis',(0.,1.,0.));
#2792=DIRECTION('ref_axis',(1.,0.,0.));
#2793=DIRECTION('center_axis',(0.,1.,0.));
#2794=DIRECTION('ref_axis',(1.,0.,0.));
#2795=DIRECTION('center_axis',(0.,-1.,0.));
#2796=DIRECTION('ref_axis',(1.,0.,0.));
#2797=DIRECTION('center_axis',(0.,1.,0.));
#2798=DIRECTION('ref_axis',(1.,0.,0.));
#2799=DIRECTION('',(0.,-1.,0.));
#2800=CARTESIAN_POINT('',(0.,0.,0.));
#2801=CARTESIAN_POINT('Origin',(0.,50.75,0.));
#2802=CARTESIAN_POINT('',(12.,50.,-1.46957615897682E-15));
#2803=CARTESIAN_POINT('',(-12.,50.,1.46957615897682E-15));
#2804=CARTESIAN_POINT('Origin',(0.,50.,0.));
#2805=CARTESIAN_POINT('',(13.5,51.5,1.65327317884893E-15));
#2806=CARTESIAN_POINT('',(12.75,50.75,1.56142466891288E-15));
#2807=CARTESIAN_POINT('Origin',(0.,51.5,0.));
#2808=CARTESIAN_POINT('Origin',(0.,50.,0.));
#2809=CARTESIAN_POINT('Origin',(0.,75.,0.));
#2810=CARTESIAN_POINT('',(13.5,55.,1.65327317884893E-15));
#2811=CARTESIAN_POINT('',(13.5,75.,1.65327317884893E-15));
#2812=CARTESIAN_POINT('Origin',(0.,55.,0.));
#2813=CARTESIAN_POINT('Origin',(10.7515082914208,65.6,-7.30787721978892));
#2814=CARTESIAN_POINT('',(11.1650278410908,65.6,-7.58894942055003));
#2815=CARTESIAN_POINT('',(10.7515082914208,65.1,-7.30787721978892));
#2816=CARTESIAN_POINT('Origin',(10.7515082914208,65.6,-7.30787721978892));
#2817=CARTESIAN_POINT('',(11.0164679235374,65.6,-6.88385317171071));
#2818=CARTESIAN_POINT('Origin',(10.7515082914208,65.6,-7.30787721978892));
#2819=CARTESIAN_POINT('Origin',(10.7515082914208,65.6,-7.30787721978892));
#2820=CARTESIAN_POINT('Origin',(10.7515082914208,75.,-7.30787721978892));
#2821=CARTESIAN_POINT('',(11.1650278410908,75.,-7.58894942055003));
#2822=CARTESIAN_POINT('',(11.0164679235374,75.,-6.88385317171071));
#2823=CARTESIAN_POINT('Origin',(10.7515082914208,75.,-7.30787721978892));
#2824=CARTESIAN_POINT('',(11.0164679235374,75.,-6.8838531717107));
#2825=CARTESIAN_POINT('',(11.1650278410908,75.,-7.58894942055003));
#2826=CARTESIAN_POINT('Origin',(9.11290217003373,65.6,-6.28396247468312));
#2827=CARTESIAN_POINT('',(10.1765771538771,65.6,-6.35903117079845));
#2828=CARTESIAN_POINT('',(9.90277984996421,65.1,-6.77753282862893));
#2829=CARTESIAN_POINT('Ctrl Pts',(9.90277984996421,65.1,-6.77753282862893));
#2830=CARTESIAN_POINT('Ctrl Pts',(9.93825117906342,65.1,-6.725705006922));
#2831=CARTESIAN_POINT('Ctrl Pts',(9.97563916121676,65.1125355399978,-6.670113966175));
#2832=CARTESIAN_POINT('Ctrl Pts',(10.0436131121699,65.1635547598311,-6.56731548272115));
#2833=CARTESIAN_POINT('Ctrl Pts',(10.0742224274736,65.2020391520123,-6.52012383301163));
#2834=CARTESIAN_POINT('Ctrl Pts',(10.1221979673358,65.2908384243517,-6.44539209333589));
#2835=CARTESIAN_POINT('Ctrl Pts',(10.1427679662691,65.3470618596485,-6.41287056921522));
#2836=CARTESIAN_POINT('Ctrl Pts',(10.1699456141749,65.4702517494204,-6.36968265769707));
#2837=CARTESIAN_POINT('Ctrl Pts',(10.1765771538771,65.5372181554287,-6.35903117079846));
#2838=CARTESIAN_POINT('Ctrl Pts',(10.1765771538771,65.6,-6.35903117079846));
#2839=CARTESIAN_POINT('',(9.11290217003373,65.1,-6.28396247468312));
#2840=CARTESIAN_POINT('',(9.37786180215033,65.6,-5.85993842660491));
#2841=CARTESIAN_POINT('Origin',(0.500000000000002,65.6,-12.9903810567666));
#2842=CARTESIAN_POINT('',(1.73472347597681E-15,65.6,-12.9903810567666));
#2843=CARTESIAN_POINT('',(0.500000000000002,65.1,-12.9903810567666));
#2844=CARTESIAN_POINT('Origin',(0.500000000000002,65.6,-12.9903810567666));
#2845=CARTESIAN_POINT('',(0.519230769230771,65.6,-13.4900110974115));
#2846=CARTESIAN_POINT('Origin',(0.500000000000002,65.6,-12.9903810567666));
#2847=CARTESIAN_POINT('Origin',(0.500000000000002,65.6,-12.9903810567666));
#2848=CARTESIAN_POINT('Origin',(0.500000000000002,75.,-12.9903810567666));
#2849=CARTESIAN_POINT('',(1.71417325995959E-15,75.,-12.9903810567666));
#2850=CARTESIAN_POINT('',(0.519230769230772,75.,-13.4900110974115));
#2851=CARTESIAN_POINT('Origin',(0.500000000000002,75.,-12.9903810567666));
#2852=CARTESIAN_POINT('',(0.519230769230772,75.,-13.4900110974115));
#2853=CARTESIAN_POINT('',(1.73472347597681E-15,75.,-12.9903810567666));
#2854=CARTESIAN_POINT('Origin',(0.,65.6,0.));
#2855=CARTESIAN_POINT('Origin',(0.,65.6,0.));
#2856=CARTESIAN_POINT('Origin',(0.,65.1,0.));
#2857=CARTESIAN_POINT('Origin',(0.500000000000002,65.6,-11.7147577926996));
#2858=CARTESIAN_POINT('',(0.500000000000002,65.1,-11.9895788082818));
#2859=CARTESIAN_POINT('',(1.59872115546023E-15,65.6,-12.));
#2860=CARTESIAN_POINT('Ctrl Pts',(1.62919725684334E-15,65.6,-12.));
#2861=CARTESIAN_POINT('Ctrl Pts',(1.63355362242906E-15,65.5372181554287,
-12.));
#2862=CARTESIAN_POINT('Ctrl Pts',(0.0125471538253474,65.4702517494204,-12.0000205634812));
#2863=CARTESIAN_POINT('Ctrl Pts',(0.0635745391470898,65.3470618596485,-11.9998587172122));
#2864=CARTESIAN_POINT('Ctrl Pts',(0.102054794461767,65.2908384243517,-11.9996481509126));
#2865=CARTESIAN_POINT('Ctrl Pts',(0.190854066801192,65.2020391520122,-11.9985643741743));
#2866=CARTESIAN_POINT('Ctrl Pts',(0.247095321336258,65.1635547598311,-11.9976139668983));
#2867=CARTESIAN_POINT('Ctrl Pts',(0.370294085593176,65.1125355399978,-11.9944436839204));
#2868=CARTESIAN_POINT('Ctrl Pts',(0.437250573855878,65.1,-11.9921956402468));
#2869=CARTESIAN_POINT('Ctrl Pts',(0.500000000000001,65.1,-11.9895788082818));
#2870=CARTESIAN_POINT('',(1.59594559789866E-15,65.6,-11.7147577926996));
#2871=CARTESIAN_POINT('',(0.500000000000002,65.1,-11.7147577926996));
#2872=CARTESIAN_POINT('Origin',(0.,75.,0.));
#2873=CARTESIAN_POINT('Origin',(0.,75.,0.));
#2874=CARTESIAN_POINT('Origin',(0.,75.,0.));
#2875=CARTESIAN_POINT('',(1.59872115546023E-15,75.,-12.));
#2876=CARTESIAN_POINT('',(9.86710713135607E-16,75.,-6.75));
#2877=CARTESIAN_POINT('',(-10.1765771538771,75.,6.35903117079845));
#2878=CARTESIAN_POINT('Origin',(0.,75.,0.));
#2879=CARTESIAN_POINT('',(-11.0164679235374,75.,6.88385317171071));
#2880=CARTESIAN_POINT('',(-5.08828857693855,75.,3.17951558539923));
#2881=CARTESIAN_POINT('',(-11.1650278410908,75.,7.58894942055003));
#2882=CARTESIAN_POINT('Origin',(-10.7515082914208,75.,7.30787721978892));
#2883=CARTESIAN_POINT('',(-0.51923076923077,75.,13.4900110974115));
#2884=CARTESIAN_POINT('Origin',(0.,75.,0.));
#2885=CARTESIAN_POINT('',(-1.77602260165567E-15,75.,12.9903810567666));
#2886=CARTESIAN_POINT('Origin',(-0.500000000000001,75.,12.9903810567666));
#2887=CARTESIAN_POINT('',(-1.59872115546023E-15,75.,12.));
#2888=CARTESIAN_POINT('',(-6.5884797617599E-16,75.,6.75));
#2889=CARTESIAN_POINT('',(12.,75.,1.46957615897682E-15));
#2890=CARTESIAN_POINT('Origin',(0.,75.,0.));
#2891=CARTESIAN_POINT('',(10.1765771538771,75.,-6.35903117079845));
#2892=CARTESIAN_POINT('Origin',(0.,75.,0.));
#2893=CARTESIAN_POINT('',(5.08828857693855,75.,-3.17951558539923));
#2894=CARTESIAN_POINT('',(11.2,75.,-1.37160441504504E-15));
#2895=CARTESIAN_POINT('Origin',(0.,75.,0.));
#2896=CARTESIAN_POINT('Origin',(1.77358128183869E-15,75.,-13.5));
#2897=CARTESIAN_POINT('',(1.59872115546023E-15,75.,-12.));
#2898=CARTESIAN_POINT('Origin',(-0.500000000000001,65.6,12.9903810567666));
#2899=CARTESIAN_POINT('',(-1.80411241501588E-15,65.6,12.9903810567666));
#2900=CARTESIAN_POINT('',(-0.500000000000002,65.1,12.9903810567666));
#2901=CARTESIAN_POINT('Origin',(-0.500000000000002,65.6,12.9903810567666));
#2902=CARTESIAN_POINT('',(-0.519230769230771,65.6,13.4900110974115));
#2903=CARTESIAN_POINT('Origin',(-0.500000000000001,65.6,12.9903810567666));
#2904=CARTESIAN_POINT('Origin',(-0.500000000000003,65.6,12.9903810567666));
#2905=CARTESIAN_POINT('Origin',(-0.500000000000001,75.,12.9903810567666));
#2906=CARTESIAN_POINT('',(-0.51923076923077,75.,13.4900110974115));
#2907=CARTESIAN_POINT('',(-1.80411241501588E-15,75.,12.9903810567666));
#2908=CARTESIAN_POINT('Origin',(-10.7515082914208,65.6,7.30787721978892));
#2909=CARTESIAN_POINT('',(-11.1650278410908,65.6,7.58894942055003));
#2910=CARTESIAN_POINT('',(-10.7515082914208,65.1,7.30787721978892));
#2911=CARTESIAN_POINT('Origin',(-10.7515082914208,65.6,7.30787721978892));
#2912=CARTESIAN_POINT('',(-11.0164679235374,65.6,6.88385317171071));
#2913=CARTESIAN_POINT('Origin',(-10.7515082914208,65.6,7.30787721978892));
#2914=CARTESIAN_POINT('Origin',(-10.7515082914208,65.6,7.30787721978892));
#2915=CARTESIAN_POINT('Origin',(-10.7515082914208,75.,7.30787721978892));
#2916=CARTESIAN_POINT('',(-11.0164679235374,75.,6.8838531717107));
#2917=CARTESIAN_POINT('',(-11.1650278410908,75.,7.58894942055003));
#2918=CARTESIAN_POINT('Origin',(-9.11290217003373,65.6,6.28396247468312));
#2919=CARTESIAN_POINT('',(-10.1765771538771,65.6,6.35903117079845));
#2920=CARTESIAN_POINT('',(-9.90277984996421,65.1,6.77753282862893));
#2921=CARTESIAN_POINT('Ctrl Pts',(-9.90277984996421,65.1,6.77753282862893));
#2922=CARTESIAN_POINT('Ctrl Pts',(-9.93825117906342,65.1,6.725705006922));
#2923=CARTESIAN_POINT('Ctrl Pts',(-9.97563916121676,65.1125355399978,6.670113966175));
#2924=CARTESIAN_POINT('Ctrl Pts',(-10.0436131121699,65.1635547598311,6.56731548272115));
#2925=CARTESIAN_POINT('Ctrl Pts',(-10.0742224274736,65.2020391520122,6.52012383301163));
#2926=CARTESIAN_POINT('Ctrl Pts',(-10.1221979673358,65.2908384243517,6.44539209333589));
#2927=CARTESIAN_POINT('Ctrl Pts',(-10.1427679662691,65.3470618596485,6.41287056921522));
#2928=CARTESIAN_POINT('Ctrl Pts',(-10.1699456141749,65.4702517494204,6.36968265769707));
#2929=CARTESIAN_POINT('Ctrl Pts',(-10.1765771538771,65.5372181554287,6.35903117079846));
#2930=CARTESIAN_POINT('Ctrl Pts',(-10.1765771538771,65.6,6.35903117079846));
#2931=CARTESIAN_POINT('',(-9.11290217003373,65.1,6.28396247468312));
#2932=CARTESIAN_POINT('',(-9.37786180215033,65.6,5.85993842660491));
#2933=CARTESIAN_POINT('Origin',(0.,65.6,0.));
#2934=CARTESIAN_POINT('Origin',(0.,65.6,0.));
#2935=CARTESIAN_POINT('Origin',(0.,65.1,0.));
#2936=CARTESIAN_POINT('Origin',(-0.500000000000002,65.6,11.7147577926996));
#2937=CARTESIAN_POINT('',(-0.500000000000002,65.1,11.9895788082818));
#2938=CARTESIAN_POINT('',(-1.59872115546023E-15,65.6,12.));
#2939=CARTESIAN_POINT('Ctrl Pts',(-1.6470106455637E-15,65.6,12.));
#2940=CARTESIAN_POINT('Ctrl Pts',(-1.65136701114942E-15,65.5372181554287,
12.));
#2941=CARTESIAN_POINT('Ctrl Pts',(-0.0125471538253475,65.4702517494204,
12.0000205634812));
#2942=CARTESIAN_POINT('Ctrl Pts',(-0.0635745391470898,65.3470618596485,
11.9998587172122));
#2943=CARTESIAN_POINT('Ctrl Pts',(-0.102054794461767,65.2908384243517,11.9996481509126));
#2944=CARTESIAN_POINT('Ctrl Pts',(-0.190854066801192,65.2020391520122,11.9985643741743));
#2945=CARTESIAN_POINT('Ctrl Pts',(-0.247095321336258,65.1635547598311,11.9976139668983));
#2946=CARTESIAN_POINT('Ctrl Pts',(-0.370294085593176,65.1125355399978,11.9944436839204));
#2947=CARTESIAN_POINT('Ctrl Pts',(-0.437250573855879,65.1,11.9921956402468));
#2948=CARTESIAN_POINT('Ctrl Pts',(-0.500000000000001,65.1,11.9895788082818));
#2949=CARTESIAN_POINT('',(-1.52655665885959E-15,65.6,11.7147577926996));
#2950=CARTESIAN_POINT('',(-0.500000000000002,65.1,11.7147577926996));
#2951=CARTESIAN_POINT('Origin',(0.,75.,0.));
#2952=CARTESIAN_POINT('Origin',(-1.86725634954144E-15,75.,13.5));
#2953=CARTESIAN_POINT('',(-1.59872115546023E-15,75.,12.));
#2954=CARTESIAN_POINT('Origin',(10.1765771538771,75.,-6.35903117079845));
#2955=CARTESIAN_POINT('',(10.1765771538771,75.,-6.35903117079845));
#2956=CARTESIAN_POINT('Origin',(-10.1765771538771,75.,6.35903117079845));
#2957=CARTESIAN_POINT('',(-10.1765771538771,75.,6.35903117079845));
#2958=CARTESIAN_POINT('Origin',(0.,65.1,0.));
#2959=CARTESIAN_POINT('Origin',(0.,65.1,0.));
#2960=CARTESIAN_POINT('',(12.,55.,1.46957615897682E-15));
#2961=CARTESIAN_POINT('',(12.,65.1,1.46957615897682E-15));
#2962=CARTESIAN_POINT('Origin',(0.,55.,0.));
#2963=CARTESIAN_POINT('Origin',(0.,65.1,0.));
#2964=CARTESIAN_POINT('Origin',(-5.72432464905588,65.1,9.92951558539923));
#2965=CARTESIAN_POINT('Origin',(-5.72432464905588,55.,9.92951558539923));
#2966=CARTESIAN_POINT('Origin',(5.72432464905588,65.1,-9.92951558539923));
#2967=CARTESIAN_POINT('Origin',(9.03231051656542,0.,-0.565567619601577));
#2968=CARTESIAN_POINT('',(9.04103539074104,-6.,-0.315719912846803));
#2969=CARTESIAN_POINT('',(8.7827991763288,-6.,-0.549944204695456));
#2970=CARTESIAN_POINT('Origin',(9.03231051656542,-6.,-0.565567619601577));
#2971=CARTESIAN_POINT('',(8.7827991763288,-12.,-0.549944204695456));
#2972=CARTESIAN_POINT('',(8.7827991763288,0.,-0.549944204695456));
#2973=CARTESIAN_POINT('',(9.04103539074104,-12.,-0.315719912846803));
#2974=CARTESIAN_POINT('Origin',(9.03231051656542,-12.,-0.565567619601577));
#2975=CARTESIAN_POINT('',(9.04103539074104,0.,-0.315719912846803));
#2976=CARTESIAN_POINT('Ctrl Pts',(8.7827991763288,-12.,-0.549944204695456));
#2977=CARTESIAN_POINT('Ctrl Pts',(8.7827991763288,-12.0654793861712,-0.549944204695456));
#2978=CARTESIAN_POINT('Ctrl Pts',(8.77971631093882,-12.1958187078069,-0.602719482542536));
#2979=CARTESIAN_POINT('Ctrl Pts',(8.76997313089431,-12.25,-0.729126342981135));
#2980=CARTESIAN_POINT('Ctrl Pts',(8.76423888641776,-12.25,-0.792538164256337));
#2981=CARTESIAN_POINT('Ctrl Pts',(8.78681743662711,-12.,-0.485771197803346));
#2982=CARTESIAN_POINT('Ctrl Pts',(8.78681743662711,-12.082352195386,-0.485771197803346));
#2983=CARTESIAN_POINT('Ctrl Pts',(8.78338148046635,-12.2460998686678,-0.55253405907224));
#2984=CARTESIAN_POINT('Ctrl Pts',(8.77153403886911,-12.3148424755832,-0.712083396856083));
#2985=CARTESIAN_POINT('Ctrl Pts',(8.76423888641776,-12.3154498469498,-0.792538164256337));
#2986=CARTESIAN_POINT('Ctrl Pts',(8.84696466319408,-12.,-0.361220704284409));
#2987=CARTESIAN_POINT('Ctrl Pts',(8.84696466319408,-12.1158353217824,-0.361220704284409));
#2988=CARTESIAN_POINT('Ctrl Pts',(8.84260155338064,-12.3461455258438,-0.456256950163325));
#2989=CARTESIAN_POINT('Ctrl Pts',(8.82756963325917,-12.4439963258863,-0.682663691040131));
#2990=CARTESIAN_POINT('Ctrl Pts',(8.81825265168795,-12.4457658399619,-0.797422555351399));
#2991=CARTESIAN_POINT('Ctrl Pts',(8.97677587214623,-12.,-0.313475921010304));
#2992=CARTESIAN_POINT('Ctrl Pts',(8.97677587214623,-12.1306198646876,-0.313475921010304));
#2993=CARTESIAN_POINT('Ctrl Pts',(8.97182552847034,-12.3901627994744,-0.421189355712785));
#2994=CARTESIAN_POINT('Ctrl Pts',(8.95678487896346,-12.4990331476464,-0.678996738842878));
#2995=CARTESIAN_POINT('Ctrl Pts',(8.94803907140151,-12.5,-0.809158964200842));
#2996=CARTESIAN_POINT('Ctrl Pts',(9.04103539074104,-12.,-0.315719912846805));
#2997=CARTESIAN_POINT('Ctrl Pts',(9.04103539074104,-12.1309587723425,-0.315719912846805));
#2998=CARTESIAN_POINT('Ctrl Pts',(9.03596808092253,-12.3916374156138,-0.424313538398364));
#2999=CARTESIAN_POINT('Ctrl Pts',(9.02140180211651,-12.5,-0.684500612060328));
#3000=CARTESIAN_POINT('Ctrl Pts',(9.01322294569099,-12.5,-0.81505345301362));
#3001=CARTESIAN_POINT('',(8.76423888641776,-12.25,-0.792538164256337));
#3002=CARTESIAN_POINT('',(9.01322294569099,-12.5,-0.815053453013619));
#3003=CARTESIAN_POINT('Origin',(9.01322294569099,-12.25,-0.815053453013619));
#3004=CARTESIAN_POINT('Ctrl Pts',(9.01322294569099,-12.5,-0.81505345301362));
#3005=CARTESIAN_POINT('Ctrl Pts',(9.02140180211651,-12.5,-0.684500612060328));
#3006=CARTESIAN_POINT('Ctrl Pts',(9.03596808092253,-12.3916374156138,-0.424313538398364));
#3007=CARTESIAN_POINT('Ctrl Pts',(9.04103539074104,-12.1309587723425,-0.315719912846805));
#3008=CARTESIAN_POINT('Ctrl Pts',(9.04103539074104,-12.,-0.315719912846805));
#3009=CARTESIAN_POINT('Ctrl Pts',(8.7827991763288,-12.,-0.549944204695456));
#3010=CARTESIAN_POINT('Ctrl Pts',(8.7827991763288,-12.0654793861712,-0.549944204695456));
#3011=CARTESIAN_POINT('Ctrl Pts',(8.77971631093882,-12.1958187078069,-0.602719482542536));
#3012=CARTESIAN_POINT('Ctrl Pts',(8.76997313089431,-12.25,-0.729126342981135));
#3013=CARTESIAN_POINT('Ctrl Pts',(8.76423888641776,-12.25,-0.792538164256337));
#3014=CARTESIAN_POINT('Origin',(0.,-12.25,0.));
#3015=CARTESIAN_POINT('',(7.70906504887016,-12.25,-4.24385627375487));
#3016=CARTESIAN_POINT('',(7.9280725786676,-12.5,-4.36442037244109));
#3017=CARTESIAN_POINT('Origin',(7.9280725786676,-12.25,-4.36442037244109));
#3018=CARTESIAN_POINT('Origin',(0.,-12.5,0.));
#3019=CARTESIAN_POINT('Origin',(0.,-12.25,0.));
#3020=CARTESIAN_POINT('Ctrl Pts',(7.70906504887016,-12.25,-4.24385627375487));
#3021=CARTESIAN_POINT('Ctrl Pts',(7.67835951578037,-12.25,-4.2996335990647));
#3022=CARTESIAN_POINT('Ctrl Pts',(7.61574867919113,-12.1958138443476,-4.4098822084957));
#3023=CARTESIAN_POINT('Ctrl Pts',(7.58879540595261,-12.0654793792573,-4.45535456351036));
#3024=CARTESIAN_POINT('Ctrl Pts',(7.58879540595261,-12.,-4.45535456351036));
#3025=CARTESIAN_POINT('Ctrl Pts',(7.70906504887016,-12.3154498469498,-4.24385627375487));
#3026=CARTESIAN_POINT('Ctrl Pts',(7.67012327348108,-12.3148424756473,-4.31463568882782));
#3027=CARTESIAN_POINT('Ctrl Pts',(7.59072323192273,-12.2460937430229,-4.45353843503039));
#3028=CARTESIAN_POINT('Ctrl Pts',(7.55624160466776,-12.0823521866904,-4.51080338001086));
#3029=CARTESIAN_POINT('Ctrl Pts',(7.55624160466776,-12.,-4.51080338001086));
#3030=CARTESIAN_POINT('Ctrl Pts',(7.75658465472259,-12.4457557396584,-4.27001591518282));
#3031=CARTESIAN_POINT('Ctrl Pts',(7.70013644593505,-12.4439862257696,-4.37036530486114));
#3032=CARTESIAN_POINT('Ctrl Pts',(7.58599096441834,-12.3461318627468,-4.56647427100172));
#3033=CARTESIAN_POINT('Ctrl Pts',(7.53647112739804,-12.1158353095514,-4.64769113882883));
#3034=CARTESIAN_POINT('Ctrl Pts',(7.53647112739804,-12.,-4.64769113882883));
#3035=CARTESIAN_POINT('Ctrl Pts',(7.87073654144323,-12.5,-4.33285676521448));
#3036=CARTESIAN_POINT('Ctrl Pts',(7.80520135871413,-12.4990331477484,-4.44565672217686));
#3037=CARTESIAN_POINT('Ctrl Pts',(7.67350139866773,-12.3901530612463,-4.66780791841171));
#3038=CARTESIAN_POINT('Ctrl Pts',(7.61737798885269,-12.1306198508955,-4.75986604714276));
#3039=CARTESIAN_POINT('Ctrl Pts',(7.61737798885269,-12.,-4.75986604714276));
#3040=CARTESIAN_POINT('Ctrl Pts',(7.92807257866761,-12.5,-4.36442037244109));
#3041=CARTESIAN_POINT('Ctrl Pts',(7.8618489427484,-12.5,-4.4772271293556));
#3042=CARTESIAN_POINT('Ctrl Pts',(7.7284249370856,-12.3916276886952,-4.70108601898359));
#3043=CARTESIAN_POINT('Ctrl Pts',(7.67190636847251,-12.1309587585146,-4.79393916037646));
#3044=CARTESIAN_POINT('Ctrl Pts',(7.67190636847251,-12.,-4.79393916037646));
#3045=CARTESIAN_POINT('',(7.58879540595261,-12.,-4.45535456351036));
#3046=CARTESIAN_POINT('',(7.67190636847251,-12.,-4.79393916037646));
#3047=CARTESIAN_POINT('Origin',(7.80438618453081,-12.,-4.58192713633735));
#3048=CARTESIAN_POINT('Ctrl Pts',(7.67190636847251,-12.,-4.79393916037646));
#3049=CARTESIAN_POINT('Ctrl Pts',(7.67190636847251,-12.1309587585146,-4.79393916037646));
#3050=CARTESIAN_POINT('Ctrl Pts',(7.7284249370856,-12.3916276886952,-4.70108601898359));
#3051=CARTESIAN_POINT('Ctrl Pts',(7.8618489427484,-12.5,-4.4772271293556));
#3052=CARTESIAN_POINT('Ctrl Pts',(7.92807257866761,-12.5,-4.36442037244109));
#3053=CARTESIAN_POINT('Ctrl Pts',(7.70906504887016,-12.25,-4.24385627375487));
#3054=CARTESIAN_POINT('Ctrl Pts',(7.67835951578037,-12.25,-4.2996335990647));
#3055=CARTESIAN_POINT('Ctrl Pts',(7.61574867919113,-12.1958138443476,-4.4098822084957));
#3056=CARTESIAN_POINT('Ctrl Pts',(7.58879540595261,-12.0654793792573,-4.45535456351036));
#3057=CARTESIAN_POINT('Ctrl Pts',(7.58879540595261,-12.,-4.45535456351036));
#3058=CARTESIAN_POINT('Origin',(7.80438618453081,0.,-4.58192713633736));
#3059=CARTESIAN_POINT('',(7.58879540595261,-10.9,-4.45535456351036));
#3060=CARTESIAN_POINT('',(7.67190636847251,-10.9,-4.79393916037646));
#3061=CARTESIAN_POINT('Origin',(7.80438618453081,-10.9,-4.58192713633736));
#3062=CARTESIAN_POINT('',(7.67190636847251,0.,-4.79393916037646));
#3063=CARTESIAN_POINT('',(7.58879540595261,0.,-4.45535456351036));
#3064=CARTESIAN_POINT('Ctrl Pts',(7.58879540595261,-10.9,-4.45535456351036));
#3065=CARTESIAN_POINT('Ctrl Pts',(7.58879540595261,-10.6755590981743,-4.45535456351036));
#3066=CARTESIAN_POINT('Ctrl Pts',(7.49774505099044,-10.2871490976484,-4.61468926974091));
#3067=CARTESIAN_POINT('Ctrl Pts',(7.28805850100832,-10.15,-4.93467269872892));
#3068=CARTESIAN_POINT('Ctrl Pts',(7.19378443834505,-10.15,-5.06847762692355));
#3069=CARTESIAN_POINT('Ctrl Pts',(7.55624160466776,-10.9,-4.51080338001086));
#3070=CARTESIAN_POINT('Ctrl Pts',(7.55624160466776,-10.6948371678994,-4.51080338001086));
#3071=CARTESIAN_POINT('Ctrl Pts',(7.47111006208024,-10.340500900222,-4.65655659497736));
#3072=CARTESIAN_POINT('Ctrl Pts',(7.27959050472281,-10.2159703121879,-4.94666223699491));
#3073=CARTESIAN_POINT('Ctrl Pts',(7.19378443834505,-10.2154498469498,-5.06847762692355));
#3074=CARTESIAN_POINT('Ctrl Pts',(7.53646374136515,-10.9,-4.64769295184782));
#3075=CARTESIAN_POINT('Ctrl Pts',(7.53646374136515,-10.7330933964306,-4.64769295184782));
#3076=CARTESIAN_POINT('Ctrl Pts',(7.46491328414806,-10.4466538770919,-4.7683130054175));
#3077=CARTESIAN_POINT('Ctrl Pts',(7.30851581303487,-10.3472778160911,-5.00137871933361));
#3078=CARTESIAN_POINT('Ctrl Pts',(7.23812308831769,-10.3457614940921,-5.09971701939081));
#3079=CARTESIAN_POINT('Ctrl Pts',(7.61737798885269,-10.9,-4.75986604714276));
#3080=CARTESIAN_POINT('Ctrl Pts',(7.61737798885269,-10.7499855123404,-4.75986604714276));
#3081=CARTESIAN_POINT('Ctrl Pts',(7.55503760096835,-10.4912858079715,-4.87095490595147));
#3082=CARTESIAN_POINT('Ctrl Pts',(7.41072370955554,-10.4008285096535,-5.08547330953768));
#3083=CARTESIAN_POINT('Ctrl Pts',(7.34464966778901,-10.4,-5.17477175439859));
#3084=CARTESIAN_POINT('Ctrl Pts',(7.67190636847251,-10.9,-4.79393916037646));
#3085=CARTESIAN_POINT('Ctrl Pts',(7.67190636847251,-10.7503727321162,-4.79393916037646));
#3086=CARTESIAN_POINT('Ctrl Pts',(7.61158048459143,-10.4914327317656,-4.90449147099326));
#3087=CARTESIAN_POINT('Ctrl Pts',(7.4654171428158,-10.4,-5.1223737552082));
#3088=CARTESIAN_POINT('Ctrl Pts',(7.3981533144344,-10.4,-5.21246846859752));
#3089=CARTESIAN_POINT('',(7.19378443834505,-10.15,-5.06847762692355));
#3090=CARTESIAN_POINT('',(7.3981533144344,-10.4,-5.21246846859752));
#3091=CARTESIAN_POINT('Origin',(7.3981533144344,-10.15,-5.21246846859752));
#3092=CARTESIAN_POINT('Ctrl Pts',(7.3981533144344,-10.4,-5.21246846859752));
#3093=CARTESIAN_POINT('Ctrl Pts',(7.4654171428158,-10.4,-5.1223737552082));
#3094=CARTESIAN_POINT('Ctrl Pts',(7.61158048459143,-10.4914327317656,-4.90449147099326));
#3095=CARTESIAN_POINT('Ctrl Pts',(7.67190636847251,-10.7503727321162,-4.79393916037646));
#3096=CARTESIAN_POINT('Ctrl Pts',(7.67190636847251,-10.9,-4.79393916037646));
#3097=CARTESIAN_POINT('Ctrl Pts',(7.58879540595261,-10.9,-4.45535456351036));
#3098=CARTESIAN_POINT('Ctrl Pts',(7.58879540595261,-10.6755590981743,-4.45535456351036));
#3099=CARTESIAN_POINT('Ctrl Pts',(7.49774505099044,-10.2871490976484,-4.61468926974091));
#3100=CARTESIAN_POINT('Ctrl Pts',(7.28805850100832,-10.15,-4.93467269872892));
#3101=CARTESIAN_POINT('Ctrl Pts',(7.19378443834505,-10.15,-5.06847762692355));
#3102=CARTESIAN_POINT('Origin',(0.,-10.15,0.));
#3103=CARTESIAN_POINT('',(0.486187845303868,-10.15,-8.78655913194003));
#3104=CARTESIAN_POINT('',(0.5,-10.4,-9.03617728909742));
#3105=CARTESIAN_POINT('Origin',(0.5,-10.15,-9.03617728909742));
#3106=CARTESIAN_POINT('Origin',(0.,-10.4,0.));
#3107=CARTESIAN_POINT('Origin',(0.,-10.15,0.));
#3108=CARTESIAN_POINT('Ctrl Pts',(0.486187845303867,-10.15,-8.78655913194003));
#3109=CARTESIAN_POINT('Ctrl Pts',(0.422614538087424,-10.15,-8.79007684220526));
#3110=CARTESIAN_POINT('Ctrl Pts',(0.295939678456504,-10.0958138900701,-8.79540270604237));
#3111=CARTESIAN_POINT('Ctrl Pts',(0.243093922651934,-9.96547937840848,-8.7966417083322));
#3112=CARTESIAN_POINT('Ctrl Pts',(0.243093922651934,-9.9,-8.7966417083322));
#3113=CARTESIAN_POINT('Ctrl Pts',(0.486187845303867,-10.2154498469498,-8.78655913194003));
#3114=CARTESIAN_POINT('Ctrl Pts',(0.405527501187656,-10.2148424756552,-8.79104200896058));
#3115=CARTESIAN_POINT('Ctrl Pts',(0.2456556269292,-10.1460937929401,-8.79731419310458));
#3116=CARTESIAN_POINT('Ctrl Pts',(0.178819772959695,-9.98235218562291,-8.79841791517248));
#3117=CARTESIAN_POINT('Ctrl Pts',(0.178819772959695,-9.9,-8.79841791517248));
#3118=CARTESIAN_POINT('Ctrl Pts',(0.489183605351224,-10.3457767431428,-8.84069956974706));
#3119=CARTESIAN_POINT('Ctrl Pts',(0.374169504706991,-10.344007229277,-8.84600584842915));
#3120=CARTESIAN_POINT('Ctrl Pts',(0.14736228250508,-10.2461424780176,-8.85312772841764));
#3121=CARTESIAN_POINT('Ctrl Pts',(0.0522357150481792,-10.0158353080498,
-8.85417170438756));
#3122=CARTESIAN_POINT('Ctrl Pts',(0.0522357150481794,-9.9,-8.85417170438756));
#3123=CARTESIAN_POINT('Ctrl Pts',(0.496383986356365,-10.4,-8.97082740837007));
#3124=CARTESIAN_POINT('Ctrl Pts',(0.365995843484884,-10.399033147761,-8.97502529157001));
#3125=CARTESIAN_POINT('Ctrl Pts',(0.107810540117612,-10.2901531189588,-8.98105959112888));
#3126=CARTESIAN_POINT('Ctrl Pts',(-1.5171565006032E-16,-10.0306198492022,
-8.98224761470089));
#3127=CARTESIAN_POINT('Ctrl Pts',(-7.63602167194147E-17,-9.9,-8.98224761470089));
#3128=CARTESIAN_POINT('Ctrl Pts',(0.5,-10.4,-9.03617728909742));
#3129=CARTESIAN_POINT('Ctrl Pts',(0.369241265838908,-10.4,-9.03979493431336));
#3130=CARTESIAN_POINT('Ctrl Pts',(0.108694111370764,-10.2916277801401,-9.04527210110039));
#3131=CARTESIAN_POINT('Ctrl Pts',(-6.83345561276142E-17,-10.030958756817,
-9.04654630231891));
#3132=CARTESIAN_POINT('Ctrl Pts',(-6.93889390390723E-17,-9.9,-9.04654630231891));
#3133=CARTESIAN_POINT('',(0.243093922651934,-9.9,-8.7966417083322));
#3134=CARTESIAN_POINT('',(1.38777878078145E-16,-9.9,-9.04654630231891));
#3135=CARTESIAN_POINT('Origin',(0.25,-9.9,-9.04654630231891));
#3136=CARTESIAN_POINT('Ctrl Pts',(-6.93889390390723E-17,-9.9,-9.04654630231891));
#3137=CARTESIAN_POINT('Ctrl Pts',(-6.83345561276142E-17,-10.030958756817,
-9.04654630231891));
#3138=CARTESIAN_POINT('Ctrl Pts',(0.108694111370764,-10.2916277801401,-9.04527210110039));
#3139=CARTESIAN_POINT('Ctrl Pts',(0.369241265838908,-10.4,-9.03979493431336));
#3140=CARTESIAN_POINT('Ctrl Pts',(0.5,-10.4,-9.03617728909742));
#3141=CARTESIAN_POINT('Ctrl Pts',(0.486187845303867,-10.15,-8.78655913194003));
#3142=CARTESIAN_POINT('Ctrl Pts',(0.422614538087424,-10.15,-8.79007684220526));
#3143=CARTESIAN_POINT('Ctrl Pts',(0.295939678456504,-10.0958138900701,-8.79540270604237));
#3144=CARTESIAN_POINT('Ctrl Pts',(0.243093922651934,-9.96547937840848,-8.7966417083322));
#3145=CARTESIAN_POINT('Ctrl Pts',(0.243093922651934,-9.9,-8.7966417083322));
#3146=CARTESIAN_POINT('Origin',(0.25,0.,-9.04654630231891));
#3147=CARTESIAN_POINT('',(0.243093922651934,-8.1,-8.7966417083322));
#3148=CARTESIAN_POINT('',(0.,-8.1,-9.04654630231891));
#3149=CARTESIAN_POINT('Origin',(0.25,-8.1,-9.04654630231891));
#3150=CARTESIAN_POINT('',(0.,0.,-9.04654630231891));
#3151=CARTESIAN_POINT('',(0.243093922651934,0.,-8.7966417083322));
#3152=CARTESIAN_POINT('Ctrl Pts',(0.243093922651934,-8.1,-8.7966417083322));
#3153=CARTESIAN_POINT('Ctrl Pts',(0.243093922651934,-8.03452061378309,-8.7966417083322));
#3154=CARTESIAN_POINT('Ctrl Pts',(0.295944390257303,-7.90418102759527,-8.79540256549645));
#3155=CARTESIAN_POINT('Ctrl Pts',(0.422614530506289,-7.85,-8.79007684262474));
#3156=CARTESIAN_POINT('Ctrl Pts',(0.486187845303867,-7.85,-8.78655913194003));
#3157=CARTESIAN_POINT('Ctrl Pts',(0.178819772959695,-8.1,-8.79841791517248));
#3158=CARTESIAN_POINT('Ctrl Pts',(0.178819772959695,-8.01764780455657,-8.79841791517248));
#3159=CARTESIAN_POINT('Ctrl Pts',(0.245661600369601,-7.85389984112114,-8.79731402547377));
#3160=CARTESIAN_POINT('Ctrl Pts',(0.405527491568887,-7.78515752441721,-8.79104200949516));
#3161=CARTESIAN_POINT('Ctrl Pts',(0.486187845303867,-7.78455015305021,-8.78655913194003));
#3162=CARTESIAN_POINT('Ctrl Pts',(0.0522219396735559,-8.1,-8.8541583044344));
#3163=CARTESIAN_POINT('Ctrl Pts',(0.0522219396735559,-7.98416467813677,
-8.8541583044344));
#3164=CARTESIAN_POINT('Ctrl Pts',(0.147363354250888,-7.7538412108841,-8.85311363084413));
#3165=CARTESIAN_POINT('Ctrl Pts',(0.374168687633465,-7.65597823015307,-8.84599133049016));
#3166=CARTESIAN_POINT('Ctrl Pts',(0.489182801993161,-7.65420871607622,-8.8406850511753));
#3167=CARTESIAN_POINT('Ctrl Pts',(-4.4572993271691E-16,-8.1,-8.98224761470089));
#3168=CARTESIAN_POINT('Ctrl Pts',(-4.54793522267528E-16,-7.96938013522131,
-8.98224761470089));
#3169=CARTESIAN_POINT('Ctrl Pts',(0.107820290332261,-7.70983686077059,-8.98105943876276));
#3170=CARTESIAN_POINT('Ctrl Pts',(0.36599582793606,-7.60096685235432,-8.97502529207061));
#3171=CARTESIAN_POINT('Ctrl Pts',(0.496383986356365,-7.6,-8.97082740837007));
#3172=CARTESIAN_POINT('Ctrl Pts',(-4.5102810375397E-16,-8.1,-9.04654630231891));
#3173=CARTESIAN_POINT('Ctrl Pts',(-4.60114564389215E-16,-7.96904122756617,
-9.04654630231891));
#3174=CARTESIAN_POINT('Ctrl Pts',(0.108703802688318,-7.70836205519053,-9.04527195656168));
#3175=CARTESIAN_POINT('Ctrl Pts',(0.369241250245892,-7.6,-9.03979493474477));
#3176=CARTESIAN_POINT('Ctrl Pts',(0.5,-7.6,-9.03617728909742));
#3177=CARTESIAN_POINT('',(0.486187845303867,-7.85,-8.78655913194003));
#3178=CARTESIAN_POINT('',(0.5,-7.6,-9.03617728909742));
#3179=CARTESIAN_POINT('Origin',(0.5,-7.85,-9.03617728909742));
#3180=CARTESIAN_POINT('Ctrl Pts',(0.5,-7.6,-9.03617728909742));
#3181=CARTESIAN_POINT('Ctrl Pts',(0.369241250245892,-7.6,-9.03979493474477));
#3182=CARTESIAN_POINT('Ctrl Pts',(0.108703802688318,-7.70836205519053,-9.04527195656168));
#3183=CARTESIAN_POINT('Ctrl Pts',(-4.60114564389215E-16,-7.96904122756617,
-9.04654630231891));
#3184=CARTESIAN_POINT('Ctrl Pts',(-4.5102810375397E-16,-8.1,-9.04654630231891));
#3185=CARTESIAN_POINT('Ctrl Pts',(0.243093922651934,-8.1,-8.7966417083322));
#3186=CARTESIAN_POINT('Ctrl Pts',(0.243093922651934,-8.03452061378309,-8.7966417083322));
#3187=CARTESIAN_POINT('Ctrl Pts',(0.295944390257303,-7.90418102759527,-8.79540256549645));
#3188=CARTESIAN_POINT('Ctrl Pts',(0.422614530506289,-7.85,-8.79007684262474));
#3189=CARTESIAN_POINT('Ctrl Pts',(0.486187845303867,-7.85,-8.78655913194003));
#3190=CARTESIAN_POINT('Origin',(0.,-7.85,0.));
#3191=CARTESIAN_POINT('',(7.19378443834505,-7.85,-5.06847762692355));
#3192=CARTESIAN_POINT('',(7.3981533144344,-7.6,-5.21246846859752));
#3193=CARTESIAN_POINT('Origin',(7.3981533144344,-7.85,-5.21246846859752));
#3194=CARTESIAN_POINT('Origin',(0.,-7.6,0.));
#3195=CARTESIAN_POINT('Origin',(0.,-7.85,0.));
#3196=CARTESIAN_POINT('Ctrl Pts',(7.19378443834505,-7.85,-5.06847762692355));
#3197=CARTESIAN_POINT('Ctrl Pts',(7.31948316043704,-7.85,-4.8900710959167));
#3198=CARTESIAN_POINT('Ctrl Pts',(7.52272382807449,-7.66163004073607,-4.57148419637041));
#3199=CARTESIAN_POINT('Ctrl Pts',(7.58879540595261,-7.26833063870448,-4.45535456351036));
#3200=CARTESIAN_POINT('Ctrl Pts',(7.58879540595261,-7.1,-4.45535456351036));
#3201=CARTESIAN_POINT('Ctrl Pts',(7.19378443834505,-7.78455015305021,-5.06847762692355));
#3202=CARTESIAN_POINT('Ctrl Pts',(7.30819250124936,-7.78385619955469,-4.90605714336107));
#3203=CARTESIAN_POINT('Ctrl Pts',(7.49430277013336,-7.61302270880292,-4.61725289702295));
#3204=CARTESIAN_POINT('Ctrl Pts',(7.55624160466776,-7.25387208964585,-4.51080338001086));
#3205=CARTESIAN_POINT('Ctrl Pts',(7.55624160466776,-7.1,-4.51080338001086));
#3206=CARTESIAN_POINT('Ctrl Pts',(7.23811170049467,-7.65422457543174,-5.09970899594686));
#3207=CARTESIAN_POINT('Ctrl Pts',(7.33196864578329,-7.65220281321881,-4.96859129187549));
#3208=CARTESIAN_POINT('Ctrl Pts',(7.48408785070601,-7.51640463592821,-4.73630695849099));
#3209=CARTESIAN_POINT('Ctrl Pts',(7.53644586107322,-7.22517992466741,-4.64769734084923));
#3210=CARTESIAN_POINT('Ctrl Pts',(7.53644586107322,-7.1,-4.64769734084923));
#3211=CARTESIAN_POINT('Ctrl Pts',(7.34464966778901,-7.6,-5.17477175439859));
#3212=CARTESIAN_POINT('Ctrl Pts',(7.43274837043186,-7.59889532070921,-5.05570718789199));
#3213=CARTESIAN_POINT('Ctrl Pts',(7.57199914484123,-7.47492414413209,-4.84117516837418));
#3214=CARTESIAN_POINT('Ctrl Pts',(7.61737798885269,-7.21251084056987,-4.75986604714276));
#3215=CARTESIAN_POINT('Ctrl Pts',(7.61737798885269,-7.1,-4.75986604714276));
#3216=CARTESIAN_POINT('Ctrl Pts',(7.3981533144344,-7.6,-5.21246846859752));
#3217=CARTESIAN_POINT('Ctrl Pts',(7.48783839887546,-7.6,-5.09234221095726));
#3218=CARTESIAN_POINT('Ctrl Pts',(7.62820838517171,-7.47442002715738,-4.87455881313071));
#3219=CARTESIAN_POINT('Ctrl Pts',(7.67190636847251,-7.21222042580299,-4.79393916037646));
#3220=CARTESIAN_POINT('Ctrl Pts',(7.67190636847251,-7.1,-4.79393916037646));
#3221=CARTESIAN_POINT('',(7.58879540595261,-7.1,-4.45535456351036));
#3222=CARTESIAN_POINT('',(7.67190636847251,-7.1,-4.79393916037646));
#3223=CARTESIAN_POINT('Origin',(7.80438618453081,-7.1,-4.58192713633735));
#3224=CARTESIAN_POINT('Ctrl Pts',(7.67190636847251,-7.1,-4.79393916037646));
#3225=CARTESIAN_POINT('Ctrl Pts',(7.67190636847251,-7.21222042580299,-4.79393916037646));
#3226=CARTESIAN_POINT('Ctrl Pts',(7.62820838517171,-7.47442002715738,-4.87455881313071));
#3227=CARTESIAN_POINT('Ctrl Pts',(7.48783839887546,-7.6,-5.09234221095726));
#3228=CARTESIAN_POINT('Ctrl Pts',(7.3981533144344,-7.6,-5.21246846859752));
#3229=CARTESIAN_POINT('Ctrl Pts',(7.19378443834505,-7.85,-5.06847762692355));
#3230=CARTESIAN_POINT('Ctrl Pts',(7.31948316043704,-7.85,-4.8900710959167));
#3231=CARTESIAN_POINT('Ctrl Pts',(7.52272382807449,-7.66163004073607,-4.57148419637041));
#3232=CARTESIAN_POINT('Ctrl Pts',(7.58879540595261,-7.26833063870448,-4.45535456351036));
#3233=CARTESIAN_POINT('Ctrl Pts',(7.58879540595261,-7.1,-4.45535456351036));
#3234=CARTESIAN_POINT('Origin',(7.80438618453081,0.,-4.58192713633736));
#3235=CARTESIAN_POINT('',(7.58879540595261,-6.,-4.45535456351036));
#3236=CARTESIAN_POINT('',(7.67190636847251,-6.,-4.79393916037646));
#3237=CARTESIAN_POINT('Origin',(7.80438618453081,-6.,-4.58192713633736));
#3238=CARTESIAN_POINT('',(7.67190636847251,0.,-4.79393916037646));
#3239=CARTESIAN_POINT('',(7.58879540595261,0.,-4.45535456351036));
#3240=CARTESIAN_POINT('Ctrl Pts',(7.58879540595261,-6.,-4.45535456351036));
#3241=CARTESIAN_POINT('Ctrl Pts',(7.58879540595261,-5.83166932363071,-4.45535456351036));
#3242=CARTESIAN_POINT('Ctrl Pts',(7.52271484617315,-5.43835010126691,-4.57149883454693));
#3243=CARTESIAN_POINT('Ctrl Pts',(7.31948318856275,-5.25,-4.89007105599737));
#3244=CARTESIAN_POINT('Ctrl Pts',(7.19378443834505,-5.25,-5.06847762692355));
#3245=CARTESIAN_POINT('Ctrl Pts',(7.55624160466776,-6.,-4.51080338001086));
#3246=CARTESIAN_POINT('Ctrl Pts',(7.55624160466776,-5.84612787592452,-4.51080338001086));
#3247=CARTESIAN_POINT('Ctrl Pts',(7.49429454795212,-5.48695913686535,-4.61726618250283));
#3248=CARTESIAN_POINT('Ctrl Pts',(7.30819252684872,-5.31614380060059,-4.9060571070187));
#3249=CARTESIAN_POINT('Ctrl Pts',(7.19378443834505,-5.31544984694979,-5.06847762692355));
#3250=CARTESIAN_POINT('Ctrl Pts',(7.53643467850768,-6.,-4.6477000857874));
#3251=CARTESIAN_POINT('Ctrl Pts',(7.53643467850768,-5.87482004732296,-4.6477000857874));
#3252=CARTESIAN_POINT('Ctrl Pts',(7.48407109530169,-5.58358403729548,-4.73631799072668));
#3253=CARTESIAN_POINT('Ctrl Pts',(7.33196154469262,-5.4478058995333,-4.96858624457179));
#3254=CARTESIAN_POINT('Ctrl Pts',(7.23810457840306,-5.445784136868,-5.09970397798138));
#3255=CARTESIAN_POINT('Ctrl Pts',(7.61737798885269,-6.,-4.75986604714276));
#3256=CARTESIAN_POINT('Ctrl Pts',(7.61737798885269,-5.88748913425528,-4.75986604714276));
#3257=CARTESIAN_POINT('Ctrl Pts',(7.57199313028385,-5.62506235018289,-4.84118494504436));
#3258=CARTESIAN_POINT('Ctrl Pts',(7.43274839014438,-5.50110467953796,-5.05570716125072));
#3259=CARTESIAN_POINT('Ctrl Pts',(7.34464966778901,-5.5,-5.17477175439859));
#3260=CARTESIAN_POINT('Ctrl Pts',(7.67190636847251,-6.,-4.79393916037646));
#3261=CARTESIAN_POINT('Ctrl Pts',(7.67190636847251,-5.88777954908714,-4.79393916037646));
#3262=CARTESIAN_POINT('Ctrl Pts',(7.62820226781613,-5.62556673417794,-4.87456887457943));
#3263=CARTESIAN_POINT('Ctrl Pts',(7.48783841894293,-5.5,-5.09234218407842));
#3264=CARTESIAN_POINT('Ctrl Pts',(7.3981533144344,-5.5,-5.21246846859752));
#3265=CARTESIAN_POINT('',(7.19378443834505,-5.25,-5.06847762692355));
#3266=CARTESIAN_POINT('',(7.3981533144344,-5.5,-5.21246846859752));
#3267=CARTESIAN_POINT('Origin',(7.3981533144344,-5.25,-5.21246846859752));
#3268=CARTESIAN_POINT('Ctrl Pts',(7.3981533144344,-5.5,-5.21246846859752));
#3269=CARTESIAN_POINT('Ctrl Pts',(7.48783841894293,-5.5,-5.09234218407842));
#3270=CARTESIAN_POINT('Ctrl Pts',(7.62820226781613,-5.62556673417794,-4.87456887457943));
#3271=CARTESIAN_POINT('Ctrl Pts',(7.67190636847251,-5.88777954908714,-4.79393916037646));
#3272=CARTESIAN_POINT('Ctrl Pts',(7.67190636847251,-6.,-4.79393916037646));
#3273=CARTESIAN_POINT('Ctrl Pts',(7.58879540595261,-6.,-4.45535456351036));
#3274=CARTESIAN_POINT('Ctrl Pts',(7.58879540595261,-5.83166932363071,-4.45535456351036));
#3275=CARTESIAN_POINT('Ctrl Pts',(7.52271484617315,-5.43835010126691,-4.57149883454693));
#3276=CARTESIAN_POINT('Ctrl Pts',(7.31948318856275,-5.25,-4.89007105599737));
#3277=CARTESIAN_POINT('Ctrl Pts',(7.19378443834505,-5.25,-5.06847762692355));
#3278=CARTESIAN_POINT('Origin',(0.,-5.25,0.));
#3279=CARTESIAN_POINT('',(-8.79817430862572,-5.25,-0.179245181353392));
#3280=CARTESIAN_POINT('',(-9.04812244239349,-5.5,-0.184337374005476));
#3281=CARTESIAN_POINT('Origin',(-9.04812244239349,-5.25,-0.184337374005477));
#3282=CARTESIAN_POINT('Origin',(0.,-5.5,0.));
#3283=CARTESIAN_POINT('Origin',(0.,-5.25,0.));
#3284=CARTESIAN_POINT('Ctrl Pts',(-8.79817430862572,-5.25,-0.179245181353394));
#3285=CARTESIAN_POINT('Ctrl Pts',(-8.80150828120131,-5.25,-0.0155985402620362));
#3286=CARTESIAN_POINT('Ctrl Pts',(-8.79641329599085,-5.38716483529593,0.366955854714425));
#3287=CARTESIAN_POINT('Ctrl Pts',(-8.7827991763288,-5.77555917854083,0.549944204695461));
#3288=CARTESIAN_POINT('Ctrl Pts',(-8.7827991763288,-6.00000000000001,0.549944204695456));
#3289=CARTESIAN_POINT('Ctrl Pts',(-8.79817430862572,-5.31544984694979,-0.179245181353393));
#3290=CARTESIAN_POINT('Ctrl Pts',(-8.80119245894369,-5.31597031200152,-0.0302735561368602));
#3291=CARTESIAN_POINT('Ctrl Pts',(-8.79774402994723,-5.44051513645126,0.317350549683564));
#3292=CARTESIAN_POINT('Ctrl Pts',(-8.78681743662711,-5.79483724136291,0.485771197803351));
#3293=CARTESIAN_POINT('Ctrl Pts',(-8.78681743662711,-6.00000000000001,0.485771197803345));
#3294=CARTESIAN_POINT('Ctrl Pts',(-8.85236120574645,-5.44580185866573,-0.180349130861627));
#3295=CARTESIAN_POINT('Ctrl Pts',(-8.8557293386341,-5.44731818012175,-0.059459916462546));
#3296=CARTESIAN_POINT('Ctrl Pts',(-8.85506129047433,-5.54669214890183,0.221217041319988));
#3297=CARTESIAN_POINT('Ctrl Pts',(-8.84693268150026,-5.8330934561956,0.36118544393));
#3298=CARTESIAN_POINT('Ctrl Pts',(-8.84693268150026,-6.00000000000001,0.361185443929995));
#3299=CARTESIAN_POINT('Ctrl Pts',(-8.98268617399155,-5.5,-0.183004241086604));
#3300=CARTESIAN_POINT('Ctrl Pts',(-8.9875289787953,-5.5008285093568,-0.0720243796057585));
#3301=CARTESIAN_POINT('Ctrl Pts',(-8.98721316385417,-5.59129568883127,0.186533863752551));
#3302=CARTESIAN_POINT('Ctrl Pts',(-8.97677587214623,-5.84998556605672,0.313475921010307));
#3303=CARTESIAN_POINT('Ctrl Pts',(-8.97677587214623,-6.,0.313475921010304));
#3304=CARTESIAN_POINT('Ctrl Pts',(-9.04812244239349,-5.5,-0.184337374005475));
#3305=CARTESIAN_POINT('Ctrl Pts',(-9.05350635710019,-5.5,-0.0720320562396631));
#3306=CARTESIAN_POINT('Ctrl Pts',(-9.05284271536799,-5.59144322353062,0.190348364169325));
#3307=CARTESIAN_POINT('Ctrl Pts',(-9.04103539074104,-5.85037278569388,0.315719912846808));
#3308=CARTESIAN_POINT('Ctrl Pts',(-9.04103539074104,-6.,0.315719912846804));
#3309=CARTESIAN_POINT('',(-8.7827991763288,-6.00000000000001,0.549944204695456));
#3310=CARTESIAN_POINT('',(-9.04103539074104,-6.,0.315719912846803));
#3311=CARTESIAN_POINT('Origin',(-9.03231051656542,-6.00000000000001,0.565567619601577));
#3312=CARTESIAN_POINT('Ctrl Pts',(-9.04103539074104,-6.,0.315719912846804));
#3313=CARTESIAN_POINT('Ctrl Pts',(-9.04103539074104,-5.85037278569388,0.315719912846808));
#3314=CARTESIAN_POINT('Ctrl Pts',(-9.05284271536799,-5.59144322353062,0.190348364169325));
#3315=CARTESIAN_POINT('Ctrl Pts',(-9.05350635710019,-5.5,-0.0720320562396631));
#3316=CARTESIAN_POINT('Ctrl Pts',(-9.04812244239349,-5.5,-0.184337374005475));
#3317=CARTESIAN_POINT('',(-8.79984101848932,-5.2732549682225,-5.89926474044016E-5));
#3318=CARTESIAN_POINT('Ctrl Pts',(-8.79817430862572,-5.25,-0.179245181353394));
#3319=CARTESIAN_POINT('Ctrl Pts',(-8.79940387507389,-5.25,-0.118892429589663));
#3320=CARTESIAN_POINT('Ctrl Pts',(-8.79988298546362,-5.25799550616506,-0.0584981609256826));
#3321=CARTESIAN_POINT('Ctrl Pts',(-8.79980991784465,-5.2733524411491,8.36464900542174E-5));
#3322=CARTESIAN_POINT('Ctrl Pts',(-8.79981013366516,-5.27330676030046,-9.06996278805042E-5));
#3323=CARTESIAN_POINT('Ctrl Pts',(-8.7996868821867,-5.29958041571165,0.100236482419578));
#3324=CARTESIAN_POINT('Ctrl Pts',(-8.79426362635652,-5.44849230607953,0.395849717054035));
#3325=CARTESIAN_POINT('Ctrl Pts',(-8.7827991763288,-5.77555917854083,0.549944204695461));
#3326=CARTESIAN_POINT('Ctrl Pts',(-8.7827991763288,-6.00000000000001,0.549944204695456));
#3327=CARTESIAN_POINT('Origin',(-9.03231051656542,0.,0.565567619601577));
#3328=CARTESIAN_POINT('',(-8.7827991763288,-12.,0.549944204695456));
#3329=CARTESIAN_POINT('',(-9.04103539074104,-12.,0.315719912846803));
#3330=CARTESIAN_POINT('Origin',(-9.03231051656542,-12.,0.565567619601577));
#3331=CARTESIAN_POINT('',(-9.04103539074104,0.,0.315719912846803));
#3332=CARTESIAN_POINT('',(-8.7827991763288,0.,0.549944204695456));
#3333=CARTESIAN_POINT('Ctrl Pts',(-8.7827991763288,-12.,0.549944204695456));
#3334=CARTESIAN_POINT('Ctrl Pts',(-8.7827991763288,-12.0654793861712,0.549944204695455));
#3335=CARTESIAN_POINT('Ctrl Pts',(-8.77971631093882,-12.1958187078066,0.602719482542494));
#3336=CARTESIAN_POINT('Ctrl Pts',(-8.76997313089431,-12.25,0.729126342981136));
#3337=CARTESIAN_POINT('Ctrl Pts',(-8.76423888641776,-12.25,0.792538164256337));
#3338=CARTESIAN_POINT('Ctrl Pts',(-8.78681743662711,-12.,0.485771197803346));
#3339=CARTESIAN_POINT('Ctrl Pts',(-8.78681743662711,-12.082352195386,0.485771197803346));
#3340=CARTESIAN_POINT('Ctrl Pts',(-8.78338148046635,-12.2460998686675,0.552534059072188));
#3341=CARTESIAN_POINT('Ctrl Pts',(-8.77153403886911,-12.3148424755832,0.712083396856084));
#3342=CARTESIAN_POINT('Ctrl Pts',(-8.76423888641776,-12.3154498469498,0.792538164256338));
#3343=CARTESIAN_POINT('Ctrl Pts',(-8.84696466319408,-12.,0.361220704284409));
#3344=CARTESIAN_POINT('Ctrl Pts',(-8.84696466319408,-12.1158353217824,0.361220704284409));
#3345=CARTESIAN_POINT('Ctrl Pts',(-8.84260155338065,-12.3461455258433,0.456256950163253));
#3346=CARTESIAN_POINT('Ctrl Pts',(-8.82756963325917,-12.4439963258863,0.682663691040132));
#3347=CARTESIAN_POINT('Ctrl Pts',(-8.81825265168796,-12.4457658399619,0.7974225553514));
#3348=CARTESIAN_POINT('Ctrl Pts',(-8.97677587214623,-12.,0.313475921010306));
#3349=CARTESIAN_POINT('Ctrl Pts',(-8.97677587214623,-12.1306198646875,0.313475921010305));
#3350=CARTESIAN_POINT('Ctrl Pts',(-8.97182552847034,-12.3901627994739,0.421189355712703));
#3351=CARTESIAN_POINT('Ctrl Pts',(-8.95678487896346,-12.4990331476464,0.678996738842879));
#3352=CARTESIAN_POINT('Ctrl Pts',(-8.94803907140151,-12.5,0.809158964200844));
#3353=CARTESIAN_POINT('Ctrl Pts',(-9.04103539074104,-12.,0.315719912846806));
#3354=CARTESIAN_POINT('Ctrl Pts',(-9.04103539074104,-12.1309587723424,0.315719912846806));
#3355=CARTESIAN_POINT('Ctrl Pts',(-9.03596808092253,-12.3916374156132,0.424313538398282));
#3356=CARTESIAN_POINT('Ctrl Pts',(-9.02140180211651,-12.5,0.684500612060329));
#3357=CARTESIAN_POINT('Ctrl Pts',(-9.01322294569099,-12.5,0.815053453013621));
#3358=CARTESIAN_POINT('',(-8.76423888641776,-12.25,0.792538164256337));
#3359=CARTESIAN_POINT('',(-9.01322294569099,-12.5,0.815053453013621));
#3360=CARTESIAN_POINT('Origin',(-9.01322294569099,-12.25,0.81505345301362));
#3361=CARTESIAN_POINT('Ctrl Pts',(-9.01322294569099,-12.5,0.815053453013621));
#3362=CARTESIAN_POINT('Ctrl Pts',(-9.02140180211651,-12.5,0.684500612060329));
#3363=CARTESIAN_POINT('Ctrl Pts',(-9.03596808092253,-12.3916374156132,0.424313538398282));
#3364=CARTESIAN_POINT('Ctrl Pts',(-9.04103539074104,-12.1309587723424,0.315719912846806));
#3365=CARTESIAN_POINT('Ctrl Pts',(-9.04103539074104,-12.,0.315719912846806));
#3366=CARTESIAN_POINT('Ctrl Pts',(-8.7827991763288,-12.,0.549944204695456));
#3367=CARTESIAN_POINT('Ctrl Pts',(-8.7827991763288,-12.0654793861712,0.549944204695455));
#3368=CARTESIAN_POINT('Ctrl Pts',(-8.77971631093882,-12.1958187078066,0.602719482542494));
#3369=CARTESIAN_POINT('Ctrl Pts',(-8.76997313089431,-12.25,0.729126342981136));
#3370=CARTESIAN_POINT('Ctrl Pts',(-8.76423888641776,-12.25,0.792538164256337));
#3371=CARTESIAN_POINT('Origin',(0.,-12.25,0.));
#3372=CARTESIAN_POINT('',(-7.70906504887016,-12.25,4.24385627375487));
#3373=CARTESIAN_POINT('',(-7.9280725786676,-12.5,4.36442037244109));
#3374=CARTESIAN_POINT('Origin',(-7.9280725786676,-12.25,4.36442037244109));
#3375=CARTESIAN_POINT('Origin',(0.,-12.5,0.));
#3376=CARTESIAN_POINT('Origin',(0.,-12.25,0.));
#3377=CARTESIAN_POINT('Ctrl Pts',(-7.70906504887016,-12.25,4.24385627375487));
#3378=CARTESIAN_POINT('Ctrl Pts',(-7.67835951578037,-12.25,4.29963359906471));
#3379=CARTESIAN_POINT('Ctrl Pts',(-7.61574867919109,-12.1958138443476,4.40988220849577));
#3380=CARTESIAN_POINT('Ctrl Pts',(-7.58879540595261,-12.0654793792573,4.45535456351036));
#3381=CARTESIAN_POINT('Ctrl Pts',(-7.58879540595261,-12.,4.45535456351036));
#3382=CARTESIAN_POINT('Ctrl Pts',(-7.70906504887016,-12.3154498469498,4.24385627375487));
#3383=CARTESIAN_POINT('Ctrl Pts',(-7.67012327348108,-12.3148424756473,4.31463568882782));
#3384=CARTESIAN_POINT('Ctrl Pts',(-7.59072323192268,-12.2460937430229,4.45353843503047));
#3385=CARTESIAN_POINT('Ctrl Pts',(-7.55624160466776,-12.0823521866904,4.51080338001086));
#3386=CARTESIAN_POINT('Ctrl Pts',(-7.55624160466776,-12.,4.51080338001086));
#3387=CARTESIAN_POINT('Ctrl Pts',(-7.75658465472259,-12.4457557396584,4.27001591518282));
#3388=CARTESIAN_POINT('Ctrl Pts',(-7.70013644593505,-12.4439862257696,4.37036530486115));
#3389=CARTESIAN_POINT('Ctrl Pts',(-7.58599096441827,-12.3461318627468,4.56647427100184));
#3390=CARTESIAN_POINT('Ctrl Pts',(-7.53647112739804,-12.1158353095514,4.64769113882883));
#3391=CARTESIAN_POINT('Ctrl Pts',(-7.53647112739804,-12.,4.64769113882883));
#3392=CARTESIAN_POINT('Ctrl Pts',(-7.87073654144323,-12.5,4.33285676521448));
#3393=CARTESIAN_POINT('Ctrl Pts',(-7.80520135871412,-12.4990331477484,4.44565672217687));
#3394=CARTESIAN_POINT('Ctrl Pts',(-7.67350139866765,-12.3901530612463,4.66780791841185));
#3395=CARTESIAN_POINT('Ctrl Pts',(-7.61737798885269,-12.1306198508955,4.75986604714276));
#3396=CARTESIAN_POINT('Ctrl Pts',(-7.61737798885269,-12.,4.75986604714276));
#3397=CARTESIAN_POINT('Ctrl Pts',(-7.9280725786676,-12.5,4.36442037244109));
#3398=CARTESIAN_POINT('Ctrl Pts',(-7.86184894274839,-12.5,4.47722712935561));
#3399=CARTESIAN_POINT('Ctrl Pts',(-7.72842493708552,-12.3916276886952,4.70108601898372));
#3400=CARTESIAN_POINT('Ctrl Pts',(-7.67190636847251,-12.1309587585146,4.79393916037646));
#3401=CARTESIAN_POINT('Ctrl Pts',(-7.67190636847251,-12.,4.79393916037646));
#3402=CARTESIAN_POINT('',(-7.58879540595261,-12.,4.45535456351036));
#3403=CARTESIAN_POINT('',(-7.67190636847251,-12.,4.79393916037646));
#3404=CARTESIAN_POINT('Origin',(-7.80438618453081,-12.,4.58192713633735));
#3405=CARTESIAN_POINT('Ctrl Pts',(-7.67190636847251,-12.,4.79393916037646));
#3406=CARTESIAN_POINT('Ctrl Pts',(-7.67190636847251,-12.1309587585146,4.79393916037646));
#3407=CARTESIAN_POINT('Ctrl Pts',(-7.72842493708552,-12.3916276886952,4.70108601898372));
#3408=CARTESIAN_POINT('Ctrl Pts',(-7.86184894274839,-12.5,4.47722712935561));
#3409=CARTESIAN_POINT('Ctrl Pts',(-7.9280725786676,-12.5,4.36442037244109));
#3410=CARTESIAN_POINT('Ctrl Pts',(-7.70906504887016,-12.25,4.24385627375487));
#3411=CARTESIAN_POINT('Ctrl Pts',(-7.67835951578037,-12.25,4.29963359906471));
#3412=CARTESIAN_POINT('Ctrl Pts',(-7.61574867919109,-12.1958138443476,4.40988220849577));
#3413=CARTESIAN_POINT('Ctrl Pts',(-7.58879540595261,-12.0654793792573,4.45535456351036));
#3414=CARTESIAN_POINT('Ctrl Pts',(-7.58879540595261,-12.,4.45535456351036));
#3415=CARTESIAN_POINT('Origin',(-7.80438618453081,0.,4.58192713633735));
#3416=CARTESIAN_POINT('',(-7.58879540595261,-10.9,4.45535456351036));
#3417=CARTESIAN_POINT('',(-7.67190636847251,-10.9,4.79393916037646));
#3418=CARTESIAN_POINT('Origin',(-7.80438618453081,-10.9,4.58192713633735));
#3419=CARTESIAN_POINT('',(-7.67190636847251,0.,4.79393916037646));
#3420=CARTESIAN_POINT('',(-7.58879540595261,0.,4.45535456351036));
#3421=CARTESIAN_POINT('Ctrl Pts',(-7.58879540595261,-10.9,4.45535456351036));
#3422=CARTESIAN_POINT('Ctrl Pts',(-7.58879540595261,-10.7316693236307,4.45535456351036));
#3423=CARTESIAN_POINT('Ctrl Pts',(-7.52271361319302,-10.3383521646308,4.57150086485903));
#3424=CARTESIAN_POINT('Ctrl Pts',(-7.31948318856275,-10.15,4.89007105599737));
#3425=CARTESIAN_POINT('Ctrl Pts',(-7.19378443834505,-10.15,5.06847762692355));
#3426=CARTESIAN_POINT('Ctrl Pts',(-7.55624160466776,-10.9,4.51080338001086));
#3427=CARTESIAN_POINT('Ctrl Pts',(-7.55624160466776,-10.7461278759245,4.51080338001086));
#3428=CARTESIAN_POINT('Ctrl Pts',(-7.4942932511724,-10.386961222094,4.61726810001014));
#3429=CARTESIAN_POINT('Ctrl Pts',(-7.30819252684872,-10.2161438006006,4.9060571070187));
#3430=CARTESIAN_POINT('Ctrl Pts',(-7.19378443834505,-10.2154498469498,5.06847762692355));
#3431=CARTESIAN_POINT('Ctrl Pts',(-7.53646374136515,-10.9,4.64769295184782));
#3432=CARTESIAN_POINT('Ctrl Pts',(-7.53646374136515,-10.774820047323,4.64769295184782));
#3433=CARTESIAN_POINT('Ctrl Pts',(-7.48409585691901,-10.4835772719004,4.73631904831303));
#3434=CARTESIAN_POINT('Ctrl Pts',(-7.33198005460725,-10.3477832567574,4.96859928598121));
#3435=CARTESIAN_POINT('Ctrl Pts',(-7.23812308831769,-10.3457614940921,5.09971701939081));
#3436=CARTESIAN_POINT('Ctrl Pts',(-7.61737798885269,-10.9,4.75986604714276));
#3437=CARTESIAN_POINT('Ctrl Pts',(-7.61737798885269,-10.7874891342553,4.75986604714276));
#3438=CARTESIAN_POINT('Ctrl Pts',(-7.57199196079036,-10.5250646051602,4.84118681890472));
#3439=CARTESIAN_POINT('Ctrl Pts',(-7.43274839014438,-10.401104679538,5.05570716125071));
#3440=CARTESIAN_POINT('Ctrl Pts',(-7.34464966778901,-10.4,5.17477175439859));
#3441=CARTESIAN_POINT('Ctrl Pts',(-7.67190636847251,-10.9,4.79393916037646));
#3442=CARTESIAN_POINT('Ctrl Pts',(-7.67190636847251,-10.7877795490871,4.79393916037646));
#3443=CARTESIAN_POINT('Ctrl Pts',(-7.62820143127884,-10.5255681097539,4.87457027207341));
#3444=CARTESIAN_POINT('Ctrl Pts',(-7.48783841894293,-10.4,5.09234218407842));
#3445=CARTESIAN_POINT('Ctrl Pts',(-7.3981533144344,-10.4,5.21246846859752));
#3446=CARTESIAN_POINT('',(-7.19378443834505,-10.15,5.06847762692355));
#3447=CARTESIAN_POINT('',(-7.3981533144344,-10.4,5.21246846859752));
#3448=CARTESIAN_POINT('Origin',(-7.3981533144344,-10.15,5.21246846859752));
#3449=CARTESIAN_POINT('Ctrl Pts',(-7.3981533144344,-10.4,5.21246846859752));
#3450=CARTESIAN_POINT('Ctrl Pts',(-7.48783841894293,-10.4,5.09234218407842));
#3451=CARTESIAN_POINT('Ctrl Pts',(-7.62820143127884,-10.5255681097539,4.87457027207341));
#3452=CARTESIAN_POINT('Ctrl Pts',(-7.67190636847251,-10.7877795490871,4.79393916037646));
#3453=CARTESIAN_POINT('Ctrl Pts',(-7.67190636847251,-10.9,4.79393916037646));
#3454=CARTESIAN_POINT('Ctrl Pts',(-7.58879540595261,-10.9,4.45535456351036));
#3455=CARTESIAN_POINT('Ctrl Pts',(-7.58879540595261,-10.7316693236307,4.45535456351036));
#3456=CARTESIAN_POINT('Ctrl Pts',(-7.52271361319302,-10.3383521646308,4.57150086485903));
#3457=CARTESIAN_POINT('Ctrl Pts',(-7.31948318856275,-10.15,4.89007105599737));
#3458=CARTESIAN_POINT('Ctrl Pts',(-7.19378443834505,-10.15,5.06847762692355));
#3459=CARTESIAN_POINT('Origin',(0.,-10.15,0.));
#3460=CARTESIAN_POINT('',(-0.486187845303868,-10.15,8.78655913194003));
#3461=CARTESIAN_POINT('',(-0.5,-10.4,9.03617728909742));
#3462=CARTESIAN_POINT('Origin',(-0.5,-10.15,9.03617728909742));
#3463=CARTESIAN_POINT('Origin',(0.,-10.4,0.));
#3464=CARTESIAN_POINT('Origin',(0.,-10.15,0.));
#3465=CARTESIAN_POINT('Ctrl Pts',(-0.486187845303868,-10.15,8.78655913194003));
#3466=CARTESIAN_POINT('Ctrl Pts',(-0.422614538087425,-10.15,8.79007684220526));
#3467=CARTESIAN_POINT('Ctrl Pts',(-0.295939678456472,-10.0958138900701,
8.79540270604237));
#3468=CARTESIAN_POINT('Ctrl Pts',(-0.243093922651933,-9.96547937840848,
8.7966417083322));
#3469=CARTESIAN_POINT('Ctrl Pts',(-0.243093922651933,-9.9,8.7966417083322));
#3470=CARTESIAN_POINT('Ctrl Pts',(-0.486187845303868,-10.2154498469498,
8.78655913194003));
#3471=CARTESIAN_POINT('Ctrl Pts',(-0.405527501187657,-10.2148424756552,
8.79104200896058));
#3472=CARTESIAN_POINT('Ctrl Pts',(-0.24565562692916,-10.1460937929402,8.79731419310459));
#3473=CARTESIAN_POINT('Ctrl Pts',(-0.178819772959694,-9.98235218562291,
8.79841791517248));
#3474=CARTESIAN_POINT('Ctrl Pts',(-0.178819772959694,-9.9,8.79841791517248));
#3475=CARTESIAN_POINT('Ctrl Pts',(-0.489183605351224,-10.3457767431428,
8.84069956974706));
#3476=CARTESIAN_POINT('Ctrl Pts',(-0.374169504706992,-10.344007229277,8.84600584842915));
#3477=CARTESIAN_POINT('Ctrl Pts',(-0.147362282505024,-10.2461424780176,
8.85312772841764));
#3478=CARTESIAN_POINT('Ctrl Pts',(-0.0522357150481788,-10.0158353080498,
8.85417170438756));
#3479=CARTESIAN_POINT('Ctrl Pts',(-0.052235715048179,-9.9,8.85417170438756));
#3480=CARTESIAN_POINT('Ctrl Pts',(-0.496383986356365,-10.4,8.97082740837007));
#3481=CARTESIAN_POINT('Ctrl Pts',(-0.365995843484884,-10.399033147761,8.97502529157001));
#3482=CARTESIAN_POINT('Ctrl Pts',(-0.107810540117547,-10.2901531189588,
8.98105959112888));
#3483=CARTESIAN_POINT('Ctrl Pts',(1.82785055186078E-16,-10.0306198492022,
8.98224761470089));
#3484=CARTESIAN_POINT('Ctrl Pts',(1.07429621845173E-16,-9.9,8.98224761470089));
#3485=CARTESIAN_POINT('Ctrl Pts',(-0.5,-10.4,9.03617728909742));
#3486=CARTESIAN_POINT('Ctrl Pts',(-0.369241265838908,-10.4,9.03979493431336));
#3487=CARTESIAN_POINT('Ctrl Pts',(-0.108694111370699,-10.2916277801401,
9.04527210110039));
#3488=CARTESIAN_POINT('Ctrl Pts',(1.0302902564715E-16,-10.030958756817,
9.04654630231891));
#3489=CARTESIAN_POINT('Ctrl Pts',(1.04083408558608E-16,-9.9,9.04654630231891));
#3490=CARTESIAN_POINT('',(-0.243093922651933,-9.9,8.7966417083322));
#3491=CARTESIAN_POINT('',(-1.53200586862999E-16,-9.9,9.04654630231891));
#3492=CARTESIAN_POINT('Origin',(-0.25,-9.9,9.04654630231891));
#3493=CARTESIAN_POINT('Ctrl Pts',(1.04083408558608E-16,-9.9,9.04654630231891));
#3494=CARTESIAN_POINT('Ctrl Pts',(1.0302902564715E-16,-10.030958756817,
9.04654630231891));
#3495=CARTESIAN_POINT('Ctrl Pts',(-0.108694111370699,-10.2916277801401,
9.04527210110039));
#3496=CARTESIAN_POINT('Ctrl Pts',(-0.369241265838908,-10.4,9.03979493431336));
#3497=CARTESIAN_POINT('Ctrl Pts',(-0.5,-10.4,9.03617728909742));
#3498=CARTESIAN_POINT('Ctrl Pts',(-0.486187845303868,-10.15,8.78655913194003));
#3499=CARTESIAN_POINT('Ctrl Pts',(-0.422614538087425,-10.15,8.79007684220526));
#3500=CARTESIAN_POINT('Ctrl Pts',(-0.295939678456472,-10.0958138900701,
8.79540270604237));
#3501=CARTESIAN_POINT('Ctrl Pts',(-0.243093922651933,-9.96547937840848,
8.7966417083322));
#3502=CARTESIAN_POINT('Ctrl Pts',(-0.243093922651933,-9.9,8.7966417083322));
#3503=CARTESIAN_POINT('Origin',(-0.249999999999999,0.,9.04654630231891));
#3504=CARTESIAN_POINT('',(-0.243093922651933,-8.1,8.7966417083322));
#3505=CARTESIAN_POINT('',(-1.44227087848546E-17,-8.1,9.04654630231891));
#3506=CARTESIAN_POINT('Origin',(-0.249999999999999,-8.1,9.04654630231891));
#3507=CARTESIAN_POINT('',(0.,0.,9.04654630231891));
#3508=CARTESIAN_POINT('',(-0.243093922651933,0.,8.7966417083322));
#3509=CARTESIAN_POINT('Ctrl Pts',(-0.243093922651933,-8.1,8.7966417083322));
#3510=CARTESIAN_POINT('Ctrl Pts',(-0.243093922651933,-8.03452061378309,
8.7966417083322));
#3511=CARTESIAN_POINT('Ctrl Pts',(-0.295944390257303,-7.90418102759527,
8.79540256549645));
#3512=CARTESIAN_POINT('Ctrl Pts',(-0.42261453050629,-7.85,8.79007684262474));
#3513=CARTESIAN_POINT('Ctrl Pts',(-0.486187845303868,-7.85,8.78655913194003));
#3514=CARTESIAN_POINT('Ctrl Pts',(-0.178819772959694,-8.1,8.79841791517248));
#3515=CARTESIAN_POINT('Ctrl Pts',(-0.178819772959694,-8.01764780455657,
8.79841791517248));
#3516=CARTESIAN_POINT('Ctrl Pts',(-0.245661600369601,-7.85389984112114,
8.79731402547377));
#3517=CARTESIAN_POINT('Ctrl Pts',(-0.405527491568888,-7.78515752441721,
8.79104200949516));
#3518=CARTESIAN_POINT('Ctrl Pts',(-0.486187845303868,-7.78455015305021,
8.78655913194003));
#3519=CARTESIAN_POINT('Ctrl Pts',(-0.0522219396735556,-8.1,8.8541583044344));
#3520=CARTESIAN_POINT('Ctrl Pts',(-0.0522219396735556,-7.98416467813677,
8.8541583044344));
#3521=CARTESIAN_POINT('Ctrl Pts',(-0.147363354250888,-7.7538412108841,8.85311363084413));
#3522=CARTESIAN_POINT('Ctrl Pts',(-0.374168687633465,-7.65597823015307,
8.84599133049016));
#3523=CARTESIAN_POINT('Ctrl Pts',(-0.489182801993162,-7.65420871607622,
8.8406850511753));
#3524=CARTESIAN_POINT('Ctrl Pts',(4.91020744310566E-16,-8.1,8.98224761470089));
#3525=CARTESIAN_POINT('Ctrl Pts',(5.00084333861184E-16,-7.96938013522131,
8.98224761470089));
#3526=CARTESIAN_POINT('Ctrl Pts',(-0.107820290332262,-7.70983686077059,
8.98105943876276));
#3527=CARTESIAN_POINT('Ctrl Pts',(-0.36599582793606,-7.60096685235432,8.97502529207061));
#3528=CARTESIAN_POINT('Ctrl Pts',(-0.496383986356365,-7.6,8.97082740837007));
#3529=CARTESIAN_POINT('Ctrl Pts',(4.85722573273506E-16,-8.1,9.04654630231891));
#3530=CARTESIAN_POINT('Ctrl Pts',(4.94809033908751E-16,-7.96904122756617,
9.04654630231891));
#3531=CARTESIAN_POINT('Ctrl Pts',(-0.108703802688318,-7.70836205519053,
9.04527195656168));
#3532=CARTESIAN_POINT('Ctrl Pts',(-0.369241250245892,-7.6,9.03979493474477));
#3533=CARTESIAN_POINT('Ctrl Pts',(-0.5,-7.6,9.03617728909742));
#3534=CARTESIAN_POINT('',(-0.486187845303868,-7.85,8.78655913194003));
#3535=CARTESIAN_POINT('',(-0.5,-7.6,9.03617728909742));
#3536=CARTESIAN_POINT('Origin',(-0.5,-7.85,9.03617728909742));
#3537=CARTESIAN_POINT('Ctrl Pts',(-0.5,-7.6,9.03617728909742));
#3538=CARTESIAN_POINT('Ctrl Pts',(-0.369241250245892,-7.6,9.03979493474477));
#3539=CARTESIAN_POINT('Ctrl Pts',(-0.108703802688318,-7.70836205519053,
9.04527195656168));
#3540=CARTESIAN_POINT('Ctrl Pts',(4.94809033908751E-16,-7.96904122756617,
9.04654630231891));
#3541=CARTESIAN_POINT('Ctrl Pts',(4.85722573273506E-16,-8.1,9.04654630231891));
#3542=CARTESIAN_POINT('Ctrl Pts',(-0.243093922651933,-8.1,8.7966417083322));
#3543=CARTESIAN_POINT('Ctrl Pts',(-0.243093922651933,-8.03452061378309,
8.7966417083322));
#3544=CARTESIAN_POINT('Ctrl Pts',(-0.295944390257303,-7.90418102759527,
8.79540256549645));
#3545=CARTESIAN_POINT('Ctrl Pts',(-0.42261453050629,-7.85,8.79007684262474));
#3546=CARTESIAN_POINT('Ctrl Pts',(-0.486187845303868,-7.85,8.78655913194003));
#3547=CARTESIAN_POINT('Origin',(0.,-7.85,0.));
#3548=CARTESIAN_POINT('',(-7.19378443834505,-7.85,5.06847762692355));
#3549=CARTESIAN_POINT('',(-7.3981533144344,-7.6,5.21246846859752));
#3550=CARTESIAN_POINT('Origin',(-7.3981533144344,-7.85,5.21246846859752));
#3551=CARTESIAN_POINT('Origin',(0.,-7.6,0.));
#3552=CARTESIAN_POINT('Origin',(0.,-7.85,0.));
#3553=CARTESIAN_POINT('Ctrl Pts',(-7.19378443834505,-7.85,5.06847762692355));
#3554=CARTESIAN_POINT('Ctrl Pts',(-7.31948316043705,-7.85,4.8900710959167));
#3555=CARTESIAN_POINT('Ctrl Pts',(-7.52272382807449,-7.66163004073609,4.57148419637041));
#3556=CARTESIAN_POINT('Ctrl Pts',(-7.58879540595261,-7.26833063870448,4.45535456351036));
#3557=CARTESIAN_POINT('Ctrl Pts',(-7.58879540595261,-7.1,4.45535456351036));
#3558=CARTESIAN_POINT('Ctrl Pts',(-7.19378443834505,-7.78455015305021,5.06847762692355));
#3559=CARTESIAN_POINT('Ctrl Pts',(-7.30819250124936,-7.78385619955469,4.90605714336107));
#3560=CARTESIAN_POINT('Ctrl Pts',(-7.49430277013336,-7.61302270880293,4.61725289702294));
#3561=CARTESIAN_POINT('Ctrl Pts',(-7.55624160466776,-7.25387208964585,4.51080338001086));
#3562=CARTESIAN_POINT('Ctrl Pts',(-7.55624160466776,-7.1,4.51080338001086));
#3563=CARTESIAN_POINT('Ctrl Pts',(-7.23811170049467,-7.65422457543174,5.09970899594686));
#3564=CARTESIAN_POINT('Ctrl Pts',(-7.33196864578329,-7.65220281321881,4.96859129187549));
#3565=CARTESIAN_POINT('Ctrl Pts',(-7.48408785070602,-7.51640463592822,4.73630695849098));
#3566=CARTESIAN_POINT('Ctrl Pts',(-7.53644586107323,-7.22517992466741,4.64769734084922));
#3567=CARTESIAN_POINT('Ctrl Pts',(-7.53644586107323,-7.1,4.64769734084922));
#3568=CARTESIAN_POINT('Ctrl Pts',(-7.34464966778901,-7.6,5.17477175439859));
#3569=CARTESIAN_POINT('Ctrl Pts',(-7.43274837043186,-7.59889532070922,5.05570718789199));
#3570=CARTESIAN_POINT('Ctrl Pts',(-7.57199914484123,-7.4749241441321,4.84117516837418));
#3571=CARTESIAN_POINT('Ctrl Pts',(-7.61737798885269,-7.21251084056987,4.75986604714276));
#3572=CARTESIAN_POINT('Ctrl Pts',(-7.61737798885269,-7.1,4.75986604714276));
#3573=CARTESIAN_POINT('Ctrl Pts',(-7.3981533144344,-7.6,5.21246846859752));
#3574=CARTESIAN_POINT('Ctrl Pts',(-7.48783839887546,-7.6,5.09234221095726));
#3575=CARTESIAN_POINT('Ctrl Pts',(-7.62820838517172,-7.47442002715739,4.8745588131307));
#3576=CARTESIAN_POINT('Ctrl Pts',(-7.67190636847251,-7.21222042580299,4.79393916037646));
#3577=CARTESIAN_POINT('Ctrl Pts',(-7.67190636847251,-7.1,4.79393916037646));
#3578=CARTESIAN_POINT('',(-7.58879540595261,-7.1,4.45535456351036));
#3579=CARTESIAN_POINT('',(-7.67190636847251,-7.1,4.79393916037646));
#3580=CARTESIAN_POINT('Origin',(-7.80438618453081,-7.1,4.58192713633735));
#3581=CARTESIAN_POINT('Ctrl Pts',(-7.67190636847251,-7.1,4.79393916037646));
#3582=CARTESIAN_POINT('Ctrl Pts',(-7.67190636847251,-7.21222042580299,4.79393916037646));
#3583=CARTESIAN_POINT('Ctrl Pts',(-7.62820838517172,-7.47442002715739,4.8745588131307));
#3584=CARTESIAN_POINT('Ctrl Pts',(-7.48783839887546,-7.6,5.09234221095726));
#3585=CARTESIAN_POINT('Ctrl Pts',(-7.3981533144344,-7.6,5.21246846859752));
#3586=CARTESIAN_POINT('Ctrl Pts',(-7.19378443834505,-7.85,5.06847762692355));
#3587=CARTESIAN_POINT('Ctrl Pts',(-7.31948316043705,-7.85,4.8900710959167));
#3588=CARTESIAN_POINT('Ctrl Pts',(-7.52272382807449,-7.66163004073609,4.57148419637041));
#3589=CARTESIAN_POINT('Ctrl Pts',(-7.58879540595261,-7.26833063870448,4.45535456351036));
#3590=CARTESIAN_POINT('Ctrl Pts',(-7.58879540595261,-7.1,4.45535456351036));
#3591=CARTESIAN_POINT('Origin',(-7.80438618453081,0.,4.58192713633735));
#3592=CARTESIAN_POINT('',(-7.58879540595261,-6.,4.45535456351036));
#3593=CARTESIAN_POINT('',(-7.67190636847251,-6.,4.79393916037646));
#3594=CARTESIAN_POINT('Origin',(-7.80438618453081,-6.,4.58192713633735));
#3595=CARTESIAN_POINT('',(-7.67190636847251,0.,4.79393916037646));
#3596=CARTESIAN_POINT('',(-7.58879540595261,0.,4.45535456351036));
#3597=CARTESIAN_POINT('Ctrl Pts',(-7.58879540595261,-6.,4.45535456351036));
#3598=CARTESIAN_POINT('Ctrl Pts',(-7.58879540595261,-5.83166932363072,4.45535456351036));
#3599=CARTESIAN_POINT('Ctrl Pts',(-7.52271484617316,-5.4383501012669,4.57149883454693));
#3600=CARTESIAN_POINT('Ctrl Pts',(-7.31948318856275,-5.25,4.89007105599737));
#3601=CARTESIAN_POINT('Ctrl Pts',(-7.19378443834505,-5.25,5.06847762692355));
#3602=CARTESIAN_POINT('Ctrl Pts',(-7.55624160466776,-6.,4.51080338001086));
#3603=CARTESIAN_POINT('Ctrl Pts',(-7.55624160466776,-5.84612787592452,4.51080338001086));
#3604=CARTESIAN_POINT('Ctrl Pts',(-7.49429454795212,-5.48695913686533,4.61726618250283));
#3605=CARTESIAN_POINT('Ctrl Pts',(-7.30819252684873,-5.31614380060059,4.90605710701869));
#3606=CARTESIAN_POINT('Ctrl Pts',(-7.19378443834505,-5.31544984694979,5.06847762692355));
#3607=CARTESIAN_POINT('Ctrl Pts',(-7.53643467850769,-6.,4.6477000857874));
#3608=CARTESIAN_POINT('Ctrl Pts',(-7.53643467850769,-5.87482004732296,4.6477000857874));
#3609=CARTESIAN_POINT('Ctrl Pts',(-7.4840710953017,-5.58358403729547,4.73631799072668));
#3610=CARTESIAN_POINT('Ctrl Pts',(-7.33196154469262,-5.4478058995333,4.96858624457178));
#3611=CARTESIAN_POINT('Ctrl Pts',(-7.23810457840306,-5.445784136868,5.09970397798138));
#3612=CARTESIAN_POINT('Ctrl Pts',(-7.61737798885269,-6.,4.75986604714276));
#3613=CARTESIAN_POINT('Ctrl Pts',(-7.61737798885269,-5.88748913425528,4.75986604714276));
#3614=CARTESIAN_POINT('Ctrl Pts',(-7.57199313028385,-5.62506235018288,4.84118494504436));
#3615=CARTESIAN_POINT('Ctrl Pts',(-7.43274839014438,-5.50110467953796,5.05570716125071));
#3616=CARTESIAN_POINT('Ctrl Pts',(-7.34464966778901,-5.5,5.17477175439859));
#3617=CARTESIAN_POINT('Ctrl Pts',(-7.67190636847251,-6.,4.79393916037646));
#3618=CARTESIAN_POINT('Ctrl Pts',(-7.67190636847251,-5.88777954908715,4.79393916037646));
#3619=CARTESIAN_POINT('Ctrl Pts',(-7.62820226781613,-5.62556673417793,4.87456887457943));
#3620=CARTESIAN_POINT('Ctrl Pts',(-7.48783841894294,-5.5,5.09234218407842));
#3621=CARTESIAN_POINT('Ctrl Pts',(-7.3981533144344,-5.5,5.21246846859752));
#3622=CARTESIAN_POINT('',(-7.19378443834505,-5.25,5.06847762692355));
#3623=CARTESIAN_POINT('',(-7.3981533144344,-5.5,5.21246846859752));
#3624=CARTESIAN_POINT('Origin',(-7.3981533144344,-5.25,5.21246846859751));
#3625=CARTESIAN_POINT('Ctrl Pts',(-7.3981533144344,-5.5,5.21246846859752));
#3626=CARTESIAN_POINT('Ctrl Pts',(-7.48783841894294,-5.5,5.09234218407842));
#3627=CARTESIAN_POINT('Ctrl Pts',(-7.62820226781613,-5.62556673417793,4.87456887457943));
#3628=CARTESIAN_POINT('Ctrl Pts',(-7.67190636847251,-5.88777954908715,4.79393916037646));
#3629=CARTESIAN_POINT('Ctrl Pts',(-7.67190636847251,-6.,4.79393916037646));
#3630=CARTESIAN_POINT('Ctrl Pts',(-7.58879540595261,-6.,4.45535456351036));
#3631=CARTESIAN_POINT('Ctrl Pts',(-7.58879540595261,-5.83166932363072,4.45535456351036));
#3632=CARTESIAN_POINT('Ctrl Pts',(-7.52271484617316,-5.4383501012669,4.57149883454693));
#3633=CARTESIAN_POINT('Ctrl Pts',(-7.31948318856275,-5.25,4.89007105599737));
#3634=CARTESIAN_POINT('Ctrl Pts',(-7.19378443834505,-5.25,5.06847762692355));
#3635=CARTESIAN_POINT('Origin',(0.,-5.25,0.));
#3636=CARTESIAN_POINT('',(8.79817430862572,-5.25,0.179245181353392));
#3637=CARTESIAN_POINT('',(9.04812244239349,-5.5,0.184337374005477));
#3638=CARTESIAN_POINT('Origin',(9.04812244239349,-5.25,0.184337374005477));
#3639=CARTESIAN_POINT('Origin',(0.,-5.5,0.));
#3640=CARTESIAN_POINT('Origin',(0.,-5.25,0.));
#3641=CARTESIAN_POINT('Ctrl Pts',(8.79817430862572,-5.25,0.179245181353392));
#3642=CARTESIAN_POINT('Ctrl Pts',(8.80261960539318,-5.25,-0.0389503401017503));
#3643=CARTESIAN_POINT('Ctrl Pts',(8.79296216314061,-5.43836889814456,-0.416722862507952));
#3644=CARTESIAN_POINT('Ctrl Pts',(8.7827991763288,-5.83166938390561,-0.549944204695456));
#3645=CARTESIAN_POINT('Ctrl Pts',(8.7827991763288,-6.,-0.549944204695456));
#3646=CARTESIAN_POINT('Ctrl Pts',(8.79817430862572,-5.31544984694979,0.179245181353392));
#3647=CARTESIAN_POINT('Ctrl Pts',(8.80219850904968,-5.3161438003521,-0.0193836522686499));
#3648=CARTESIAN_POINT('Ctrl Pts',(8.79499363065029,-5.48697621885666,-0.362886004172189));
#3649=CARTESIAN_POINT('Ctrl Pts',(8.78681743662711,-5.84612793102218,-0.485771197803346));
#3650=CARTESIAN_POINT('Ctrl Pts',(8.78681743662711,-6.,-0.485771197803346));
#3651=CARTESIAN_POINT('Ctrl Pts',(8.85236120574645,-5.44580185866573,0.180349130861628));
#3652=CARTESIAN_POINT('Ctrl Pts',(8.85685204959666,-5.44782362060709,0.0191635116628529));
#3653=CARTESIAN_POINT('Ctrl Pts',(8.85307467821599,-5.58360414577756,-0.258456326822223));
#3654=CARTESIAN_POINT('Ctrl Pts',(8.84693268150026,-5.8748200921467,-0.361185443929996));
#3655=CARTESIAN_POINT('Ctrl Pts',(8.84693268150026,-6.,-0.361185443929996));
#3656=CARTESIAN_POINT('Ctrl Pts',(8.98268617399155,-5.5,0.183004241086605));
#3657=CARTESIAN_POINT('Ctrl Pts',(8.98914324706321,-5.5011046791424,0.0350310924454802));
#3658=CARTESIAN_POINT('Ctrl Pts',(8.98462254810218,-5.62507469676481,-0.220693228116532));
#3659=CARTESIAN_POINT('Ctrl Pts',(8.97677587214623,-5.88748917454254,-0.313475921010304));
#3660=CARTESIAN_POINT('Ctrl Pts',(8.97677587214623,-6.,-0.313475921010304));
#3661=CARTESIAN_POINT('Ctrl Pts',(9.04812244239349,-5.5,0.184337374005477));
#3662=CARTESIAN_POINT('Ctrl Pts',(9.05530099533575,-5.5,0.0345969503177289));
#3663=CARTESIAN_POINT('Ctrl Pts',(9.04989001243139,-5.62557926542971,-0.2244484423194));
#3664=CARTESIAN_POINT('Ctrl Pts',(9.04103539074104,-5.88777958927041,-0.315719912846805));
#3665=CARTESIAN_POINT('Ctrl Pts',(9.04103539074104,-6.,-0.315719912846805));
#3666=CARTESIAN_POINT('Ctrl Pts',(9.04103539074104,-6.,-0.315719912846805));
#3667=CARTESIAN_POINT('Ctrl Pts',(9.04103539074104,-5.88777958927041,-0.315719912846805));
#3668=CARTESIAN_POINT('Ctrl Pts',(9.04989001243139,-5.62557926542971,-0.2244484423194));
#3669=CARTESIAN_POINT('Ctrl Pts',(9.05530099533575,-5.5,0.0345969503177289));
#3670=CARTESIAN_POINT('Ctrl Pts',(9.04812244239349,-5.5,0.184337374005477));
#3671=CARTESIAN_POINT('Ctrl Pts',(8.79817430862572,-5.25,0.179245181353392));
#3672=CARTESIAN_POINT('Ctrl Pts',(8.80261960539318,-5.25,-0.0389503401017503));
#3673=CARTESIAN_POINT('Ctrl Pts',(8.79296216314061,-5.43836889814456,-0.416722862507952));
#3674=CARTESIAN_POINT('Ctrl Pts',(8.7827991763288,-5.83166938390561,-0.549944204695456));
#3675=CARTESIAN_POINT('Ctrl Pts',(8.7827991763288,-6.,-0.549944204695456));
#3676=CARTESIAN_POINT('Origin',(-9.6888001269979,-12.,0.838645128035924));
#3677=CARTESIAN_POINT('',(-10.1140519013384,-12.5,0.853495247223625));
#3678=CARTESIAN_POINT('',(-9.6888001269979,-12.5,0.838645128035924));
#3679=CARTESIAN_POINT('',(-10.1407394852336,-12.,0.35412242603971));
#3680=CARTESIAN_POINT('Ctrl Pts',(-10.1407394852336,-12.,0.354122426039709));
#3681=CARTESIAN_POINT('Ctrl Pts',(-10.1407394852336,-12.1309456570045,0.35412242603971));
#3682=CARTESIAN_POINT('Ctrl Pts',(-10.1358121234145,-12.3915896324743,0.462680776007153));
#3683=CARTESIAN_POINT('Ctrl Pts',(-10.1218395884109,-12.5,0.722900798398015));
#3684=CARTESIAN_POINT('Ctrl Pts',(-10.1140519013384,-12.5,0.853495247223624));
#3685=CARTESIAN_POINT('',(-9.70624987534915,-12.,0.338949714526376));
#3686=CARTESIAN_POINT('Origin',(-8.92824392358757,-12.5,2.90913795950367));
#3687=CARTESIAN_POINT('',(-8.86219752237474,-12.5,4.9481264206177));
#3688=CARTESIAN_POINT('',(-7.8605823374669,-12.5,4.3222477891618));
#3689=CARTESIAN_POINT('Origin',(0.,-12.5,0.));
#3690=CARTESIAN_POINT('Origin',(-7.8605823374669,-12.,4.3222477891618));
#3691=CARTESIAN_POINT('',(-8.60507679435238,-12.,5.37704875961696));
#3692=CARTESIAN_POINT('',(-7.5956227053503,-12.,4.74627183724001));
#3693=CARTESIAN_POINT('Ctrl Pts',(-8.86219752237474,-12.5,4.9481264206177));
#3694=CARTESIAN_POINT('Ctrl Pts',(-8.79562631312679,-12.5,5.06074895397329));
#3695=CARTESIAN_POINT('Ctrl Pts',(-8.66170201263579,-12.3915995166615,5.28428600442598));
#3696=CARTESIAN_POINT('Ctrl Pts',(-8.60507679435237,-12.1309456676625,5.37704875961696));
#3697=CARTESIAN_POINT('Ctrl Pts',(-8.60507679435237,-12.,5.37704875961696));
#3698=CARTESIAN_POINT('Origin',(-7.46282324617655,-5.5,4.6632895252522));
#3699=CARTESIAN_POINT('',(-8.60507679435238,-10.9,5.37704875961696));
#3700=CARTESIAN_POINT('',(-7.00951127734148,-10.9,4.3800287690735));
#3701=CARTESIAN_POINT('',(-8.60507679435238,0.,5.37704875961696));
#3702=CARTESIAN_POINT('Origin',(-6.74455164522488,-10.9,4.80405281715171));
#3703=CARTESIAN_POINT('',(-8.33227825814154,-10.4,5.79617451677413));
#3704=CARTESIAN_POINT('',(-6.74455164522488,-10.4,4.80405281715171));
#3705=CARTESIAN_POINT('Ctrl Pts',(-8.60507679435238,-10.9,5.37704875961696));
#3706=CARTESIAN_POINT('Ctrl Pts',(-8.60507679435238,-10.7503795420519,5.37704875961696));
#3707=CARTESIAN_POINT('Ctrl Pts',(-8.54407945276591,-10.4914637422217,5.48715513436807));
#3708=CARTESIAN_POINT('Ctrl Pts',(-8.39870295925044,-10.4,5.70552001445988));
#3709=CARTESIAN_POINT('Ctrl Pts',(-8.33227825814154,-10.4,5.79617451677413));
#3710=CARTESIAN_POINT('Origin',(-4.40985010001342,-10.4,7.5316447626261));
#3711=CARTESIAN_POINT('',(-0.5,-10.4,10.1376772487587));
#3712=CARTESIAN_POINT('',(-0.5,-10.4,8.16582238131305));
#3713=CARTESIAN_POINT('Origin',(0.,-10.4,0.));
#3714=CARTESIAN_POINT('Origin',(-0.5,-9.9,8.16582238131305));
#3715=CARTESIAN_POINT('',(-3.2442407503574E-17,-9.9,10.1469207151727));
#3716=CARTESIAN_POINT('',(0.,-9.9,8.16582238131305));
#3717=CARTESIAN_POINT('Ctrl Pts',(-0.5,-10.4,10.1376772487587));
#3718=CARTESIAN_POINT('Ctrl Pts',(-0.369213308653526,-10.4,10.1409025115121));
#3719=CARTESIAN_POINT('Ctrl Pts',(-0.108673975524349,-10.2915996154615,
10.1457848551341));
#3720=CARTESIAN_POINT('Ctrl Pts',(-3.02750511074065E-15,-10.0309456677889,
10.1469207151727));
#3721=CARTESIAN_POINT('Ctrl Pts',(-3.01841884819964E-15,-9.9,10.1469207151727));
#3722=CARTESIAN_POINT('Origin',(0.,-7.6,8.8));
#3723=CARTESIAN_POINT('',(2.45113348652715E-16,-8.1,10.1469207151727));
#3724=CARTESIAN_POINT('',(0.,-8.1,8.16582238131305));
#3725=CARTESIAN_POINT('',(-3.46944695195361E-17,0.,10.1469207151727));
#3726=CARTESIAN_POINT('Origin',(-0.5,-8.1,8.16582238131305));
#3727=CARTESIAN_POINT('',(-0.5,-7.6,10.1376772487587));
#3728=CARTESIAN_POINT('',(-0.5,-7.6,8.16582238131305));
#3729=CARTESIAN_POINT('Ctrl Pts',(-2.67147415300428E-15,-8.1,10.1469207151727));
#3730=CARTESIAN_POINT('Ctrl Pts',(-2.66238789121416E-15,-7.96905434303241,
10.1469207151727));
#3731=CARTESIAN_POINT('Ctrl Pts',(-0.108663764213692,-7.70840994920534,
10.1457849970374));
#3732=CARTESIAN_POINT('Ctrl Pts',(-0.369213319461672,-7.6,10.1409025112456));
#3733=CARTESIAN_POINT('Ctrl Pts',(-0.5,-7.6,10.1376772487587));
#3734=CARTESIAN_POINT('Origin',(-4.40985010001342,-7.6,7.5316447626261));
#3735=CARTESIAN_POINT('',(-8.33227825814154,-7.6,5.79617451677413));
#3736=CARTESIAN_POINT('',(-6.74455164522488,-7.6,4.80405281715171));
#3737=CARTESIAN_POINT('Origin',(0.,-7.6,0.));
#3738=CARTESIAN_POINT('Origin',(-6.74455164522488,-7.1,4.80405281715171));
#3739=CARTESIAN_POINT('',(-8.60507679435238,-7.1,5.37704875961696));
#3740=CARTESIAN_POINT('',(-7.00951127734148,-7.1,4.3800287690735));
#3741=CARTESIAN_POINT('Ctrl Pts',(-8.33227825814154,-7.6,5.79617451677413));
#3742=CARTESIAN_POINT('Ctrl Pts',(-8.42084454175876,-7.6,5.67530182590604));
#3743=CARTESIAN_POINT('Ctrl Pts',(-8.56085114372428,-7.47441322370827,5.45735286509871));
#3744=CARTESIAN_POINT('Ctrl Pts',(-8.60507679435238,-7.21221536306441,5.37704875961696));
#3745=CARTESIAN_POINT('Ctrl Pts',(-8.60507679435238,-7.1,5.37704875961696));
#3746=CARTESIAN_POINT('Origin',(-7.46282324617655,-5.5,4.6632895252522));
#3747=CARTESIAN_POINT('',(-8.60507679435237,-6.,5.37704875961696));
#3748=CARTESIAN_POINT('',(-3.73141162308826,-6.,2.33164476262612));
#3749=CARTESIAN_POINT('',(-8.60507679435238,0.,5.37704875961696));
#3750=CARTESIAN_POINT('Origin',(-3.46645199097166,-6.,2.75566881070433));
#3751=CARTESIAN_POINT('',(-8.33227825814154,-5.5,5.79617451677413));
#3752=CARTESIAN_POINT('',(-3.46645199097166,-5.5,2.75566881070433));
#3753=CARTESIAN_POINT('Ctrl Pts',(-8.60507679435237,-6.,5.37704875961696));
#3754=CARTESIAN_POINT('Ctrl Pts',(-8.60507679435237,-5.85037954205195,5.37704875961696));
#3755=CARTESIAN_POINT('Ctrl Pts',(-8.54408026482732,-5.59146228597323,5.48715424868627));
#3756=CARTESIAN_POINT('Ctrl Pts',(-8.39870295925044,-5.5,5.70552001445988));
#3757=CARTESIAN_POINT('Ctrl Pts',(-8.33227825814154,-5.5,5.79617451677413));
#3758=CARTESIAN_POINT('Origin',(0.,-5.5,0.));
#3759=CARTESIAN_POINT('',(10.1489513980409,-5.5,0.145895579795472));
#3760=CARTESIAN_POINT('',(5.21428204885055,-5.5,0.31821803065654));
#3761=CARTESIAN_POINT('Origin',(0.,-5.5,0.));
#3762=CARTESIAN_POINT('Origin',(5.21428204885055,-6.,0.31821803065654));
#3763=CARTESIAN_POINT('',(10.1407394852336,-6.,-0.354122426039709));
#3764=CARTESIAN_POINT('',(5.1968323004993,-6.,-0.181477382853008));
#3765=CARTESIAN_POINT('Ctrl Pts',(10.1489513980409,-5.5,0.145895579795472));
#3766=CARTESIAN_POINT('Ctrl Pts',(10.1547850238757,-5.5,-0.00383806000974969));
#3767=CARTESIAN_POINT('Ctrl Pts',(10.1489802076823,-5.62558617093596,-0.262817352501726));
#3768=CARTESIAN_POINT('Ctrl Pts',(10.1407394852336,-5.88778463671509,-0.354122426039708));
#3769=CARTESIAN_POINT('Ctrl Pts',(10.1407394852336,-6.,-0.354122426039708));
#3770=CARTESIAN_POINT('Origin',(10.3936646009986,-5.5,-0.362954765706012));
#3771=CARTESIAN_POINT('',(10.1407394852336,-12.,-0.354122426039709));
#3772=CARTESIAN_POINT('',(9.70624987534915,-12.,-0.338949714526374));
#3773=CARTESIAN_POINT('',(10.1407394852336,0.,-0.354122426039709));
#3774=CARTESIAN_POINT('Origin',(0.,0.,0.));
#3775=CARTESIAN_POINT('',(-8.8,0.,1.07768918324967E-15));
#3776=CARTESIAN_POINT('',(-8.8,0.,-1.07768918324967E-15));
#3777=CARTESIAN_POINT('Origin',(0.,0.,0.));
#3778=CARTESIAN_POINT('Origin',(8.73755661041067,0.,-5.16503673557786));
#3779=CARTESIAN_POINT('',(8.60507679435237,-10.9,-5.37704875961696));
#3780=CARTESIAN_POINT('',(8.95276736436168,-10.9,-5.29225438916352));
#3781=CARTESIAN_POINT('Origin',(8.73755661041067,-10.9,-5.16503673557786));
#3782=CARTESIAN_POINT('',(8.95276736436168,-12.,-5.29225438916352));
#3783=CARTESIAN_POINT('',(8.95276736436168,0.,-5.29225438916352));
#3784=CARTESIAN_POINT('',(8.60507679435237,-12.,-5.37704875961696));
#3785=CARTESIAN_POINT('Origin',(8.73755661041067,-12.,-5.16503673557786));
#3786=CARTESIAN_POINT('',(8.60507679435237,0.,-5.37704875961696));
#3787=CARTESIAN_POINT('Ctrl Pts',(8.95276736436168,-12.,-5.29225438916352));
#3788=CARTESIAN_POINT('Ctrl Pts',(8.95276736436168,-12.0654728338313,-5.29225438916351));
#3789=CARTESIAN_POINT('Ctrl Pts',(8.98128383254595,-12.1957997583311,-5.24442224266532));
#3790=CARTESIAN_POINT('Ctrl Pts',(9.04777407584926,-12.25,-5.12857531211467));
#3791=CARTESIAN_POINT('Ctrl Pts',(9.08047824952683,-12.25,-5.07000145560829));
#3792=CARTESIAN_POINT('Ctrl Pts',(8.91893956776004,-12.,-5.34947998172828));
#3793=CARTESIAN_POINT('Ctrl Pts',(8.91893956776004,-12.082918137608,-5.34947998172828));
#3794=CARTESIAN_POINT('Ctrl Pts',(8.95521031370927,-12.2480388034958,-5.2894858975117));
#3795=CARTESIAN_POINT('Ctrl Pts',(9.03943828954851,-12.3159915105407,-5.14354083965127));
#3796=CARTESIAN_POINT('Ctrl Pts',(9.08047824952683,-12.3154498469498,-5.07000145560829));
#3797=CARTESIAN_POINT('Ctrl Pts',(8.80335674598328,-12.,-5.43484340460064));
#3798=CARTESIAN_POINT('Ctrl Pts',(8.80335674598328,-12.1174966277052,-5.43484340460064));
#3799=CARTESIAN_POINT('Ctrl Pts',(8.85482652742278,-12.3518228383593,-5.35066858448072));
#3800=CARTESIAN_POINT('Ctrl Pts',(8.97484706594489,-12.4473276153467,-5.14597396191565));
#3801=CARTESIAN_POINT('Ctrl Pts',(9.03311092496837,-12.4457495341246,-5.04355434590102));
#3802=CARTESIAN_POINT('Ctrl Pts',(8.66145182898124,-12.,-5.41227579096937));
#3803=CARTESIAN_POINT('Ctrl Pts',(8.66145182898125,-12.1315211057204,-5.41227579096937));
#3804=CARTESIAN_POINT('Ctrl Pts',(8.71842357193316,-12.3932504202796,-5.31908811283526));
#3805=CARTESIAN_POINT('Ctrl Pts',(8.85296647839731,-12.5008622545391,-5.09340488306299));
#3806=CARTESIAN_POINT('Ctrl Pts',(8.91934328311151,-12.5,-4.98003323016624));
#3807=CARTESIAN_POINT('Ctrl Pts',(8.60507679435237,-12.,-5.37704875961696));
#3808=CARTESIAN_POINT('Ctrl Pts',(8.60507679435237,-12.1309456676626,-5.37704875961696));
#3809=CARTESIAN_POINT('Ctrl Pts',(8.66170201263583,-12.3915995166621,-5.2842860044259));
#3810=CARTESIAN_POINT('Ctrl Pts',(8.79562631312679,-12.5,-5.06074895397329));
#3811=CARTESIAN_POINT('Ctrl Pts',(8.86219752237474,-12.5,-4.94812642061771));
#3812=CARTESIAN_POINT('',(9.08047824952683,-12.25,-5.07000145560829));
#3813=CARTESIAN_POINT('',(8.86219752237474,-12.5,-4.94812642061771));
#3814=CARTESIAN_POINT('Origin',(8.86219752237474,-12.25,-4.94812642061771));
#3815=CARTESIAN_POINT('Ctrl Pts',(8.86219752237474,-12.5,-4.94812642061771));
#3816=CARTESIAN_POINT('Ctrl Pts',(8.79562631312679,-12.5,-5.06074895397329));
#3817=CARTESIAN_POINT('Ctrl Pts',(8.66170201263583,-12.3915995166621,-5.2842860044259));
#3818=CARTESIAN_POINT('Ctrl Pts',(8.60507679435237,-12.1309456676626,-5.37704875961696));
#3819=CARTESIAN_POINT('Ctrl Pts',(8.60507679435237,-12.,-5.37704875961696));
#3820=CARTESIAN_POINT('Ctrl Pts',(8.95276736436168,-12.,-5.29225438916352));
#3821=CARTESIAN_POINT('Ctrl Pts',(8.95276736436168,-12.0654728338313,-5.29225438916351));
#3822=CARTESIAN_POINT('Ctrl Pts',(8.98128383254595,-12.1957997583311,-5.24442224266532));
#3823=CARTESIAN_POINT('Ctrl Pts',(9.04777407584926,-12.25,-5.12857531211467));
#3824=CARTESIAN_POINT('Ctrl Pts',(9.08047824952683,-12.25,-5.07000145560829));
#3825=CARTESIAN_POINT('Origin',(0.,-12.25,0.));
#3826=CARTESIAN_POINT('',(10.3631664801891,-12.25,-0.874517297647851));
#3827=CARTESIAN_POINT('',(10.1140519013384,-12.5,-0.853495247223623));
#3828=CARTESIAN_POINT('Origin',(10.1140519013384,-12.25,-0.853495247223624));
#3829=CARTESIAN_POINT('Origin',(0.,-12.5,0.));
#3830=CARTESIAN_POINT('Origin',(0.,-12.25,0.));
#3831=CARTESIAN_POINT('Ctrl Pts',(10.3631664801891,-12.25,-0.874517297647851));
#3832=CARTESIAN_POINT('Ctrl Pts',(10.3688075758592,-12.25,-0.807669433441163));
#3833=CARTESIAN_POINT('Ctrl Pts',(10.3784657619085,-12.1957948162372,-0.674442038607961));
#3834=CARTESIAN_POINT('Ctrl Pts',(10.3815716211826,-12.0654728285023,-0.618846244439667));
#3835=CARTESIAN_POINT('Ctrl Pts',(10.3815716211826,-12.,-0.618846244439667));
#3836=CARTESIAN_POINT('Ctrl Pts',(10.3631664801891,-12.3154498469498,-0.874517297647851));
#3837=CARTESIAN_POINT('Ctrl Pts',(10.3702655124955,-12.3159915104966,-0.790601137665226));
#3838=CARTESIAN_POINT('Ctrl Pts',(10.3820491694554,-12.2480325530645,-0.622501110723878));
#3839=CARTESIAN_POINT('Ctrl Pts',(10.3855272520622,-12.0829181308591,-0.552487814292062));
#3840=CARTESIAN_POINT('Ctrl Pts',(10.3855272520622,-12.,-0.552487814292062));
#3841=CARTESIAN_POINT('Ctrl Pts',(10.309119180059,-12.445760601026,-0.869956404127007));
#3842=CARTESIAN_POINT('Ctrl Pts',(10.318088573528,-12.4473386821196,-0.752465967352327));
#3843=CARTESIAN_POINT('Ctrl Pts',(10.3330519118171,-12.3518195102047,-0.51563673363454));
#3844=CARTESIAN_POINT('Ctrl Pts',(10.3374516541481,-12.1174966181418,-0.417074060542756));
#3845=CARTESIAN_POINT('Ctrl Pts',(10.3374516541481,-12.,-0.417074060542756));
#3846=CARTESIAN_POINT('Ctrl Pts',(10.1792699455733,-12.5,-0.858998807154969));
#3847=CARTESIAN_POINT('Ctrl Pts',(10.1876377035927,-12.500862254469,-0.727892019760779));
#3848=CARTESIAN_POINT('Ctrl Pts',(10.2022975303526,-12.3932405314733,-0.465546684611106));
#3849=CARTESIAN_POINT('Ctrl Pts',(10.2071752130376,-12.1315210950155,-0.356442412776369));
#3850=CARTESIAN_POINT('Ctrl Pts',(10.2071752130376,-12.,-0.356442412776369));
#3851=CARTESIAN_POINT('Ctrl Pts',(10.1140519013384,-12.5,-0.853495247223624));
#3852=CARTESIAN_POINT('Ctrl Pts',(10.1218395884109,-12.5,-0.722900798398013));
#3853=CARTESIAN_POINT('Ctrl Pts',(10.1358121234145,-12.3915896324743,-0.462680776007148));
#3854=CARTESIAN_POINT('Ctrl Pts',(10.1407394852336,-12.1309456570045,-0.354122426039708));
#3855=CARTESIAN_POINT('Ctrl Pts',(10.1407394852336,-12.,-0.354122426039708));
#3856=CARTESIAN_POINT('',(10.3815716211826,-12.,-0.618846244439667));
#3857=CARTESIAN_POINT('Origin',(10.132014611058,-12.,-0.603970132794482));
#3858=CARTESIAN_POINT('Ctrl Pts',(10.1407394852336,-12.,-0.354122426039708));
#3859=CARTESIAN_POINT('Ctrl Pts',(10.1407394852336,-12.1309456570045,-0.354122426039708));
#3860=CARTESIAN_POINT('Ctrl Pts',(10.1358121234145,-12.3915896324743,-0.462680776007148));
#3861=CARTESIAN_POINT('Ctrl Pts',(10.1218395884109,-12.5,-0.722900798398013));
#3862=CARTESIAN_POINT('Ctrl Pts',(10.1140519013384,-12.5,-0.853495247223624));
#3863=CARTESIAN_POINT('Ctrl Pts',(10.3631664801891,-12.25,-0.874517297647851));
#3864=CARTESIAN_POINT('Ctrl Pts',(10.3688075758592,-12.25,-0.807669433441163));
#3865=CARTESIAN_POINT('Ctrl Pts',(10.3784657619085,-12.1957948162372,-0.674442038607961));
#3866=CARTESIAN_POINT('Ctrl Pts',(10.3815716211826,-12.0654728285023,-0.618846244439667));
#3867=CARTESIAN_POINT('Ctrl Pts',(10.3815716211826,-12.,-0.618846244439667));
#3868=CARTESIAN_POINT('Origin',(10.132014611058,0.,-0.603970132794483));
#3869=CARTESIAN_POINT('',(10.3815716211826,-6.,-0.618846244439667));
#3870=CARTESIAN_POINT('Origin',(10.132014611058,-6.,-0.603970132794483));
#3871=CARTESIAN_POINT('',(10.3815716211826,0.,-0.618846244439667));
#3872=CARTESIAN_POINT('Ctrl Pts',(10.3815716211826,-6.,-0.618846244439667));
#3873=CARTESIAN_POINT('Ctrl Pts',(10.3815716211826,-5.83167695507264,-0.618846244439667));
#3874=CARTESIAN_POINT('Ctrl Pts',(10.3916519579055,-5.43837925640394,-0.478425016554758));
#3875=CARTESIAN_POINT('Ctrl Pts',(10.4022309832061,-5.25,-0.0804457528511148));
#3876=CARTESIAN_POINT('Ctrl Pts',(10.3989255704064,-5.25,0.149489066982553));
#3877=CARTESIAN_POINT('Ctrl Pts',(10.3855272520622,-6.,-0.552487814292062));
#3878=CARTESIAN_POINT('Ctrl Pts',(10.3855272520622,-5.84662690443613,-0.552487814292062));
#3879=CARTESIAN_POINT('Ctrl Pts',(10.3936148682579,-5.48782221728918,-0.425253002754964));
#3880=CARTESIAN_POINT('Ctrl Pts',(10.4019298271391,-5.31483093400451,-0.0608899566179676));
#3881=CARTESIAN_POINT('Ctrl Pts',(10.3989255704064,-5.31544984694979,0.149489066982553));
#3882=CARTESIAN_POINT('Ctrl Pts',(10.3374866253654,-6.,-0.41704224552512));
#3883=CARTESIAN_POINT('Ctrl Pts',(10.3374866253654,-5.87625933059702,-0.41704224552512));
#3884=CARTESIAN_POINT('Ctrl Pts',(10.3432823625234,-5.58604538128323,-0.316929546827216));
#3885=CARTESIAN_POINT('Ctrl Pts',(10.3482483826763,-5.4439889685428,-0.0216311518208739));
#3886=CARTESIAN_POINT('Ctrl Pts',(10.3447232784751,-5.44579210782221,0.148709885518635));
#3887=CARTESIAN_POINT('Ctrl Pts',(10.2071752130376,-6.,-0.356442412776369));
#3888=CARTESIAN_POINT('Ctrl Pts',(10.2071752130376,-5.88827776483349,-0.356442412776369));
#3889=CARTESIAN_POINT('Ctrl Pts',(10.2144368626843,-5.62641314997553,-0.266230622274831));
#3890=CARTESIAN_POINT('Ctrl Pts',(10.2196355427586,-5.49901477502763,-0.00419960791524713));
#3891=CARTESIAN_POINT('Ctrl Pts',(10.2143944833318,-5.5,0.146836352541114));
#3892=CARTESIAN_POINT('Ctrl Pts',(10.1407394852336,-6.,-0.354122426039708));
#3893=CARTESIAN_POINT('Ctrl Pts',(10.1407394852336,-5.88778463671509,-0.354122426039708));
#3894=CARTESIAN_POINT('Ctrl Pts',(10.1489802076823,-5.62558617093596,-0.262817352501726));
#3895=CARTESIAN_POINT('Ctrl Pts',(10.1547850238757,-5.5,-0.00383806000974969));
#3896=CARTESIAN_POINT('Ctrl Pts',(10.1489513980409,-5.5,0.145895579795472));
#3897=CARTESIAN_POINT('',(10.3989255704064,-5.25,0.149489066982553));
#3898=CARTESIAN_POINT('Origin',(10.1489513980409,-5.25,0.145895579795472));
#3899=CARTESIAN_POINT('Ctrl Pts',(10.3815716211826,-6.,-0.618846244439667));
#3900=CARTESIAN_POINT('Ctrl Pts',(10.3815716211826,-5.83167695507264,-0.618846244439667));
#3901=CARTESIAN_POINT('Ctrl Pts',(10.3916519579055,-5.43837925640394,-0.478425016554758));
#3902=CARTESIAN_POINT('Ctrl Pts',(10.4022309832061,-5.25,-0.0804457528511148));
#3903=CARTESIAN_POINT('Ctrl Pts',(10.3989255704064,-5.25,0.149489066982553));
#3904=CARTESIAN_POINT('Origin',(0.,-5.25,0.));
#3905=CARTESIAN_POINT('',(-8.53750678666719,-5.25,5.9389374359065));
#3906=CARTESIAN_POINT('Origin',(-8.33227825814154,-5.25,5.79617451677413));
#3907=CARTESIAN_POINT('Origin',(0.,-5.25,0.));
#3908=CARTESIAN_POINT('Ctrl Pts',(-8.5375067866672,-5.25,5.93893743590649));
#3909=CARTESIAN_POINT('Ctrl Pts',(-8.63599544245496,-5.25,5.79735527979317));
#3910=CARTESIAN_POINT('Ctrl Pts',(-8.85614324747737,-5.38719342895985,5.45968358762097));
#3911=CARTESIAN_POINT('Ctrl Pts',(-8.95276736436168,-5.77556931307792,5.29225438916352));
#3912=CARTESIAN_POINT('Ctrl Pts',(-8.95276736436168,-6.,5.29225438916351));
#3913=CARTESIAN_POINT('Ctrl Pts',(-8.5375067866672,-5.31544984694979,5.93893743590649));
#3914=CARTESIAN_POINT('Ctrl Pts',(-8.62760659480936,-5.31498566232283,5.80938834179465));
#3915=CARTESIAN_POINT('Ctrl Pts',(-8.8300724116023,-5.44080873261049,5.50067142143766));
#3916=CARTESIAN_POINT('Ctrl Pts',(-8.91893956776004,-5.79550257537452,5.34947998172828));
#3917=CARTESIAN_POINT('Ctrl Pts',(-8.91893956776004,-6.,5.34947998172828));
#3918=CARTESIAN_POINT('Ctrl Pts',(-8.49299288965969,-5.44577520809693,5.90797227758079));
#3919=CARTESIAN_POINT('Ctrl Pts',(-8.56662483396199,-5.44442285387629,5.80353636589349));
#3920=CARTESIAN_POINT('Ctrl Pts',(-8.73246266696769,-5.54747485023392,5.55394817480685));
#3921=CARTESIAN_POINT('Ctrl Pts',(-8.80336587394007,-5.83501246994258,5.43488083284597));
#3922=CARTESIAN_POINT('Ctrl Pts',(-8.80336587394007,-6.,5.43488083284597));
#3923=CARTESIAN_POINT('Ctrl Pts',(-8.38600696126848,-5.5,5.8335497616034));
#3924=CARTESIAN_POINT('Ctrl Pts',(-8.45260940383325,-5.49926108140126,5.74183698571498));
#3925=CARTESIAN_POINT('Ctrl Pts',(-8.59990178985943,-5.591740393807,5.52091631933271));
#3926=CARTESIAN_POINT('Ctrl Pts',(-8.66145182898125,-5.85103704609366,5.41227579096937));
#3927=CARTESIAN_POINT('Ctrl Pts',(-8.66145182898125,-6.,5.41227579096937));
#3928=CARTESIAN_POINT('Ctrl Pts',(-8.33227825814154,-5.5,5.79617451677413));
#3929=CARTESIAN_POINT('Ctrl Pts',(-8.39870295925044,-5.5,5.70552001445988));
#3930=CARTESIAN_POINT('Ctrl Pts',(-8.54408026482732,-5.59146228597323,5.48715424868627));
#3931=CARTESIAN_POINT('Ctrl Pts',(-8.60507679435237,-5.85037954205195,5.37704875961696));
#3932=CARTESIAN_POINT('Ctrl Pts',(-8.60507679435237,-6.,5.37704875961696));
#3933=CARTESIAN_POINT('',(-8.95276736436168,-6.,5.29225438916351));
#3934=CARTESIAN_POINT('Origin',(-8.73755661041068,-6.,5.16503673557785));
#3935=CARTESIAN_POINT('Ctrl Pts',(-8.5375067866672,-5.25,5.93893743590649));
#3936=CARTESIAN_POINT('Ctrl Pts',(-8.63599544245496,-5.25,5.79735527979317));
#3937=CARTESIAN_POINT('Ctrl Pts',(-8.85614324747737,-5.38719342895985,5.45968358762097));
#3938=CARTESIAN_POINT('Ctrl Pts',(-8.95276736436168,-5.77556931307792,5.29225438916352));
#3939=CARTESIAN_POINT('Ctrl Pts',(-8.95276736436168,-6.,5.29225438916351));
#3940=CARTESIAN_POINT('Origin',(-8.73755661041068,0.,5.16503673557785));
#3941=CARTESIAN_POINT('',(-8.95276736436168,-7.1,5.29225438916351));
#3942=CARTESIAN_POINT('Origin',(-8.73755661041068,-7.1,5.16503673557785));
#3943=CARTESIAN_POINT('',(-8.95276736436168,0.,5.29225438916351));
#3944=CARTESIAN_POINT('Ctrl Pts',(-8.95276736436168,-7.1,5.29225438916351));
#3945=CARTESIAN_POINT('Ctrl Pts',(-8.95276736436168,-7.26832304459662,5.29225438916351));
#3946=CARTESIAN_POINT('Ctrl Pts',(-8.88260121409275,-7.6616198355624,5.41430665836718));
#3947=CARTESIAN_POINT('Ctrl Pts',(-8.66882501732474,-7.85,5.75016119477729));
#3948=CARTESIAN_POINT('Ctrl Pts',(-8.53750678666719,-7.85,5.9389374359065));
#3949=CARTESIAN_POINT('Ctrl Pts',(-8.91893956776004,-7.1,5.34947998172828));
#3950=CARTESIAN_POINT('Ctrl Pts',(-8.91893956776004,-7.2533730952625,5.34947998172828));
#3951=CARTESIAN_POINT('Ctrl Pts',(-8.85449511811862,-7.61217689914958,5.45948581749822));
#3952=CARTESIAN_POINT('Ctrl Pts',(-8.65763988517663,-7.78516906599428,5.76620528024874));
#3953=CARTESIAN_POINT('Ctrl Pts',(-8.53750678666719,-7.78455015305021,5.9389374359065));
#3954=CARTESIAN_POINT('Ctrl Pts',(-8.80336254605152,-7.1,5.43486718718223));
#3955=CARTESIAN_POINT('Ctrl Pts',(-8.80336254605152,-7.22374066915984,5.43486718718223));
#3956=CARTESIAN_POINT('Ctrl Pts',(-8.75218050561623,-7.51396354537974,5.5211140631904));
#3957=CARTESIAN_POINT('Ctrl Pts',(-8.59116114857106,-7.65603729144655,5.76871902580875));
#3958=CARTESIAN_POINT('Ctrl Pts',(-8.49298520568389,-7.65423415217069,5.90796693238427));
#3959=CARTESIAN_POINT('Ctrl Pts',(-8.66145182898125,-7.1,5.41227579096937));
#3960=CARTESIAN_POINT('Ctrl Pts',(-8.66145182898125,-7.21172223494698,5.41227579096937));
#3961=CARTESIAN_POINT('Ctrl Pts',(-8.61702572261621,-7.47358590062425,5.491126198319));
#3962=CARTESIAN_POINT('Ctrl Pts',(-8.47481023353492,-7.60098522497043,5.71126603905659));
#3963=CARTESIAN_POINT('Ctrl Pts',(-8.38600696126848,-7.6,5.8335497616034));
#3964=CARTESIAN_POINT('Ctrl Pts',(-8.60507679435238,-7.1,5.37704875961696));
#3965=CARTESIAN_POINT('Ctrl Pts',(-8.60507679435238,-7.21221536306441,5.37704875961696));
#3966=CARTESIAN_POINT('Ctrl Pts',(-8.56085114372428,-7.47441322370827,5.45735286509871));
#3967=CARTESIAN_POINT('Ctrl Pts',(-8.42084454175876,-7.6,5.67530182590604));
#3968=CARTESIAN_POINT('Ctrl Pts',(-8.33227825814154,-7.6,5.79617451677413));
#3969=CARTESIAN_POINT('',(-8.53750678666719,-7.85,5.9389374359065));
#3970=CARTESIAN_POINT('Origin',(-8.33227825814154,-7.85,5.79617451677413));
#3971=CARTESIAN_POINT('Ctrl Pts',(-8.95276736436168,-7.1,5.29225438916351));
#3972=CARTESIAN_POINT('Ctrl Pts',(-8.95276736436168,-7.26832304459662,5.29225438916351));
#3973=CARTESIAN_POINT('Ctrl Pts',(-8.88260121409275,-7.6616198355624,5.41430665836718));
#3974=CARTESIAN_POINT('Ctrl Pts',(-8.66882501732474,-7.85,5.75016119477729));
#3975=CARTESIAN_POINT('Ctrl Pts',(-8.53750678666719,-7.85,5.9389374359065));
#3976=CARTESIAN_POINT('Origin',(0.,-7.85,0.));
#3977=CARTESIAN_POINT('',(-0.51231527093596,-7.85,10.3873737327183));
#3978=CARTESIAN_POINT('Origin',(-0.499999999999999,-7.85,10.1376772487587));
#3979=CARTESIAN_POINT('Origin',(0.,-7.85,0.));
#3980=CARTESIAN_POINT('Ctrl Pts',(-0.512315270935959,-7.85,10.3873737327183));
#3981=CARTESIAN_POINT('Ctrl Pts',(-0.44531125726115,-7.85,10.3906784351679));
#3982=CARTESIAN_POINT('Ctrl Pts',(-0.311827741272037,-7.90420497460267,
10.3956811792304));
#3983=CARTESIAN_POINT('Ctrl Pts',(-0.25615763546798,-8.0345271715162,10.3968448707188));
#3984=CARTESIAN_POINT('Ctrl Pts',(-0.25615763546798,-8.1,10.3968448707188));
#3985=CARTESIAN_POINT('Ctrl Pts',(-0.512315270935959,-7.78455015305021,
10.3873737327183));
#3986=CARTESIAN_POINT('Ctrl Pts',(-0.428202477779824,-7.78400848950353,
10.3915398087363));
#3987=CARTESIAN_POINT('Ctrl Pts',(-0.259793378912824,-7.85196722104119,
10.3974496693112));
#3988=CARTESIAN_POINT('Ctrl Pts',(-0.189701579556237,-8.0170818691643,10.3984822161208));
#3989=CARTESIAN_POINT('Ctrl Pts',(-0.189701579556237,-8.1,10.3984822161208));
#3990=CARTESIAN_POINT('Ctrl Pts',(-0.509644465396251,-7.65421735245608,
10.3332222036068));
#3991=CARTESIAN_POINT('Ctrl Pts',(-0.391912573336597,-7.65263927136294,
10.3380857760515));
#3992=CARTESIAN_POINT('Ctrl Pts',(-0.154692803309622,-7.74816893884798,
10.3447756398785));
#3993=CARTESIAN_POINT('Ctrl Pts',(-0.0560250277316969,-7.98250338189131,
10.3457337115701));
#3994=CARTESIAN_POINT('Ctrl Pts',(-0.056025027731697,-8.1,10.3457337115701));
#3995=CARTESIAN_POINT('Ctrl Pts',(-0.503224130391615,-7.6,10.2030476353949));
#3996=CARTESIAN_POINT('Ctrl Pts',(-0.371905179203574,-7.59913774553129,
10.2068347351067));
#3997=CARTESIAN_POINT('Ctrl Pts',(-0.109207800159376,-7.70675925558679,
10.2123299173477));
#3998=CARTESIAN_POINT('Ctrl Pts',(-2.66494325327589E-15,-7.96847890502158,
10.2133969384958));
#3999=CARTESIAN_POINT('Ctrl Pts',(-2.67406880497112E-15,-8.1,10.2133969384958));
#4000=CARTESIAN_POINT('Ctrl Pts',(-0.5,-7.6,10.1376772487587));
#4001=CARTESIAN_POINT('Ctrl Pts',(-0.369213319461672,-7.6,10.1409025112456));
#4002=CARTESIAN_POINT('Ctrl Pts',(-0.108663764213692,-7.70840994920534,
10.1457849970374));
#4003=CARTESIAN_POINT('Ctrl Pts',(-2.66238789121416E-15,-7.96905434303241,
10.1469207151727));
#4004=CARTESIAN_POINT('Ctrl Pts',(-2.67147415300428E-15,-8.1,10.1469207151727));
#4005=CARTESIAN_POINT('',(-0.25615763546798,-8.1,10.3968448707188));
#4006=CARTESIAN_POINT('Origin',(-0.25,-8.1,10.1469207151727));
#4007=CARTESIAN_POINT('Ctrl Pts',(-0.512315270935959,-7.85,10.3873737327183));
#4008=CARTESIAN_POINT('Ctrl Pts',(-0.44531125726115,-7.85,10.3906784351679));
#4009=CARTESIAN_POINT('Ctrl Pts',(-0.311827741272037,-7.90420497460267,
10.3956811792304));
#4010=CARTESIAN_POINT('Ctrl Pts',(-0.25615763546798,-8.0345271715162,10.3968448707188));
#4011=CARTESIAN_POINT('Ctrl Pts',(-0.25615763546798,-8.1,10.3968448707188));
#4012=CARTESIAN_POINT('Origin',(-0.249999999999999,0.,10.1469207151727));
#4013=CARTESIAN_POINT('',(-0.25615763546798,-9.9,10.3968448707188));
#4014=CARTESIAN_POINT('Origin',(-0.249999999999999,-9.9,10.1469207151727));
#4015=CARTESIAN_POINT('',(-0.25615763546798,0.,10.3968448707188));
#4016=CARTESIAN_POINT('Ctrl Pts',(-0.25615763546798,-9.9,10.3968448707188));
#4017=CARTESIAN_POINT('Ctrl Pts',(-0.25615763546798,-9.96547283389443,10.3968448707188));
#4018=CARTESIAN_POINT('Ctrl Pts',(-0.311832972682424,-10.0957998077308,
10.3956810338319));
#4019=CARTESIAN_POINT('Ctrl Pts',(-0.445311251723974,-10.15,10.390678435441));
#4020=CARTESIAN_POINT('Ctrl Pts',(-0.512315270935962,-10.15,10.3873737327183));
#4021=CARTESIAN_POINT('Ctrl Pts',(-0.189701579556238,-9.9,10.3984822161208));
#4022=CARTESIAN_POINT('Ctrl Pts',(-0.189701579556238,-9.98291813768801,
10.3984822161208));
#4023=CARTESIAN_POINT('Ctrl Pts',(-0.259799962393574,-10.148038856936,10.3974495294204));
#4024=CARTESIAN_POINT('Ctrl Pts',(-0.428202470828787,-10.2159915105412,
10.3915398090806));
#4025=CARTESIAN_POINT('Ctrl Pts',(-0.512315270935962,-10.2154498469498,
10.3873737327183));
#4026=CARTESIAN_POINT('Ctrl Pts',(-0.0560371816882403,-9.9,10.3457212544758));
#4027=CARTESIAN_POINT('Ctrl Pts',(-0.0560371816882403,-10.0174966278185,
10.3457212544758));
#4028=CARTESIAN_POINT('Ctrl Pts',(-0.154707967749379,-10.2518337499996,
10.3447634474499));
#4029=CARTESIAN_POINT('Ctrl Pts',(-0.391911992260334,-10.3473491304242,
10.3380741921912));
#4030=CARTESIAN_POINT('Ctrl Pts',(-0.509643894049294,-10.3457710492006,
10.3332106193446));
#4031=CARTESIAN_POINT('Ctrl Pts',(-3.01726566954771E-15,-9.9,10.2133969384958));
#4032=CARTESIAN_POINT('Ctrl Pts',(-3.02639122199708E-15,-10.0315211058472,
10.2133969384958));
#4033=CARTESIAN_POINT('Ctrl Pts',(-0.109218002900547,-10.2932504710558,
10.2123297721842));
#4034=CARTESIAN_POINT('Ctrl Pts',(-0.371905168351442,-10.40086225454,10.2068347354197));
#4035=CARTESIAN_POINT('Ctrl Pts',(-0.503224130391616,-10.4,10.2030476353949));
#4036=CARTESIAN_POINT('Ctrl Pts',(-3.01841884819964E-15,-9.9,10.1469207151727));
#4037=CARTESIAN_POINT('Ctrl Pts',(-3.02750511074065E-15,-10.0309456677889,
10.1469207151727));
#4038=CARTESIAN_POINT('Ctrl Pts',(-0.108673975524349,-10.2915996154615,
10.1457848551341));
#4039=CARTESIAN_POINT('Ctrl Pts',(-0.369213308653526,-10.4,10.1409025115121));
#4040=CARTESIAN_POINT('Ctrl Pts',(-0.5,-10.4,10.1376772487587));
#4041=CARTESIAN_POINT('',(-0.512315270935962,-10.15,10.3873737327183));
#4042=CARTESIAN_POINT('Origin',(-0.5,-10.15,10.1376772487587));
#4043=CARTESIAN_POINT('Ctrl Pts',(-0.25615763546798,-9.9,10.3968448707188));
#4044=CARTESIAN_POINT('Ctrl Pts',(-0.25615763546798,-9.96547283389443,10.3968448707188));
#4045=CARTESIAN_POINT('Ctrl Pts',(-0.311832972682424,-10.0957998077308,
10.3956810338319));
#4046=CARTESIAN_POINT('Ctrl Pts',(-0.445311251723974,-10.15,10.390678435441));
#4047=CARTESIAN_POINT('Ctrl Pts',(-0.512315270935962,-10.15,10.3873737327183));
#4048=CARTESIAN_POINT('Origin',(0.,-10.15,0.));
#4049=CARTESIAN_POINT('',(-8.53750678666719,-10.15,5.9389374359065));
#4050=CARTESIAN_POINT('Origin',(-8.33227825814154,-10.15,5.79617451677413));
#4051=CARTESIAN_POINT('Origin',(0.,-10.15,0.));
#4052=CARTESIAN_POINT('Ctrl Pts',(-8.53750678666719,-10.15,5.9389374359065));
#4053=CARTESIAN_POINT('Ctrl Pts',(-8.63599544245496,-10.15,5.79735527979317));
#4054=CARTESIAN_POINT('Ctrl Pts',(-8.85614209467368,-10.2871956133326,5.45968500841012));
#4055=CARTESIAN_POINT('Ctrl Pts',(-8.95276736436168,-10.6755693130779,5.29225438916351));
#4056=CARTESIAN_POINT('Ctrl Pts',(-8.95276736436168,-10.9,5.29225438916351));
#4057=CARTESIAN_POINT('Ctrl Pts',(-8.53750678666719,-10.2154498469498,5.9389374359065));
#4058=CARTESIAN_POINT('Ctrl Pts',(-8.62760659480936,-10.2149856623228,5.80938834179466));
#4059=CARTESIAN_POINT('Ctrl Pts',(-8.83007121985643,-10.3408108347412,5.50067279387709));
#4060=CARTESIAN_POINT('Ctrl Pts',(-8.91893956776004,-10.6955025753745,5.34947998172828));
#4061=CARTESIAN_POINT('Ctrl Pts',(-8.91893956776004,-10.9,5.34947998172828));
#4062=CARTESIAN_POINT('Ctrl Pts',(-8.49297587090208,-10.3457544766254,5.9079604388392));
#4063=CARTESIAN_POINT('Ctrl Pts',(-8.56660781520439,-10.3444021224047,5.8035245271519));
#4064=CARTESIAN_POINT('Ctrl Pts',(-8.73244828434992,-10.4474627755404,5.55393082847991));
#4065=CARTESIAN_POINT('Ctrl Pts',(-8.80335850320779,-10.7350124699426,5.43485060991847));
#4066=CARTESIAN_POINT('Ctrl Pts',(-8.80335850320779,-10.9,5.43485060991847));
#4067=CARTESIAN_POINT('Ctrl Pts',(-8.38600696126848,-10.4,5.8335497616034));
#4068=CARTESIAN_POINT('Ctrl Pts',(-8.45260940383325,-10.3992610814013,5.74183698571498));
#4069=CARTESIAN_POINT('Ctrl Pts',(-8.59990056947336,-10.4917423350579,5.52091784124554));
#4070=CARTESIAN_POINT('Ctrl Pts',(-8.66145182898125,-10.7510370460937,5.41227579096937));
#4071=CARTESIAN_POINT('Ctrl Pts',(-8.66145182898125,-10.9,5.41227579096937));
#4072=CARTESIAN_POINT('Ctrl Pts',(-8.33227825814154,-10.4,5.79617451677413));
#4073=CARTESIAN_POINT('Ctrl Pts',(-8.39870295925044,-10.4,5.70552001445988));
#4074=CARTESIAN_POINT('Ctrl Pts',(-8.54407945276591,-10.4914637422217,5.48715513436807));
#4075=CARTESIAN_POINT('Ctrl Pts',(-8.60507679435238,-10.7503795420519,5.37704875961696));
#4076=CARTESIAN_POINT('Ctrl Pts',(-8.60507679435238,-10.9,5.37704875961696));
#4077=CARTESIAN_POINT('',(-8.95276736436168,-10.9,5.29225438916351));
#4078=CARTESIAN_POINT('Origin',(-8.73755661041068,-10.9,5.16503673557785));
#4079=CARTESIAN_POINT('Ctrl Pts',(-8.53750678666719,-10.15,5.9389374359065));
#4080=CARTESIAN_POINT('Ctrl Pts',(-8.63599544245496,-10.15,5.79735527979317));
#4081=CARTESIAN_POINT('Ctrl Pts',(-8.85614209467368,-10.2871956133326,5.45968500841012));
#4082=CARTESIAN_POINT('Ctrl Pts',(-8.95276736436168,-10.6755693130779,5.29225438916351));
#4083=CARTESIAN_POINT('Ctrl Pts',(-8.95276736436168,-10.9,5.29225438916351));
#4084=CARTESIAN_POINT('Origin',(-8.73755661041068,0.,5.16503673557785));
#4085=CARTESIAN_POINT('',(-8.95276736436168,-12.,5.29225438916351));
#4086=CARTESIAN_POINT('Origin',(-8.73755661041068,-12.,5.16503673557785));
#4087=CARTESIAN_POINT('',(-8.95276736436168,0.,5.29225438916351));
#4088=CARTESIAN_POINT('Ctrl Pts',(-8.95276736436168,-12.,5.29225438916351));
#4089=CARTESIAN_POINT('Ctrl Pts',(-8.95276736436168,-12.0654728338313,5.29225438916351));
#4090=CARTESIAN_POINT('Ctrl Pts',(-8.98128383254592,-12.1957997583307,5.24442224266536));
#4091=CARTESIAN_POINT('Ctrl Pts',(-9.04777407584926,-12.25,5.12857531211467));
#4092=CARTESIAN_POINT('Ctrl Pts',(-9.08047824952683,-12.25,5.07000145560828));
#4093=CARTESIAN_POINT('Ctrl Pts',(-8.91893956776004,-12.,5.34947998172828));
#4094=CARTESIAN_POINT('Ctrl Pts',(-8.91893956776004,-12.082918137608,5.34947998172828));
#4095=CARTESIAN_POINT('Ctrl Pts',(-8.95521031370924,-12.2480388034954,5.28948589751175));
#4096=CARTESIAN_POINT('Ctrl Pts',(-9.03943828954852,-12.3159915105407,5.14354083965126));
#4097=CARTESIAN_POINT('Ctrl Pts',(-9.08047824952683,-12.3154498469498,5.07000145560828));
#4098=CARTESIAN_POINT('Ctrl Pts',(-8.80335674598328,-12.,5.43484340460063));
#4099=CARTESIAN_POINT('Ctrl Pts',(-8.80335674598328,-12.1174966277052,5.43484340460063));
#4100=CARTESIAN_POINT('Ctrl Pts',(-8.85482652742274,-12.3518228383587,5.35066858448079));
#4101=CARTESIAN_POINT('Ctrl Pts',(-8.97484706594489,-12.4473276153467,5.14597396191565));
#4102=CARTESIAN_POINT('Ctrl Pts',(-9.03311092496837,-12.4457495341246,5.04355434590102));
#4103=CARTESIAN_POINT('Ctrl Pts',(-8.66145182898125,-12.,5.41227579096937));
#4104=CARTESIAN_POINT('Ctrl Pts',(-8.66145182898125,-12.1315211057204,5.41227579096937));
#4105=CARTESIAN_POINT('Ctrl Pts',(-8.71842357193311,-12.3932504202789,5.31908811283533));
#4106=CARTESIAN_POINT('Ctrl Pts',(-8.85296647839731,-12.5008622545391,5.09340488306298));
#4107=CARTESIAN_POINT('Ctrl Pts',(-8.91934328311151,-12.5,4.98003323016624));
#4108=CARTESIAN_POINT('Ctrl Pts',(-8.60507679435237,-12.,5.37704875961696));
#4109=CARTESIAN_POINT('Ctrl Pts',(-8.60507679435237,-12.1309456676625,5.37704875961696));
#4110=CARTESIAN_POINT('Ctrl Pts',(-8.66170201263579,-12.3915995166615,5.28428600442598));
#4111=CARTESIAN_POINT('Ctrl Pts',(-8.79562631312679,-12.5,5.06074895397329));
#4112=CARTESIAN_POINT('Ctrl Pts',(-8.86219752237474,-12.5,4.9481264206177));
#4113=CARTESIAN_POINT('',(-9.08047824952683,-12.25,5.07000145560828));
#4114=CARTESIAN_POINT('Origin',(-8.86219752237474,-12.25,4.9481264206177));
#4115=CARTESIAN_POINT('Ctrl Pts',(-8.95276736436168,-12.,5.29225438916351));
#4116=CARTESIAN_POINT('Ctrl Pts',(-8.95276736436168,-12.0654728338313,5.29225438916351));
#4117=CARTESIAN_POINT('Ctrl Pts',(-8.98128383254592,-12.1957997583307,5.24442224266536));
#4118=CARTESIAN_POINT('Ctrl Pts',(-9.04777407584926,-12.25,5.12857531211467));
#4119=CARTESIAN_POINT('Ctrl Pts',(-9.08047824952683,-12.25,5.07000145560828));
#4120=CARTESIAN_POINT('Origin',(0.,-12.25,0.));
#4121=CARTESIAN_POINT('',(-10.3631664801891,-12.25,0.874517297647853));
#4122=CARTESIAN_POINT('Origin',(-10.1140519013384,-12.25,0.853495247223625));
#4123=CARTESIAN_POINT('Origin',(0.,-12.25,0.));
#4124=CARTESIAN_POINT('Ctrl Pts',(-10.3631664801891,-12.25,0.87451729764785));
#4125=CARTESIAN_POINT('Ctrl Pts',(-10.3688075758592,-12.25,0.807669433441163));
#4126=CARTESIAN_POINT('Ctrl Pts',(-10.3784657619085,-12.1957948162372,0.674442038607964));
#4127=CARTESIAN_POINT('Ctrl Pts',(-10.3815716211826,-12.0654728285023,0.618846244439669));
#4128=CARTESIAN_POINT('Ctrl Pts',(-10.3815716211826,-12.,0.618846244439669));
#4129=CARTESIAN_POINT('Ctrl Pts',(-10.3631664801891,-12.3154498469498,0.87451729764785));
#4130=CARTESIAN_POINT('Ctrl Pts',(-10.3702655124955,-12.3159915104966,0.790601137665226));
#4131=CARTESIAN_POINT('Ctrl Pts',(-10.3820491694554,-12.2480325530644,0.622501110723881));
#4132=CARTESIAN_POINT('Ctrl Pts',(-10.3855272520622,-12.0829181308591,0.552487814292065));
#4133=CARTESIAN_POINT('Ctrl Pts',(-10.3855272520622,-12.,0.552487814292064));
#4134=CARTESIAN_POINT('Ctrl Pts',(-10.309119180059,-12.445760601026,0.869956404127006));
#4135=CARTESIAN_POINT('Ctrl Pts',(-10.318088573528,-12.4473386821196,0.752465967352327));
#4136=CARTESIAN_POINT('Ctrl Pts',(-10.3330519118171,-12.3518195102046,0.515636733634543));
#4137=CARTESIAN_POINT('Ctrl Pts',(-10.3374516541481,-12.1174966181418,0.417074060542758));
#4138=CARTESIAN_POINT('Ctrl Pts',(-10.3374516541481,-12.,0.417074060542758));
#4139=CARTESIAN_POINT('Ctrl Pts',(-10.1792699455733,-12.5,0.858998807154969));
#4140=CARTESIAN_POINT('Ctrl Pts',(-10.1876377035927,-12.500862254469,0.72789201976078));
#4141=CARTESIAN_POINT('Ctrl Pts',(-10.2022975303525,-12.3932405314732,0.46554668461111));
#4142=CARTESIAN_POINT('Ctrl Pts',(-10.2071752130376,-12.1315210950155,0.356442412776371));
#4143=CARTESIAN_POINT('Ctrl Pts',(-10.2071752130376,-12.,0.356442412776371));
#4144=CARTESIAN_POINT('Ctrl Pts',(-10.1140519013384,-12.5,0.853495247223624));
#4145=CARTESIAN_POINT('Ctrl Pts',(-10.1218395884109,-12.5,0.722900798398015));
#4146=CARTESIAN_POINT('Ctrl Pts',(-10.1358121234145,-12.3915896324743,0.462680776007153));
#4147=CARTESIAN_POINT('Ctrl Pts',(-10.1407394852336,-12.1309456570045,0.35412242603971));
#4148=CARTESIAN_POINT('Ctrl Pts',(-10.1407394852336,-12.,0.354122426039709));
#4149=CARTESIAN_POINT('',(-10.3815716211826,-12.,0.618846244439669));
#4150=CARTESIAN_POINT('Origin',(-10.132014611058,-12.,0.603970132794484));
#4151=CARTESIAN_POINT('Ctrl Pts',(-10.3631664801891,-12.25,0.87451729764785));
#4152=CARTESIAN_POINT('Ctrl Pts',(-10.3688075758592,-12.25,0.807669433441163));
#4153=CARTESIAN_POINT('Ctrl Pts',(-10.3784657619085,-12.1957948162372,0.674442038607964));
#4154=CARTESIAN_POINT('Ctrl Pts',(-10.3815716211826,-12.0654728285023,0.618846244439669));
#4155=CARTESIAN_POINT('Ctrl Pts',(-10.3815716211826,-12.,0.618846244439669));
#4156=CARTESIAN_POINT('Origin',(-10.132014611058,0.,0.603970132794485));
#4157=CARTESIAN_POINT('',(-10.3815716211826,-6.,0.618846244439669));
#4158=CARTESIAN_POINT('',(-10.1407394852336,-6.,0.35412242603971));
#4159=CARTESIAN_POINT('Origin',(-10.132014611058,-6.,0.603970132794485));
#4160=CARTESIAN_POINT('',(-10.1407394852336,0.,0.35412242603971));
#4161=CARTESIAN_POINT('',(-10.3815716211826,0.,0.618846244439669));
#4162=CARTESIAN_POINT('Ctrl Pts',(-10.3815716211826,-6.,0.618846244439669));
#4163=CARTESIAN_POINT('Ctrl Pts',(-10.3815716211826,-5.83167695507265,0.618846244439672));
#4164=CARTESIAN_POINT('Ctrl Pts',(-10.3916519579055,-5.43837925640393,0.47842501655476));
#4165=CARTESIAN_POINT('Ctrl Pts',(-10.4022309832061,-5.24999999999999,0.0804457528511061));
#4166=CARTESIAN_POINT('Ctrl Pts',(-10.3989255704064,-5.25,-0.149489066982564));
#4167=CARTESIAN_POINT('Ctrl Pts',(-10.3855272520622,-6.,0.552487814292064));
#4168=CARTESIAN_POINT('Ctrl Pts',(-10.3855272520622,-5.84662690443614,0.552487814292067));
#4169=CARTESIAN_POINT('Ctrl Pts',(-10.3936148682579,-5.48782221728917,0.425253002754966));
#4170=CARTESIAN_POINT('Ctrl Pts',(-10.4019298271391,-5.3148309340045,0.0608899566179608));
#4171=CARTESIAN_POINT('Ctrl Pts',(-10.3989255704064,-5.31544984694979,-0.149489066982562));
#4172=CARTESIAN_POINT('Ctrl Pts',(-10.3374866253654,-6.,0.417042245525122));
#4173=CARTESIAN_POINT('Ctrl Pts',(-10.3374866253654,-5.87625933059702,0.417042245525124));
#4174=CARTESIAN_POINT('Ctrl Pts',(-10.3432823625234,-5.58604538128321,0.31692954682722));
#4175=CARTESIAN_POINT('Ctrl Pts',(-10.3482483826763,-5.4439889685428,0.0216311518208711));
#4176=CARTESIAN_POINT('Ctrl Pts',(-10.3447232784751,-5.44579210782221,-0.14870988551864));
#4177=CARTESIAN_POINT('Ctrl Pts',(-10.2071752130376,-6.,0.356442412776371));
#4178=CARTESIAN_POINT('Ctrl Pts',(-10.2071752130376,-5.8882777648335,0.356442412776373));
#4179=CARTESIAN_POINT('Ctrl Pts',(-10.2144368626843,-5.62641314997552,0.266230622274834));
#4180=CARTESIAN_POINT('Ctrl Pts',(-10.2196355427586,-5.49901477502763,0.00419960791524605));
#4181=CARTESIAN_POINT('Ctrl Pts',(-10.2143944833318,-5.5,-0.146836352541117));
#4182=CARTESIAN_POINT('Ctrl Pts',(-10.1407394852336,-6.,0.354122426039709));
#4183=CARTESIAN_POINT('Ctrl Pts',(-10.1407394852336,-5.8877846367151,0.354122426039711));
#4184=CARTESIAN_POINT('Ctrl Pts',(-10.1489802076823,-5.62558617093595,0.26281735250173));
#4185=CARTESIAN_POINT('Ctrl Pts',(-10.1547850238757,-5.5,0.00383806000974875));
#4186=CARTESIAN_POINT('Ctrl Pts',(-10.1489513980409,-5.5,-0.145895579795475));
#4187=CARTESIAN_POINT('',(-10.3989255704064,-5.25,-0.149489066982564));
#4188=CARTESIAN_POINT('',(-10.1489513980409,-5.5,-0.145895579795473));
#4189=CARTESIAN_POINT('Origin',(-10.1489513980409,-5.25,-0.145895579795483));
#4190=CARTESIAN_POINT('Ctrl Pts',(-10.1489513980409,-5.5,-0.145895579795475));
#4191=CARTESIAN_POINT('Ctrl Pts',(-10.1547850238757,-5.5,0.00383806000974875));
#4192=CARTESIAN_POINT('Ctrl Pts',(-10.1489802076823,-5.62558617093595,0.26281735250173));
#4193=CARTESIAN_POINT('Ctrl Pts',(-10.1407394852336,-5.8877846367151,0.354122426039711));
#4194=CARTESIAN_POINT('Ctrl Pts',(-10.1407394852336,-6.,0.354122426039709));
#4195=CARTESIAN_POINT('',(-10.399892247672,-5.26476597900859,-0.000190419478175233));
#4196=CARTESIAN_POINT('Ctrl Pts',(-10.3815716211826,-6.,0.618846244439669));
#4197=CARTESIAN_POINT('Ctrl Pts',(-10.3815716211826,-5.83167695507265,0.618846244439672));
#4198=CARTESIAN_POINT('Ctrl Pts',(-10.3903957618699,-5.48739140981444,0.495924093682554));
#4199=CARTESIAN_POINT('Ctrl Pts',(-10.3996020440442,-5.30013339987373,0.175637063908966));
#4200=CARTESIAN_POINT('Ctrl Pts',(-10.3998526630084,-5.26493631186886,-0.000260373335621606));
#4201=CARTESIAN_POINT('Ctrl Pts',(-10.3998526630084,-5.26493631186886,-0.000260373335621606));
#4202=CARTESIAN_POINT('Ctrl Pts',(-10.3999225623873,-5.25511959828556,-0.0493193966624315));
#4203=CARTESIAN_POINT('Ctrl Pts',(-10.399646422447,-5.25,-0.0993443515953585));
#4204=CARTESIAN_POINT('Ctrl Pts',(-10.3989255704064,-5.25,-0.149489066982564));
#4205=CARTESIAN_POINT('Origin',(0.,-5.25,0.));
#4206=CARTESIAN_POINT('',(8.53750678666719,-5.25,-5.9389374359065));
#4207=CARTESIAN_POINT('',(8.33227825814154,-5.5,-5.79617451677413));
#4208=CARTESIAN_POINT('Origin',(8.33227825814154,-5.25,-5.79617451677413));
#4209=CARTESIAN_POINT('Origin',(0.,-5.5,0.));
#4210=CARTESIAN_POINT('Origin',(0.,-5.25,0.));
#4211=CARTESIAN_POINT('Ctrl Pts',(8.53750678666719,-5.25,-5.9389374359065));
#4212=CARTESIAN_POINT('Ctrl Pts',(8.63599544245495,-5.25,-5.79735527979318));
#4213=CARTESIAN_POINT('Ctrl Pts',(8.85614324747737,-5.38719342895985,-5.45968358762097));
#4214=CARTESIAN_POINT('Ctrl Pts',(8.95276736436168,-5.77556931307793,-5.29225438916352));
#4215=CARTESIAN_POINT('Ctrl Pts',(8.95276736436168,-6.,-5.29225438916352));
#4216=CARTESIAN_POINT('Ctrl Pts',(8.53750678666719,-5.31544984694979,-5.9389374359065));
#4217=CARTESIAN_POINT('Ctrl Pts',(8.62760659480936,-5.31498566232283,-5.80938834179466));
#4218=CARTESIAN_POINT('Ctrl Pts',(8.8300724116023,-5.44080873261049,-5.50067142143766));
#4219=CARTESIAN_POINT('Ctrl Pts',(8.91893956776004,-5.79550257537452,-5.34947998172828));
#4220=CARTESIAN_POINT('Ctrl Pts',(8.91893956776004,-6.,-5.34947998172828));
#4221=CARTESIAN_POINT('Ctrl Pts',(8.49299288965969,-5.44577520809693,-5.90797227758079));
#4222=CARTESIAN_POINT('Ctrl Pts',(8.56662483396199,-5.44442285387628,-5.8035363658935));
#4223=CARTESIAN_POINT('Ctrl Pts',(8.73246266696768,-5.54747485023392,-5.55394817480685));
#4224=CARTESIAN_POINT('Ctrl Pts',(8.80336587394007,-5.83501246994258,-5.43488083284598));
#4225=CARTESIAN_POINT('Ctrl Pts',(8.80336587394007,-6.,-5.43488083284598));
#4226=CARTESIAN_POINT('Ctrl Pts',(8.38600696126847,-5.5,-5.83354976160341));
#4227=CARTESIAN_POINT('Ctrl Pts',(8.45260940383325,-5.49926108140126,-5.74183698571499));
#4228=CARTESIAN_POINT('Ctrl Pts',(8.59990178985943,-5.591740393807,-5.52091631933271));
#4229=CARTESIAN_POINT('Ctrl Pts',(8.66145182898125,-5.85103704609367,-5.41227579096937));
#4230=CARTESIAN_POINT('Ctrl Pts',(8.66145182898125,-6.,-5.41227579096937));
#4231=CARTESIAN_POINT('Ctrl Pts',(8.33227825814154,-5.5,-5.79617451677413));
#4232=CARTESIAN_POINT('Ctrl Pts',(8.39870295925044,-5.5,-5.70552001445988));
#4233=CARTESIAN_POINT('Ctrl Pts',(8.54408026482732,-5.59146228597323,-5.48715424868627));
#4234=CARTESIAN_POINT('Ctrl Pts',(8.60507679435237,-5.85037954205195,-5.37704875961696));
#4235=CARTESIAN_POINT('Ctrl Pts',(8.60507679435237,-6.,-5.37704875961696));
#4236=CARTESIAN_POINT('',(8.95276736436168,-6.,-5.29225438916352));
#4237=CARTESIAN_POINT('',(8.60507679435237,-6.,-5.37704875961696));
#4238=CARTESIAN_POINT('Origin',(8.73755661041067,-6.,-5.16503673557786));
#4239=CARTESIAN_POINT('Ctrl Pts',(8.60507679435237,-6.,-5.37704875961696));
#4240=CARTESIAN_POINT('Ctrl Pts',(8.60507679435237,-5.85037954205195,-5.37704875961696));
#4241=CARTESIAN_POINT('Ctrl Pts',(8.54408026482732,-5.59146228597323,-5.48715424868627));
#4242=CARTESIAN_POINT('Ctrl Pts',(8.39870295925044,-5.5,-5.70552001445988));
#4243=CARTESIAN_POINT('Ctrl Pts',(8.33227825814154,-5.5,-5.79617451677413));
#4244=CARTESIAN_POINT('Ctrl Pts',(8.53750678666719,-5.25,-5.9389374359065));
#4245=CARTESIAN_POINT('Ctrl Pts',(8.63599544245495,-5.25,-5.79735527979318));
#4246=CARTESIAN_POINT('Ctrl Pts',(8.85614324747737,-5.38719342895985,-5.45968358762097));
#4247=CARTESIAN_POINT('Ctrl Pts',(8.95276736436168,-5.77556931307793,-5.29225438916352));
#4248=CARTESIAN_POINT('Ctrl Pts',(8.95276736436168,-6.,-5.29225438916352));
#4249=CARTESIAN_POINT('Origin',(8.73755661041067,0.,-5.16503673557786));
#4250=CARTESIAN_POINT('',(8.95276736436168,-7.1,-5.29225438916352));
#4251=CARTESIAN_POINT('',(8.60507679435237,-7.1,-5.37704875961696));
#4252=CARTESIAN_POINT('Origin',(8.73755661041067,-7.1,-5.16503673557786));
#4253=CARTESIAN_POINT('',(8.60507679435237,0.,-5.37704875961696));
#4254=CARTESIAN_POINT('',(8.95276736436168,0.,-5.29225438916352));
#4255=CARTESIAN_POINT('Ctrl Pts',(8.95276736436168,-7.1,-5.29225438916352));
#4256=CARTESIAN_POINT('Ctrl Pts',(8.95276736436168,-7.26832304459662,-5.29225438916352));
#4257=CARTESIAN_POINT('Ctrl Pts',(8.88260121409275,-7.6616198355624,-5.41430665836719));
#4258=CARTESIAN_POINT('Ctrl Pts',(8.66882501732474,-7.85,-5.7501611947773));
#4259=CARTESIAN_POINT('Ctrl Pts',(8.53750678666719,-7.85,-5.9389374359065));
#4260=CARTESIAN_POINT('Ctrl Pts',(8.91893956776004,-7.1,-5.34947998172828));
#4261=CARTESIAN_POINT('Ctrl Pts',(8.91893956776004,-7.2533730952625,-5.34947998172828));
#4262=CARTESIAN_POINT('Ctrl Pts',(8.85449511811861,-7.61217689914957,-5.45948581749823));
#4263=CARTESIAN_POINT('Ctrl Pts',(8.65763988517663,-7.78516906599427,-5.76620528024875));
#4264=CARTESIAN_POINT('Ctrl Pts',(8.53750678666719,-7.78455015305021,-5.9389374359065));
#4265=CARTESIAN_POINT('Ctrl Pts',(8.80336254605153,-7.1,-5.43486718718224));
#4266=CARTESIAN_POINT('Ctrl Pts',(8.80336254605153,-7.22374066915984,-5.43486718718224));
#4267=CARTESIAN_POINT('Ctrl Pts',(8.75218050561623,-7.51396354537973,-5.52111406319041));
#4268=CARTESIAN_POINT('Ctrl Pts',(8.59116114857105,-7.65603729144655,-5.76871902580875));
#4269=CARTESIAN_POINT('Ctrl Pts',(8.49298520568389,-7.65423415217069,-5.90796693238427));
#4270=CARTESIAN_POINT('Ctrl Pts',(8.66145182898125,-7.1,-5.41227579096937));
#4271=CARTESIAN_POINT('Ctrl Pts',(8.66145182898125,-7.21172223494698,-5.41227579096937));
#4272=CARTESIAN_POINT('Ctrl Pts',(8.61702572261621,-7.47358590062424,-5.491126198319));
#4273=CARTESIAN_POINT('Ctrl Pts',(8.47481023353492,-7.60098522497043,-5.71126603905659));
#4274=CARTESIAN_POINT('Ctrl Pts',(8.38600696126847,-7.6,-5.8335497616034));
#4275=CARTESIAN_POINT('Ctrl Pts',(8.60507679435237,-7.1,-5.37704875961696));
#4276=CARTESIAN_POINT('Ctrl Pts',(8.60507679435237,-7.21221536306441,-5.37704875961696));
#4277=CARTESIAN_POINT('Ctrl Pts',(8.56085114372428,-7.47441322370826,-5.45735286509872));
#4278=CARTESIAN_POINT('Ctrl Pts',(8.42084454175875,-7.6,-5.67530182590604));
#4279=CARTESIAN_POINT('Ctrl Pts',(8.33227825814154,-7.6,-5.79617451677413));
#4280=CARTESIAN_POINT('',(8.53750678666719,-7.85,-5.9389374359065));
#4281=CARTESIAN_POINT('',(8.33227825814154,-7.6,-5.79617451677413));
#4282=CARTESIAN_POINT('Origin',(8.33227825814154,-7.85,-5.79617451677413));
#4283=CARTESIAN_POINT('Ctrl Pts',(8.33227825814154,-7.6,-5.79617451677413));
#4284=CARTESIAN_POINT('Ctrl Pts',(8.42084454175875,-7.6,-5.67530182590604));
#4285=CARTESIAN_POINT('Ctrl Pts',(8.56085114372428,-7.47441322370826,-5.45735286509872));
#4286=CARTESIAN_POINT('Ctrl Pts',(8.60507679435237,-7.21221536306441,-5.37704875961696));
#4287=CARTESIAN_POINT('Ctrl Pts',(8.60507679435237,-7.1,-5.37704875961696));
#4288=CARTESIAN_POINT('Ctrl Pts',(8.95276736436168,-7.1,-5.29225438916352));
#4289=CARTESIAN_POINT('Ctrl Pts',(8.95276736436168,-7.26832304459662,-5.29225438916352));
#4290=CARTESIAN_POINT('Ctrl Pts',(8.88260121409275,-7.6616198355624,-5.41430665836719));
#4291=CARTESIAN_POINT('Ctrl Pts',(8.66882501732474,-7.85,-5.7501611947773));
#4292=CARTESIAN_POINT('Ctrl Pts',(8.53750678666719,-7.85,-5.9389374359065));
#4293=CARTESIAN_POINT('Origin',(0.,-7.85,0.));
#4294=CARTESIAN_POINT('',(0.51231527093596,-7.85,-10.3873737327183));
#4295=CARTESIAN_POINT('',(0.5,-7.6,-10.1376772487587));
#4296=CARTESIAN_POINT('Origin',(0.5,-7.85,-10.1376772487587));
#4297=CARTESIAN_POINT('Origin',(0.,-7.6,0.));
#4298=CARTESIAN_POINT('Origin',(0.,-7.85,0.));
#4299=CARTESIAN_POINT('Ctrl Pts',(0.512315270935961,-7.85,-10.3873737327183));
#4300=CARTESIAN_POINT('Ctrl Pts',(0.445311257261151,-7.85,-10.3906784351679));
#4301=CARTESIAN_POINT('Ctrl Pts',(0.311827741272034,-7.90420497460268,-10.3956811792304));
#4302=CARTESIAN_POINT('Ctrl Pts',(0.256157635467981,-8.0345271715162,-10.3968448707188));
#4303=CARTESIAN_POINT('Ctrl Pts',(0.256157635467981,-8.1,-10.3968448707188));
#4304=CARTESIAN_POINT('Ctrl Pts',(0.512315270935961,-7.78455015305021,-10.3873737327183));
#4305=CARTESIAN_POINT('Ctrl Pts',(0.428202477779824,-7.78400848950353,-10.3915398087363));
#4306=CARTESIAN_POINT('Ctrl Pts',(0.259793378912821,-7.85196722104121,-10.3974496693112));
#4307=CARTESIAN_POINT('Ctrl Pts',(0.189701579556239,-8.0170818691643,-10.3984822161208));
#4308=CARTESIAN_POINT('Ctrl Pts',(0.189701579556239,-8.1,-10.3984822161208));
#4309=CARTESIAN_POINT('Ctrl Pts',(0.509644465396253,-7.65421735245608,-10.3332222036068));
#4310=CARTESIAN_POINT('Ctrl Pts',(0.391912573336597,-7.65263927136294,-10.3380857760515));
#4311=CARTESIAN_POINT('Ctrl Pts',(0.154692803309616,-7.748168938848,-10.3447756398785));
#4312=CARTESIAN_POINT('Ctrl Pts',(0.0560250277316972,-7.98250338189131,
-10.3457337115701));
#4313=CARTESIAN_POINT('Ctrl Pts',(0.0560250277316972,-8.1,-10.3457337115701));
#4314=CARTESIAN_POINT('Ctrl Pts',(0.503224130391616,-7.6,-10.2030476353949));
#4315=CARTESIAN_POINT('Ctrl Pts',(0.371905179203574,-7.59913774553129,-10.2068347351067));
#4316=CARTESIAN_POINT('Ctrl Pts',(0.10920780015937,-7.70675925558682,-10.2123299173477));
#4317=CARTESIAN_POINT('Ctrl Pts',(2.55163441550185E-15,-7.96847890502158,
-10.2133969384958));
#4318=CARTESIAN_POINT('Ctrl Pts',(2.56075996719708E-15,-8.1,-10.2133969384958));
#4319=CARTESIAN_POINT('Ctrl Pts',(0.500000000000001,-7.6,-10.1376772487587));
#4320=CARTESIAN_POINT('Ctrl Pts',(0.369213319461671,-7.6,-10.1409025112456));
#4321=CARTESIAN_POINT('Ctrl Pts',(0.108663764213685,-7.70840994920536,-10.1457849970374));
#4322=CARTESIAN_POINT('Ctrl Pts',(2.55830448265555E-15,-7.96905434303241,
-10.1469207151727));
#4323=CARTESIAN_POINT('Ctrl Pts',(2.56739074444567E-15,-8.1,-10.1469207151727));
#4324=CARTESIAN_POINT('',(0.256157635467981,-8.1,-10.3968448707188));
#4325=CARTESIAN_POINT('',(-2.77555756156289E-16,-8.1,-10.1469207151727));
#4326=CARTESIAN_POINT('Origin',(0.25,-8.1,-10.1469207151727));
#4327=CARTESIAN_POINT('Ctrl Pts',(2.56739074444567E-15,-8.1,-10.1469207151727));
#4328=CARTESIAN_POINT('Ctrl Pts',(2.55830448265555E-15,-7.96905434303241,
-10.1469207151727));
#4329=CARTESIAN_POINT('Ctrl Pts',(0.108663764213685,-7.70840994920536,-10.1457849970374));
#4330=CARTESIAN_POINT('Ctrl Pts',(0.369213319461671,-7.6,-10.1409025112456));
#4331=CARTESIAN_POINT('Ctrl Pts',(0.500000000000001,-7.6,-10.1376772487587));
#4332=CARTESIAN_POINT('Ctrl Pts',(0.512315270935961,-7.85,-10.3873737327183));
#4333=CARTESIAN_POINT('Ctrl Pts',(0.445311257261151,-7.85,-10.3906784351679));
#4334=CARTESIAN_POINT('Ctrl Pts',(0.311827741272034,-7.90420497460268,-10.3956811792304));
#4335=CARTESIAN_POINT('Ctrl Pts',(0.256157635467981,-8.0345271715162,-10.3968448707188));
#4336=CARTESIAN_POINT('Ctrl Pts',(0.256157635467981,-8.1,-10.3968448707188));
#4337=CARTESIAN_POINT('Origin',(0.250000000000001,0.,-10.1469207151727));
#4338=CARTESIAN_POINT('',(0.256157635467981,-9.9,-10.3968448707188));
#4339=CARTESIAN_POINT('',(0.,-9.9,-10.1469207151727));
#4340=CARTESIAN_POINT('Origin',(0.250000000000001,-9.9,-10.1469207151727));
#4341=CARTESIAN_POINT('',(0.,0.,-10.1469207151727));
#4342=CARTESIAN_POINT('',(0.256157635467981,0.,-10.3968448707188));
#4343=CARTESIAN_POINT('Ctrl Pts',(0.256157635467981,-9.9,-10.3968448707188));
#4344=CARTESIAN_POINT('Ctrl Pts',(0.256157635467981,-9.96547283389443,-10.3968448707188));
#4345=CARTESIAN_POINT('Ctrl Pts',(0.311832972682409,-10.0957998077307,-10.395681033832));
#4346=CARTESIAN_POINT('Ctrl Pts',(0.445311251723973,-10.15,-10.390678435441));
#4347=CARTESIAN_POINT('Ctrl Pts',(0.512315270935961,-10.15,-10.3873737327183));
#4348=CARTESIAN_POINT('Ctrl Pts',(0.189701579556239,-9.9,-10.3984822161208));
#4349=CARTESIAN_POINT('Ctrl Pts',(0.189701579556239,-9.98291813768801,-10.3984822161208));
#4350=CARTESIAN_POINT('Ctrl Pts',(0.259799962393555,-10.1480388569359,-10.3974495294204));
#4351=CARTESIAN_POINT('Ctrl Pts',(0.428202470828786,-10.2159915105412,-10.3915398090806));
#4352=CARTESIAN_POINT('Ctrl Pts',(0.512315270935961,-10.2154498469498,-10.3873737327183));
#4353=CARTESIAN_POINT('Ctrl Pts',(0.0560371816882407,-9.9,-10.3457212544758));
#4354=CARTESIAN_POINT('Ctrl Pts',(0.0560371816882407,-10.0174966278185,
-10.3457212544758));
#4355=CARTESIAN_POINT('Ctrl Pts',(0.154707967749352,-10.2518337499995,-10.3447634474499));
#4356=CARTESIAN_POINT('Ctrl Pts',(0.391911992260333,-10.3473491304242,-10.3380741921912));
#4357=CARTESIAN_POINT('Ctrl Pts',(0.509643894049293,-10.3457710492006,-10.3332106193446));
#4358=CARTESIAN_POINT('Ctrl Pts',(2.91894815424875E-15,-9.9,-10.2133969384958));
#4359=CARTESIAN_POINT('Ctrl Pts',(2.91894815424875E-15,-10.0315211058472,
-10.2133969384958));
#4360=CARTESIAN_POINT('Ctrl Pts',(0.109218002900517,-10.2932504710556,-10.2123297721842));
#4361=CARTESIAN_POINT('Ctrl Pts',(0.371905168351442,-10.40086225454,-10.2068347354197));
#4362=CARTESIAN_POINT('Ctrl Pts',(0.503224130391615,-10.4,-10.2030476353949));
#4363=CARTESIAN_POINT('Ctrl Pts',(2.91433543964104E-15,-9.9,-10.1469207151727));
#4364=CARTESIAN_POINT('Ctrl Pts',(2.91433543964104E-15,-10.0309456677889,
-10.1469207151727));
#4365=CARTESIAN_POINT('Ctrl Pts',(0.108673975524319,-10.2915996154614,-10.1457848551341));
#4366=CARTESIAN_POINT('Ctrl Pts',(0.369213308653526,-10.4,-10.1409025115121));
#4367=CARTESIAN_POINT('Ctrl Pts',(0.5,-10.4,-10.1376772487587));
#4368=CARTESIAN_POINT('',(0.512315270935961,-10.15,-10.3873737327183));
#4369=CARTESIAN_POINT('',(0.5,-10.4,-10.1376772487587));
#4370=CARTESIAN_POINT('Origin',(0.5,-10.15,-10.1376772487587));
#4371=CARTESIAN_POINT('Ctrl Pts',(0.5,-10.4,-10.1376772487587));
#4372=CARTESIAN_POINT('Ctrl Pts',(0.369213308653526,-10.4,-10.1409025115121));
#4373=CARTESIAN_POINT('Ctrl Pts',(0.108673975524319,-10.2915996154614,-10.1457848551341));
#4374=CARTESIAN_POINT('Ctrl Pts',(2.91433543964104E-15,-10.0309456677889,
-10.1469207151727));
#4375=CARTESIAN_POINT('Ctrl Pts',(2.91433543964104E-15,-9.9,-10.1469207151727));
#4376=CARTESIAN_POINT('Ctrl Pts',(0.256157635467981,-9.9,-10.3968448707188));
#4377=CARTESIAN_POINT('Ctrl Pts',(0.256157635467981,-9.96547283389443,-10.3968448707188));
#4378=CARTESIAN_POINT('Ctrl Pts',(0.311832972682409,-10.0957998077307,-10.395681033832));
#4379=CARTESIAN_POINT('Ctrl Pts',(0.445311251723973,-10.15,-10.390678435441));
#4380=CARTESIAN_POINT('Ctrl Pts',(0.512315270935961,-10.15,-10.3873737327183));
#4381=CARTESIAN_POINT('Origin',(0.,-10.15,0.));
#4382=CARTESIAN_POINT('',(8.53750678666719,-10.15,-5.9389374359065));
#4383=CARTESIAN_POINT('',(8.33227825814154,-10.4,-5.79617451677413));
#4384=CARTESIAN_POINT('Origin',(8.33227825814154,-10.15,-5.79617451677413));
#4385=CARTESIAN_POINT('Origin',(0.,-10.4,0.));
#4386=CARTESIAN_POINT('Origin',(0.,-10.15,0.));
#4387=CARTESIAN_POINT('Ctrl Pts',(8.53750678666719,-10.15,-5.9389374359065));
#4388=CARTESIAN_POINT('Ctrl Pts',(8.63599544245496,-10.15,-5.79735527979318));
#4389=CARTESIAN_POINT('Ctrl Pts',(8.85614209467368,-10.2871956133326,-5.45968500841012));
#4390=CARTESIAN_POINT('Ctrl Pts',(8.95276736436167,-10.6755693130779,-5.29225438916352));
#4391=CARTESIAN_POINT('Ctrl Pts',(8.95276736436168,-10.9,-5.29225438916352));
#4392=CARTESIAN_POINT('Ctrl Pts',(8.53750678666719,-10.2154498469498,-5.9389374359065));
#4393=CARTESIAN_POINT('Ctrl Pts',(8.62760659480936,-10.2149856623228,-5.80938834179466));
#4394=CARTESIAN_POINT('Ctrl Pts',(8.83007121985643,-10.3408108347412,-5.50067279387708));
#4395=CARTESIAN_POINT('Ctrl Pts',(8.91893956776004,-10.6955025753745,-5.34947998172828));
#4396=CARTESIAN_POINT('Ctrl Pts',(8.91893956776004,-10.9,-5.34947998172828));
#4397=CARTESIAN_POINT('Ctrl Pts',(8.49297587090208,-10.3457544766254,-5.9079604388392));
#4398=CARTESIAN_POINT('Ctrl Pts',(8.56660781520438,-10.3444021224047,-5.80352452715191));
#4399=CARTESIAN_POINT('Ctrl Pts',(8.73244828434992,-10.4474627755404,-5.55393082847991));
#4400=CARTESIAN_POINT('Ctrl Pts',(8.80335850320778,-10.7350124699426,-5.43485060991848));
#4401=CARTESIAN_POINT('Ctrl Pts',(8.80335850320778,-10.9,-5.43485060991847));
#4402=CARTESIAN_POINT('Ctrl Pts',(8.38600696126847,-10.4,-5.8335497616034));
#4403=CARTESIAN_POINT('Ctrl Pts',(8.45260940383325,-10.3992610814013,-5.74183698571498));
#4404=CARTESIAN_POINT('Ctrl Pts',(8.59990056947336,-10.491742335058,-5.52091784124554));
#4405=CARTESIAN_POINT('Ctrl Pts',(8.66145182898125,-10.7510370460937,-5.41227579096937));
#4406=CARTESIAN_POINT('Ctrl Pts',(8.66145182898125,-10.9,-5.41227579096937));
#4407=CARTESIAN_POINT('Ctrl Pts',(8.33227825814154,-10.4,-5.79617451677413));
#4408=CARTESIAN_POINT('Ctrl Pts',(8.39870295925044,-10.4,-5.70552001445988));
#4409=CARTESIAN_POINT('Ctrl Pts',(8.54407945276591,-10.4914637422217,-5.48715513436806));
#4410=CARTESIAN_POINT('Ctrl Pts',(8.60507679435237,-10.7503795420519,-5.37704875961696));
#4411=CARTESIAN_POINT('Ctrl Pts',(8.60507679435237,-10.9,-5.37704875961696));
#4412=CARTESIAN_POINT('Ctrl Pts',(8.60507679435237,-10.9,-5.37704875961696));
#4413=CARTESIAN_POINT('Ctrl Pts',(8.60507679435237,-10.7503795420519,-5.37704875961696));
#4414=CARTESIAN_POINT('Ctrl Pts',(8.54407945276591,-10.4914637422217,-5.48715513436806));
#4415=CARTESIAN_POINT('Ctrl Pts',(8.39870295925044,-10.4,-5.70552001445988));
#4416=CARTESIAN_POINT('Ctrl Pts',(8.33227825814154,-10.4,-5.79617451677413));
#4417=CARTESIAN_POINT('Ctrl Pts',(8.53750678666719,-10.15,-5.9389374359065));
#4418=CARTESIAN_POINT('Ctrl Pts',(8.63599544245496,-10.15,-5.79735527979318));
#4419=CARTESIAN_POINT('Ctrl Pts',(8.85614209467368,-10.2871956133326,-5.45968500841012));
#4420=CARTESIAN_POINT('Ctrl Pts',(8.95276736436167,-10.6755693130779,-5.29225438916352));
#4421=CARTESIAN_POINT('Ctrl Pts',(8.95276736436168,-10.9,-5.29225438916352));
#4422=CARTESIAN_POINT('Origin',(-10.3936646009986,-5.5,0.362954765706014));
#4423=CARTESIAN_POINT('',(-5.1968323004993,-6.,0.181477382853004));
#4424=CARTESIAN_POINT('Origin',(-5.21428204885055,-6.,-0.318218030656544));
#4425=CARTESIAN_POINT('',(-5.21428204885055,-5.5,-0.318218030656544));
#4426=CARTESIAN_POINT('Origin',(0.,-5.5,0.));
#4427=CARTESIAN_POINT('',(3.46645199097167,-5.5,-2.75566881070432));
#4428=CARTESIAN_POINT('Origin',(3.46645199097167,-6.,-2.75566881070432));
#4429=CARTESIAN_POINT('',(3.73141162308827,-6.,-2.3316447626261));
#4430=CARTESIAN_POINT('Origin',(7.46282324617655,-5.5,-4.6632895252522));
#4431=CARTESIAN_POINT('',(7.00951127734149,-7.1,-4.3800287690735));
#4432=CARTESIAN_POINT('Origin',(6.74455164522489,-7.1,-4.80405281715171));
#4433=CARTESIAN_POINT('',(6.74455164522489,-7.6,-4.80405281715171));
#4434=CARTESIAN_POINT('Origin',(4.40985010001342,-7.6,-7.5316447626261));
#4435=CARTESIAN_POINT('',(0.5,-7.6,-8.16582238131305));
#4436=CARTESIAN_POINT('Origin',(0.5,-8.1,-8.16582238131305));
#4437=CARTESIAN_POINT('',(0.,-8.1,-8.16582238131305));
#4438=CARTESIAN_POINT('Origin',(0.,-7.6,-8.8));
#4439=CARTESIAN_POINT('',(0.,-9.9,-8.16582238131305));
#4440=CARTESIAN_POINT('Origin',(0.5,-9.9,-8.16582238131305));
#4441=CARTESIAN_POINT('',(0.5,-10.4,-8.16582238131305));
#4442=CARTESIAN_POINT('Origin',(4.40985010001342,-10.4,-7.5316447626261));
#4443=CARTESIAN_POINT('',(6.74455164522489,-10.4,-4.80405281715171));
#4444=CARTESIAN_POINT('Origin',(6.74455164522489,-10.9,-4.80405281715171));
#4445=CARTESIAN_POINT('',(7.00951127734149,-10.9,-4.3800287690735));
#4446=CARTESIAN_POINT('Origin',(7.46282324617655,-5.5,-4.6632895252522));
#4447=CARTESIAN_POINT('',(7.59562270535029,-12.,-4.74627183724001));
#4448=CARTESIAN_POINT('Origin',(0.,0.,0.));
#4449=CARTESIAN_POINT('',(-10.4,-2.5,1.27363267111325E-15));
#4450=CARTESIAN_POINT('',(-10.4,0.,-1.27363267111325E-15));
#4451=CARTESIAN_POINT('Origin',(0.,-2.5,0.));
#4452=CARTESIAN_POINT('Origin',(7.86058233746689,-12.,-4.3222477891618));
#4453=CARTESIAN_POINT('',(7.86058233746689,-12.5,-4.3222477891618));
#4454=CARTESIAN_POINT('Origin',(8.92824392358757,-12.5,-2.90913795950367));
#4455=CARTESIAN_POINT('',(9.6888001269979,-12.5,-0.838645128035922));
#4456=CARTESIAN_POINT('Origin',(9.6888001269979,-12.,-0.838645128035922));
#4457=CARTESIAN_POINT('Origin',(0.,75.,0.));
#4458=CARTESIAN_POINT('',(8.90854275260583,0.,1.09098183670461E-15));
#4459=CARTESIAN_POINT('',(11.2,75.,1.37160441504504E-15));
#4460=CARTESIAN_POINT('Origin',(0.,0.,0.));
#4461=CARTESIAN_POINT('Origin',(0.,0.,0.));
#4462=CARTESIAN_POINT('Origin',(0.,-2.5,0.));
#4463=CARTESIAN_POINT('',(-12.,-2.5,1.46957615897682E-15));
#4464=CARTESIAN_POINT('Origin',(0.,-2.5,0.));
#4465=CARTESIAN_POINT('Origin',(0.,0.,0.));
#4466=CARTESIAN_POINT('',(-12.,0.,1.46957615897682E-15));
#4467=UNCERTAINTY_MEASURE_WITH_UNIT(LENGTH_MEASURE(0.01),#4471,
'DISTANCE_ACCURACY_VALUE',
'Maximum model space distance between geometric entities at asserted c
onnectivities');
#4468=UNCERTAINTY_MEASURE_WITH_UNIT(LENGTH_MEASURE(0.01),#4471,
'DISTANCE_ACCURACY_VALUE',
'Maximum model space distance between geometric entities at asserted c
onnectivities');
#4469=(
GEOMETRIC_REPRESENTATION_CONTEXT(3)
GLOBAL_UNCERTAINTY_ASSIGNED_CONTEXT((#4467))
GLOBAL_UNIT_ASSIGNED_CONTEXT((#4471,#4473,#4474))
REPRESENTATION_CONTEXT('','3D')
);
#4470=(
GEOMETRIC_REPRESENTATION_CONTEXT(3)
GLOBAL_UNCERTAINTY_ASSIGNED_CONTEXT((#4468))
GLOBAL_UNIT_ASSIGNED_CONTEXT((#4471,#4473,#4474))
REPRESENTATION_CONTEXT('','3D')
);
#4471=(
LENGTH_UNIT()
NAMED_UNIT(*)
SI_UNIT(.MILLI.,.METRE.)
);
#4472=(
LENGTH_UNIT()
NAMED_UNIT(*)
SI_UNIT($,.METRE.)
);
#4473=(
NAMED_UNIT(*)
PLANE_ANGLE_UNIT()
SI_UNIT($,.RADIAN.)
);
#4474=(
NAMED_UNIT(*)
SI_UNIT($,.STERADIAN.)
SOLID_ANGLE_UNIT()
);
#4475=SHAPE_DEFINITION_REPRESENTATION(#4476,#4477);
#4476=PRODUCT_DEFINITION_SHAPE('',$,#4479);
#4477=SHAPE_REPRESENTATION('',(#2012),#4469);
#4478=PRODUCT_DEFINITION_CONTEXT('part definition',#4483,'design');
#4479=PRODUCT_DEFINITION('proximal_needle_cover_rev_D',
'proximal_needle_cover_rev_D v2',#4480,#4478);
#4480=PRODUCT_DEFINITION_FORMATION('',$,#4485);
#4481=PRODUCT_RELATED_PRODUCT_CATEGORY('proximal_needle_cover_rev_D v2',
'proximal_needle_cover_rev_D v2',(#4485));
#4482=APPLICATION_PROTOCOL_DEFINITION('international standard',
'automotive_design',2009,#4483);
#4483=APPLICATION_CONTEXT(
'Core Data for Automotive Mechanical Design Process');
#4484=PRODUCT_CONTEXT('part definition',#4483,'mechanical');
#4485=PRODUCT('proximal_needle_cover_rev_D',
'proximal_needle_cover_rev_D v2',$,(#4484));
#4486=PRESENTATION_STYLE_ASSIGNMENT((#4488));
#4487=PRESENTATION_STYLE_ASSIGNMENT((#4489));
#4488=SURFACE_STYLE_USAGE(.BOTH.,#4490);
#4489=SURFACE_STYLE_USAGE(.BOTH.,#4491);
#4490=SURFACE_SIDE_STYLE('',(#4492));
#4491=SURFACE_SIDE_STYLE('',(#4493));
#4492=SURFACE_STYLE_FILL_AREA(#4494);
#4493=SURFACE_STYLE_FILL_AREA(#4495);
#4494=FILL_AREA_STYLE('ABS (White)',(#4496));
#4495=FILL_AREA_STYLE('Plastic - Matte (Black)',(#4497));
#4496=FILL_AREA_STYLE_COLOUR('ABS (White)',#4498);
#4497=FILL_AREA_STYLE_COLOUR('Plastic - Matte (Black)',#4499);
#4498=COLOUR_RGB('ABS (White)',0.964705882352941,0.964705882352941,0.952941176470588);
#4499=COLOUR_RGB('Plastic - Matte (Black)',0.0980392156862745,0.0980392156862745,
0.0980392156862745);
ENDSEC;
END-ISO-10303-21;
