ISO-10303-21;
HEADER;
/* Generated by software containing ST-Developer
 * from STEP Tools, Inc. (www.steptools.com) 
 */

FILE_DESCRIPTION(
/* description */ (''),
/* implementation_level */ '2;1');

FILE_NAME(
/* name */ 'STEP_retraction_slider_config_1.step',
/* time_stamp */ '2025-05-31T04:56:56-04:00',
/* author */ (''),
/* organization */ (''),
/* preprocessor_version */ 'ST-DEVELOPER v20.1',
/* originating_system */ 'Autodesk Translation Framework v14.10.0.0',
/* authorisation */ '');

FILE_SCHEMA (('AUTOMOTIVE_DESIGN { 1 0 10303 214 3 1 1 }'));
ENDSEC;

DATA;
#10=MECHANICAL_DESIGN_GEOMETRIC_PRESENTATION_REPRESENTATION('',(#13),#4392);
#11=SHAPE_REPRESENTATION_RELATIONSHIP('SRR','None',#4398,#12);
#12=ADVANCED_BREP_SHAPE_REPRESENTATION('',(#14),#4391);
#13=STYLED_ITEM('',(#4407),#14);
#14=MANIFOLD_SOLID_BREP('Body1',#2324);
#15=TOROIDAL_SURFACE('',#2375,2.51895494150326,0.5);
#16=TOROIDAL_SURFACE('',#2379,5.5,0.5);
#17=TOROIDAL_SURFACE('',#2383,6.21769145376218,0.5);
#18=TOROIDAL_SURFACE('',#2387,5.5,0.5);
#19=TOROIDAL_SURFACE('',#2392,6.21769145376218,0.5);
#20=TOROIDAL_SURFACE('',#2396,5.5,0.5);
#21=TOROIDAL_SURFACE('',#2401,6.21769145376218,0.5);
#22=TOROIDAL_SURFACE('',#2405,5.5,0.5);
#23=TOROIDAL_SURFACE('',#2410,6.21769145376218,0.5);
#24=TOROIDAL_SURFACE('',#2414,5.5,0.5);
#25=TOROIDAL_SURFACE('',#2419,6.21769145376217,0.5);
#26=TOROIDAL_SURFACE('',#2423,5.5,0.5);
#27=TOROIDAL_SURFACE('',#2428,6.21769145376218,0.5);
#28=TOROIDAL_SURFACE('',#2432,5.5,0.5);
#29=TOROIDAL_SURFACE('',#2437,6.21769145376218,0.5);
#30=TOROIDAL_SURFACE('',#2441,6.21769145376218,0.5);
#31=TOROIDAL_SURFACE('',#2448,2.51895494150327,0.5);
#32=TOROIDAL_SURFACE('',#2452,5.5,0.5);
#33=TOROIDAL_SURFACE('',#2456,6.21769145376218,0.5);
#34=TOROIDAL_SURFACE('',#2460,5.5,0.5);
#35=TOROIDAL_SURFACE('',#2465,6.21769145376218,0.5);
#36=TOROIDAL_SURFACE('',#2469,5.5,0.5);
#37=TOROIDAL_SURFACE('',#2474,6.21769145376218,0.5);
#38=TOROIDAL_SURFACE('',#2478,5.5,0.5);
#39=TOROIDAL_SURFACE('',#2483,6.21769145376218,0.5);
#40=TOROIDAL_SURFACE('',#2487,5.5,0.5);
#41=TOROIDAL_SURFACE('',#2492,6.21769145376217,0.5);
#42=TOROIDAL_SURFACE('',#2496,5.5,0.5);
#43=TOROIDAL_SURFACE('',#2501,6.21769145376218,0.5);
#44=TOROIDAL_SURFACE('',#2505,5.5,0.5);
#45=TOROIDAL_SURFACE('',#2510,6.21769145376218,0.5);
#46=FACE_BOUND('',#261,.T.);
#47=PLANE('',#2343);
#48=PLANE('',#2344);
#49=PLANE('',#2351);
#50=PLANE('',#2352);
#51=PLANE('',#2353);
#52=PLANE('',#2355);
#53=PLANE('',#2356);
#54=PLANE('',#2358);
#55=PLANE('',#2361);
#56=PLANE('',#2365);
#57=PLANE('',#2370);
#58=PLANE('',#2371);
#59=PLANE('',#2372);
#60=PLANE('',#2374);
#61=PLANE('',#2442);
#62=PLANE('',#2443);
#63=PLANE('',#2444);
#64=PLANE('',#2445);
#65=PLANE('',#2446);
#66=PLANE('',#2447);
#67=PLANE('',#2529);
#68=PLANE('',#2530);
#69=PLANE('',#2531);
#70=PLANE('',#2532);
#71=PLANE('',#2533);
#72=PLANE('',#2534);
#73=PLANE('',#2542);
#74=PLANE('',#2543);
#75=PLANE('',#2544);
#76=PLANE('',#2549);
#77=PLANE('',#2550);
#78=PLANE('',#2551);
#79=PLANE('',#2554);
#80=PLANE('',#2557);
#81=PLANE('',#2563);
#82=PLANE('',#2564);
#83=PLANE('',#2565);
#84=PLANE('',#2566);
#85=PLANE('',#2568);
#86=PLANE('',#2571);
#87=PLANE('',#2572);
#88=PLANE('',#2576);
#89=PLANE('',#2580);
#90=PLANE('',#2584);
#91=PLANE('',#2588);
#92=PLANE('',#2589);
#93=PLANE('',#2590);
#94=PLANE('',#2591);
#95=PLANE('',#2592);
#96=PLANE('',#2593);
#97=PLANE('',#2594);
#98=PLANE('',#2595);
#99=PLANE('',#2596);
#100=PLANE('',#2597);
#101=PLANE('',#2598);
#102=PLANE('',#2599);
#103=PLANE('',#2600);
#104=PLANE('',#2601);
#105=PLANE('',#2602);
#106=B_SPLINE_SURFACE_WITH_KNOTS('',3,3,((#3364,#3365,#3366,#3367,#3368,
#3369),(#3370,#3371,#3372,#3373,#3374,#3375),(#3376,#3377,#3378,#3379,#3380,
#3381),(#3382,#3383,#3384,#3385,#3386,#3387)),.UNSPECIFIED.,.F.,.F.,.F.,
(4,4),(4,2,4),(0.,1.),(-0.000999171691133894,0.,0.087143391777262),
 .UNSPECIFIED.);
#107=B_SPLINE_SURFACE_WITH_KNOTS('',3,3,((#3394,#3395,#3396,#3397),(#3398,
#3399,#3400,#3401),(#3402,#3403,#3404,#3405),(#3406,#3407,#3408,#3409)),
 .UNSPECIFIED.,.F.,.F.,.F.,(4,4),(4,4),(0.,1.),(0.555041427285395,0.559847766621785),
 .UNSPECIFIED.);
#108=B_SPLINE_SURFACE_WITH_KNOTS('',3,3,((#3418,#3419,#3420,#3421,#3422),
(#3423,#3424,#3425,#3426,#3427),(#3428,#3429,#3430,#3431,#3432),(#3433,
#3434,#3435,#3436,#3437),(#3438,#3439,#3440,#3441,#3442)),.UNSPECIFIED.,
 .F.,.F.,.F.,(4,1,4),(4,1,4),(0.,0.571428571428571,1.),(-1.38529157542042,
-1.12121880926971,-0.923164234656675),.UNSPECIFIED.);
#109=B_SPLINE_SURFACE_WITH_KNOTS('',3,3,((#4091,#4092,#4093,#4094,#4095,
#4096,#4097,#4098,#4099),(#4100,#4101,#4102,#4103,#4104,#4105,#4106,#4107,
#4108),(#4109,#4110,#4111,#4112,#4113,#4114,#4115,#4116,#4117),(#4118,#4119,
#4120,#4121,#4122,#4123,#4124,#4125,#4126),(#4127,#4128,#4129,#4130,#4131,
#4132,#4133,#4134,#4135)),.UNSPECIFIED.,.F.,.F.,.F.,(4,1,4),(4,1,1,1,1,
1,4),(0.,0.5,1.),(-0.0792128920249305,-0.0565806371606647,-0.0396064460124653,
-0.0226322548642659,-0.0113161274321329,-0.00565806371606647,0.),
 .UNSPECIFIED.);
#110=FACE_OUTER_BOUND('',#239,.T.);
#111=FACE_OUTER_BOUND('',#240,.T.);
#112=FACE_OUTER_BOUND('',#241,.T.);
#113=FACE_OUTER_BOUND('',#242,.T.);
#114=FACE_OUTER_BOUND('',#243,.T.);
#115=FACE_OUTER_BOUND('',#244,.T.);
#116=FACE_OUTER_BOUND('',#245,.T.);
#117=FACE_OUTER_BOUND('',#246,.T.);
#118=FACE_OUTER_BOUND('',#247,.T.);
#119=FACE_OUTER_BOUND('',#248,.T.);
#120=FACE_OUTER_BOUND('',#249,.T.);
#121=FACE_OUTER_BOUND('',#250,.T.);
#122=FACE_OUTER_BOUND('',#251,.T.);
#123=FACE_OUTER_BOUND('',#252,.T.);
#124=FACE_OUTER_BOUND('',#253,.T.);
#125=FACE_OUTER_BOUND('',#254,.T.);
#126=FACE_OUTER_BOUND('',#255,.T.);
#127=FACE_OUTER_BOUND('',#256,.T.);
#128=FACE_OUTER_BOUND('',#257,.T.);
#129=FACE_OUTER_BOUND('',#258,.T.);
#130=FACE_OUTER_BOUND('',#259,.T.);
#131=FACE_OUTER_BOUND('',#260,.T.);
#132=FACE_OUTER_BOUND('',#262,.T.);
#133=FACE_OUTER_BOUND('',#263,.T.);
#134=FACE_OUTER_BOUND('',#264,.T.);
#135=FACE_OUTER_BOUND('',#265,.T.);
#136=FACE_OUTER_BOUND('',#266,.T.);
#137=FACE_OUTER_BOUND('',#267,.T.);
#138=FACE_OUTER_BOUND('',#268,.T.);
#139=FACE_OUTER_BOUND('',#269,.T.);
#140=FACE_OUTER_BOUND('',#270,.T.);
#141=FACE_OUTER_BOUND('',#271,.T.);
#142=FACE_OUTER_BOUND('',#272,.T.);
#143=FACE_OUTER_BOUND('',#273,.T.);
#144=FACE_OUTER_BOUND('',#274,.T.);
#145=FACE_OUTER_BOUND('',#275,.T.);
#146=FACE_OUTER_BOUND('',#276,.T.);
#147=FACE_OUTER_BOUND('',#277,.T.);
#148=FACE_OUTER_BOUND('',#278,.T.);
#149=FACE_OUTER_BOUND('',#279,.T.);
#150=FACE_OUTER_BOUND('',#280,.T.);
#151=FACE_OUTER_BOUND('',#281,.T.);
#152=FACE_OUTER_BOUND('',#282,.T.);
#153=FACE_OUTER_BOUND('',#283,.T.);
#154=FACE_OUTER_BOUND('',#284,.T.);
#155=FACE_OUTER_BOUND('',#285,.T.);
#156=FACE_OUTER_BOUND('',#286,.T.);
#157=FACE_OUTER_BOUND('',#287,.T.);
#158=FACE_OUTER_BOUND('',#288,.T.);
#159=FACE_OUTER_BOUND('',#289,.T.);
#160=FACE_OUTER_BOUND('',#290,.T.);
#161=FACE_OUTER_BOUND('',#291,.T.);
#162=FACE_OUTER_BOUND('',#292,.T.);
#163=FACE_OUTER_BOUND('',#293,.T.);
#164=FACE_OUTER_BOUND('',#294,.T.);
#165=FACE_OUTER_BOUND('',#295,.T.);
#166=FACE_OUTER_BOUND('',#296,.T.);
#167=FACE_OUTER_BOUND('',#297,.T.);
#168=FACE_OUTER_BOUND('',#298,.T.);
#169=FACE_OUTER_BOUND('',#299,.T.);
#170=FACE_OUTER_BOUND('',#300,.T.);
#171=FACE_OUTER_BOUND('',#301,.T.);
#172=FACE_OUTER_BOUND('',#302,.T.);
#173=FACE_OUTER_BOUND('',#303,.T.);
#174=FACE_OUTER_BOUND('',#304,.T.);
#175=FACE_OUTER_BOUND('',#305,.T.);
#176=FACE_OUTER_BOUND('',#306,.T.);
#177=FACE_OUTER_BOUND('',#307,.T.);
#178=FACE_OUTER_BOUND('',#308,.T.);
#179=FACE_OUTER_BOUND('',#309,.T.);
#180=FACE_OUTER_BOUND('',#310,.T.);
#181=FACE_OUTER_BOUND('',#311,.T.);
#182=FACE_OUTER_BOUND('',#312,.T.);
#183=FACE_OUTER_BOUND('',#313,.T.);
#184=FACE_OUTER_BOUND('',#314,.T.);
#185=FACE_OUTER_BOUND('',#315,.T.);
#186=FACE_OUTER_BOUND('',#316,.T.);
#187=FACE_OUTER_BOUND('',#317,.T.);
#188=FACE_OUTER_BOUND('',#318,.T.);
#189=FACE_OUTER_BOUND('',#319,.T.);
#190=FACE_OUTER_BOUND('',#320,.T.);
#191=FACE_OUTER_BOUND('',#321,.T.);
#192=FACE_OUTER_BOUND('',#322,.T.);
#193=FACE_OUTER_BOUND('',#323,.T.);
#194=FACE_OUTER_BOUND('',#324,.T.);
#195=FACE_OUTER_BOUND('',#325,.T.);
#196=FACE_OUTER_BOUND('',#326,.T.);
#197=FACE_OUTER_BOUND('',#327,.T.);
#198=FACE_OUTER_BOUND('',#328,.T.);
#199=FACE_OUTER_BOUND('',#329,.T.);
#200=FACE_OUTER_BOUND('',#330,.T.);
#201=FACE_OUTER_BOUND('',#331,.T.);
#202=FACE_OUTER_BOUND('',#332,.T.);
#203=FACE_OUTER_BOUND('',#333,.T.);
#204=FACE_OUTER_BOUND('',#334,.T.);
#205=FACE_OUTER_BOUND('',#335,.T.);
#206=FACE_OUTER_BOUND('',#336,.T.);
#207=FACE_OUTER_BOUND('',#337,.T.);
#208=FACE_OUTER_BOUND('',#338,.T.);
#209=FACE_OUTER_BOUND('',#339,.T.);
#210=FACE_OUTER_BOUND('',#340,.T.);
#211=FACE_OUTER_BOUND('',#341,.T.);
#212=FACE_OUTER_BOUND('',#342,.T.);
#213=FACE_OUTER_BOUND('',#343,.T.);
#214=FACE_OUTER_BOUND('',#344,.T.);
#215=FACE_OUTER_BOUND('',#345,.T.);
#216=FACE_OUTER_BOUND('',#346,.T.);
#217=FACE_OUTER_BOUND('',#347,.T.);
#218=FACE_OUTER_BOUND('',#348,.T.);
#219=FACE_OUTER_BOUND('',#349,.T.);
#220=FACE_OUTER_BOUND('',#350,.T.);
#221=FACE_OUTER_BOUND('',#351,.T.);
#222=FACE_OUTER_BOUND('',#352,.T.);
#223=FACE_OUTER_BOUND('',#353,.T.);
#224=FACE_OUTER_BOUND('',#354,.T.);
#225=FACE_OUTER_BOUND('',#355,.T.);
#226=FACE_OUTER_BOUND('',#356,.T.);
#227=FACE_OUTER_BOUND('',#357,.T.);
#228=FACE_OUTER_BOUND('',#358,.T.);
#229=FACE_OUTER_BOUND('',#359,.T.);
#230=FACE_OUTER_BOUND('',#360,.T.);
#231=FACE_OUTER_BOUND('',#361,.T.);
#232=FACE_OUTER_BOUND('',#362,.T.);
#233=FACE_OUTER_BOUND('',#363,.T.);
#234=FACE_OUTER_BOUND('',#364,.T.);
#235=FACE_OUTER_BOUND('',#365,.T.);
#236=FACE_OUTER_BOUND('',#366,.T.);
#237=FACE_OUTER_BOUND('',#367,.T.);
#238=FACE_OUTER_BOUND('',#368,.T.);
#239=EDGE_LOOP('',(#1462,#1463,#1464,#1465,#1466,#1467,#1468));
#240=EDGE_LOOP('',(#1469,#1470,#1471,#1472,#1473));
#241=EDGE_LOOP('',(#1474,#1475,#1476));
#242=EDGE_LOOP('',(#1477,#1478,#1479,#1480));
#243=EDGE_LOOP('',(#1481,#1482,#1483,#1484));
#244=EDGE_LOOP('',(#1485,#1486,#1487,#1488));
#245=EDGE_LOOP('',(#1489,#1490,#1491,#1492));
#246=EDGE_LOOP('',(#1493,#1494,#1495,#1496,#1497));
#247=EDGE_LOOP('',(#1498,#1499,#1500,#1501,#1502,#1503,#1504,#1505,#1506,
#1507,#1508,#1509,#1510,#1511,#1512,#1513,#1514));
#248=EDGE_LOOP('',(#1515,#1516,#1517,#1518));
#249=EDGE_LOOP('',(#1519,#1520,#1521,#1522,#1523,#1524));
#250=EDGE_LOOP('',(#1525,#1526,#1527,#1528,#1529,#1530,#1531,#1532,#1533));
#251=EDGE_LOOP('',(#1534,#1535,#1536,#1537,#1538,#1539,#1540));
#252=EDGE_LOOP('',(#1541,#1542,#1543,#1544));
#253=EDGE_LOOP('',(#1545,#1546,#1547,#1548,#1549,#1550,#1551,#1552,#1553,
#1554,#1555,#1556,#1557,#1558,#1559));
#254=EDGE_LOOP('',(#1560,#1561,#1562,#1563,#1564,#1565,#1566));
#255=EDGE_LOOP('',(#1567,#1568,#1569,#1570,#1571));
#256=EDGE_LOOP('',(#1572,#1573,#1574,#1575));
#257=EDGE_LOOP('',(#1576,#1577,#1578,#1579));
#258=EDGE_LOOP('',(#1580,#1581,#1582,#1583,#1584,#1585,#1586,#1587,#1588,
#1589,#1590,#1591,#1592));
#259=EDGE_LOOP('',(#1593,#1594,#1595,#1596,#1597));
#260=EDGE_LOOP('',(#1598,#1599,#1600,#1601));
#261=EDGE_LOOP('',(#1602,#1603,#1604,#1605,#1606,#1607,#1608,#1609));
#262=EDGE_LOOP('',(#1610,#1611,#1612,#1613,#1614));
#263=EDGE_LOOP('',(#1615,#1616,#1617,#1618,#1619));
#264=EDGE_LOOP('',(#1620,#1621,#1622,#1623));
#265=EDGE_LOOP('',(#1624,#1625,#1626,#1627));
#266=EDGE_LOOP('',(#1628,#1629,#1630,#1631));
#267=EDGE_LOOP('',(#1632,#1633,#1634,#1635,#1636,#1637));
#268=EDGE_LOOP('',(#1638,#1639,#1640,#1641));
#269=EDGE_LOOP('',(#1642,#1643,#1644,#1645,#1646,#1647));
#270=EDGE_LOOP('',(#1648,#1649,#1650,#1651));
#271=EDGE_LOOP('',(#1652,#1653,#1654,#1655,#1656,#1657));
#272=EDGE_LOOP('',(#1658,#1659,#1660,#1661));
#273=EDGE_LOOP('',(#1662,#1663,#1664,#1665,#1666,#1667));
#274=EDGE_LOOP('',(#1668,#1669,#1670,#1671));
#275=EDGE_LOOP('',(#1672,#1673,#1674,#1675,#1676,#1677));
#276=EDGE_LOOP('',(#1678,#1679,#1680,#1681));
#277=EDGE_LOOP('',(#1682,#1683,#1684,#1685,#1686,#1687));
#278=EDGE_LOOP('',(#1688,#1689,#1690,#1691,#1692));
#279=EDGE_LOOP('',(#1693,#1694));
#280=EDGE_LOOP('',(#1695,#1696,#1697,#1698,#1699));
#281=EDGE_LOOP('',(#1700,#1701,#1702,#1703));
#282=EDGE_LOOP('',(#1704,#1705,#1706,#1707));
#283=EDGE_LOOP('',(#1708,#1709,#1710,#1711));
#284=EDGE_LOOP('',(#1712,#1713,#1714,#1715));
#285=EDGE_LOOP('',(#1716,#1717,#1718));
#286=EDGE_LOOP('',(#1719,#1720,#1721,#1722));
#287=EDGE_LOOP('',(#1723,#1724,#1725,#1726));
#288=EDGE_LOOP('',(#1727,#1728,#1729,#1730));
#289=EDGE_LOOP('',(#1731,#1732,#1733,#1734,#1735,#1736));
#290=EDGE_LOOP('',(#1737,#1738,#1739,#1740));
#291=EDGE_LOOP('',(#1741,#1742,#1743,#1744,#1745,#1746));
#292=EDGE_LOOP('',(#1747,#1748,#1749,#1750));
#293=EDGE_LOOP('',(#1751,#1752,#1753,#1754,#1755,#1756));
#294=EDGE_LOOP('',(#1757,#1758,#1759,#1760));
#295=EDGE_LOOP('',(#1761,#1762,#1763,#1764,#1765,#1766));
#296=EDGE_LOOP('',(#1767,#1768,#1769,#1770));
#297=EDGE_LOOP('',(#1771,#1772,#1773,#1774,#1775,#1776));
#298=EDGE_LOOP('',(#1777,#1778,#1779,#1780));
#299=EDGE_LOOP('',(#1781,#1782,#1783,#1784,#1785,#1786));
#300=EDGE_LOOP('',(#1787,#1788,#1789,#1790));
#301=EDGE_LOOP('',(#1791,#1792,#1793,#1794));
#302=EDGE_LOOP('',(#1795,#1796,#1797,#1798,#1799,#1800,#1801));
#303=EDGE_LOOP('',(#1802,#1803,#1804,#1805));
#304=EDGE_LOOP('',(#1806,#1807,#1808,#1809));
#305=EDGE_LOOP('',(#1810,#1811,#1812,#1813));
#306=EDGE_LOOP('',(#1814,#1815,#1816,#1817));
#307=EDGE_LOOP('',(#1818,#1819,#1820,#1821));
#308=EDGE_LOOP('',(#1822,#1823,#1824,#1825));
#309=EDGE_LOOP('',(#1826,#1827,#1828,#1829));
#310=EDGE_LOOP('',(#1830,#1831,#1832,#1833));
#311=EDGE_LOOP('',(#1834,#1835,#1836,#1837));
#312=EDGE_LOOP('',(#1838,#1839,#1840,#1841));
#313=EDGE_LOOP('',(#1842,#1843,#1844,#1845));
#314=EDGE_LOOP('',(#1846,#1847,#1848,#1849));
#315=EDGE_LOOP('',(#1850,#1851,#1852,#1853));
#316=EDGE_LOOP('',(#1854,#1855,#1856,#1857));
#317=EDGE_LOOP('',(#1858,#1859,#1860,#1861,#1862,#1863,#1864));
#318=EDGE_LOOP('',(#1865,#1866,#1867,#1868));
#319=EDGE_LOOP('',(#1869,#1870,#1871,#1872));
#320=EDGE_LOOP('',(#1873,#1874,#1875,#1876));
#321=EDGE_LOOP('',(#1877,#1878,#1879,#1880));
#322=EDGE_LOOP('',(#1881,#1882,#1883,#1884,#1885));
#323=EDGE_LOOP('',(#1886,#1887,#1888,#1889,#1890,#1891,#1892,#1893));
#324=EDGE_LOOP('',(#1894,#1895,#1896,#1897,#1898));
#325=EDGE_LOOP('',(#1899,#1900,#1901,#1902));
#326=EDGE_LOOP('',(#1903,#1904,#1905,#1906));
#327=EDGE_LOOP('',(#1907,#1908,#1909,#1910,#1911,#1912,#1913,#1914,#1915));
#328=EDGE_LOOP('',(#1916,#1917,#1918,#1919));
#329=EDGE_LOOP('',(#1920,#1921,#1922,#1923));
#330=EDGE_LOOP('',(#1924,#1925,#1926,#1927));
#331=EDGE_LOOP('',(#1928,#1929,#1930,#1931,#1932));
#332=EDGE_LOOP('',(#1933,#1934,#1935,#1936));
#333=EDGE_LOOP('',(#1937,#1938,#1939,#1940));
#334=EDGE_LOOP('',(#1941,#1942,#1943,#1944));
#335=EDGE_LOOP('',(#1945,#1946,#1947,#1948));
#336=EDGE_LOOP('',(#1949,#1950,#1951,#1952));
#337=EDGE_LOOP('',(#1953,#1954,#1955,#1956));
#338=EDGE_LOOP('',(#1957,#1958,#1959,#1960));
#339=EDGE_LOOP('',(#1961,#1962,#1963,#1964));
#340=EDGE_LOOP('',(#1965,#1966,#1967,#1968,#1969,#1970,#1971,#1972,#1973,
#1974,#1975,#1976,#1977,#1978,#1979,#1980,#1981,#1982,#1983,#1984,#1985,
#1986,#1987,#1988));
#341=EDGE_LOOP('',(#1989,#1990,#1991,#1992));
#342=EDGE_LOOP('',(#1993,#1994,#1995,#1996,#1997,#1998,#1999,#2000));
#343=EDGE_LOOP('',(#2001,#2002,#2003,#2004,#2005,#2006));
#344=EDGE_LOOP('',(#2007,#2008,#2009,#2010));
#345=EDGE_LOOP('',(#2011,#2012,#2013,#2014,#2015,#2016));
#346=EDGE_LOOP('',(#2017,#2018,#2019,#2020,#2021));
#347=EDGE_LOOP('',(#2022,#2023,#2024,#2025));
#348=EDGE_LOOP('',(#2026,#2027,#2028,#2029));
#349=EDGE_LOOP('',(#2030,#2031,#2032,#2033));
#350=EDGE_LOOP('',(#2034,#2035,#2036,#2037,#2038,#2039));
#351=EDGE_LOOP('',(#2040,#2041,#2042,#2043));
#352=EDGE_LOOP('',(#2044,#2045,#2046,#2047));
#353=EDGE_LOOP('',(#2048,#2049,#2050,#2051));
#354=EDGE_LOOP('',(#2052,#2053,#2054,#2055,#2056,#2057));
#355=EDGE_LOOP('',(#2058,#2059,#2060,#2061,#2062,#2063));
#356=EDGE_LOOP('',(#2064,#2065,#2066,#2067,#2068,#2069));
#357=EDGE_LOOP('',(#2070,#2071,#2072,#2073));
#358=EDGE_LOOP('',(#2074,#2075,#2076,#2077));
#359=EDGE_LOOP('',(#2078,#2079,#2080,#2081));
#360=EDGE_LOOP('',(#2082,#2083,#2084,#2085,#2086,#2087,#2088));
#361=EDGE_LOOP('',(#2089,#2090,#2091,#2092,#2093,#2094,#2095));
#362=EDGE_LOOP('',(#2096,#2097,#2098,#2099,#2100));
#363=EDGE_LOOP('',(#2101,#2102,#2103,#2104,#2105,#2106,#2107,#2108,#2109,
#2110,#2111,#2112,#2113,#2114,#2115,#2116,#2117,#2118));
#364=EDGE_LOOP('',(#2119,#2120,#2121,#2122,#2123));
#365=EDGE_LOOP('',(#2124,#2125,#2126,#2127,#2128,#2129));
#366=EDGE_LOOP('',(#2130,#2131,#2132,#2133,#2134,#2135,#2136,#2137,#2138,
#2139,#2140,#2141,#2142,#2143,#2144,#2145,#2146,#2147));
#367=EDGE_LOOP('',(#2148,#2149,#2150,#2151));
#368=EDGE_LOOP('',(#2152,#2153,#2154,#2155,#2156,#2157,#2158,#2159));
#369=LINE('',#3350,#543);
#370=LINE('',#3355,#544);
#371=LINE('',#3362,#545);
#372=LINE('',#3392,#546);
#373=LINE('',#3393,#547);
#374=LINE('',#3417,#548);
#375=LINE('',#3453,#549);
#376=LINE('',#3454,#550);
#377=LINE('',#3460,#551);
#378=LINE('',#3463,#552);
#379=LINE('',#3466,#553);
#380=LINE('',#3468,#554);
#381=LINE('',#3470,#555);
#382=LINE('',#3471,#556);
#383=LINE('',#3474,#557);
#384=LINE('',#3476,#558);
#385=LINE('',#3478,#559);
#386=LINE('',#3524,#560);
#387=LINE('',#3526,#561);
#388=LINE('',#3528,#562);
#389=LINE('',#3530,#563);
#390=LINE('',#3532,#564);
#391=LINE('',#3534,#565);
#392=LINE('',#3536,#566);
#393=LINE('',#3537,#567);
#394=LINE('',#3542,#568);
#395=LINE('',#3546,#569);
#396=LINE('',#3548,#570);
#397=LINE('',#3550,#571);
#398=LINE('',#3552,#572);
#399=LINE('',#3553,#573);
#400=LINE('',#3556,#574);
#401=LINE('',#3558,#575);
#402=LINE('',#3559,#576);
#403=LINE('',#3560,#577);
#404=LINE('',#3563,#578);
#405=LINE('',#3567,#579);
#406=LINE('',#3569,#580);
#407=LINE('',#3570,#581);
#408=LINE('',#3573,#582);
#409=LINE('',#3575,#583);
#410=LINE('',#3576,#584);
#411=LINE('',#3579,#585);
#412=LINE('',#3581,#586);
#413=LINE('',#3583,#587);
#414=LINE('',#3584,#588);
#415=LINE('',#3585,#589);
#416=LINE('',#3589,#590);
#417=LINE('',#3595,#591);
#418=LINE('',#3596,#592);
#419=LINE('',#3627,#593);
#420=LINE('',#3629,#594);
#421=LINE('',#3633,#595);
#422=LINE('',#3637,#596);
#423=LINE('',#3641,#597);
#424=LINE('',#3645,#598);
#425=LINE('',#3646,#599);
#426=LINE('',#3649,#600);
#427=LINE('',#3651,#601);
#428=LINE('',#3652,#602);
#429=LINE('',#3654,#603);
#430=LINE('',#3657,#604);
#431=LINE('',#3659,#605);
#432=LINE('',#3661,#606);
#433=LINE('',#3663,#607);
#434=LINE('',#3665,#608);
#435=LINE('',#3667,#609);
#436=LINE('',#3669,#610);
#437=LINE('',#3670,#611);
#438=LINE('',#3673,#612);
#439=LINE('',#3675,#613);
#440=LINE('',#3894,#614);
#441=LINE('',#3896,#615);
#442=LINE('',#3898,#616);
#443=LINE('',#3900,#617);
#444=LINE('',#3902,#618);
#445=LINE('',#3904,#619);
#446=LINE('',#4148,#620);
#447=LINE('',#4149,#621);
#448=LINE('',#4151,#622);
#449=LINE('',#4153,#623);
#450=LINE('',#4155,#624);
#451=LINE('',#4157,#625);
#452=LINE('',#4159,#626);
#453=LINE('',#4161,#627);
#454=LINE('',#4163,#628);
#455=LINE('',#4165,#629);
#456=LINE('',#4167,#630);
#457=LINE('',#4169,#631);
#458=LINE('',#4171,#632);
#459=LINE('',#4173,#633);
#460=LINE('',#4175,#634);
#461=LINE('',#4177,#635);
#462=LINE('',#4180,#636);
#463=LINE('',#4182,#637);
#464=LINE('',#4183,#638);
#465=LINE('',#4185,#639);
#466=LINE('',#4187,#640);
#467=LINE('',#4189,#641);
#468=LINE('',#4191,#642);
#469=LINE('',#4204,#643);
#470=LINE('',#4206,#644);
#471=LINE('',#4210,#645);
#472=LINE('',#4212,#646);
#473=LINE('',#4214,#647);
#474=LINE('',#4217,#648);
#475=LINE('',#4221,#649);
#476=LINE('',#4225,#650);
#477=LINE('',#4228,#651);
#478=LINE('',#4232,#652);
#479=LINE('',#4234,#653);
#480=LINE('',#4235,#654);
#481=LINE('',#4238,#655);
#482=LINE('',#4240,#656);
#483=LINE('',#4241,#657);
#484=LINE('',#4244,#658);
#485=LINE('',#4245,#659);
#486=LINE('',#4248,#660);
#487=LINE('',#4251,#661);
#488=LINE('',#4254,#662);
#489=LINE('',#4255,#663);
#490=LINE('',#4258,#664);
#491=LINE('',#4261,#665);
#492=LINE('',#4264,#666);
#493=LINE('',#4265,#667);
#494=LINE('',#4269,#668);
#495=LINE('',#4272,#669);
#496=LINE('',#4275,#670);
#497=LINE('',#4276,#671);
#498=LINE('',#4279,#672);
#499=LINE('',#4283,#673);
#500=LINE('',#4286,#674);
#501=LINE('',#4289,#675);
#502=LINE('',#4290,#676);
#503=LINE('',#4293,#677);
#504=LINE('',#4296,#678);
#505=LINE('',#4298,#679);
#506=LINE('',#4304,#680);
#507=LINE('',#4307,#681);
#508=LINE('',#4310,#682);
#509=LINE('',#4312,#683);
#510=LINE('',#4313,#684);
#511=LINE('',#4319,#685);
#512=LINE('',#4322,#686);
#513=LINE('',#4324,#687);
#514=LINE('',#4325,#688);
#515=LINE('',#4326,#689);
#516=LINE('',#4327,#690);
#517=LINE('',#4333,#691);
#518=LINE('',#4336,#692);
#519=LINE('',#4338,#693);
#520=LINE('',#4339,#694);
#521=LINE('',#4345,#695);
#522=LINE('',#4347,#696);
#523=LINE('',#4348,#697);
#524=LINE('',#4349,#698);
#525=LINE('',#4354,#699);
#526=LINE('',#4355,#700);
#527=LINE('',#4356,#701);
#528=LINE('',#4359,#702);
#529=LINE('',#4360,#703);
#530=LINE('',#4361,#704);
#531=LINE('',#4365,#705);
#532=LINE('',#4366,#706);
#533=LINE('',#4369,#707);
#534=LINE('',#4370,#708);
#535=LINE('',#4373,#709);
#536=LINE('',#4375,#710);
#537=LINE('',#4376,#711);
#538=LINE('',#4378,#712);
#539=LINE('',#4380,#713);
#540=LINE('',#4381,#714);
#541=LINE('',#4383,#715);
#542=LINE('',#4386,#716);
#543=VECTOR('',#2611,10.);
#544=VECTOR('',#2616,10.);
#545=VECTOR('',#2623,10.);
#546=VECTOR('',#2628,10.);
#547=VECTOR('',#2629,10.);
#548=VECTOR('',#2632,10.);
#549=VECTOR('',#2639,10.);
#550=VECTOR('',#2640,10.);
#551=VECTOR('',#2645,10.);
#552=VECTOR('',#2648,10.);
#553=VECTOR('',#2651,10.);
#554=VECTOR('',#2652,10.);
#555=VECTOR('',#2653,10.);
#556=VECTOR('',#2654,10.);
#557=VECTOR('',#2657,10.);
#558=VECTOR('',#2658,10.);
#559=VECTOR('',#2659,10.);
#560=VECTOR('',#2666,0.4);
#561=VECTOR('',#2667,10.);
#562=VECTOR('',#2668,10.);
#563=VECTOR('',#2669,10.);
#564=VECTOR('',#2670,10.);
#565=VECTOR('',#2671,10.);
#566=VECTOR('',#2672,10.);
#567=VECTOR('',#2673,10.);
#568=VECTOR('',#2678,10.);
#569=VECTOR('',#2683,10.);
#570=VECTOR('',#2684,10.);
#571=VECTOR('',#2685,10.);
#572=VECTOR('',#2686,10.);
#573=VECTOR('',#2687,10.);
#574=VECTOR('',#2690,10.);
#575=VECTOR('',#2691,10.);
#576=VECTOR('',#2692,10.);
#577=VECTOR('',#2693,10.);
#578=VECTOR('',#2696,10.);
#579=VECTOR('',#2699,10.);
#580=VECTOR('',#2700,10.);
#581=VECTOR('',#2701,10.);
#582=VECTOR('',#2704,10.);
#583=VECTOR('',#2705,10.);
#584=VECTOR('',#2706,10.);
#585=VECTOR('',#2709,10.);
#586=VECTOR('',#2710,10.);
#587=VECTOR('',#2711,10.);
#588=VECTOR('',#2712,10.);
#589=VECTOR('',#2713,10.);
#590=VECTOR('',#2718,0.4);
#591=VECTOR('',#2723,10.);
#592=VECTOR('',#2724,10.);
#593=VECTOR('',#2735,10.);
#594=VECTOR('',#2736,10.);
#595=VECTOR('',#2739,10.);
#596=VECTOR('',#2742,10.);
#597=VECTOR('',#2745,10.);
#598=VECTOR('',#2748,10.);
#599=VECTOR('',#2749,10.);
#600=VECTOR('',#2752,10.);
#601=VECTOR('',#2753,10.);
#602=VECTOR('',#2754,10.);
#603=VECTOR('',#2757,10.);
#604=VECTOR('',#2758,10.);
#605=VECTOR('',#2759,10.);
#606=VECTOR('',#2760,10.);
#607=VECTOR('',#2761,10.);
#608=VECTOR('',#2762,10.);
#609=VECTOR('',#2763,10.);
#610=VECTOR('',#2764,10.);
#611=VECTOR('',#2765,10.);
#612=VECTOR('',#2768,10.);
#613=VECTOR('',#2769,10.);
#614=VECTOR('',#2910,10.);
#615=VECTOR('',#2913,10.);
#616=VECTOR('',#2916,10.);
#617=VECTOR('',#2919,10.);
#618=VECTOR('',#2922,10.);
#619=VECTOR('',#2925,10.);
#620=VECTOR('',#3062,10.);
#621=VECTOR('',#3063,10.);
#622=VECTOR('',#3066,10.);
#623=VECTOR('',#3069,10.);
#624=VECTOR('',#3072,10.);
#625=VECTOR('',#3075,10.);
#626=VECTOR('',#3078,10.);
#627=VECTOR('',#3081,10.);
#628=VECTOR('',#3084,10.);
#629=VECTOR('',#3087,10.);
#630=VECTOR('',#3090,10.);
#631=VECTOR('',#3093,10.);
#632=VECTOR('',#3096,10.);
#633=VECTOR('',#3099,10.);
#634=VECTOR('',#3102,10.);
#635=VECTOR('',#3105,10.);
#636=VECTOR('',#3108,10.);
#637=VECTOR('',#3109,10.);
#638=VECTOR('',#3110,10.);
#639=VECTOR('',#3113,10.);
#640=VECTOR('',#3116,10.);
#641=VECTOR('',#3119,10.);
#642=VECTOR('',#3122,10.);
#643=VECTOR('',#3131,10.);
#644=VECTOR('',#3132,10.);
#645=VECTOR('',#3139,10.);
#646=VECTOR('',#3142,10.);
#647=VECTOR('',#3145,10.);
#648=VECTOR('',#3148,10.);
#649=VECTOR('',#3151,10.);
#650=VECTOR('',#3154,10.);
#651=VECTOR('',#3157,10.);
#652=VECTOR('',#3162,10.);
#653=VECTOR('',#3163,10.);
#654=VECTOR('',#3164,10.);
#655=VECTOR('',#3167,10.);
#656=VECTOR('',#3168,10.);
#657=VECTOR('',#3169,10.);
#658=VECTOR('',#3172,10.);
#659=VECTOR('',#3173,10.);
#660=VECTOR('',#3176,10.);
#661=VECTOR('',#3179,10.);
#662=VECTOR('',#3182,10.);
#663=VECTOR('',#3183,10.);
#664=VECTOR('',#3186,10.);
#665=VECTOR('',#3189,10.);
#666=VECTOR('',#3192,10.);
#667=VECTOR('',#3193,10.);
#668=VECTOR('',#3198,10.);
#669=VECTOR('',#3201,10.);
#670=VECTOR('',#3206,10.);
#671=VECTOR('',#3207,10.);
#672=VECTOR('',#3212,10.);
#673=VECTOR('',#3217,10.);
#674=VECTOR('',#3220,10.);
#675=VECTOR('',#3223,10.);
#676=VECTOR('',#3224,10.);
#677=VECTOR('',#3227,10.);
#678=VECTOR('',#3232,10.);
#679=VECTOR('',#3235,10.);
#680=VECTOR('',#3240,10.);
#681=VECTOR('',#3243,10.);
#682=VECTOR('',#3246,10.);
#683=VECTOR('',#3247,10.);
#684=VECTOR('',#3248,10.);
#685=VECTOR('',#3253,10.);
#686=VECTOR('',#3256,10.);
#687=VECTOR('',#3259,10.);
#688=VECTOR('',#3260,10.);
#689=VECTOR('',#3261,10.);
#690=VECTOR('',#3262,10.);
#691=VECTOR('',#3267,10.);
#692=VECTOR('',#3270,10.);
#693=VECTOR('',#3273,10.);
#694=VECTOR('',#3274,10.);
#695=VECTOR('',#3281,10.);
#696=VECTOR('',#3284,10.);
#697=VECTOR('',#3285,10.);
#698=VECTOR('',#3286,10.);
#699=VECTOR('',#3293,10.);
#700=VECTOR('',#3294,10.);
#701=VECTOR('',#3295,10.);
#702=VECTOR('',#3298,10.);
#703=VECTOR('',#3299,10.);
#704=VECTOR('',#3300,10.);
#705=VECTOR('',#3305,10.);
#706=VECTOR('',#3306,10.);
#707=VECTOR('',#3309,10.);
#708=VECTOR('',#3310,10.);
#709=VECTOR('',#3313,10.);
#710=VECTOR('',#3314,10.);
#711=VECTOR('',#3315,10.);
#712=VECTOR('',#3318,10.);
#713=VECTOR('',#3319,10.);
#714=VECTOR('',#3320,10.);
#715=VECTOR('',#3323,10.);
#716=VECTOR('',#3328,10.);
#717=B_SPLINE_CURVE_WITH_KNOTS('',3,(#3341,#3342,#3343,#3344,#3345,#3346,
#3347,#3348),.UNSPECIFIED.,.F.,.F.,(4,2,2,4),(0.115172937247086,0.118378334467096,
0.221529190756628,0.32468004704616),.UNSPECIFIED.);
#718=B_SPLINE_CURVE_WITH_KNOTS('',3,(#3413,#3414,#3415,#3416),
 .UNSPECIFIED.,.F.,.F.,(4,4),(0.555041427285395,0.559847766621785),
 .UNSPECIFIED.);
#719=B_SPLINE_CURVE_WITH_KNOTS('',3,(#3446,#3447,#3448,#3449,#3450),
 .UNSPECIFIED.,.F.,.F.,(4,1,4),(-1.38529157542042,-1.12121880926971,-0.923164234656675),
 .UNSPECIFIED.);
#720=B_SPLINE_CURVE_WITH_KNOTS('',3,(#3480,#3481,#3482,#3483,#3484,#3485,
#3486,#3487,#3488,#3489,#3490,#3491,#3492,#3493,#3494,#3495,#3496,#3497,
#3498,#3499,#3500,#3501,#3502,#3503,#3504,#3505,#3506,#3507,#3508,#3509,
#3510,#3511,#3512,#3513,#3514,#3515,#3516),.UNSPECIFIED.,.F.,.F.,(4,3,3,
3,3,3,3,3,3,3,3,3,4),(0.,0.00781479706222601,0.0157875269127009,0.019531547146565,
0.0274538123189843,0.0348276306905532,0.0390594770290686,0.0468427545972003,
0.0541985983761076,0.0600574301043951,0.0668581296110175,0.0692766433513889,
0.0695925172165361),.UNSPECIFIED.);
#721=B_SPLINE_CURVE_WITH_KNOTS('',3,(#3601,#3602,#3603,#3604,#3605,#3606,
#3607,#3608,#3609,#3610,#3611,#3612,#3613,#3614,#3615,#3616,#3617,#3618,
#3619,#3620,#3621,#3622,#3623,#3624),.UNSPECIFIED.,.F.,.F.,(4,2,2,2,2,2,
2,2,2,2,2,4),(0.065275615621736,0.0818055531952359,0.102209404921347,0.120891550341805,
0.130232623052034,0.134903159407149,0.139573695762263,0.144244232117378,
0.148914768472493,0.158255841182722,0.17693798660318,0.180271262875517),
 .UNSPECIFIED.);
#722=B_SPLINE_CURVE_WITH_KNOTS('',3,(#3681,#3682,#3683,#3684,#3685,#3686,
#3687,#3688,#3689,#3690,#3691,#3692,#3693,#3694,#3695,#3696),
 .UNSPECIFIED.,.F.,.F.,(4,2,2,2,2,2,2,4),(0.128693864511948,0.152362389099511,
0.165646723356627,0.171368493472077,0.177316122054572,0.192743340027418,
0.208163092730986,0.230906283096272),.UNSPECIFIED.);
#723=B_SPLINE_CURVE_WITH_KNOTS('',3,(#3717,#3718,#3719,#3720,#3721,#3722,
#3723,#3724,#3725,#3726,#3727),.UNSPECIFIED.,.F.,.F.,(4,2,3,2,4),(1.43017606625483,
1.45994203034509,1.52396542014992,1.58798880995475,1.61775477404501),
 .UNSPECIFIED.);
#724=B_SPLINE_CURVE_WITH_KNOTS('',3,(#3743,#3744,#3745,#3746,#3747,#3748,
#3749,#3750,#3751,#3752),.UNSPECIFIED.,.F.,.F.,(4,2,2,2,4),(0.668230633912561,
0.69799659800198,0.762019987805479,0.826043377608978,0.855809341698396),
 .UNSPECIFIED.);
#725=B_SPLINE_CURVE_WITH_KNOTS('',3,(#3768,#3769,#3770,#3771,#3772,#3773,
#3774,#3775,#3776,#3777),.UNSPECIFIED.,.F.,.F.,(4,2,2,2,4),(0.668230633913429,
0.697996598002005,0.762019987804165,0.826043377606325,0.855809341694901),
 .UNSPECIFIED.);
#726=B_SPLINE_CURVE_WITH_KNOTS('',3,(#3793,#3794,#3795,#3796,#3797,#3798,
#3799,#3800,#3801,#3802,#3803),.UNSPECIFIED.,.F.,.F.,(4,2,3,2,4),(1.43025062171715,
1.46001658580488,1.52403997560571,1.58806336540653,1.61782932949427),
 .UNSPECIFIED.);
#727=B_SPLINE_CURVE_WITH_KNOTS('',3,(#3819,#3820,#3821,#3822,#3823,#3824,
#3825,#3826,#3827,#3828),.UNSPECIFIED.,.F.,.F.,(4,2,2,2,4),(0.66819335618332,
0.697959320270213,0.761982710069696,0.82600609986918,0.855772063956073),
 .UNSPECIFIED.);
#728=B_SPLINE_CURVE_WITH_KNOTS('',3,(#3844,#3845,#3846,#3847,#3848,#3849,
#3850,#3851,#3852,#3853,#3854),.UNSPECIFIED.,.F.,.F.,(4,2,3,2,4),(1.43025062171625,
1.46001658580231,1.52403997560045,1.5880633653986,1.61782932948465),
 .UNSPECIFIED.);
#729=B_SPLINE_CURVE_WITH_KNOTS('',3,(#3864,#3865,#3866,#3867,#3868,#3869),
 .UNSPECIFIED.,.F.,.F.,(4,2,4),(-0.335746588141427,-0.332322369583362,-0.326037360216049),
 .UNSPECIFIED.);
#730=B_SPLINE_CURVE_WITH_KNOTS('',3,(#3875,#3876,#3877,#3878,#3879,#3880,
#3881,#3882,#3883,#3884,#3885,#3886,#3887,#3888,#3889,#3890,#3891,#3892),
 .UNSPECIFIED.,.F.,.F.,(4,2,2,2,2,2,2,2,4),(-0.326037360216049,-0.285691991474272,
-0.276299437079612,-0.269839589991424,-0.264509660231109,-0.259117584330273,
-0.253078839039956,-0.244354505588832,-0.206320416736308),.UNSPECIFIED.);
#731=B_SPLINE_CURVE_WITH_KNOTS('',3,(#3908,#3909,#3910,#3911,#3912,#3913,
#3914,#3915,#3916,#3917,#3918,#3919,#3920,#3921),.UNSPECIFIED.,.F.,.F.,
(4,2,2,2,2,2,4),(0.377075009647697,0.389318327529163,0.401284385042819,
0.416390221228363,0.4386864008995,0.468451277223172,0.497783277330541),
 .UNSPECIFIED.);
#732=B_SPLINE_CURVE_WITH_KNOTS('',3,(#3942,#3943,#3944,#3945,#3946,#3947,
#3948,#3949,#3950,#3951),.UNSPECIFIED.,.F.,.F.,(4,2,2,2,4),(0.668193356179868,
0.697959320270126,0.761982710074961,0.826006099879797,0.855772063970055),
 .UNSPECIFIED.);
#733=B_SPLINE_CURVE_WITH_KNOTS('',3,(#3967,#3968,#3969,#3970,#3971,#3972,
#3973,#3974,#3975,#3976,#3977),.UNSPECIFIED.,.F.,.F.,(4,2,3,2,4),(1.43025062171804,
1.46001658580746,1.52403997561096,1.58806336541446,1.61782932950387),
 .UNSPECIFIED.);
#734=B_SPLINE_CURVE_WITH_KNOTS('',3,(#3993,#3994,#3995,#3996,#3997,#3998,
#3999,#4000,#4001,#4002,#4003),.UNSPECIFIED.,.F.,.F.,(4,2,3,2,4),(1.43025062171759,
1.46001658580617,1.52403997560833,1.58806336541049,1.61782932949906),
 .UNSPECIFIED.);
#735=B_SPLINE_CURVE_WITH_KNOTS('',3,(#4019,#4020,#4021,#4022,#4023,#4024,
#4025,#4026,#4027,#4028),.UNSPECIFIED.,.F.,.F.,(4,2,2,2,4),(0.668230633914295,
0.697996598002032,0.762019987802854,0.826043377603676,0.855809341691413),
 .UNSPECIFIED.);
#736=B_SPLINE_CURVE_WITH_KNOTS('',3,(#4044,#4045,#4046,#4047,#4048,#4049,
#4050,#4051,#4052,#4053,#4054),.UNSPECIFIED.,.F.,.F.,(4,2,3,2,4),(1.43017606625302,
1.45994203033991,1.52396542013939,1.58798880993888,1.61775477402577),
 .UNSPECIFIED.);
#737=B_SPLINE_CURVE_WITH_KNOTS('',3,(#4070,#4071,#4072,#4073,#4074,#4075,
#4076,#4077,#4078,#4079),.UNSPECIFIED.,.F.,.F.,(4,2,2,2,4),(0.668193356184183,
0.697959320270231,0.76198271006838,0.826006099866529,0.855772063952578),
 .UNSPECIFIED.);
#738=B_SPLINE_CURVE_WITH_KNOTS('',3,(#4136,#4137,#4138,#4139,#4140,#4141,
#4142,#4143,#4144),.UNSPECIFIED.,.F.,.F.,(4,1,1,1,1,1,4),(0.,0.00565806371606647,
0.0113161274321329,0.0226322548642659,0.0396064460124653,0.0565806371606647,
0.0756738002877248),.UNSPECIFIED.);
#739=B_SPLINE_CURVE_WITH_KNOTS('',3,(#4194,#4195,#4196,#4197,#4198,#4199),
 .UNSPECIFIED.,.F.,.F.,(4,2,4),(0.482727906634606,0.549030412848371,0.596821059400842),
 .UNSPECIFIED.);
#740=CIRCLE('',#2328,5.);
#741=CIRCLE('',#2329,5.);
#742=CIRCLE('',#2333,2.25);
#743=CIRCLE('',#2335,0.5);
#744=CIRCLE('',#2336,0.5);
#745=CIRCLE('',#2337,0.5);
#746=CIRCLE('',#2362,0.500000000000248);
#747=CIRCLE('',#2366,2.);
#748=CIRCLE('',#2367,2.);
#749=CIRCLE('',#2368,2.);
#750=CIRCLE('',#2369,2.);
#751=CIRCLE('',#2373,15.);
#752=CIRCLE('',#2376,2.51895494150327);
#753=CIRCLE('',#2377,0.5);
#754=CIRCLE('',#2378,3.01895494150327);
#755=CIRCLE('',#2380,0.5);
#756=CIRCLE('',#2381,5.);
#757=CIRCLE('',#2382,5.5);
#758=CIRCLE('',#2384,0.5);
#759=CIRCLE('',#2385,6.71769145376218);
#760=CIRCLE('',#2386,6.21769145376218);
#761=CIRCLE('',#2388,5.5);
#762=CIRCLE('',#2389,0.5);
#763=CIRCLE('',#2390,5.);
#764=CIRCLE('',#2391,5.5);
#765=CIRCLE('',#2393,0.5);
#766=CIRCLE('',#2394,6.71769145376218);
#767=CIRCLE('',#2395,6.21769145376218);
#768=CIRCLE('',#2397,5.5);
#769=CIRCLE('',#2398,0.5);
#770=CIRCLE('',#2399,5.);
#771=CIRCLE('',#2400,5.5);
#772=CIRCLE('',#2402,0.5);
#773=CIRCLE('',#2403,6.71769145376218);
#774=CIRCLE('',#2404,6.21769145376218);
#775=CIRCLE('',#2406,5.5);
#776=CIRCLE('',#2407,0.5);
#777=CIRCLE('',#2408,5.);
#778=CIRCLE('',#2409,5.5);
#779=CIRCLE('',#2411,0.5);
#780=CIRCLE('',#2412,6.71769145376218);
#781=CIRCLE('',#2413,6.21769145376218);
#782=CIRCLE('',#2415,5.5);
#783=CIRCLE('',#2416,0.5);
#784=CIRCLE('',#2417,5.);
#785=CIRCLE('',#2418,5.5);
#786=CIRCLE('',#2420,0.5);
#787=CIRCLE('',#2421,6.71769145376217);
#788=CIRCLE('',#2422,6.21769145376217);
#789=CIRCLE('',#2424,5.5);
#790=CIRCLE('',#2425,0.5);
#791=CIRCLE('',#2426,5.);
#792=CIRCLE('',#2427,5.5);
#793=CIRCLE('',#2429,0.5);
#794=CIRCLE('',#2430,6.71769145376218);
#795=CIRCLE('',#2431,6.21769145376218);
#796=CIRCLE('',#2433,5.5);
#797=CIRCLE('',#2434,0.5);
#798=CIRCLE('',#2435,5.);
#799=CIRCLE('',#2436,5.5);
#800=CIRCLE('',#2438,6.71769145376218);
#801=CIRCLE('',#2439,6.21769145376218);
#802=CIRCLE('',#2440,0.5);
#803=CIRCLE('',#2449,3.01895494150327);
#804=CIRCLE('',#2450,0.499999999999998);
#805=CIRCLE('',#2451,2.51895494150327);
#806=CIRCLE('',#2453,0.500000000000004);
#807=CIRCLE('',#2454,5.5);
#808=CIRCLE('',#2455,5.);
#809=CIRCLE('',#2457,0.500000000000001);
#810=CIRCLE('',#2458,6.21769145376218);
#811=CIRCLE('',#2459,6.71769145376218);
#812=CIRCLE('',#2461,5.5);
#813=CIRCLE('',#2462,5.);
#814=CIRCLE('',#2463,0.499999999999987);
#815=CIRCLE('',#2464,5.5);
#816=CIRCLE('',#2466,0.499999999999999);
#817=CIRCLE('',#2467,6.21769145376218);
#818=CIRCLE('',#2468,6.71769145376218);
#819=CIRCLE('',#2470,5.5);
#820=CIRCLE('',#2471,5.);
#821=CIRCLE('',#2472,0.499999999999999);
#822=CIRCLE('',#2473,5.5);
#823=CIRCLE('',#2475,0.499999999999998);
#824=CIRCLE('',#2476,6.21769145376218);
#825=CIRCLE('',#2477,6.71769145376218);
#826=CIRCLE('',#2479,5.5);
#827=CIRCLE('',#2480,5.);
#828=CIRCLE('',#2481,0.499999999999998);
#829=CIRCLE('',#2482,5.5);
#830=CIRCLE('',#2484,0.5);
#831=CIRCLE('',#2485,6.21769145376218);
#832=CIRCLE('',#2486,6.71769145376218);
#833=CIRCLE('',#2488,5.5);
#834=CIRCLE('',#2489,5.);
#835=CIRCLE('',#2490,0.500000000000009);
#836=CIRCLE('',#2491,5.5);
#837=CIRCLE('',#2493,0.500000000000001);
#838=CIRCLE('',#2494,6.21769145376217);
#839=CIRCLE('',#2495,6.71769145376217);
#840=CIRCLE('',#2497,5.5);
#841=CIRCLE('',#2498,5.);
#842=CIRCLE('',#2499,0.499999999999999);
#843=CIRCLE('',#2500,5.5);
#844=CIRCLE('',#2502,0.499999999999999);
#845=CIRCLE('',#2503,6.21769145376218);
#846=CIRCLE('',#2504,6.71769145376218);
#847=CIRCLE('',#2506,5.5);
#848=CIRCLE('',#2507,5.);
#849=CIRCLE('',#2508,0.500000000000004);
#850=CIRCLE('',#2509,5.5);
#851=CIRCLE('',#2511,0.499999999999999);
#852=CIRCLE('',#2512,6.21769145376218);
#853=CIRCLE('',#2513,6.71769145376218);
#854=CIRCLE('',#2538,2.);
#855=CIRCLE('',#2545,2.);
#856=CIRCLE('',#2546,2.);
#857=CIRCLE('',#2547,2.);
#858=CIRCLE('',#2553,2.);
#859=CIRCLE('',#2556,2.);
#860=CIRCLE('',#2559,2.);
#861=CIRCLE('',#2561,2.);
#862=CIRCLE('',#2567,1.75000000001936);
#863=CIRCLE('',#2570,1.75000000001936);
#864=ELLIPSE('',#2327,5.22015325445527,5.);
#865=ELLIPSE('',#2330,7.14613415919586,5.);
#866=ELLIPSE('',#2332,3.21576037163814,2.25);
#867=ELLIPSE('',#2334,2.34906896450487,2.25);
#868=ELLIPSE('',#2338,15.6604597633658,15.);
#869=ELLIPSE('',#2341,35.3553390593274,25.);
#870=ELLIPSE('',#2342,35.3553390593274,25.);
#871=ELLIPSE('',#2345,6.74335194378188,6.71769145376218);
#872=ELLIPSE('',#2346,5.01909918771674,5.);
#873=ELLIPSE('',#2347,0.752864878157511,0.75);
#874=ELLIPSE('',#2349,34.9915921290149,25.);
#875=ELLIPSE('',#2350,35.3553390593274,25.);
#876=ELLIPSE('',#2354,0.400137116996347,0.4);
#877=ELLIPSE('',#2357,0.522015325445787,0.500000000000248);
#878=ELLIPSE('',#2359,1.06066017177982,0.75);
#879=ELLIPSE('',#2360,7.07106781186548,5.);
#880=ELLIPSE('',#2515,9.5002503617483,6.71769145376218);
#881=ELLIPSE('',#2536,4.26944702246719,3.01895494150327);
#882=ELLIPSE('',#2539,2.82842712474619,2.);
#883=ELLIPSE('',#2541,7.07106781186548,5.);
#884=ELLIPSE('',#2574,0.750057116491216,0.75);
#885=ELLIPSE('',#2575,1.06535919002846,0.75);
#886=ELLIPSE('',#2578,0.750057116491216,0.75);
#887=ELLIPSE('',#2579,1.06535919002846,0.75);
#888=ELLIPSE('',#2582,0.750057116491216,0.75);
#889=ELLIPSE('',#2583,1.06535919002846,0.75);
#890=ELLIPSE('',#2586,0.750057116491216,0.75);
#891=ELLIPSE('',#2587,1.06535919002846,0.75);
#892=VERTEX_POINT('',#3335);
#893=VERTEX_POINT('',#3336);
#894=VERTEX_POINT('',#3338);
#895=VERTEX_POINT('',#3340);
#896=VERTEX_POINT('',#3349);
#897=VERTEX_POINT('',#3351);
#898=VERTEX_POINT('',#3353);
#899=VERTEX_POINT('',#3357);
#900=VERTEX_POINT('',#3359);
#901=VERTEX_POINT('',#3361);
#902=VERTEX_POINT('',#3388);
#903=VERTEX_POINT('',#3389);
#904=VERTEX_POINT('',#3391);
#905=VERTEX_POINT('',#3410);
#906=VERTEX_POINT('',#3411);
#907=VERTEX_POINT('',#3443);
#908=VERTEX_POINT('',#3444);
#909=VERTEX_POINT('',#3456);
#910=VERTEX_POINT('',#3457);
#911=VERTEX_POINT('',#3459);
#912=VERTEX_POINT('',#3461);
#913=VERTEX_POINT('',#3465);
#914=VERTEX_POINT('',#3467);
#915=VERTEX_POINT('',#3469);
#916=VERTEX_POINT('',#3473);
#917=VERTEX_POINT('',#3475);
#918=VERTEX_POINT('',#3477);
#919=VERTEX_POINT('',#3479);
#920=VERTEX_POINT('',#3517);
#921=VERTEX_POINT('',#3519);
#922=VERTEX_POINT('',#3521);
#923=VERTEX_POINT('',#3523);
#924=VERTEX_POINT('',#3525);
#925=VERTEX_POINT('',#3527);
#926=VERTEX_POINT('',#3529);
#927=VERTEX_POINT('',#3531);
#928=VERTEX_POINT('',#3533);
#929=VERTEX_POINT('',#3535);
#930=VERTEX_POINT('',#3539);
#931=VERTEX_POINT('',#3541);
#932=VERTEX_POINT('',#3545);
#933=VERTEX_POINT('',#3547);
#934=VERTEX_POINT('',#3549);
#935=VERTEX_POINT('',#3551);
#936=VERTEX_POINT('',#3555);
#937=VERTEX_POINT('',#3557);
#938=VERTEX_POINT('',#3562);
#939=VERTEX_POINT('',#3564);
#940=VERTEX_POINT('',#3566);
#941=VERTEX_POINT('',#3568);
#942=VERTEX_POINT('',#3572);
#943=VERTEX_POINT('',#3574);
#944=VERTEX_POINT('',#3578);
#945=VERTEX_POINT('',#3580);
#946=VERTEX_POINT('',#3582);
#947=VERTEX_POINT('',#3588);
#948=VERTEX_POINT('',#3590);
#949=VERTEX_POINT('',#3592);
#950=VERTEX_POINT('',#3594);
#951=VERTEX_POINT('',#3626);
#952=VERTEX_POINT('',#3628);
#953=VERTEX_POINT('',#3630);
#954=VERTEX_POINT('',#3632);
#955=VERTEX_POINT('',#3634);
#956=VERTEX_POINT('',#3636);
#957=VERTEX_POINT('',#3638);
#958=VERTEX_POINT('',#3640);
#959=VERTEX_POINT('',#3642);
#960=VERTEX_POINT('',#3644);
#961=VERTEX_POINT('',#3648);
#962=VERTEX_POINT('',#3650);
#963=VERTEX_POINT('',#3655);
#964=VERTEX_POINT('',#3656);
#965=VERTEX_POINT('',#3658);
#966=VERTEX_POINT('',#3660);
#967=VERTEX_POINT('',#3662);
#968=VERTEX_POINT('',#3664);
#969=VERTEX_POINT('',#3666);
#970=VERTEX_POINT('',#3668);
#971=VERTEX_POINT('',#3672);
#972=VERTEX_POINT('',#3674);
#973=VERTEX_POINT('',#3679);
#974=VERTEX_POINT('',#3680);
#975=VERTEX_POINT('',#3697);
#976=VERTEX_POINT('',#3699);
#977=VERTEX_POINT('',#3703);
#978=VERTEX_POINT('',#3704);
#979=VERTEX_POINT('',#3709);
#980=VERTEX_POINT('',#3710);
#981=VERTEX_POINT('',#3715);
#982=VERTEX_POINT('',#3716);
#983=VERTEX_POINT('',#3728);
#984=VERTEX_POINT('',#3730);
#985=VERTEX_POINT('',#3735);
#986=VERTEX_POINT('',#3736);
#987=VERTEX_POINT('',#3741);
#988=VERTEX_POINT('',#3742);
#989=VERTEX_POINT('',#3753);
#990=VERTEX_POINT('',#3755);
#991=VERTEX_POINT('',#3760);
#992=VERTEX_POINT('',#3761);
#993=VERTEX_POINT('',#3766);
#994=VERTEX_POINT('',#3767);
#995=VERTEX_POINT('',#3778);
#996=VERTEX_POINT('',#3780);
#997=VERTEX_POINT('',#3785);
#998=VERTEX_POINT('',#3786);
#999=VERTEX_POINT('',#3791);
#1000=VERTEX_POINT('',#3792);
#1001=VERTEX_POINT('',#3804);
#1002=VERTEX_POINT('',#3806);
#1003=VERTEX_POINT('',#3811);
#1004=VERTEX_POINT('',#3812);
#1005=VERTEX_POINT('',#3817);
#1006=VERTEX_POINT('',#3818);
#1007=VERTEX_POINT('',#3829);
#1008=VERTEX_POINT('',#3831);
#1009=VERTEX_POINT('',#3836);
#1010=VERTEX_POINT('',#3837);
#1011=VERTEX_POINT('',#3842);
#1012=VERTEX_POINT('',#3843);
#1013=VERTEX_POINT('',#3855);
#1014=VERTEX_POINT('',#3857);
#1015=VERTEX_POINT('',#3862);
#1016=VERTEX_POINT('',#3863);
#1017=VERTEX_POINT('',#3871);
#1018=VERTEX_POINT('',#3906);
#1019=VERTEX_POINT('',#3907);
#1020=VERTEX_POINT('',#3922);
#1021=VERTEX_POINT('',#3924);
#1022=VERTEX_POINT('',#3928);
#1023=VERTEX_POINT('',#3929);
#1024=VERTEX_POINT('',#3934);
#1025=VERTEX_POINT('',#3935);
#1026=VERTEX_POINT('',#3940);
#1027=VERTEX_POINT('',#3941);
#1028=VERTEX_POINT('',#3953);
#1029=VERTEX_POINT('',#3955);
#1030=VERTEX_POINT('',#3959);
#1031=VERTEX_POINT('',#3960);
#1032=VERTEX_POINT('',#3965);
#1033=VERTEX_POINT('',#3966);
#1034=VERTEX_POINT('',#3979);
#1035=VERTEX_POINT('',#3981);
#1036=VERTEX_POINT('',#3985);
#1037=VERTEX_POINT('',#3986);
#1038=VERTEX_POINT('',#3991);
#1039=VERTEX_POINT('',#3992);
#1040=VERTEX_POINT('',#4005);
#1041=VERTEX_POINT('',#4007);
#1042=VERTEX_POINT('',#4011);
#1043=VERTEX_POINT('',#4012);
#1044=VERTEX_POINT('',#4017);
#1045=VERTEX_POINT('',#4018);
#1046=VERTEX_POINT('',#4030);
#1047=VERTEX_POINT('',#4032);
#1048=VERTEX_POINT('',#4036);
#1049=VERTEX_POINT('',#4037);
#1050=VERTEX_POINT('',#4042);
#1051=VERTEX_POINT('',#4043);
#1052=VERTEX_POINT('',#4056);
#1053=VERTEX_POINT('',#4058);
#1054=VERTEX_POINT('',#4062);
#1055=VERTEX_POINT('',#4063);
#1056=VERTEX_POINT('',#4068);
#1057=VERTEX_POINT('',#4069);
#1058=VERTEX_POINT('',#4081);
#1059=VERTEX_POINT('',#4083);
#1060=VERTEX_POINT('',#4087);
#1061=VERTEX_POINT('',#4146);
#1062=VERTEX_POINT('',#4179);
#1063=VERTEX_POINT('',#4181);
#1064=VERTEX_POINT('',#4193);
#1065=VERTEX_POINT('',#4202);
#1066=VERTEX_POINT('',#4205);
#1067=VERTEX_POINT('',#4216);
#1068=VERTEX_POINT('',#4218);
#1069=VERTEX_POINT('',#4220);
#1070=VERTEX_POINT('',#4222);
#1071=VERTEX_POINT('',#4224);
#1072=VERTEX_POINT('',#4226);
#1073=VERTEX_POINT('',#4231);
#1074=VERTEX_POINT('',#4233);
#1075=VERTEX_POINT('',#4237);
#1076=VERTEX_POINT('',#4239);
#1077=VERTEX_POINT('',#4243);
#1078=VERTEX_POINT('',#4247);
#1079=VERTEX_POINT('',#4249);
#1080=VERTEX_POINT('',#4253);
#1081=VERTEX_POINT('',#4257);
#1082=VERTEX_POINT('',#4259);
#1083=VERTEX_POINT('',#4263);
#1084=VERTEX_POINT('',#4267);
#1085=VERTEX_POINT('',#4271);
#1086=VERTEX_POINT('',#4282);
#1087=VERTEX_POINT('',#4284);
#1088=VERTEX_POINT('',#4288);
#1089=VERTEX_POINT('',#4292);
#1090=VERTEX_POINT('',#4300);
#1091=VERTEX_POINT('',#4301);
#1092=VERTEX_POINT('',#4303);
#1093=VERTEX_POINT('',#4305);
#1094=VERTEX_POINT('',#4309);
#1095=VERTEX_POINT('',#4311);
#1096=VERTEX_POINT('',#4315);
#1097=VERTEX_POINT('',#4316);
#1098=VERTEX_POINT('',#4318);
#1099=VERTEX_POINT('',#4320);
#1100=VERTEX_POINT('',#4329);
#1101=VERTEX_POINT('',#4330);
#1102=VERTEX_POINT('',#4332);
#1103=VERTEX_POINT('',#4334);
#1104=VERTEX_POINT('',#4341);
#1105=VERTEX_POINT('',#4343);
#1106=VERTEX_POINT('',#4353);
#1107=VERTEX_POINT('',#4358);
#1108=VERTEX_POINT('',#4364);
#1109=VERTEX_POINT('',#4368);
#1110=VERTEX_POINT('',#4372);
#1111=VERTEX_POINT('',#4374);
#1112=VERTEX_POINT('',#4379);
#1113=EDGE_CURVE('',#892,#893,#864,.T.);
#1114=EDGE_CURVE('',#894,#893,#740,.F.);
#1115=EDGE_CURVE('',#895,#894,#717,.F.);
#1116=EDGE_CURVE('',#895,#896,#369,.T.);
#1117=EDGE_CURVE('',#896,#897,#741,.T.);
#1118=EDGE_CURVE('',#898,#897,#865,.F.);
#1119=EDGE_CURVE('',#898,#892,#370,.T.);
#1120=EDGE_CURVE('',#898,#899,#866,.T.);
#1121=EDGE_CURVE('',#899,#900,#742,.T.);
#1122=EDGE_CURVE('',#900,#901,#371,.T.);
#1123=EDGE_CURVE('',#892,#901,#867,.T.);
#1124=EDGE_CURVE('',#902,#903,#743,.T.);
#1125=EDGE_CURVE('',#904,#903,#372,.T.);
#1126=EDGE_CURVE('',#902,#904,#373,.T.);
#1127=EDGE_CURVE('',#905,#906,#744,.T.);
#1128=EDGE_CURVE('',#906,#903,#718,.T.);
#1129=EDGE_CURVE('',#905,#902,#374,.T.);
#1130=EDGE_CURVE('',#907,#908,#745,.T.);
#1131=EDGE_CURVE('',#908,#906,#719,.T.);
#1132=EDGE_CURVE('',#907,#905,#868,.T.);
#1133=EDGE_CURVE('',#894,#908,#375,.T.);
#1134=EDGE_CURVE('',#895,#907,#376,.T.);
#1135=EDGE_CURVE('',#909,#910,#869,.T.);
#1136=EDGE_CURVE('',#910,#911,#377,.T.);
#1137=EDGE_CURVE('',#911,#912,#870,.T.);
#1138=EDGE_CURVE('',#912,#909,#378,.T.);
#1139=EDGE_CURVE('',#911,#913,#379,.F.);
#1140=EDGE_CURVE('',#913,#914,#380,.T.);
#1141=EDGE_CURVE('',#914,#915,#381,.F.);
#1142=EDGE_CURVE('',#915,#912,#382,.T.);
#1143=EDGE_CURVE('',#910,#916,#383,.T.);
#1144=EDGE_CURVE('',#917,#916,#384,.T.);
#1145=EDGE_CURVE('',#918,#917,#385,.T.);
#1146=EDGE_CURVE('',#919,#918,#720,.T.);
#1147=EDGE_CURVE('',#920,#919,#871,.T.);
#1148=EDGE_CURVE('',#921,#920,#872,.T.);
#1149=EDGE_CURVE('',#922,#921,#873,.F.);
#1150=EDGE_CURVE('',#923,#922,#386,.T.);
#1151=EDGE_CURVE('',#923,#924,#387,.T.);
#1152=EDGE_CURVE('',#924,#925,#388,.T.);
#1153=EDGE_CURVE('',#926,#925,#389,.T.);
#1154=EDGE_CURVE('',#926,#927,#390,.T.);
#1155=EDGE_CURVE('',#928,#927,#391,.T.);
#1156=EDGE_CURVE('',#929,#928,#392,.T.);
#1157=EDGE_CURVE('',#913,#929,#393,.T.);
#1158=EDGE_CURVE('',#925,#930,#874,.T.);
#1159=EDGE_CURVE('',#930,#931,#394,.T.);
#1160=EDGE_CURVE('',#931,#926,#875,.T.);
#1161=EDGE_CURVE('',#930,#932,#395,.T.);
#1162=EDGE_CURVE('',#933,#932,#396,.T.);
#1163=EDGE_CURVE('',#934,#933,#397,.T.);
#1164=EDGE_CURVE('',#935,#934,#398,.T.);
#1165=EDGE_CURVE('',#931,#935,#399,.T.);
#1166=EDGE_CURVE('',#932,#936,#400,.T.);
#1167=EDGE_CURVE('',#924,#937,#401,.T.);
#1168=EDGE_CURVE('',#937,#899,#402,.T.);
#1169=EDGE_CURVE('',#897,#936,#403,.F.);
#1170=EDGE_CURVE('',#937,#938,#404,.T.);
#1171=EDGE_CURVE('',#939,#923,#876,.T.);
#1172=EDGE_CURVE('',#940,#939,#405,.T.);
#1173=EDGE_CURVE('',#941,#940,#406,.T.);
#1174=EDGE_CURVE('',#938,#941,#407,.T.);
#1175=EDGE_CURVE('',#942,#941,#408,.T.);
#1176=EDGE_CURVE('',#943,#942,#409,.T.);
#1177=EDGE_CURVE('',#943,#938,#410,.T.);
#1178=EDGE_CURVE('',#940,#944,#411,.T.);
#1179=EDGE_CURVE('',#944,#945,#412,.T.);
#1180=EDGE_CURVE('',#945,#946,#413,.T.);
#1181=EDGE_CURVE('',#946,#895,#414,.T.);
#1182=EDGE_CURVE('',#893,#903,#415,.T.);
#1183=EDGE_CURVE('',#901,#942,#877,.T.);
#1184=EDGE_CURVE('',#947,#939,#416,.T.);
#1185=EDGE_CURVE('',#948,#947,#878,.T.);
#1186=EDGE_CURVE('',#948,#949,#879,.F.);
#1187=EDGE_CURVE('',#949,#950,#417,.F.);
#1188=EDGE_CURVE('',#950,#944,#418,.T.);
#1189=EDGE_CURVE('',#900,#943,#746,.T.);
#1190=EDGE_CURVE('',#922,#947,#721,.T.);
#1191=EDGE_CURVE('',#951,#946,#419,.T.);
#1192=EDGE_CURVE('',#951,#952,#420,.T.);
#1193=EDGE_CURVE('',#953,#952,#747,.T.);
#1194=EDGE_CURVE('',#953,#954,#421,.T.);
#1195=EDGE_CURVE('',#955,#954,#748,.T.);
#1196=EDGE_CURVE('',#955,#956,#422,.T.);
#1197=EDGE_CURVE('',#957,#956,#749,.T.);
#1198=EDGE_CURVE('',#958,#957,#423,.T.);
#1199=EDGE_CURVE('',#959,#958,#750,.T.);
#1200=EDGE_CURVE('',#960,#959,#424,.T.);
#1201=EDGE_CURVE('',#896,#960,#425,.T.);
#1202=EDGE_CURVE('',#945,#961,#426,.T.);
#1203=EDGE_CURVE('',#961,#962,#427,.T.);
#1204=EDGE_CURVE('',#962,#951,#428,.T.);
#1205=EDGE_CURVE('',#961,#950,#429,.T.);
#1206=EDGE_CURVE('',#963,#964,#430,.T.);
#1207=EDGE_CURVE('',#965,#963,#431,.T.);
#1208=EDGE_CURVE('',#966,#965,#432,.T.);
#1209=EDGE_CURVE('',#967,#966,#433,.T.);
#1210=EDGE_CURVE('',#968,#967,#434,.T.);
#1211=EDGE_CURVE('',#969,#968,#435,.T.);
#1212=EDGE_CURVE('',#970,#969,#436,.T.);
#1213=EDGE_CURVE('',#970,#964,#437,.T.);
#1214=EDGE_CURVE('',#971,#896,#438,.T.);
#1215=EDGE_CURVE('',#972,#971,#439,.T.);
#1216=EDGE_CURVE('',#936,#972,#751,.T.);
#1217=EDGE_CURVE('',#973,#974,#722,.F.);
#1218=EDGE_CURVE('',#974,#975,#752,.T.);
#1219=EDGE_CURVE('',#975,#976,#753,.T.);
#1220=EDGE_CURVE('',#976,#973,#754,.T.);
#1221=EDGE_CURVE('',#977,#978,#755,.T.);
#1222=EDGE_CURVE('',#978,#976,#756,.T.);
#1223=EDGE_CURVE('',#975,#977,#757,.T.);
#1224=EDGE_CURVE('',#979,#980,#758,.T.);
#1225=EDGE_CURVE('',#980,#978,#759,.T.);
#1226=EDGE_CURVE('',#977,#979,#760,.T.);
#1227=EDGE_CURVE('',#981,#982,#723,.T.);
#1228=EDGE_CURVE('',#981,#983,#761,.T.);
#1229=EDGE_CURVE('',#983,#984,#762,.T.);
#1230=EDGE_CURVE('',#984,#980,#763,.T.);
#1231=EDGE_CURVE('',#979,#982,#764,.T.);
#1232=EDGE_CURVE('',#985,#986,#765,.T.);
#1233=EDGE_CURVE('',#986,#984,#766,.T.);
#1234=EDGE_CURVE('',#983,#985,#767,.T.);
#1235=EDGE_CURVE('',#987,#988,#724,.T.);
#1236=EDGE_CURVE('',#987,#989,#768,.T.);
#1237=EDGE_CURVE('',#989,#990,#769,.T.);
#1238=EDGE_CURVE('',#990,#986,#770,.T.);
#1239=EDGE_CURVE('',#985,#988,#771,.T.);
#1240=EDGE_CURVE('',#991,#992,#772,.T.);
#1241=EDGE_CURVE('',#992,#990,#773,.T.);
#1242=EDGE_CURVE('',#989,#991,#774,.T.);
#1243=EDGE_CURVE('',#993,#994,#725,.T.);
#1244=EDGE_CURVE('',#993,#995,#775,.T.);
#1245=EDGE_CURVE('',#995,#996,#776,.T.);
#1246=EDGE_CURVE('',#996,#992,#777,.T.);
#1247=EDGE_CURVE('',#991,#994,#778,.T.);
#1248=EDGE_CURVE('',#997,#998,#779,.T.);
#1249=EDGE_CURVE('',#998,#996,#780,.T.);
#1250=EDGE_CURVE('',#995,#997,#781,.T.);
#1251=EDGE_CURVE('',#999,#1000,#726,.T.);
#1252=EDGE_CURVE('',#999,#1001,#782,.T.);
#1253=EDGE_CURVE('',#1001,#1002,#783,.T.);
#1254=EDGE_CURVE('',#1002,#998,#784,.T.);
#1255=EDGE_CURVE('',#997,#1000,#785,.T.);
#1256=EDGE_CURVE('',#1003,#1004,#786,.T.);
#1257=EDGE_CURVE('',#1004,#1002,#787,.T.);
#1258=EDGE_CURVE('',#1001,#1003,#788,.T.);
#1259=EDGE_CURVE('',#1005,#1006,#727,.T.);
#1260=EDGE_CURVE('',#1005,#1007,#789,.T.);
#1261=EDGE_CURVE('',#1007,#1008,#790,.T.);
#1262=EDGE_CURVE('',#1008,#1004,#791,.T.);
#1263=EDGE_CURVE('',#1003,#1006,#792,.T.);
#1264=EDGE_CURVE('',#1009,#1010,#793,.T.);
#1265=EDGE_CURVE('',#1010,#1008,#794,.T.);
#1266=EDGE_CURVE('',#1007,#1009,#795,.T.);
#1267=EDGE_CURVE('',#1011,#1012,#728,.T.);
#1268=EDGE_CURVE('',#1011,#1013,#796,.T.);
#1269=EDGE_CURVE('',#1013,#1014,#797,.T.);
#1270=EDGE_CURVE('',#1014,#1010,#798,.T.);
#1271=EDGE_CURVE('',#1009,#1012,#799,.T.);
#1272=EDGE_CURVE('',#1015,#1016,#729,.T.);
#1273=EDGE_CURVE('',#1015,#1014,#800,.T.);
#1274=EDGE_CURVE('',#1013,#1017,#801,.T.);
#1275=EDGE_CURVE('',#1017,#1016,#802,.T.);
#1276=EDGE_CURVE('',#1016,#1017,#730,.T.);
#1277=EDGE_CURVE('',#982,#974,#440,.T.);
#1278=EDGE_CURVE('',#988,#981,#441,.T.);
#1279=EDGE_CURVE('',#994,#987,#442,.T.);
#1280=EDGE_CURVE('',#1000,#993,#443,.T.);
#1281=EDGE_CURVE('',#1006,#999,#444,.T.);
#1282=EDGE_CURVE('',#1017,#1011,#445,.T.);
#1283=EDGE_CURVE('',#1018,#1019,#731,.T.);
#1284=EDGE_CURVE('',#1019,#1020,#803,.T.);
#1285=EDGE_CURVE('',#1020,#1021,#804,.T.);
#1286=EDGE_CURVE('',#1021,#1018,#805,.T.);
#1287=EDGE_CURVE('',#1022,#1023,#806,.T.);
#1288=EDGE_CURVE('',#1023,#1021,#807,.T.);
#1289=EDGE_CURVE('',#1020,#1022,#808,.T.);
#1290=EDGE_CURVE('',#1024,#1025,#809,.T.);
#1291=EDGE_CURVE('',#1025,#1023,#810,.T.);
#1292=EDGE_CURVE('',#1022,#1024,#811,.T.);
#1293=EDGE_CURVE('',#1026,#1027,#732,.T.);
#1294=EDGE_CURVE('',#1026,#1025,#812,.T.);
#1295=EDGE_CURVE('',#1024,#1028,#813,.T.);
#1296=EDGE_CURVE('',#1028,#1029,#814,.T.);
#1297=EDGE_CURVE('',#1029,#1027,#815,.T.);
#1298=EDGE_CURVE('',#1030,#1031,#816,.T.);
#1299=EDGE_CURVE('',#1031,#1029,#817,.T.);
#1300=EDGE_CURVE('',#1028,#1030,#818,.T.);
#1301=EDGE_CURVE('',#1032,#1033,#733,.T.);
#1302=EDGE_CURVE('',#1032,#1031,#819,.T.);
#1303=EDGE_CURVE('',#1030,#1034,#820,.T.);
#1304=EDGE_CURVE('',#1034,#1035,#821,.T.);
#1305=EDGE_CURVE('',#1035,#1033,#822,.T.);
#1306=EDGE_CURVE('',#1036,#1037,#823,.T.);
#1307=EDGE_CURVE('',#1037,#1035,#824,.T.);
#1308=EDGE_CURVE('',#1034,#1036,#825,.T.);
#1309=EDGE_CURVE('',#1038,#1039,#734,.T.);
#1310=EDGE_CURVE('',#1038,#1037,#826,.T.);
#1311=EDGE_CURVE('',#1036,#1040,#827,.T.);
#1312=EDGE_CURVE('',#1040,#1041,#828,.T.);
#1313=EDGE_CURVE('',#1041,#1039,#829,.T.);
#1314=EDGE_CURVE('',#1042,#1043,#830,.T.);
#1315=EDGE_CURVE('',#1043,#1041,#831,.T.);
#1316=EDGE_CURVE('',#1040,#1042,#832,.T.);
#1317=EDGE_CURVE('',#1044,#1045,#735,.T.);
#1318=EDGE_CURVE('',#1044,#1043,#833,.T.);
#1319=EDGE_CURVE('',#1042,#1046,#834,.T.);
#1320=EDGE_CURVE('',#1046,#1047,#835,.T.);
#1321=EDGE_CURVE('',#1047,#1045,#836,.T.);
#1322=EDGE_CURVE('',#1048,#1049,#837,.T.);
#1323=EDGE_CURVE('',#1049,#1047,#838,.T.);
#1324=EDGE_CURVE('',#1046,#1048,#839,.T.);
#1325=EDGE_CURVE('',#1050,#1051,#736,.T.);
#1326=EDGE_CURVE('',#1050,#1049,#840,.T.);
#1327=EDGE_CURVE('',#1048,#1052,#841,.T.);
#1328=EDGE_CURVE('',#1052,#1053,#842,.T.);
#1329=EDGE_CURVE('',#1053,#1051,#843,.T.);
#1330=EDGE_CURVE('',#1054,#1055,#844,.T.);
#1331=EDGE_CURVE('',#1055,#1053,#845,.T.);
#1332=EDGE_CURVE('',#1052,#1054,#846,.T.);
#1333=EDGE_CURVE('',#1056,#1057,#737,.T.);
#1334=EDGE_CURVE('',#1056,#1055,#847,.T.);
#1335=EDGE_CURVE('',#1054,#1058,#848,.T.);
#1336=EDGE_CURVE('',#1058,#1059,#849,.T.);
#1337=EDGE_CURVE('',#1059,#1057,#850,.T.);
#1338=EDGE_CURVE('',#1060,#917,#851,.T.);
#1339=EDGE_CURVE('',#917,#1059,#852,.T.);
#1340=EDGE_CURVE('',#1058,#1060,#853,.T.);
#1341=EDGE_CURVE('',#1060,#919,#738,.T.);
#1342=EDGE_CURVE('',#1061,#1015,#880,.T.);
#1343=EDGE_CURVE('',#920,#1061,#446,.T.);
#1344=EDGE_CURVE('',#1014,#1058,#447,.T.);
#1345=EDGE_CURVE('',#1054,#1010,#448,.T.);
#1346=EDGE_CURVE('',#1008,#1052,#449,.T.);
#1347=EDGE_CURVE('',#1048,#1004,#450,.T.);
#1348=EDGE_CURVE('',#1002,#1046,#451,.T.);
#1349=EDGE_CURVE('',#1042,#998,#452,.T.);
#1350=EDGE_CURVE('',#996,#1040,#453,.T.);
#1351=EDGE_CURVE('',#1036,#992,#454,.T.);
#1352=EDGE_CURVE('',#990,#1034,#455,.T.);
#1353=EDGE_CURVE('',#1030,#986,#456,.T.);
#1354=EDGE_CURVE('',#984,#1028,#457,.T.);
#1355=EDGE_CURVE('',#1024,#980,#458,.T.);
#1356=EDGE_CURVE('',#978,#1022,#459,.T.);
#1357=EDGE_CURVE('',#1020,#976,#460,.T.);
#1358=EDGE_CURVE('',#1057,#916,#461,.T.);
#1359=EDGE_CURVE('',#1062,#1026,#462,.T.);
#1360=EDGE_CURVE('',#1063,#1062,#463,.T.);
#1361=EDGE_CURVE('',#1063,#1018,#464,.T.);
#1362=EDGE_CURVE('',#1027,#1032,#465,.T.);
#1363=EDGE_CURVE('',#1033,#1038,#466,.T.);
#1364=EDGE_CURVE('',#1039,#1044,#467,.T.);
#1365=EDGE_CURVE('',#1045,#1050,#468,.T.);
#1366=EDGE_CURVE('',#1019,#1064,#739,.T.);
#1367=EDGE_CURVE('',#973,#1064,#881,.T.);
#1368=EDGE_CURVE('',#1063,#1065,#854,.T.);
#1369=EDGE_CURVE('',#1065,#953,#469,.T.);
#1370=EDGE_CURVE('',#952,#1066,#470,.T.);
#1371=EDGE_CURVE('',#1066,#1064,#882,.T.);
#1372=EDGE_CURVE('',#1061,#949,#883,.T.);
#1373=EDGE_CURVE('',#948,#921,#471,.T.);
#1374=EDGE_CURVE('',#1051,#1056,#472,.T.);
#1375=EDGE_CURVE('',#1012,#1005,#473,.T.);
#1376=EDGE_CURVE('',#1062,#1067,#474,.T.);
#1377=EDGE_CURVE('',#1068,#1067,#855,.T.);
#1378=EDGE_CURVE('',#1069,#1068,#475,.T.);
#1379=EDGE_CURVE('',#1070,#1069,#856,.T.);
#1380=EDGE_CURVE('',#1070,#1071,#476,.T.);
#1381=EDGE_CURVE('',#1072,#1071,#857,.T.);
#1382=EDGE_CURVE('',#1072,#1065,#477,.T.);
#1383=EDGE_CURVE('',#928,#1073,#478,.F.);
#1384=EDGE_CURVE('',#1073,#1074,#479,.T.);
#1385=EDGE_CURVE('',#1074,#929,#480,.F.);
#1386=EDGE_CURVE('',#1075,#1073,#481,.T.);
#1387=EDGE_CURVE('',#1076,#1075,#482,.T.);
#1388=EDGE_CURVE('',#1076,#1074,#483,.T.);
#1389=EDGE_CURVE('',#935,#1077,#484,.F.);
#1390=EDGE_CURVE('',#1077,#927,#485,.T.);
#1391=EDGE_CURVE('',#958,#1078,#486,.T.);
#1392=EDGE_CURVE('',#1078,#1079,#858,.T.);
#1393=EDGE_CURVE('',#1079,#959,#487,.T.);
#1394=EDGE_CURVE('',#1080,#957,#488,.T.);
#1395=EDGE_CURVE('',#1080,#1078,#489,.T.);
#1396=EDGE_CURVE('',#1067,#1081,#490,.T.);
#1397=EDGE_CURVE('',#1081,#1082,#859,.T.);
#1398=EDGE_CURVE('',#1082,#1068,#491,.T.);
#1399=EDGE_CURVE('',#1082,#1083,#492,.T.);
#1400=EDGE_CURVE('',#1069,#1083,#493,.T.);
#1401=EDGE_CURVE('',#1083,#1084,#860,.T.);
#1402=EDGE_CURVE('',#1084,#1070,#494,.T.);
#1403=EDGE_CURVE('',#956,#1085,#495,.T.);
#1404=EDGE_CURVE('',#1085,#1080,#861,.T.);
#1405=EDGE_CURVE('',#954,#1072,#496,.T.);
#1406=EDGE_CURVE('',#1071,#955,#497,.T.);
#1407=EDGE_CURVE('',#1066,#962,#498,.T.);
#1408=EDGE_CURVE('',#1086,#1084,#499,.T.);
#1409=EDGE_CURVE('',#1087,#1086,#862,.T.);
#1410=EDGE_CURVE('',#1085,#1087,#500,.T.);
#1411=EDGE_CURVE('',#1088,#1087,#501,.T.);
#1412=EDGE_CURVE('',#1088,#1079,#502,.T.);
#1413=EDGE_CURVE('',#1089,#1086,#503,.T.);
#1414=EDGE_CURVE('',#1089,#1088,#863,.T.);
#1415=EDGE_CURVE('',#1081,#1089,#504,.T.);
#1416=EDGE_CURVE('',#933,#971,#505,.T.);
#1417=EDGE_CURVE('',#1090,#1091,#884,.T.);
#1418=EDGE_CURVE('',#1091,#1092,#506,.T.);
#1419=EDGE_CURVE('',#1092,#1093,#885,.F.);
#1420=EDGE_CURVE('',#1093,#1090,#507,.T.);
#1421=EDGE_CURVE('',#1094,#1093,#508,.T.);
#1422=EDGE_CURVE('',#1095,#1094,#509,.T.);
#1423=EDGE_CURVE('',#1095,#1090,#510,.T.);
#1424=EDGE_CURVE('',#1096,#1097,#886,.T.);
#1425=EDGE_CURVE('',#1097,#1098,#511,.T.);
#1426=EDGE_CURVE('',#1098,#1099,#887,.F.);
#1427=EDGE_CURVE('',#1099,#1096,#512,.T.);
#1428=EDGE_CURVE('',#1091,#1096,#513,.T.);
#1429=EDGE_CURVE('',#969,#1099,#514,.T.);
#1430=EDGE_CURVE('',#963,#969,#515,.T.);
#1431=EDGE_CURVE('',#963,#1092,#516,.T.);
#1432=EDGE_CURVE('',#1100,#1101,#888,.T.);
#1433=EDGE_CURVE('',#1101,#1102,#517,.T.);
#1434=EDGE_CURVE('',#1102,#1103,#889,.F.);
#1435=EDGE_CURVE('',#1103,#1100,#518,.T.);
#1436=EDGE_CURVE('',#1097,#1100,#519,.T.);
#1437=EDGE_CURVE('',#1098,#1103,#520,.T.);
#1438=EDGE_CURVE('',#1104,#1095,#890,.T.);
#1439=EDGE_CURVE('',#1094,#1105,#891,.F.);
#1440=EDGE_CURVE('',#1105,#1104,#521,.T.);
#1441=EDGE_CURVE('',#1101,#1104,#522,.T.);
#1442=EDGE_CURVE('',#964,#1105,#523,.T.);
#1443=EDGE_CURVE('',#1102,#970,#524,.T.);
#1444=EDGE_CURVE('',#1075,#1106,#525,.T.);
#1445=EDGE_CURVE('',#1106,#968,#526,.F.);
#1446=EDGE_CURVE('',#967,#1075,#527,.T.);
#1447=EDGE_CURVE('',#965,#1107,#528,.F.);
#1448=EDGE_CURVE('',#1107,#1076,#529,.T.);
#1449=EDGE_CURVE('',#1076,#966,#530,.T.);
#1450=EDGE_CURVE('',#1108,#1077,#531,.T.);
#1451=EDGE_CURVE('',#1106,#1108,#532,.T.);
#1452=EDGE_CURVE('',#1107,#1109,#533,.T.);
#1453=EDGE_CURVE('',#914,#1109,#534,.T.);
#1454=EDGE_CURVE('',#1109,#1110,#535,.T.);
#1455=EDGE_CURVE('',#1110,#1111,#536,.T.);
#1456=EDGE_CURVE('',#1111,#915,#537,.T.);
#1457=EDGE_CURVE('',#1110,#1062,#538,.T.);
#1458=EDGE_CURVE('',#1112,#1108,#539,.T.);
#1459=EDGE_CURVE('',#960,#1112,#540,.T.);
#1460=EDGE_CURVE('',#934,#1112,#541,.T.);
#1461=EDGE_CURVE('',#909,#1111,#542,.T.);
#1462=ORIENTED_EDGE('',*,*,#1113,.T.);
#1463=ORIENTED_EDGE('',*,*,#1114,.F.);
#1464=ORIENTED_EDGE('',*,*,#1115,.F.);
#1465=ORIENTED_EDGE('',*,*,#1116,.T.);
#1466=ORIENTED_EDGE('',*,*,#1117,.T.);
#1467=ORIENTED_EDGE('',*,*,#1118,.F.);
#1468=ORIENTED_EDGE('',*,*,#1119,.T.);
#1469=ORIENTED_EDGE('',*,*,#1119,.F.);
#1470=ORIENTED_EDGE('',*,*,#1120,.T.);
#1471=ORIENTED_EDGE('',*,*,#1121,.T.);
#1472=ORIENTED_EDGE('',*,*,#1122,.T.);
#1473=ORIENTED_EDGE('',*,*,#1123,.F.);
#1474=ORIENTED_EDGE('',*,*,#1124,.T.);
#1475=ORIENTED_EDGE('',*,*,#1125,.F.);
#1476=ORIENTED_EDGE('',*,*,#1126,.F.);
#1477=ORIENTED_EDGE('',*,*,#1127,.T.);
#1478=ORIENTED_EDGE('',*,*,#1128,.T.);
#1479=ORIENTED_EDGE('',*,*,#1124,.F.);
#1480=ORIENTED_EDGE('',*,*,#1129,.F.);
#1481=ORIENTED_EDGE('',*,*,#1130,.T.);
#1482=ORIENTED_EDGE('',*,*,#1131,.T.);
#1483=ORIENTED_EDGE('',*,*,#1127,.F.);
#1484=ORIENTED_EDGE('',*,*,#1132,.F.);
#1485=ORIENTED_EDGE('',*,*,#1133,.T.);
#1486=ORIENTED_EDGE('',*,*,#1130,.F.);
#1487=ORIENTED_EDGE('',*,*,#1134,.F.);
#1488=ORIENTED_EDGE('',*,*,#1115,.T.);
#1489=ORIENTED_EDGE('',*,*,#1135,.T.);
#1490=ORIENTED_EDGE('',*,*,#1136,.T.);
#1491=ORIENTED_EDGE('',*,*,#1137,.T.);
#1492=ORIENTED_EDGE('',*,*,#1138,.T.);
#1493=ORIENTED_EDGE('',*,*,#1137,.F.);
#1494=ORIENTED_EDGE('',*,*,#1139,.T.);
#1495=ORIENTED_EDGE('',*,*,#1140,.T.);
#1496=ORIENTED_EDGE('',*,*,#1141,.T.);
#1497=ORIENTED_EDGE('',*,*,#1142,.T.);
#1498=ORIENTED_EDGE('',*,*,#1136,.F.);
#1499=ORIENTED_EDGE('',*,*,#1143,.T.);
#1500=ORIENTED_EDGE('',*,*,#1144,.F.);
#1501=ORIENTED_EDGE('',*,*,#1145,.F.);
#1502=ORIENTED_EDGE('',*,*,#1146,.F.);
#1503=ORIENTED_EDGE('',*,*,#1147,.F.);
#1504=ORIENTED_EDGE('',*,*,#1148,.F.);
#1505=ORIENTED_EDGE('',*,*,#1149,.F.);
#1506=ORIENTED_EDGE('',*,*,#1150,.F.);
#1507=ORIENTED_EDGE('',*,*,#1151,.T.);
#1508=ORIENTED_EDGE('',*,*,#1152,.T.);
#1509=ORIENTED_EDGE('',*,*,#1153,.F.);
#1510=ORIENTED_EDGE('',*,*,#1154,.T.);
#1511=ORIENTED_EDGE('',*,*,#1155,.F.);
#1512=ORIENTED_EDGE('',*,*,#1156,.F.);
#1513=ORIENTED_EDGE('',*,*,#1157,.F.);
#1514=ORIENTED_EDGE('',*,*,#1139,.F.);
#1515=ORIENTED_EDGE('',*,*,#1158,.T.);
#1516=ORIENTED_EDGE('',*,*,#1159,.T.);
#1517=ORIENTED_EDGE('',*,*,#1160,.T.);
#1518=ORIENTED_EDGE('',*,*,#1153,.T.);
#1519=ORIENTED_EDGE('',*,*,#1159,.F.);
#1520=ORIENTED_EDGE('',*,*,#1161,.T.);
#1521=ORIENTED_EDGE('',*,*,#1162,.F.);
#1522=ORIENTED_EDGE('',*,*,#1163,.F.);
#1523=ORIENTED_EDGE('',*,*,#1164,.F.);
#1524=ORIENTED_EDGE('',*,*,#1165,.F.);
#1525=ORIENTED_EDGE('',*,*,#1166,.F.);
#1526=ORIENTED_EDGE('',*,*,#1161,.F.);
#1527=ORIENTED_EDGE('',*,*,#1158,.F.);
#1528=ORIENTED_EDGE('',*,*,#1152,.F.);
#1529=ORIENTED_EDGE('',*,*,#1167,.T.);
#1530=ORIENTED_EDGE('',*,*,#1168,.T.);
#1531=ORIENTED_EDGE('',*,*,#1120,.F.);
#1532=ORIENTED_EDGE('',*,*,#1118,.T.);
#1533=ORIENTED_EDGE('',*,*,#1169,.T.);
#1534=ORIENTED_EDGE('',*,*,#1170,.F.);
#1535=ORIENTED_EDGE('',*,*,#1167,.F.);
#1536=ORIENTED_EDGE('',*,*,#1151,.F.);
#1537=ORIENTED_EDGE('',*,*,#1171,.F.);
#1538=ORIENTED_EDGE('',*,*,#1172,.F.);
#1539=ORIENTED_EDGE('',*,*,#1173,.F.);
#1540=ORIENTED_EDGE('',*,*,#1174,.F.);
#1541=ORIENTED_EDGE('',*,*,#1174,.T.);
#1542=ORIENTED_EDGE('',*,*,#1175,.F.);
#1543=ORIENTED_EDGE('',*,*,#1176,.F.);
#1544=ORIENTED_EDGE('',*,*,#1177,.T.);
#1545=ORIENTED_EDGE('',*,*,#1173,.T.);
#1546=ORIENTED_EDGE('',*,*,#1178,.T.);
#1547=ORIENTED_EDGE('',*,*,#1179,.T.);
#1548=ORIENTED_EDGE('',*,*,#1180,.T.);
#1549=ORIENTED_EDGE('',*,*,#1181,.T.);
#1550=ORIENTED_EDGE('',*,*,#1134,.T.);
#1551=ORIENTED_EDGE('',*,*,#1132,.T.);
#1552=ORIENTED_EDGE('',*,*,#1129,.T.);
#1553=ORIENTED_EDGE('',*,*,#1126,.T.);
#1554=ORIENTED_EDGE('',*,*,#1125,.T.);
#1555=ORIENTED_EDGE('',*,*,#1182,.F.);
#1556=ORIENTED_EDGE('',*,*,#1113,.F.);
#1557=ORIENTED_EDGE('',*,*,#1123,.T.);
#1558=ORIENTED_EDGE('',*,*,#1183,.T.);
#1559=ORIENTED_EDGE('',*,*,#1175,.T.);
#1560=ORIENTED_EDGE('',*,*,#1172,.T.);
#1561=ORIENTED_EDGE('',*,*,#1184,.F.);
#1562=ORIENTED_EDGE('',*,*,#1185,.F.);
#1563=ORIENTED_EDGE('',*,*,#1186,.T.);
#1564=ORIENTED_EDGE('',*,*,#1187,.T.);
#1565=ORIENTED_EDGE('',*,*,#1188,.T.);
#1566=ORIENTED_EDGE('',*,*,#1178,.F.);
#1567=ORIENTED_EDGE('',*,*,#1170,.T.);
#1568=ORIENTED_EDGE('',*,*,#1177,.F.);
#1569=ORIENTED_EDGE('',*,*,#1189,.F.);
#1570=ORIENTED_EDGE('',*,*,#1121,.F.);
#1571=ORIENTED_EDGE('',*,*,#1168,.F.);
#1572=ORIENTED_EDGE('',*,*,#1189,.T.);
#1573=ORIENTED_EDGE('',*,*,#1176,.T.);
#1574=ORIENTED_EDGE('',*,*,#1183,.F.);
#1575=ORIENTED_EDGE('',*,*,#1122,.F.);
#1576=ORIENTED_EDGE('',*,*,#1171,.T.);
#1577=ORIENTED_EDGE('',*,*,#1150,.T.);
#1578=ORIENTED_EDGE('',*,*,#1190,.T.);
#1579=ORIENTED_EDGE('',*,*,#1184,.T.);
#1580=ORIENTED_EDGE('',*,*,#1116,.F.);
#1581=ORIENTED_EDGE('',*,*,#1181,.F.);
#1582=ORIENTED_EDGE('',*,*,#1191,.F.);
#1583=ORIENTED_EDGE('',*,*,#1192,.T.);
#1584=ORIENTED_EDGE('',*,*,#1193,.F.);
#1585=ORIENTED_EDGE('',*,*,#1194,.T.);
#1586=ORIENTED_EDGE('',*,*,#1195,.F.);
#1587=ORIENTED_EDGE('',*,*,#1196,.T.);
#1588=ORIENTED_EDGE('',*,*,#1197,.F.);
#1589=ORIENTED_EDGE('',*,*,#1198,.F.);
#1590=ORIENTED_EDGE('',*,*,#1199,.F.);
#1591=ORIENTED_EDGE('',*,*,#1200,.F.);
#1592=ORIENTED_EDGE('',*,*,#1201,.F.);
#1593=ORIENTED_EDGE('',*,*,#1180,.F.);
#1594=ORIENTED_EDGE('',*,*,#1202,.T.);
#1595=ORIENTED_EDGE('',*,*,#1203,.T.);
#1596=ORIENTED_EDGE('',*,*,#1204,.T.);
#1597=ORIENTED_EDGE('',*,*,#1191,.T.);
#1598=ORIENTED_EDGE('',*,*,#1179,.F.);
#1599=ORIENTED_EDGE('',*,*,#1188,.F.);
#1600=ORIENTED_EDGE('',*,*,#1205,.F.);
#1601=ORIENTED_EDGE('',*,*,#1202,.F.);
#1602=ORIENTED_EDGE('',*,*,#1206,.F.);
#1603=ORIENTED_EDGE('',*,*,#1207,.F.);
#1604=ORIENTED_EDGE('',*,*,#1208,.F.);
#1605=ORIENTED_EDGE('',*,*,#1209,.F.);
#1606=ORIENTED_EDGE('',*,*,#1210,.F.);
#1607=ORIENTED_EDGE('',*,*,#1211,.F.);
#1608=ORIENTED_EDGE('',*,*,#1212,.F.);
#1609=ORIENTED_EDGE('',*,*,#1213,.T.);
#1610=ORIENTED_EDGE('',*,*,#1169,.F.);
#1611=ORIENTED_EDGE('',*,*,#1117,.F.);
#1612=ORIENTED_EDGE('',*,*,#1214,.F.);
#1613=ORIENTED_EDGE('',*,*,#1215,.F.);
#1614=ORIENTED_EDGE('',*,*,#1216,.F.);
#1615=ORIENTED_EDGE('',*,*,#1133,.F.);
#1616=ORIENTED_EDGE('',*,*,#1114,.T.);
#1617=ORIENTED_EDGE('',*,*,#1182,.T.);
#1618=ORIENTED_EDGE('',*,*,#1128,.F.);
#1619=ORIENTED_EDGE('',*,*,#1131,.F.);
#1620=ORIENTED_EDGE('',*,*,#1217,.T.);
#1621=ORIENTED_EDGE('',*,*,#1218,.T.);
#1622=ORIENTED_EDGE('',*,*,#1219,.T.);
#1623=ORIENTED_EDGE('',*,*,#1220,.T.);
#1624=ORIENTED_EDGE('',*,*,#1221,.T.);
#1625=ORIENTED_EDGE('',*,*,#1222,.T.);
#1626=ORIENTED_EDGE('',*,*,#1219,.F.);
#1627=ORIENTED_EDGE('',*,*,#1223,.T.);
#1628=ORIENTED_EDGE('',*,*,#1224,.T.);
#1629=ORIENTED_EDGE('',*,*,#1225,.T.);
#1630=ORIENTED_EDGE('',*,*,#1221,.F.);
#1631=ORIENTED_EDGE('',*,*,#1226,.T.);
#1632=ORIENTED_EDGE('',*,*,#1227,.F.);
#1633=ORIENTED_EDGE('',*,*,#1228,.T.);
#1634=ORIENTED_EDGE('',*,*,#1229,.T.);
#1635=ORIENTED_EDGE('',*,*,#1230,.T.);
#1636=ORIENTED_EDGE('',*,*,#1224,.F.);
#1637=ORIENTED_EDGE('',*,*,#1231,.T.);
#1638=ORIENTED_EDGE('',*,*,#1232,.T.);
#1639=ORIENTED_EDGE('',*,*,#1233,.T.);
#1640=ORIENTED_EDGE('',*,*,#1229,.F.);
#1641=ORIENTED_EDGE('',*,*,#1234,.T.);
#1642=ORIENTED_EDGE('',*,*,#1235,.F.);
#1643=ORIENTED_EDGE('',*,*,#1236,.T.);
#1644=ORIENTED_EDGE('',*,*,#1237,.T.);
#1645=ORIENTED_EDGE('',*,*,#1238,.T.);
#1646=ORIENTED_EDGE('',*,*,#1232,.F.);
#1647=ORIENTED_EDGE('',*,*,#1239,.T.);
#1648=ORIENTED_EDGE('',*,*,#1240,.T.);
#1649=ORIENTED_EDGE('',*,*,#1241,.T.);
#1650=ORIENTED_EDGE('',*,*,#1237,.F.);
#1651=ORIENTED_EDGE('',*,*,#1242,.T.);
#1652=ORIENTED_EDGE('',*,*,#1243,.F.);
#1653=ORIENTED_EDGE('',*,*,#1244,.T.);
#1654=ORIENTED_EDGE('',*,*,#1245,.T.);
#1655=ORIENTED_EDGE('',*,*,#1246,.T.);
#1656=ORIENTED_EDGE('',*,*,#1240,.F.);
#1657=ORIENTED_EDGE('',*,*,#1247,.T.);
#1658=ORIENTED_EDGE('',*,*,#1248,.T.);
#1659=ORIENTED_EDGE('',*,*,#1249,.T.);
#1660=ORIENTED_EDGE('',*,*,#1245,.F.);
#1661=ORIENTED_EDGE('',*,*,#1250,.T.);
#1662=ORIENTED_EDGE('',*,*,#1251,.F.);
#1663=ORIENTED_EDGE('',*,*,#1252,.T.);
#1664=ORIENTED_EDGE('',*,*,#1253,.T.);
#1665=ORIENTED_EDGE('',*,*,#1254,.T.);
#1666=ORIENTED_EDGE('',*,*,#1248,.F.);
#1667=ORIENTED_EDGE('',*,*,#1255,.T.);
#1668=ORIENTED_EDGE('',*,*,#1256,.T.);
#1669=ORIENTED_EDGE('',*,*,#1257,.T.);
#1670=ORIENTED_EDGE('',*,*,#1253,.F.);
#1671=ORIENTED_EDGE('',*,*,#1258,.T.);
#1672=ORIENTED_EDGE('',*,*,#1259,.F.);
#1673=ORIENTED_EDGE('',*,*,#1260,.T.);
#1674=ORIENTED_EDGE('',*,*,#1261,.T.);
#1675=ORIENTED_EDGE('',*,*,#1262,.T.);
#1676=ORIENTED_EDGE('',*,*,#1256,.F.);
#1677=ORIENTED_EDGE('',*,*,#1263,.T.);
#1678=ORIENTED_EDGE('',*,*,#1264,.T.);
#1679=ORIENTED_EDGE('',*,*,#1265,.T.);
#1680=ORIENTED_EDGE('',*,*,#1261,.F.);
#1681=ORIENTED_EDGE('',*,*,#1266,.T.);
#1682=ORIENTED_EDGE('',*,*,#1267,.F.);
#1683=ORIENTED_EDGE('',*,*,#1268,.T.);
#1684=ORIENTED_EDGE('',*,*,#1269,.T.);
#1685=ORIENTED_EDGE('',*,*,#1270,.T.);
#1686=ORIENTED_EDGE('',*,*,#1264,.F.);
#1687=ORIENTED_EDGE('',*,*,#1271,.T.);
#1688=ORIENTED_EDGE('',*,*,#1272,.F.);
#1689=ORIENTED_EDGE('',*,*,#1273,.T.);
#1690=ORIENTED_EDGE('',*,*,#1269,.F.);
#1691=ORIENTED_EDGE('',*,*,#1274,.T.);
#1692=ORIENTED_EDGE('',*,*,#1275,.T.);
#1693=ORIENTED_EDGE('',*,*,#1276,.F.);
#1694=ORIENTED_EDGE('',*,*,#1275,.F.);
#1695=ORIENTED_EDGE('',*,*,#1231,.F.);
#1696=ORIENTED_EDGE('',*,*,#1226,.F.);
#1697=ORIENTED_EDGE('',*,*,#1223,.F.);
#1698=ORIENTED_EDGE('',*,*,#1218,.F.);
#1699=ORIENTED_EDGE('',*,*,#1277,.F.);
#1700=ORIENTED_EDGE('',*,*,#1239,.F.);
#1701=ORIENTED_EDGE('',*,*,#1234,.F.);
#1702=ORIENTED_EDGE('',*,*,#1228,.F.);
#1703=ORIENTED_EDGE('',*,*,#1278,.F.);
#1704=ORIENTED_EDGE('',*,*,#1247,.F.);
#1705=ORIENTED_EDGE('',*,*,#1242,.F.);
#1706=ORIENTED_EDGE('',*,*,#1236,.F.);
#1707=ORIENTED_EDGE('',*,*,#1279,.F.);
#1708=ORIENTED_EDGE('',*,*,#1255,.F.);
#1709=ORIENTED_EDGE('',*,*,#1250,.F.);
#1710=ORIENTED_EDGE('',*,*,#1244,.F.);
#1711=ORIENTED_EDGE('',*,*,#1280,.F.);
#1712=ORIENTED_EDGE('',*,*,#1263,.F.);
#1713=ORIENTED_EDGE('',*,*,#1258,.F.);
#1714=ORIENTED_EDGE('',*,*,#1252,.F.);
#1715=ORIENTED_EDGE('',*,*,#1281,.F.);
#1716=ORIENTED_EDGE('',*,*,#1268,.F.);
#1717=ORIENTED_EDGE('',*,*,#1282,.F.);
#1718=ORIENTED_EDGE('',*,*,#1274,.F.);
#1719=ORIENTED_EDGE('',*,*,#1283,.T.);
#1720=ORIENTED_EDGE('',*,*,#1284,.T.);
#1721=ORIENTED_EDGE('',*,*,#1285,.T.);
#1722=ORIENTED_EDGE('',*,*,#1286,.T.);
#1723=ORIENTED_EDGE('',*,*,#1287,.T.);
#1724=ORIENTED_EDGE('',*,*,#1288,.T.);
#1725=ORIENTED_EDGE('',*,*,#1285,.F.);
#1726=ORIENTED_EDGE('',*,*,#1289,.T.);
#1727=ORIENTED_EDGE('',*,*,#1290,.T.);
#1728=ORIENTED_EDGE('',*,*,#1291,.T.);
#1729=ORIENTED_EDGE('',*,*,#1287,.F.);
#1730=ORIENTED_EDGE('',*,*,#1292,.T.);
#1731=ORIENTED_EDGE('',*,*,#1293,.F.);
#1732=ORIENTED_EDGE('',*,*,#1294,.T.);
#1733=ORIENTED_EDGE('',*,*,#1290,.F.);
#1734=ORIENTED_EDGE('',*,*,#1295,.T.);
#1735=ORIENTED_EDGE('',*,*,#1296,.T.);
#1736=ORIENTED_EDGE('',*,*,#1297,.T.);
#1737=ORIENTED_EDGE('',*,*,#1298,.T.);
#1738=ORIENTED_EDGE('',*,*,#1299,.T.);
#1739=ORIENTED_EDGE('',*,*,#1296,.F.);
#1740=ORIENTED_EDGE('',*,*,#1300,.T.);
#1741=ORIENTED_EDGE('',*,*,#1301,.F.);
#1742=ORIENTED_EDGE('',*,*,#1302,.T.);
#1743=ORIENTED_EDGE('',*,*,#1298,.F.);
#1744=ORIENTED_EDGE('',*,*,#1303,.T.);
#1745=ORIENTED_EDGE('',*,*,#1304,.T.);
#1746=ORIENTED_EDGE('',*,*,#1305,.T.);
#1747=ORIENTED_EDGE('',*,*,#1306,.T.);
#1748=ORIENTED_EDGE('',*,*,#1307,.T.);
#1749=ORIENTED_EDGE('',*,*,#1304,.F.);
#1750=ORIENTED_EDGE('',*,*,#1308,.T.);
#1751=ORIENTED_EDGE('',*,*,#1309,.F.);
#1752=ORIENTED_EDGE('',*,*,#1310,.T.);
#1753=ORIENTED_EDGE('',*,*,#1306,.F.);
#1754=ORIENTED_EDGE('',*,*,#1311,.T.);
#1755=ORIENTED_EDGE('',*,*,#1312,.T.);
#1756=ORIENTED_EDGE('',*,*,#1313,.T.);
#1757=ORIENTED_EDGE('',*,*,#1314,.T.);
#1758=ORIENTED_EDGE('',*,*,#1315,.T.);
#1759=ORIENTED_EDGE('',*,*,#1312,.F.);
#1760=ORIENTED_EDGE('',*,*,#1316,.T.);
#1761=ORIENTED_EDGE('',*,*,#1317,.F.);
#1762=ORIENTED_EDGE('',*,*,#1318,.T.);
#1763=ORIENTED_EDGE('',*,*,#1314,.F.);
#1764=ORIENTED_EDGE('',*,*,#1319,.T.);
#1765=ORIENTED_EDGE('',*,*,#1320,.T.);
#1766=ORIENTED_EDGE('',*,*,#1321,.T.);
#1767=ORIENTED_EDGE('',*,*,#1322,.T.);
#1768=ORIENTED_EDGE('',*,*,#1323,.T.);
#1769=ORIENTED_EDGE('',*,*,#1320,.F.);
#1770=ORIENTED_EDGE('',*,*,#1324,.T.);
#1771=ORIENTED_EDGE('',*,*,#1325,.F.);
#1772=ORIENTED_EDGE('',*,*,#1326,.T.);
#1773=ORIENTED_EDGE('',*,*,#1322,.F.);
#1774=ORIENTED_EDGE('',*,*,#1327,.T.);
#1775=ORIENTED_EDGE('',*,*,#1328,.T.);
#1776=ORIENTED_EDGE('',*,*,#1329,.T.);
#1777=ORIENTED_EDGE('',*,*,#1330,.T.);
#1778=ORIENTED_EDGE('',*,*,#1331,.T.);
#1779=ORIENTED_EDGE('',*,*,#1328,.F.);
#1780=ORIENTED_EDGE('',*,*,#1332,.T.);
#1781=ORIENTED_EDGE('',*,*,#1333,.F.);
#1782=ORIENTED_EDGE('',*,*,#1334,.T.);
#1783=ORIENTED_EDGE('',*,*,#1330,.F.);
#1784=ORIENTED_EDGE('',*,*,#1335,.T.);
#1785=ORIENTED_EDGE('',*,*,#1336,.T.);
#1786=ORIENTED_EDGE('',*,*,#1337,.T.);
#1787=ORIENTED_EDGE('',*,*,#1338,.T.);
#1788=ORIENTED_EDGE('',*,*,#1339,.T.);
#1789=ORIENTED_EDGE('',*,*,#1336,.F.);
#1790=ORIENTED_EDGE('',*,*,#1340,.T.);
#1791=ORIENTED_EDGE('',*,*,#1146,.T.);
#1792=ORIENTED_EDGE('',*,*,#1145,.T.);
#1793=ORIENTED_EDGE('',*,*,#1338,.F.);
#1794=ORIENTED_EDGE('',*,*,#1341,.T.);
#1795=ORIENTED_EDGE('',*,*,#1342,.F.);
#1796=ORIENTED_EDGE('',*,*,#1343,.F.);
#1797=ORIENTED_EDGE('',*,*,#1147,.T.);
#1798=ORIENTED_EDGE('',*,*,#1341,.F.);
#1799=ORIENTED_EDGE('',*,*,#1340,.F.);
#1800=ORIENTED_EDGE('',*,*,#1344,.F.);
#1801=ORIENTED_EDGE('',*,*,#1273,.F.);
#1802=ORIENTED_EDGE('',*,*,#1270,.F.);
#1803=ORIENTED_EDGE('',*,*,#1344,.T.);
#1804=ORIENTED_EDGE('',*,*,#1335,.F.);
#1805=ORIENTED_EDGE('',*,*,#1345,.T.);
#1806=ORIENTED_EDGE('',*,*,#1265,.F.);
#1807=ORIENTED_EDGE('',*,*,#1345,.F.);
#1808=ORIENTED_EDGE('',*,*,#1332,.F.);
#1809=ORIENTED_EDGE('',*,*,#1346,.F.);
#1810=ORIENTED_EDGE('',*,*,#1262,.F.);
#1811=ORIENTED_EDGE('',*,*,#1346,.T.);
#1812=ORIENTED_EDGE('',*,*,#1327,.F.);
#1813=ORIENTED_EDGE('',*,*,#1347,.T.);
#1814=ORIENTED_EDGE('',*,*,#1257,.F.);
#1815=ORIENTED_EDGE('',*,*,#1347,.F.);
#1816=ORIENTED_EDGE('',*,*,#1324,.F.);
#1817=ORIENTED_EDGE('',*,*,#1348,.F.);
#1818=ORIENTED_EDGE('',*,*,#1254,.F.);
#1819=ORIENTED_EDGE('',*,*,#1348,.T.);
#1820=ORIENTED_EDGE('',*,*,#1319,.F.);
#1821=ORIENTED_EDGE('',*,*,#1349,.T.);
#1822=ORIENTED_EDGE('',*,*,#1249,.F.);
#1823=ORIENTED_EDGE('',*,*,#1349,.F.);
#1824=ORIENTED_EDGE('',*,*,#1316,.F.);
#1825=ORIENTED_EDGE('',*,*,#1350,.F.);
#1826=ORIENTED_EDGE('',*,*,#1246,.F.);
#1827=ORIENTED_EDGE('',*,*,#1350,.T.);
#1828=ORIENTED_EDGE('',*,*,#1311,.F.);
#1829=ORIENTED_EDGE('',*,*,#1351,.T.);
#1830=ORIENTED_EDGE('',*,*,#1241,.F.);
#1831=ORIENTED_EDGE('',*,*,#1351,.F.);
#1832=ORIENTED_EDGE('',*,*,#1308,.F.);
#1833=ORIENTED_EDGE('',*,*,#1352,.F.);
#1834=ORIENTED_EDGE('',*,*,#1238,.F.);
#1835=ORIENTED_EDGE('',*,*,#1352,.T.);
#1836=ORIENTED_EDGE('',*,*,#1303,.F.);
#1837=ORIENTED_EDGE('',*,*,#1353,.T.);
#1838=ORIENTED_EDGE('',*,*,#1233,.F.);
#1839=ORIENTED_EDGE('',*,*,#1353,.F.);
#1840=ORIENTED_EDGE('',*,*,#1300,.F.);
#1841=ORIENTED_EDGE('',*,*,#1354,.F.);
#1842=ORIENTED_EDGE('',*,*,#1230,.F.);
#1843=ORIENTED_EDGE('',*,*,#1354,.T.);
#1844=ORIENTED_EDGE('',*,*,#1295,.F.);
#1845=ORIENTED_EDGE('',*,*,#1355,.T.);
#1846=ORIENTED_EDGE('',*,*,#1225,.F.);
#1847=ORIENTED_EDGE('',*,*,#1355,.F.);
#1848=ORIENTED_EDGE('',*,*,#1292,.F.);
#1849=ORIENTED_EDGE('',*,*,#1356,.F.);
#1850=ORIENTED_EDGE('',*,*,#1222,.F.);
#1851=ORIENTED_EDGE('',*,*,#1356,.T.);
#1852=ORIENTED_EDGE('',*,*,#1289,.F.);
#1853=ORIENTED_EDGE('',*,*,#1357,.T.);
#1854=ORIENTED_EDGE('',*,*,#1337,.F.);
#1855=ORIENTED_EDGE('',*,*,#1339,.F.);
#1856=ORIENTED_EDGE('',*,*,#1144,.T.);
#1857=ORIENTED_EDGE('',*,*,#1358,.F.);
#1858=ORIENTED_EDGE('',*,*,#1294,.F.);
#1859=ORIENTED_EDGE('',*,*,#1359,.F.);
#1860=ORIENTED_EDGE('',*,*,#1360,.F.);
#1861=ORIENTED_EDGE('',*,*,#1361,.T.);
#1862=ORIENTED_EDGE('',*,*,#1286,.F.);
#1863=ORIENTED_EDGE('',*,*,#1288,.F.);
#1864=ORIENTED_EDGE('',*,*,#1291,.F.);
#1865=ORIENTED_EDGE('',*,*,#1302,.F.);
#1866=ORIENTED_EDGE('',*,*,#1362,.F.);
#1867=ORIENTED_EDGE('',*,*,#1297,.F.);
#1868=ORIENTED_EDGE('',*,*,#1299,.F.);
#1869=ORIENTED_EDGE('',*,*,#1310,.F.);
#1870=ORIENTED_EDGE('',*,*,#1363,.F.);
#1871=ORIENTED_EDGE('',*,*,#1305,.F.);
#1872=ORIENTED_EDGE('',*,*,#1307,.F.);
#1873=ORIENTED_EDGE('',*,*,#1318,.F.);
#1874=ORIENTED_EDGE('',*,*,#1364,.F.);
#1875=ORIENTED_EDGE('',*,*,#1313,.F.);
#1876=ORIENTED_EDGE('',*,*,#1315,.F.);
#1877=ORIENTED_EDGE('',*,*,#1326,.F.);
#1878=ORIENTED_EDGE('',*,*,#1365,.F.);
#1879=ORIENTED_EDGE('',*,*,#1321,.F.);
#1880=ORIENTED_EDGE('',*,*,#1323,.F.);
#1881=ORIENTED_EDGE('',*,*,#1220,.F.);
#1882=ORIENTED_EDGE('',*,*,#1357,.F.);
#1883=ORIENTED_EDGE('',*,*,#1284,.F.);
#1884=ORIENTED_EDGE('',*,*,#1366,.T.);
#1885=ORIENTED_EDGE('',*,*,#1367,.F.);
#1886=ORIENTED_EDGE('',*,*,#1283,.F.);
#1887=ORIENTED_EDGE('',*,*,#1361,.F.);
#1888=ORIENTED_EDGE('',*,*,#1368,.T.);
#1889=ORIENTED_EDGE('',*,*,#1369,.T.);
#1890=ORIENTED_EDGE('',*,*,#1193,.T.);
#1891=ORIENTED_EDGE('',*,*,#1370,.T.);
#1892=ORIENTED_EDGE('',*,*,#1371,.T.);
#1893=ORIENTED_EDGE('',*,*,#1366,.F.);
#1894=ORIENTED_EDGE('',*,*,#1372,.T.);
#1895=ORIENTED_EDGE('',*,*,#1186,.F.);
#1896=ORIENTED_EDGE('',*,*,#1373,.T.);
#1897=ORIENTED_EDGE('',*,*,#1148,.T.);
#1898=ORIENTED_EDGE('',*,*,#1343,.T.);
#1899=ORIENTED_EDGE('',*,*,#1334,.F.);
#1900=ORIENTED_EDGE('',*,*,#1374,.F.);
#1901=ORIENTED_EDGE('',*,*,#1329,.F.);
#1902=ORIENTED_EDGE('',*,*,#1331,.F.);
#1903=ORIENTED_EDGE('',*,*,#1260,.F.);
#1904=ORIENTED_EDGE('',*,*,#1375,.F.);
#1905=ORIENTED_EDGE('',*,*,#1271,.F.);
#1906=ORIENTED_EDGE('',*,*,#1266,.F.);
#1907=ORIENTED_EDGE('',*,*,#1360,.T.);
#1908=ORIENTED_EDGE('',*,*,#1376,.T.);
#1909=ORIENTED_EDGE('',*,*,#1377,.F.);
#1910=ORIENTED_EDGE('',*,*,#1378,.F.);
#1911=ORIENTED_EDGE('',*,*,#1379,.F.);
#1912=ORIENTED_EDGE('',*,*,#1380,.T.);
#1913=ORIENTED_EDGE('',*,*,#1381,.F.);
#1914=ORIENTED_EDGE('',*,*,#1382,.T.);
#1915=ORIENTED_EDGE('',*,*,#1368,.F.);
#1916=ORIENTED_EDGE('',*,*,#1373,.F.);
#1917=ORIENTED_EDGE('',*,*,#1185,.T.);
#1918=ORIENTED_EDGE('',*,*,#1190,.F.);
#1919=ORIENTED_EDGE('',*,*,#1149,.T.);
#1920=ORIENTED_EDGE('',*,*,#1383,.T.);
#1921=ORIENTED_EDGE('',*,*,#1384,.T.);
#1922=ORIENTED_EDGE('',*,*,#1385,.T.);
#1923=ORIENTED_EDGE('',*,*,#1156,.T.);
#1924=ORIENTED_EDGE('',*,*,#1384,.F.);
#1925=ORIENTED_EDGE('',*,*,#1386,.F.);
#1926=ORIENTED_EDGE('',*,*,#1387,.F.);
#1927=ORIENTED_EDGE('',*,*,#1388,.T.);
#1928=ORIENTED_EDGE('',*,*,#1160,.F.);
#1929=ORIENTED_EDGE('',*,*,#1165,.T.);
#1930=ORIENTED_EDGE('',*,*,#1389,.T.);
#1931=ORIENTED_EDGE('',*,*,#1390,.T.);
#1932=ORIENTED_EDGE('',*,*,#1154,.F.);
#1933=ORIENTED_EDGE('',*,*,#1199,.T.);
#1934=ORIENTED_EDGE('',*,*,#1391,.T.);
#1935=ORIENTED_EDGE('',*,*,#1392,.T.);
#1936=ORIENTED_EDGE('',*,*,#1393,.T.);
#1937=ORIENTED_EDGE('',*,*,#1391,.F.);
#1938=ORIENTED_EDGE('',*,*,#1198,.T.);
#1939=ORIENTED_EDGE('',*,*,#1394,.F.);
#1940=ORIENTED_EDGE('',*,*,#1395,.T.);
#1941=ORIENTED_EDGE('',*,*,#1377,.T.);
#1942=ORIENTED_EDGE('',*,*,#1396,.T.);
#1943=ORIENTED_EDGE('',*,*,#1397,.T.);
#1944=ORIENTED_EDGE('',*,*,#1398,.T.);
#1945=ORIENTED_EDGE('',*,*,#1398,.F.);
#1946=ORIENTED_EDGE('',*,*,#1399,.T.);
#1947=ORIENTED_EDGE('',*,*,#1400,.F.);
#1948=ORIENTED_EDGE('',*,*,#1378,.T.);
#1949=ORIENTED_EDGE('',*,*,#1379,.T.);
#1950=ORIENTED_EDGE('',*,*,#1400,.T.);
#1951=ORIENTED_EDGE('',*,*,#1401,.T.);
#1952=ORIENTED_EDGE('',*,*,#1402,.T.);
#1953=ORIENTED_EDGE('',*,*,#1197,.T.);
#1954=ORIENTED_EDGE('',*,*,#1403,.T.);
#1955=ORIENTED_EDGE('',*,*,#1404,.T.);
#1956=ORIENTED_EDGE('',*,*,#1394,.T.);
#1957=ORIENTED_EDGE('',*,*,#1195,.T.);
#1958=ORIENTED_EDGE('',*,*,#1405,.T.);
#1959=ORIENTED_EDGE('',*,*,#1381,.T.);
#1960=ORIENTED_EDGE('',*,*,#1406,.T.);
#1961=ORIENTED_EDGE('',*,*,#1405,.F.);
#1962=ORIENTED_EDGE('',*,*,#1194,.F.);
#1963=ORIENTED_EDGE('',*,*,#1369,.F.);
#1964=ORIENTED_EDGE('',*,*,#1382,.F.);
#1965=ORIENTED_EDGE('',*,*,#1371,.F.);
#1966=ORIENTED_EDGE('',*,*,#1407,.T.);
#1967=ORIENTED_EDGE('',*,*,#1203,.F.);
#1968=ORIENTED_EDGE('',*,*,#1205,.T.);
#1969=ORIENTED_EDGE('',*,*,#1187,.F.);
#1970=ORIENTED_EDGE('',*,*,#1372,.F.);
#1971=ORIENTED_EDGE('',*,*,#1342,.T.);
#1972=ORIENTED_EDGE('',*,*,#1272,.T.);
#1973=ORIENTED_EDGE('',*,*,#1276,.T.);
#1974=ORIENTED_EDGE('',*,*,#1282,.T.);
#1975=ORIENTED_EDGE('',*,*,#1267,.T.);
#1976=ORIENTED_EDGE('',*,*,#1375,.T.);
#1977=ORIENTED_EDGE('',*,*,#1259,.T.);
#1978=ORIENTED_EDGE('',*,*,#1281,.T.);
#1979=ORIENTED_EDGE('',*,*,#1251,.T.);
#1980=ORIENTED_EDGE('',*,*,#1280,.T.);
#1981=ORIENTED_EDGE('',*,*,#1243,.T.);
#1982=ORIENTED_EDGE('',*,*,#1279,.T.);
#1983=ORIENTED_EDGE('',*,*,#1235,.T.);
#1984=ORIENTED_EDGE('',*,*,#1278,.T.);
#1985=ORIENTED_EDGE('',*,*,#1227,.T.);
#1986=ORIENTED_EDGE('',*,*,#1277,.T.);
#1987=ORIENTED_EDGE('',*,*,#1217,.F.);
#1988=ORIENTED_EDGE('',*,*,#1367,.T.);
#1989=ORIENTED_EDGE('',*,*,#1370,.F.);
#1990=ORIENTED_EDGE('',*,*,#1192,.F.);
#1991=ORIENTED_EDGE('',*,*,#1204,.F.);
#1992=ORIENTED_EDGE('',*,*,#1407,.F.);
#1993=ORIENTED_EDGE('',*,*,#1402,.F.);
#1994=ORIENTED_EDGE('',*,*,#1408,.F.);
#1995=ORIENTED_EDGE('',*,*,#1409,.F.);
#1996=ORIENTED_EDGE('',*,*,#1410,.F.);
#1997=ORIENTED_EDGE('',*,*,#1403,.F.);
#1998=ORIENTED_EDGE('',*,*,#1196,.F.);
#1999=ORIENTED_EDGE('',*,*,#1406,.F.);
#2000=ORIENTED_EDGE('',*,*,#1380,.F.);
#2001=ORIENTED_EDGE('',*,*,#1392,.F.);
#2002=ORIENTED_EDGE('',*,*,#1395,.F.);
#2003=ORIENTED_EDGE('',*,*,#1404,.F.);
#2004=ORIENTED_EDGE('',*,*,#1410,.T.);
#2005=ORIENTED_EDGE('',*,*,#1411,.F.);
#2006=ORIENTED_EDGE('',*,*,#1412,.T.);
#2007=ORIENTED_EDGE('',*,*,#1409,.T.);
#2008=ORIENTED_EDGE('',*,*,#1413,.F.);
#2009=ORIENTED_EDGE('',*,*,#1414,.T.);
#2010=ORIENTED_EDGE('',*,*,#1411,.T.);
#2011=ORIENTED_EDGE('',*,*,#1397,.F.);
#2012=ORIENTED_EDGE('',*,*,#1415,.T.);
#2013=ORIENTED_EDGE('',*,*,#1413,.T.);
#2014=ORIENTED_EDGE('',*,*,#1408,.T.);
#2015=ORIENTED_EDGE('',*,*,#1401,.F.);
#2016=ORIENTED_EDGE('',*,*,#1399,.F.);
#2017=ORIENTED_EDGE('',*,*,#1166,.T.);
#2018=ORIENTED_EDGE('',*,*,#1216,.T.);
#2019=ORIENTED_EDGE('',*,*,#1215,.T.);
#2020=ORIENTED_EDGE('',*,*,#1416,.F.);
#2021=ORIENTED_EDGE('',*,*,#1162,.T.);
#2022=ORIENTED_EDGE('',*,*,#1417,.T.);
#2023=ORIENTED_EDGE('',*,*,#1418,.T.);
#2024=ORIENTED_EDGE('',*,*,#1419,.T.);
#2025=ORIENTED_EDGE('',*,*,#1420,.T.);
#2026=ORIENTED_EDGE('',*,*,#1420,.F.);
#2027=ORIENTED_EDGE('',*,*,#1421,.F.);
#2028=ORIENTED_EDGE('',*,*,#1422,.F.);
#2029=ORIENTED_EDGE('',*,*,#1423,.T.);
#2030=ORIENTED_EDGE('',*,*,#1424,.T.);
#2031=ORIENTED_EDGE('',*,*,#1425,.T.);
#2032=ORIENTED_EDGE('',*,*,#1426,.T.);
#2033=ORIENTED_EDGE('',*,*,#1427,.T.);
#2034=ORIENTED_EDGE('',*,*,#1418,.F.);
#2035=ORIENTED_EDGE('',*,*,#1428,.T.);
#2036=ORIENTED_EDGE('',*,*,#1427,.F.);
#2037=ORIENTED_EDGE('',*,*,#1429,.F.);
#2038=ORIENTED_EDGE('',*,*,#1430,.F.);
#2039=ORIENTED_EDGE('',*,*,#1431,.T.);
#2040=ORIENTED_EDGE('',*,*,#1432,.T.);
#2041=ORIENTED_EDGE('',*,*,#1433,.T.);
#2042=ORIENTED_EDGE('',*,*,#1434,.T.);
#2043=ORIENTED_EDGE('',*,*,#1435,.T.);
#2044=ORIENTED_EDGE('',*,*,#1425,.F.);
#2045=ORIENTED_EDGE('',*,*,#1436,.T.);
#2046=ORIENTED_EDGE('',*,*,#1435,.F.);
#2047=ORIENTED_EDGE('',*,*,#1437,.F.);
#2048=ORIENTED_EDGE('',*,*,#1438,.T.);
#2049=ORIENTED_EDGE('',*,*,#1422,.T.);
#2050=ORIENTED_EDGE('',*,*,#1439,.T.);
#2051=ORIENTED_EDGE('',*,*,#1440,.T.);
#2052=ORIENTED_EDGE('',*,*,#1433,.F.);
#2053=ORIENTED_EDGE('',*,*,#1441,.T.);
#2054=ORIENTED_EDGE('',*,*,#1440,.F.);
#2055=ORIENTED_EDGE('',*,*,#1442,.F.);
#2056=ORIENTED_EDGE('',*,*,#1213,.F.);
#2057=ORIENTED_EDGE('',*,*,#1443,.F.);
#2058=ORIENTED_EDGE('',*,*,#1431,.F.);
#2059=ORIENTED_EDGE('',*,*,#1206,.T.);
#2060=ORIENTED_EDGE('',*,*,#1442,.T.);
#2061=ORIENTED_EDGE('',*,*,#1439,.F.);
#2062=ORIENTED_EDGE('',*,*,#1421,.T.);
#2063=ORIENTED_EDGE('',*,*,#1419,.F.);
#2064=ORIENTED_EDGE('',*,*,#1429,.T.);
#2065=ORIENTED_EDGE('',*,*,#1426,.F.);
#2066=ORIENTED_EDGE('',*,*,#1437,.T.);
#2067=ORIENTED_EDGE('',*,*,#1434,.F.);
#2068=ORIENTED_EDGE('',*,*,#1443,.T.);
#2069=ORIENTED_EDGE('',*,*,#1212,.T.);
#2070=ORIENTED_EDGE('',*,*,#1444,.T.);
#2071=ORIENTED_EDGE('',*,*,#1445,.T.);
#2072=ORIENTED_EDGE('',*,*,#1210,.T.);
#2073=ORIENTED_EDGE('',*,*,#1446,.T.);
#2074=ORIENTED_EDGE('',*,*,#1208,.T.);
#2075=ORIENTED_EDGE('',*,*,#1447,.T.);
#2076=ORIENTED_EDGE('',*,*,#1448,.T.);
#2077=ORIENTED_EDGE('',*,*,#1449,.T.);
#2078=ORIENTED_EDGE('',*,*,#1209,.T.);
#2079=ORIENTED_EDGE('',*,*,#1449,.F.);
#2080=ORIENTED_EDGE('',*,*,#1387,.T.);
#2081=ORIENTED_EDGE('',*,*,#1446,.F.);
#2082=ORIENTED_EDGE('',*,*,#1155,.T.);
#2083=ORIENTED_EDGE('',*,*,#1390,.F.);
#2084=ORIENTED_EDGE('',*,*,#1450,.F.);
#2085=ORIENTED_EDGE('',*,*,#1451,.F.);
#2086=ORIENTED_EDGE('',*,*,#1444,.F.);
#2087=ORIENTED_EDGE('',*,*,#1386,.T.);
#2088=ORIENTED_EDGE('',*,*,#1383,.F.);
#2089=ORIENTED_EDGE('',*,*,#1157,.T.);
#2090=ORIENTED_EDGE('',*,*,#1385,.F.);
#2091=ORIENTED_EDGE('',*,*,#1388,.F.);
#2092=ORIENTED_EDGE('',*,*,#1448,.F.);
#2093=ORIENTED_EDGE('',*,*,#1452,.T.);
#2094=ORIENTED_EDGE('',*,*,#1453,.F.);
#2095=ORIENTED_EDGE('',*,*,#1140,.F.);
#2096=ORIENTED_EDGE('',*,*,#1453,.T.);
#2097=ORIENTED_EDGE('',*,*,#1454,.T.);
#2098=ORIENTED_EDGE('',*,*,#1455,.T.);
#2099=ORIENTED_EDGE('',*,*,#1456,.T.);
#2100=ORIENTED_EDGE('',*,*,#1141,.F.);
#2101=ORIENTED_EDGE('',*,*,#1393,.F.);
#2102=ORIENTED_EDGE('',*,*,#1412,.F.);
#2103=ORIENTED_EDGE('',*,*,#1414,.F.);
#2104=ORIENTED_EDGE('',*,*,#1415,.F.);
#2105=ORIENTED_EDGE('',*,*,#1396,.F.);
#2106=ORIENTED_EDGE('',*,*,#1376,.F.);
#2107=ORIENTED_EDGE('',*,*,#1457,.F.);
#2108=ORIENTED_EDGE('',*,*,#1454,.F.);
#2109=ORIENTED_EDGE('',*,*,#1452,.F.);
#2110=ORIENTED_EDGE('',*,*,#1447,.F.);
#2111=ORIENTED_EDGE('',*,*,#1207,.T.);
#2112=ORIENTED_EDGE('',*,*,#1430,.T.);
#2113=ORIENTED_EDGE('',*,*,#1211,.T.);
#2114=ORIENTED_EDGE('',*,*,#1445,.F.);
#2115=ORIENTED_EDGE('',*,*,#1451,.T.);
#2116=ORIENTED_EDGE('',*,*,#1458,.F.);
#2117=ORIENTED_EDGE('',*,*,#1459,.F.);
#2118=ORIENTED_EDGE('',*,*,#1200,.T.);
#2119=ORIENTED_EDGE('',*,*,#1460,.T.);
#2120=ORIENTED_EDGE('',*,*,#1458,.T.);
#2121=ORIENTED_EDGE('',*,*,#1450,.T.);
#2122=ORIENTED_EDGE('',*,*,#1389,.F.);
#2123=ORIENTED_EDGE('',*,*,#1164,.T.);
#2124=ORIENTED_EDGE('',*,*,#1214,.T.);
#2125=ORIENTED_EDGE('',*,*,#1201,.T.);
#2126=ORIENTED_EDGE('',*,*,#1459,.T.);
#2127=ORIENTED_EDGE('',*,*,#1460,.F.);
#2128=ORIENTED_EDGE('',*,*,#1163,.T.);
#2129=ORIENTED_EDGE('',*,*,#1416,.T.);
#2130=ORIENTED_EDGE('',*,*,#1135,.F.);
#2131=ORIENTED_EDGE('',*,*,#1461,.T.);
#2132=ORIENTED_EDGE('',*,*,#1455,.F.);
#2133=ORIENTED_EDGE('',*,*,#1457,.T.);
#2134=ORIENTED_EDGE('',*,*,#1359,.T.);
#2135=ORIENTED_EDGE('',*,*,#1293,.T.);
#2136=ORIENTED_EDGE('',*,*,#1362,.T.);
#2137=ORIENTED_EDGE('',*,*,#1301,.T.);
#2138=ORIENTED_EDGE('',*,*,#1363,.T.);
#2139=ORIENTED_EDGE('',*,*,#1309,.T.);
#2140=ORIENTED_EDGE('',*,*,#1364,.T.);
#2141=ORIENTED_EDGE('',*,*,#1317,.T.);
#2142=ORIENTED_EDGE('',*,*,#1365,.T.);
#2143=ORIENTED_EDGE('',*,*,#1325,.T.);
#2144=ORIENTED_EDGE('',*,*,#1374,.T.);
#2145=ORIENTED_EDGE('',*,*,#1333,.T.);
#2146=ORIENTED_EDGE('',*,*,#1358,.T.);
#2147=ORIENTED_EDGE('',*,*,#1143,.F.);
#2148=ORIENTED_EDGE('',*,*,#1138,.F.);
#2149=ORIENTED_EDGE('',*,*,#1142,.F.);
#2150=ORIENTED_EDGE('',*,*,#1456,.F.);
#2151=ORIENTED_EDGE('',*,*,#1461,.F.);
#2152=ORIENTED_EDGE('',*,*,#1417,.F.);
#2153=ORIENTED_EDGE('',*,*,#1423,.F.);
#2154=ORIENTED_EDGE('',*,*,#1438,.F.);
#2155=ORIENTED_EDGE('',*,*,#1441,.F.);
#2156=ORIENTED_EDGE('',*,*,#1432,.F.);
#2157=ORIENTED_EDGE('',*,*,#1436,.F.);
#2158=ORIENTED_EDGE('',*,*,#1424,.F.);
#2159=ORIENTED_EDGE('',*,*,#1428,.F.);
#2160=CYLINDRICAL_SURFACE('',#2326,5.);
#2161=CYLINDRICAL_SURFACE('',#2331,2.25);
#2162=CYLINDRICAL_SURFACE('',#2339,0.5);
#2163=CYLINDRICAL_SURFACE('',#2340,25.);
#2164=CYLINDRICAL_SURFACE('',#2348,25.);
#2165=CYLINDRICAL_SURFACE('',#2363,0.500000000000248);
#2166=CYLINDRICAL_SURFACE('',#2364,0.4);
#2167=CYLINDRICAL_SURFACE('',#2514,6.71769145376218);
#2168=CYLINDRICAL_SURFACE('',#2516,5.);
#2169=CYLINDRICAL_SURFACE('',#2517,6.71769145376218);
#2170=CYLINDRICAL_SURFACE('',#2518,5.);
#2171=CYLINDRICAL_SURFACE('',#2519,6.71769145376217);
#2172=CYLINDRICAL_SURFACE('',#2520,5.);
#2173=CYLINDRICAL_SURFACE('',#2521,6.71769145376218);
#2174=CYLINDRICAL_SURFACE('',#2522,5.);
#2175=CYLINDRICAL_SURFACE('',#2523,6.71769145376218);
#2176=CYLINDRICAL_SURFACE('',#2524,5.);
#2177=CYLINDRICAL_SURFACE('',#2525,6.71769145376218);
#2178=CYLINDRICAL_SURFACE('',#2526,5.);
#2179=CYLINDRICAL_SURFACE('',#2527,6.71769145376218);
#2180=CYLINDRICAL_SURFACE('',#2528,5.);
#2181=CYLINDRICAL_SURFACE('',#2535,3.01895494150327);
#2182=CYLINDRICAL_SURFACE('',#2537,2.);
#2183=CYLINDRICAL_SURFACE('',#2540,5.);
#2184=CYLINDRICAL_SURFACE('',#2548,0.75);
#2185=CYLINDRICAL_SURFACE('',#2552,2.);
#2186=CYLINDRICAL_SURFACE('',#2555,2.);
#2187=CYLINDRICAL_SURFACE('',#2558,2.);
#2188=CYLINDRICAL_SURFACE('',#2560,2.);
#2189=CYLINDRICAL_SURFACE('',#2562,2.);
#2190=CYLINDRICAL_SURFACE('',#2569,1.75000000001936);
#2191=CYLINDRICAL_SURFACE('',#2573,0.75);
#2192=CYLINDRICAL_SURFACE('',#2577,0.75);
#2193=CYLINDRICAL_SURFACE('',#2581,0.75);
#2194=CYLINDRICAL_SURFACE('',#2585,0.75);
#2195=ADVANCED_FACE('',(#110),#2160,.F.);
#2196=ADVANCED_FACE('',(#111),#2161,.T.);
#2197=ADVANCED_FACE('',(#112),#106,.T.);
#2198=ADVANCED_FACE('',(#113),#107,.T.);
#2199=ADVANCED_FACE('',(#114),#108,.T.);
#2200=ADVANCED_FACE('',(#115),#2162,.F.);
#2201=ADVANCED_FACE('',(#116),#2163,.T.);
#2202=ADVANCED_FACE('',(#117),#47,.T.);
#2203=ADVANCED_FACE('',(#118),#48,.T.);
#2204=ADVANCED_FACE('',(#119),#2164,.T.);
#2205=ADVANCED_FACE('',(#120),#49,.T.);
#2206=ADVANCED_FACE('',(#121),#50,.F.);
#2207=ADVANCED_FACE('',(#122),#51,.F.);
#2208=ADVANCED_FACE('',(#123),#52,.T.);
#2209=ADVANCED_FACE('',(#124),#53,.T.);
#2210=ADVANCED_FACE('',(#125),#54,.T.);
#2211=ADVANCED_FACE('',(#126),#55,.F.);
#2212=ADVANCED_FACE('',(#127),#2165,.T.);
#2213=ADVANCED_FACE('',(#128),#2166,.T.);
#2214=ADVANCED_FACE('',(#129),#56,.T.);
#2215=ADVANCED_FACE('',(#130),#57,.T.);
#2216=ADVANCED_FACE('',(#131,#46),#58,.F.);
#2217=ADVANCED_FACE('',(#132),#59,.T.);
#2218=ADVANCED_FACE('',(#133),#60,.F.);
#2219=ADVANCED_FACE('',(#134),#15,.T.);
#2220=ADVANCED_FACE('',(#135),#16,.T.);
#2221=ADVANCED_FACE('',(#136),#17,.T.);
#2222=ADVANCED_FACE('',(#137),#18,.T.);
#2223=ADVANCED_FACE('',(#138),#19,.T.);
#2224=ADVANCED_FACE('',(#139),#20,.T.);
#2225=ADVANCED_FACE('',(#140),#21,.T.);
#2226=ADVANCED_FACE('',(#141),#22,.T.);
#2227=ADVANCED_FACE('',(#142),#23,.T.);
#2228=ADVANCED_FACE('',(#143),#24,.T.);
#2229=ADVANCED_FACE('',(#144),#25,.T.);
#2230=ADVANCED_FACE('',(#145),#26,.T.);
#2231=ADVANCED_FACE('',(#146),#27,.T.);
#2232=ADVANCED_FACE('',(#147),#28,.T.);
#2233=ADVANCED_FACE('',(#148),#29,.T.);
#2234=ADVANCED_FACE('',(#149),#30,.T.);
#2235=ADVANCED_FACE('',(#150),#61,.F.);
#2236=ADVANCED_FACE('',(#151),#62,.F.);
#2237=ADVANCED_FACE('',(#152),#63,.F.);
#2238=ADVANCED_FACE('',(#153),#64,.F.);
#2239=ADVANCED_FACE('',(#154),#65,.F.);
#2240=ADVANCED_FACE('',(#155),#66,.F.);
#2241=ADVANCED_FACE('',(#156),#31,.T.);
#2242=ADVANCED_FACE('',(#157),#32,.T.);
#2243=ADVANCED_FACE('',(#158),#33,.T.);
#2244=ADVANCED_FACE('',(#159),#34,.T.);
#2245=ADVANCED_FACE('',(#160),#35,.T.);
#2246=ADVANCED_FACE('',(#161),#36,.T.);
#2247=ADVANCED_FACE('',(#162),#37,.T.);
#2248=ADVANCED_FACE('',(#163),#38,.T.);
#2249=ADVANCED_FACE('',(#164),#39,.T.);
#2250=ADVANCED_FACE('',(#165),#40,.T.);
#2251=ADVANCED_FACE('',(#166),#41,.T.);
#2252=ADVANCED_FACE('',(#167),#42,.T.);
#2253=ADVANCED_FACE('',(#168),#43,.T.);
#2254=ADVANCED_FACE('',(#169),#44,.T.);
#2255=ADVANCED_FACE('',(#170),#45,.T.);
#2256=ADVANCED_FACE('',(#171),#109,.F.);
#2257=ADVANCED_FACE('',(#172),#2167,.T.);
#2258=ADVANCED_FACE('',(#173),#2168,.F.);
#2259=ADVANCED_FACE('',(#174),#2169,.T.);
#2260=ADVANCED_FACE('',(#175),#2170,.F.);
#2261=ADVANCED_FACE('',(#176),#2171,.T.);
#2262=ADVANCED_FACE('',(#177),#2172,.F.);
#2263=ADVANCED_FACE('',(#178),#2173,.T.);
#2264=ADVANCED_FACE('',(#179),#2174,.F.);
#2265=ADVANCED_FACE('',(#180),#2175,.T.);
#2266=ADVANCED_FACE('',(#181),#2176,.F.);
#2267=ADVANCED_FACE('',(#182),#2177,.T.);
#2268=ADVANCED_FACE('',(#183),#2178,.F.);
#2269=ADVANCED_FACE('',(#184),#2179,.T.);
#2270=ADVANCED_FACE('',(#185),#2180,.F.);
#2271=ADVANCED_FACE('',(#186),#67,.T.);
#2272=ADVANCED_FACE('',(#187),#68,.T.);
#2273=ADVANCED_FACE('',(#188),#69,.T.);
#2274=ADVANCED_FACE('',(#189),#70,.T.);
#2275=ADVANCED_FACE('',(#190),#71,.T.);
#2276=ADVANCED_FACE('',(#191),#72,.T.);
#2277=ADVANCED_FACE('',(#192),#2181,.T.);
#2278=ADVANCED_FACE('',(#193),#2182,.T.);
#2279=ADVANCED_FACE('',(#194),#2183,.F.);
#2280=ADVANCED_FACE('',(#195),#73,.T.);
#2281=ADVANCED_FACE('',(#196),#74,.F.);
#2282=ADVANCED_FACE('',(#197),#75,.T.);
#2283=ADVANCED_FACE('',(#198),#2184,.T.);
#2284=ADVANCED_FACE('',(#199),#76,.T.);
#2285=ADVANCED_FACE('',(#200),#77,.T.);
#2286=ADVANCED_FACE('',(#201),#78,.T.);
#2287=ADVANCED_FACE('',(#202),#2185,.T.);
#2288=ADVANCED_FACE('',(#203),#79,.T.);
#2289=ADVANCED_FACE('',(#204),#2186,.T.);
#2290=ADVANCED_FACE('',(#205),#80,.T.);
#2291=ADVANCED_FACE('',(#206),#2187,.T.);
#2292=ADVANCED_FACE('',(#207),#2188,.T.);
#2293=ADVANCED_FACE('',(#208),#2189,.F.);
#2294=ADVANCED_FACE('',(#209),#81,.F.);
#2295=ADVANCED_FACE('',(#210),#82,.T.);
#2296=ADVANCED_FACE('',(#211),#83,.F.);
#2297=ADVANCED_FACE('',(#212),#84,.F.);
#2298=ADVANCED_FACE('',(#213),#85,.T.);
#2299=ADVANCED_FACE('',(#214),#2190,.F.);
#2300=ADVANCED_FACE('',(#215),#86,.T.);
#2301=ADVANCED_FACE('',(#216),#87,.T.);
#2302=ADVANCED_FACE('',(#217),#2191,.T.);
#2303=ADVANCED_FACE('',(#218),#88,.T.);
#2304=ADVANCED_FACE('',(#219),#2192,.T.);
#2305=ADVANCED_FACE('',(#220),#89,.T.);
#2306=ADVANCED_FACE('',(#221),#2193,.T.);
#2307=ADVANCED_FACE('',(#222),#90,.T.);
#2308=ADVANCED_FACE('',(#223),#2194,.T.);
#2309=ADVANCED_FACE('',(#224),#91,.T.);
#2310=ADVANCED_FACE('',(#225),#92,.T.);
#2311=ADVANCED_FACE('',(#226),#93,.T.);
#2312=ADVANCED_FACE('',(#227),#94,.T.);
#2313=ADVANCED_FACE('',(#228),#95,.T.);
#2314=ADVANCED_FACE('',(#229),#96,.T.);
#2315=ADVANCED_FACE('',(#230),#97,.T.);
#2316=ADVANCED_FACE('',(#231),#98,.T.);
#2317=ADVANCED_FACE('',(#232),#99,.T.);
#2318=ADVANCED_FACE('',(#233),#100,.T.);
#2319=ADVANCED_FACE('',(#234),#101,.T.);
#2320=ADVANCED_FACE('',(#235),#102,.T.);
#2321=ADVANCED_FACE('',(#236),#103,.T.);
#2322=ADVANCED_FACE('',(#237),#104,.T.);
#2323=ADVANCED_FACE('',(#238),#105,.F.);
#2324=CLOSED_SHELL('',(#2195,#2196,#2197,#2198,#2199,#2200,#2201,#2202,
#2203,#2204,#2205,#2206,#2207,#2208,#2209,#2210,#2211,#2212,#2213,#2214,
#2215,#2216,#2217,#2218,#2219,#2220,#2221,#2222,#2223,#2224,#2225,#2226,
#2227,#2228,#2229,#2230,#2231,#2232,#2233,#2234,#2235,#2236,#2237,#2238,
#2239,#2240,#2241,#2242,#2243,#2244,#2245,#2246,#2247,#2248,#2249,#2250,
#2251,#2252,#2253,#2254,#2255,#2256,#2257,#2258,#2259,#2260,#2261,#2262,
#2263,#2264,#2265,#2266,#2267,#2268,#2269,#2270,#2271,#2272,#2273,#2274,
#2275,#2276,#2277,#2278,#2279,#2280,#2281,#2282,#2283,#2284,#2285,#2286,
#2287,#2288,#2289,#2290,#2291,#2292,#2293,#2294,#2295,#2296,#2297,#2298,
#2299,#2300,#2301,#2302,#2303,#2304,#2305,#2306,#2307,#2308,#2309,#2310,
#2311,#2312,#2313,#2314,#2315,#2316,#2317,#2318,#2319,#2320,#2321,#2322,
#2323));
#2325=AXIS2_PLACEMENT_3D('',#3333,#2603,#2604);
#2326=AXIS2_PLACEMENT_3D('',#3334,#2605,#2606);
#2327=AXIS2_PLACEMENT_3D('',#3337,#2607,#2608);
#2328=AXIS2_PLACEMENT_3D('',#3339,#2609,#2610);
#2329=AXIS2_PLACEMENT_3D('',#3352,#2612,#2613);
#2330=AXIS2_PLACEMENT_3D('',#3354,#2614,#2615);
#2331=AXIS2_PLACEMENT_3D('',#3356,#2617,#2618);
#2332=AXIS2_PLACEMENT_3D('',#3358,#2619,#2620);
#2333=AXIS2_PLACEMENT_3D('',#3360,#2621,#2622);
#2334=AXIS2_PLACEMENT_3D('',#3363,#2624,#2625);
#2335=AXIS2_PLACEMENT_3D('',#3390,#2626,#2627);
#2336=AXIS2_PLACEMENT_3D('',#3412,#2630,#2631);
#2337=AXIS2_PLACEMENT_3D('',#3445,#2633,#2634);
#2338=AXIS2_PLACEMENT_3D('',#3451,#2635,#2636);
#2339=AXIS2_PLACEMENT_3D('',#3452,#2637,#2638);
#2340=AXIS2_PLACEMENT_3D('',#3455,#2641,#2642);
#2341=AXIS2_PLACEMENT_3D('',#3458,#2643,#2644);
#2342=AXIS2_PLACEMENT_3D('',#3462,#2646,#2647);
#2343=AXIS2_PLACEMENT_3D('',#3464,#2649,#2650);
#2344=AXIS2_PLACEMENT_3D('',#3472,#2655,#2656);
#2345=AXIS2_PLACEMENT_3D('',#3518,#2660,#2661);
#2346=AXIS2_PLACEMENT_3D('',#3520,#2662,#2663);
#2347=AXIS2_PLACEMENT_3D('',#3522,#2664,#2665);
#2348=AXIS2_PLACEMENT_3D('',#3538,#2674,#2675);
#2349=AXIS2_PLACEMENT_3D('',#3540,#2676,#2677);
#2350=AXIS2_PLACEMENT_3D('',#3543,#2679,#2680);
#2351=AXIS2_PLACEMENT_3D('',#3544,#2681,#2682);
#2352=AXIS2_PLACEMENT_3D('',#3554,#2688,#2689);
#2353=AXIS2_PLACEMENT_3D('',#3561,#2694,#2695);
#2354=AXIS2_PLACEMENT_3D('',#3565,#2697,#2698);
#2355=AXIS2_PLACEMENT_3D('',#3571,#2702,#2703);
#2356=AXIS2_PLACEMENT_3D('',#3577,#2707,#2708);
#2357=AXIS2_PLACEMENT_3D('',#3586,#2714,#2715);
#2358=AXIS2_PLACEMENT_3D('',#3587,#2716,#2717);
#2359=AXIS2_PLACEMENT_3D('',#3591,#2719,#2720);
#2360=AXIS2_PLACEMENT_3D('',#3593,#2721,#2722);
#2361=AXIS2_PLACEMENT_3D('',#3597,#2725,#2726);
#2362=AXIS2_PLACEMENT_3D('',#3598,#2727,#2728);
#2363=AXIS2_PLACEMENT_3D('',#3599,#2729,#2730);
#2364=AXIS2_PLACEMENT_3D('',#3600,#2731,#2732);
#2365=AXIS2_PLACEMENT_3D('',#3625,#2733,#2734);
#2366=AXIS2_PLACEMENT_3D('',#3631,#2737,#2738);
#2367=AXIS2_PLACEMENT_3D('',#3635,#2740,#2741);
#2368=AXIS2_PLACEMENT_3D('',#3639,#2743,#2744);
#2369=AXIS2_PLACEMENT_3D('',#3643,#2746,#2747);
#2370=AXIS2_PLACEMENT_3D('',#3647,#2750,#2751);
#2371=AXIS2_PLACEMENT_3D('',#3653,#2755,#2756);
#2372=AXIS2_PLACEMENT_3D('',#3671,#2766,#2767);
#2373=AXIS2_PLACEMENT_3D('',#3676,#2770,#2771);
#2374=AXIS2_PLACEMENT_3D('',#3677,#2772,#2773);
#2375=AXIS2_PLACEMENT_3D('',#3678,#2774,#2775);
#2376=AXIS2_PLACEMENT_3D('',#3698,#2776,#2777);
#2377=AXIS2_PLACEMENT_3D('',#3700,#2778,#2779);
#2378=AXIS2_PLACEMENT_3D('',#3701,#2780,#2781);
#2379=AXIS2_PLACEMENT_3D('',#3702,#2782,#2783);
#2380=AXIS2_PLACEMENT_3D('',#3705,#2784,#2785);
#2381=AXIS2_PLACEMENT_3D('',#3706,#2786,#2787);
#2382=AXIS2_PLACEMENT_3D('',#3707,#2788,#2789);
#2383=AXIS2_PLACEMENT_3D('',#3708,#2790,#2791);
#2384=AXIS2_PLACEMENT_3D('',#3711,#2792,#2793);
#2385=AXIS2_PLACEMENT_3D('',#3712,#2794,#2795);
#2386=AXIS2_PLACEMENT_3D('',#3713,#2796,#2797);
#2387=AXIS2_PLACEMENT_3D('',#3714,#2798,#2799);
#2388=AXIS2_PLACEMENT_3D('',#3729,#2800,#2801);
#2389=AXIS2_PLACEMENT_3D('',#3731,#2802,#2803);
#2390=AXIS2_PLACEMENT_3D('',#3732,#2804,#2805);
#2391=AXIS2_PLACEMENT_3D('',#3733,#2806,#2807);
#2392=AXIS2_PLACEMENT_3D('',#3734,#2808,#2809);
#2393=AXIS2_PLACEMENT_3D('',#3737,#2810,#2811);
#2394=AXIS2_PLACEMENT_3D('',#3738,#2812,#2813);
#2395=AXIS2_PLACEMENT_3D('',#3739,#2814,#2815);
#2396=AXIS2_PLACEMENT_3D('',#3740,#2816,#2817);
#2397=AXIS2_PLACEMENT_3D('',#3754,#2818,#2819);
#2398=AXIS2_PLACEMENT_3D('',#3756,#2820,#2821);
#2399=AXIS2_PLACEMENT_3D('',#3757,#2822,#2823);
#2400=AXIS2_PLACEMENT_3D('',#3758,#2824,#2825);
#2401=AXIS2_PLACEMENT_3D('',#3759,#2826,#2827);
#2402=AXIS2_PLACEMENT_3D('',#3762,#2828,#2829);
#2403=AXIS2_PLACEMENT_3D('',#3763,#2830,#2831);
#2404=AXIS2_PLACEMENT_3D('',#3764,#2832,#2833);
#2405=AXIS2_PLACEMENT_3D('',#3765,#2834,#2835);
#2406=AXIS2_PLACEMENT_3D('',#3779,#2836,#2837);
#2407=AXIS2_PLACEMENT_3D('',#3781,#2838,#2839);
#2408=AXIS2_PLACEMENT_3D('',#3782,#2840,#2841);
#2409=AXIS2_PLACEMENT_3D('',#3783,#2842,#2843);
#2410=AXIS2_PLACEMENT_3D('',#3784,#2844,#2845);
#2411=AXIS2_PLACEMENT_3D('',#3787,#2846,#2847);
#2412=AXIS2_PLACEMENT_3D('',#3788,#2848,#2849);
#2413=AXIS2_PLACEMENT_3D('',#3789,#2850,#2851);
#2414=AXIS2_PLACEMENT_3D('',#3790,#2852,#2853);
#2415=AXIS2_PLACEMENT_3D('',#3805,#2854,#2855);
#2416=AXIS2_PLACEMENT_3D('',#3807,#2856,#2857);
#2417=AXIS2_PLACEMENT_3D('',#3808,#2858,#2859);
#2418=AXIS2_PLACEMENT_3D('',#3809,#2860,#2861);
#2419=AXIS2_PLACEMENT_3D('',#3810,#2862,#2863);
#2420=AXIS2_PLACEMENT_3D('',#3813,#2864,#2865);
#2421=AXIS2_PLACEMENT_3D('',#3814,#2866,#2867);
#2422=AXIS2_PLACEMENT_3D('',#3815,#2868,#2869);
#2423=AXIS2_PLACEMENT_3D('',#3816,#2870,#2871);
#2424=AXIS2_PLACEMENT_3D('',#3830,#2872,#2873);
#2425=AXIS2_PLACEMENT_3D('',#3832,#2874,#2875);
#2426=AXIS2_PLACEMENT_3D('',#3833,#2876,#2877);
#2427=AXIS2_PLACEMENT_3D('',#3834,#2878,#2879);
#2428=AXIS2_PLACEMENT_3D('',#3835,#2880,#2881);
#2429=AXIS2_PLACEMENT_3D('',#3838,#2882,#2883);
#2430=AXIS2_PLACEMENT_3D('',#3839,#2884,#2885);
#2431=AXIS2_PLACEMENT_3D('',#3840,#2886,#2887);
#2432=AXIS2_PLACEMENT_3D('',#3841,#2888,#2889);
#2433=AXIS2_PLACEMENT_3D('',#3856,#2890,#2891);
#2434=AXIS2_PLACEMENT_3D('',#3858,#2892,#2893);
#2435=AXIS2_PLACEMENT_3D('',#3859,#2894,#2895);
#2436=AXIS2_PLACEMENT_3D('',#3860,#2896,#2897);
#2437=AXIS2_PLACEMENT_3D('',#3861,#2898,#2899);
#2438=AXIS2_PLACEMENT_3D('',#3870,#2900,#2901);
#2439=AXIS2_PLACEMENT_3D('',#3872,#2902,#2903);
#2440=AXIS2_PLACEMENT_3D('',#3873,#2904,#2905);
#2441=AXIS2_PLACEMENT_3D('',#3874,#2906,#2907);
#2442=AXIS2_PLACEMENT_3D('',#3893,#2908,#2909);
#2443=AXIS2_PLACEMENT_3D('',#3895,#2911,#2912);
#2444=AXIS2_PLACEMENT_3D('',#3897,#2914,#2915);
#2445=AXIS2_PLACEMENT_3D('',#3899,#2917,#2918);
#2446=AXIS2_PLACEMENT_3D('',#3901,#2920,#2921);
#2447=AXIS2_PLACEMENT_3D('',#3903,#2923,#2924);
#2448=AXIS2_PLACEMENT_3D('',#3905,#2926,#2927);
#2449=AXIS2_PLACEMENT_3D('',#3923,#2928,#2929);
#2450=AXIS2_PLACEMENT_3D('',#3925,#2930,#2931);
#2451=AXIS2_PLACEMENT_3D('',#3926,#2932,#2933);
#2452=AXIS2_PLACEMENT_3D('',#3927,#2934,#2935);
#2453=AXIS2_PLACEMENT_3D('',#3930,#2936,#2937);
#2454=AXIS2_PLACEMENT_3D('',#3931,#2938,#2939);
#2455=AXIS2_PLACEMENT_3D('',#3932,#2940,#2941);
#2456=AXIS2_PLACEMENT_3D('',#3933,#2942,#2943);
#2457=AXIS2_PLACEMENT_3D('',#3936,#2944,#2945);
#2458=AXIS2_PLACEMENT_3D('',#3937,#2946,#2947);
#2459=AXIS2_PLACEMENT_3D('',#3938,#2948,#2949);
#2460=AXIS2_PLACEMENT_3D('',#3939,#2950,#2951);
#2461=AXIS2_PLACEMENT_3D('',#3952,#2952,#2953);
#2462=AXIS2_PLACEMENT_3D('',#3954,#2954,#2955);
#2463=AXIS2_PLACEMENT_3D('',#3956,#2956,#2957);
#2464=AXIS2_PLACEMENT_3D('',#3957,#2958,#2959);
#2465=AXIS2_PLACEMENT_3D('',#3958,#2960,#2961);
#2466=AXIS2_PLACEMENT_3D('',#3961,#2962,#2963);
#2467=AXIS2_PLACEMENT_3D('',#3962,#2964,#2965);
#2468=AXIS2_PLACEMENT_3D('',#3963,#2966,#2967);
#2469=AXIS2_PLACEMENT_3D('',#3964,#2968,#2969);
#2470=AXIS2_PLACEMENT_3D('',#3978,#2970,#2971);
#2471=AXIS2_PLACEMENT_3D('',#3980,#2972,#2973);
#2472=AXIS2_PLACEMENT_3D('',#3982,#2974,#2975);
#2473=AXIS2_PLACEMENT_3D('',#3983,#2976,#2977);
#2474=AXIS2_PLACEMENT_3D('',#3984,#2978,#2979);
#2475=AXIS2_PLACEMENT_3D('',#3987,#2980,#2981);
#2476=AXIS2_PLACEMENT_3D('',#3988,#2982,#2983);
#2477=AXIS2_PLACEMENT_3D('',#3989,#2984,#2985);
#2478=AXIS2_PLACEMENT_3D('',#3990,#2986,#2987);
#2479=AXIS2_PLACEMENT_3D('',#4004,#2988,#2989);
#2480=AXIS2_PLACEMENT_3D('',#4006,#2990,#2991);
#2481=AXIS2_PLACEMENT_3D('',#4008,#2992,#2993);
#2482=AXIS2_PLACEMENT_3D('',#4009,#2994,#2995);
#2483=AXIS2_PLACEMENT_3D('',#4010,#2996,#2997);
#2484=AXIS2_PLACEMENT_3D('',#4013,#2998,#2999);
#2485=AXIS2_PLACEMENT_3D('',#4014,#3000,#3001);
#2486=AXIS2_PLACEMENT_3D('',#4015,#3002,#3003);
#2487=AXIS2_PLACEMENT_3D('',#4016,#3004,#3005);
#2488=AXIS2_PLACEMENT_3D('',#4029,#3006,#3007);
#2489=AXIS2_PLACEMENT_3D('',#4031,#3008,#3009);
#2490=AXIS2_PLACEMENT_3D('',#4033,#3010,#3011);
#2491=AXIS2_PLACEMENT_3D('',#4034,#3012,#3013);
#2492=AXIS2_PLACEMENT_3D('',#4035,#3014,#3015);
#2493=AXIS2_PLACEMENT_3D('',#4038,#3016,#3017);
#2494=AXIS2_PLACEMENT_3D('',#4039,#3018,#3019);
#2495=AXIS2_PLACEMENT_3D('',#4040,#3020,#3021);
#2496=AXIS2_PLACEMENT_3D('',#4041,#3022,#3023);
#2497=AXIS2_PLACEMENT_3D('',#4055,#3024,#3025);
#2498=AXIS2_PLACEMENT_3D('',#4057,#3026,#3027);
#2499=AXIS2_PLACEMENT_3D('',#4059,#3028,#3029);
#2500=AXIS2_PLACEMENT_3D('',#4060,#3030,#3031);
#2501=AXIS2_PLACEMENT_3D('',#4061,#3032,#3033);
#2502=AXIS2_PLACEMENT_3D('',#4064,#3034,#3035);
#2503=AXIS2_PLACEMENT_3D('',#4065,#3036,#3037);
#2504=AXIS2_PLACEMENT_3D('',#4066,#3038,#3039);
#2505=AXIS2_PLACEMENT_3D('',#4067,#3040,#3041);
#2506=AXIS2_PLACEMENT_3D('',#4080,#3042,#3043);
#2507=AXIS2_PLACEMENT_3D('',#4082,#3044,#3045);
#2508=AXIS2_PLACEMENT_3D('',#4084,#3046,#3047);
#2509=AXIS2_PLACEMENT_3D('',#4085,#3048,#3049);
#2510=AXIS2_PLACEMENT_3D('',#4086,#3050,#3051);
#2511=AXIS2_PLACEMENT_3D('',#4088,#3052,#3053);
#2512=AXIS2_PLACEMENT_3D('',#4089,#3054,#3055);
#2513=AXIS2_PLACEMENT_3D('',#4090,#3056,#3057);
#2514=AXIS2_PLACEMENT_3D('',#4145,#3058,#3059);
#2515=AXIS2_PLACEMENT_3D('',#4147,#3060,#3061);
#2516=AXIS2_PLACEMENT_3D('',#4150,#3064,#3065);
#2517=AXIS2_PLACEMENT_3D('',#4152,#3067,#3068);
#2518=AXIS2_PLACEMENT_3D('',#4154,#3070,#3071);
#2519=AXIS2_PLACEMENT_3D('',#4156,#3073,#3074);
#2520=AXIS2_PLACEMENT_3D('',#4158,#3076,#3077);
#2521=AXIS2_PLACEMENT_3D('',#4160,#3079,#3080);
#2522=AXIS2_PLACEMENT_3D('',#4162,#3082,#3083);
#2523=AXIS2_PLACEMENT_3D('',#4164,#3085,#3086);
#2524=AXIS2_PLACEMENT_3D('',#4166,#3088,#3089);
#2525=AXIS2_PLACEMENT_3D('',#4168,#3091,#3092);
#2526=AXIS2_PLACEMENT_3D('',#4170,#3094,#3095);
#2527=AXIS2_PLACEMENT_3D('',#4172,#3097,#3098);
#2528=AXIS2_PLACEMENT_3D('',#4174,#3100,#3101);
#2529=AXIS2_PLACEMENT_3D('',#4176,#3103,#3104);
#2530=AXIS2_PLACEMENT_3D('',#4178,#3106,#3107);
#2531=AXIS2_PLACEMENT_3D('',#4184,#3111,#3112);
#2532=AXIS2_PLACEMENT_3D('',#4186,#3114,#3115);
#2533=AXIS2_PLACEMENT_3D('',#4188,#3117,#3118);
#2534=AXIS2_PLACEMENT_3D('',#4190,#3120,#3121);
#2535=AXIS2_PLACEMENT_3D('',#4192,#3123,#3124);
#2536=AXIS2_PLACEMENT_3D('',#4200,#3125,#3126);
#2537=AXIS2_PLACEMENT_3D('',#4201,#3127,#3128);
#2538=AXIS2_PLACEMENT_3D('',#4203,#3129,#3130);
#2539=AXIS2_PLACEMENT_3D('',#4207,#3133,#3134);
#2540=AXIS2_PLACEMENT_3D('',#4208,#3135,#3136);
#2541=AXIS2_PLACEMENT_3D('',#4209,#3137,#3138);
#2542=AXIS2_PLACEMENT_3D('',#4211,#3140,#3141);
#2543=AXIS2_PLACEMENT_3D('',#4213,#3143,#3144);
#2544=AXIS2_PLACEMENT_3D('',#4215,#3146,#3147);
#2545=AXIS2_PLACEMENT_3D('',#4219,#3149,#3150);
#2546=AXIS2_PLACEMENT_3D('',#4223,#3152,#3153);
#2547=AXIS2_PLACEMENT_3D('',#4227,#3155,#3156);
#2548=AXIS2_PLACEMENT_3D('',#4229,#3158,#3159);
#2549=AXIS2_PLACEMENT_3D('',#4230,#3160,#3161);
#2550=AXIS2_PLACEMENT_3D('',#4236,#3165,#3166);
#2551=AXIS2_PLACEMENT_3D('',#4242,#3170,#3171);
#2552=AXIS2_PLACEMENT_3D('',#4246,#3174,#3175);
#2553=AXIS2_PLACEMENT_3D('',#4250,#3177,#3178);
#2554=AXIS2_PLACEMENT_3D('',#4252,#3180,#3181);
#2555=AXIS2_PLACEMENT_3D('',#4256,#3184,#3185);
#2556=AXIS2_PLACEMENT_3D('',#4260,#3187,#3188);
#2557=AXIS2_PLACEMENT_3D('',#4262,#3190,#3191);
#2558=AXIS2_PLACEMENT_3D('',#4266,#3194,#3195);
#2559=AXIS2_PLACEMENT_3D('',#4268,#3196,#3197);
#2560=AXIS2_PLACEMENT_3D('',#4270,#3199,#3200);
#2561=AXIS2_PLACEMENT_3D('',#4273,#3202,#3203);
#2562=AXIS2_PLACEMENT_3D('',#4274,#3204,#3205);
#2563=AXIS2_PLACEMENT_3D('',#4277,#3208,#3209);
#2564=AXIS2_PLACEMENT_3D('',#4278,#3210,#3211);
#2565=AXIS2_PLACEMENT_3D('',#4280,#3213,#3214);
#2566=AXIS2_PLACEMENT_3D('',#4281,#3215,#3216);
#2567=AXIS2_PLACEMENT_3D('',#4285,#3218,#3219);
#2568=AXIS2_PLACEMENT_3D('',#4287,#3221,#3222);
#2569=AXIS2_PLACEMENT_3D('',#4291,#3225,#3226);
#2570=AXIS2_PLACEMENT_3D('',#4294,#3228,#3229);
#2571=AXIS2_PLACEMENT_3D('',#4295,#3230,#3231);
#2572=AXIS2_PLACEMENT_3D('',#4297,#3233,#3234);
#2573=AXIS2_PLACEMENT_3D('',#4299,#3236,#3237);
#2574=AXIS2_PLACEMENT_3D('',#4302,#3238,#3239);
#2575=AXIS2_PLACEMENT_3D('',#4306,#3241,#3242);
#2576=AXIS2_PLACEMENT_3D('',#4308,#3244,#3245);
#2577=AXIS2_PLACEMENT_3D('',#4314,#3249,#3250);
#2578=AXIS2_PLACEMENT_3D('',#4317,#3251,#3252);
#2579=AXIS2_PLACEMENT_3D('',#4321,#3254,#3255);
#2580=AXIS2_PLACEMENT_3D('',#4323,#3257,#3258);
#2581=AXIS2_PLACEMENT_3D('',#4328,#3263,#3264);
#2582=AXIS2_PLACEMENT_3D('',#4331,#3265,#3266);
#2583=AXIS2_PLACEMENT_3D('',#4335,#3268,#3269);
#2584=AXIS2_PLACEMENT_3D('',#4337,#3271,#3272);
#2585=AXIS2_PLACEMENT_3D('',#4340,#3275,#3276);
#2586=AXIS2_PLACEMENT_3D('',#4342,#3277,#3278);
#2587=AXIS2_PLACEMENT_3D('',#4344,#3279,#3280);
#2588=AXIS2_PLACEMENT_3D('',#4346,#3282,#3283);
#2589=AXIS2_PLACEMENT_3D('',#4350,#3287,#3288);
#2590=AXIS2_PLACEMENT_3D('',#4351,#3289,#3290);
#2591=AXIS2_PLACEMENT_3D('',#4352,#3291,#3292);
#2592=AXIS2_PLACEMENT_3D('',#4357,#3296,#3297);
#2593=AXIS2_PLACEMENT_3D('',#4362,#3301,#3302);
#2594=AXIS2_PLACEMENT_3D('',#4363,#3303,#3304);
#2595=AXIS2_PLACEMENT_3D('',#4367,#3307,#3308);
#2596=AXIS2_PLACEMENT_3D('',#4371,#3311,#3312);
#2597=AXIS2_PLACEMENT_3D('',#4377,#3316,#3317);
#2598=AXIS2_PLACEMENT_3D('',#4382,#3321,#3322);
#2599=AXIS2_PLACEMENT_3D('',#4384,#3324,#3325);
#2600=AXIS2_PLACEMENT_3D('',#4385,#3326,#3327);
#2601=AXIS2_PLACEMENT_3D('',#4387,#3329,#3330);
#2602=AXIS2_PLACEMENT_3D('',#4388,#3331,#3332);
#2603=DIRECTION('axis',(0.,0.,1.));
#2604=DIRECTION('refdir',(1.,0.,0.));
#2605=DIRECTION('center_axis',(-1.,0.,0.));
#2606=DIRECTION('ref_axis',(0.,-0.363375199045071,0.931642884757327));
#2607=DIRECTION('center_axis',(-0.957826285221151,6.40392789862508E-14,
-0.287347885566345));
#2608=DIRECTION('ref_axis',(-0.287347885566345,-2.14009410083046E-13,0.957826285221151));
#2609=DIRECTION('center_axis',(-1.,0.,0.));
#2610=DIRECTION('ref_axis',(0.,-0.363375199045071,0.931642884757327));
#2611=DIRECTION('',(1.,0.,0.));
#2612=DIRECTION('center_axis',(1.,0.,0.));
#2613=DIRECTION('ref_axis',(0.,-0.363375199045071,0.931642884757327));
#2614=DIRECTION('center_axis',(0.699678999668073,0.,-0.714457344719393));
#2615=DIRECTION('ref_axis',(0.714457344719393,3.88399867639096E-17,0.699678999668072));
#2616=DIRECTION('',(-1.,0.,0.));
#2617=DIRECTION('center_axis',(-1.,0.,0.));
#2618=DIRECTION('ref_axis',(0.,0.269199547065302,-0.963084421979629));
#2619=DIRECTION('center_axis',(-0.699678999668073,0.,0.714457344719393));
#2620=DIRECTION('ref_axis',(-0.714457344719393,0.,-0.699678999668073));
#2621=DIRECTION('center_axis',(-1.,0.,0.));
#2622=DIRECTION('ref_axis',(0.,0.269199547065302,-0.963084421979629));
#2623=DIRECTION('',(-1.,0.,0.));
#2624=DIRECTION('center_axis',(-0.957826285221151,6.40392789862508E-14,
-0.287347885566345));
#2625=DIRECTION('ref_axis',(0.287347885566345,2.13477709685324E-13,-0.957826285221151));
#2626=DIRECTION('center_axis',(4.71179109426165E-17,0.985485406488918,0.169760164930915));
#2627=DIRECTION('ref_axis',(0.839238873158469,-0.0923092830781691,0.535870422805083));
#2628=DIRECTION('',(0.,1.,2.22863233742031E-13));
#2629=DIRECTION('',(0.0923092830780446,-0.946995869525143,-0.30769761026036));
#2630=DIRECTION('center_axis',(0.,0.984639508495977,0.174599651513975));
#2631=DIRECTION('ref_axis',(0.830491353346448,-0.0972575089206185,0.548475240075011));
#2632=DIRECTION('',(0.0923092830780446,-0.946995869525143,-0.30769761026036));
#2633=DIRECTION('center_axis',(0.,1.,3.74248117742091E-12));
#2634=DIRECTION('ref_axis',(0.390000000002297,-3.44613226843648E-12,0.920814856525571));
#2635=DIRECTION('center_axis',(0.957826285221151,-6.40392789862508E-14,
0.287347885566345));
#2636=DIRECTION('ref_axis',(-0.287347885566345,-2.13601773111459E-13,0.957826285221151));
#2637=DIRECTION('center_axis',(0.,1.,4.2541066454915E-12));
#2638=DIRECTION('ref_axis',(0.390000000035649,-3.91686683087755E-12,0.920814856511445));
#2639=DIRECTION('',(0.,-1.,-4.2541066454915E-12));
#2640=DIRECTION('',(1.20937302352484E-12,-1.,-4.2541066454915E-12));
#2641=DIRECTION('center_axis',(0.,1.26836741285247E-15,1.));
#2642=DIRECTION('ref_axis',(0.999048221581858,-0.0436193873653365,4.44512287051477E-17));
#2643=DIRECTION('center_axis',(-0.707106781186548,2.6854306908505E-13,-0.707106781186547));
#2644=DIRECTION('ref_axis',(0.707106781186547,-2.70322818611585E-13,-0.707106781186548));
#2645=DIRECTION('',(1.2279047676766E-32,-1.26836741285247E-15,-1.));
#2646=DIRECTION('center_axis',(-0.707106781186548,-3.91544254035854E-17,
0.707106781186547));
#2647=DIRECTION('ref_axis',(0.707106781186547,1.83308294551331E-15,0.707106781186548));
#2648=DIRECTION('',(0.,1.26836741285247E-15,1.));
#2649=DIRECTION('center_axis',(0.707106781186548,3.91544254035854E-17,-0.707106781186547));
#2650=DIRECTION('ref_axis',(-0.707106781186547,0.,-0.707106781186548));
#2651=DIRECTION('',(0.0868265938642485,0.992432509138967,0.0868265938642486));
#2652=DIRECTION('',(0.,1.,5.53727194326761E-17));
#2653=DIRECTION('',(-0.577350269189626,-0.577350269189624,-0.577350269189627));
#2654=DIRECTION('',(0.,-1.,-5.53727194326761E-17));
#2655=DIRECTION('center_axis',(0.996194698091746,-0.0871557427476591,1.10545503944084E-16));
#2656=DIRECTION('ref_axis',(1.56334950937092E-16,5.18549253108099E-16,-1.));
#2657=DIRECTION('',(-0.0868265938642513,-0.992432509138999,0.0868265938638745));
#2658=DIRECTION('',(0.,-6.2177115308278E-13,-1.));
#2659=DIRECTION('',(0.,-6.2177115308278E-13,-1.));
#2660=DIRECTION('center_axis',(-0.996194698091746,0.0871557427476591,-5.41909266659982E-14));
#2661=DIRECTION('ref_axis',(0.0871557427476591,0.996194698091745,-6.1781024253784E-13));
#2662=DIRECTION('center_axis',(0.996194698091746,-0.0871557427476591,1.10545503944084E-16));
#2663=DIRECTION('ref_axis',(0.0871557427476591,0.996194698091746,-5.52999145415481E-17));
#2664=DIRECTION('center_axis',(0.996194698091746,-0.0871557427476591,1.10545503944084E-16));
#2665=DIRECTION('ref_axis',(-0.0871557427476591,-0.996194698091745,-1.65899743624644E-15));
#2666=DIRECTION('',(4.8271161372411E-32,1.26836741285247E-15,1.));
#2667=DIRECTION('',(0.0871261034022246,0.995855918823209,-0.0260774049845154));
#2668=DIRECTION('',(0.0868399965959027,0.992585703062775,0.0850437361985045));
#2669=DIRECTION('',(1.2279047676766E-32,-1.26836741285247E-15,-1.));
#2670=DIRECTION('',(-0.0868265938642485,-0.992432509138967,0.0868265938642484));
#2671=DIRECTION('',(0.0871557427476591,0.996194698091746,-2.75810047588769E-17));
#2672=DIRECTION('',(1.5953373413038E-16,5.55111512312578E-16,-1.));
#2673=DIRECTION('',(-0.0871557427476591,-0.996194698091746,-5.51620095177537E-17));
#2674=DIRECTION('center_axis',(0.,1.26836741285247E-15,1.));
#2675=DIRECTION('ref_axis',(0.999048221581858,-0.0436193873653365,4.44512287051477E-17));
#2676=DIRECTION('center_axis',(-0.699678999668073,0.,0.714457344719393));
#2677=DIRECTION('ref_axis',(0.714457344719393,1.81247798179275E-15,0.699678999668073));
#2678=DIRECTION('',(0.,1.26836741285247E-15,1.));
#2679=DIRECTION('center_axis',(-0.707106781186547,-1.95772127017927E-17,
-0.707106781186548));
#2680=DIRECTION('ref_axis',(0.707106781186548,-1.75850355372583E-15,-0.707106781186547));
#2681=DIRECTION('center_axis',(1.,0.,0.));
#2682=DIRECTION('ref_axis',(0.,0.,-1.));
#2683=DIRECTION('',(0.,1.,0.));
#2684=DIRECTION('',(0.,-0.951056516295026,-0.309016994375341));
#2685=DIRECTION('',(0.,-1.,-4.2541066454915E-12));
#2686=DIRECTION('',(0.,0.,-1.));
#2687=DIRECTION('',(0.,1.,-2.76863597163381E-17));
#2688=DIRECTION('center_axis',(-0.699678999668073,0.,0.714457344719393));
#2689=DIRECTION('ref_axis',(0.714457344719393,0.,0.699678999668073));
#2690=DIRECTION('',(-0.70563308662127,0.156682609672346,-0.691037268815222));
#2691=DIRECTION('',(-0.02672030360949,0.999300396272817,-0.0261676018008577));
#2692=DIRECTION('',(0.,1.,0.));
#2693=DIRECTION('',(0.,1.,0.));
#2694=DIRECTION('center_axis',(0.,0.0261769483078734,0.999657324975557));
#2695=DIRECTION('ref_axis',(0.,0.999657324975557,-0.0261769483078734));
#2696=DIRECTION('',(0.,0.999657324975557,-0.0261769483078734));
#2697=DIRECTION('center_axis',(0.,0.0261769483078734,0.999657324975557));
#2698=DIRECTION('ref_axis',(-2.91550443095998E-15,-0.999657324975557,0.0261769483078734));
#2699=DIRECTION('',(0.706985596127133,-0.706985596127133,0.0185130693707302));
#2700=DIRECTION('',(-0.00785284235009292,-0.999626501499757,0.0261761411667536));
#2701=DIRECTION('',(-1.,0.,0.));
#2702=DIRECTION('center_axis',(0.,2.22863233742031E-13,-1.));
#2703=DIRECTION('ref_axis',(0.,1.,2.22863233742031E-13));
#2704=DIRECTION('',(0.,-1.,-2.22863233742031E-13));
#2705=DIRECTION('',(-1.,0.,0.));
#2706=DIRECTION('',(0.,-1.,-2.22863233742031E-13));
#2707=DIRECTION('center_axis',(-0.957826285221151,6.40392789862508E-14,
-0.287347885566345));
#2708=DIRECTION('ref_axis',(-0.287347885566345,0.,0.957826285221151));
#2709=DIRECTION('',(-0.276172385369481,0.276172385369482,0.920574617898333));
#2710=DIRECTION('',(0.,1.,2.22863233742031E-13));
#2711=DIRECTION('',(0.276172385369513,0.276172385369509,-0.920574617898315));
#2712=DIRECTION('',(1.20937302352484E-12,-1.,-4.2541066454915E-12));
#2713=DIRECTION('',(0.,-1.,-2.22863233742031E-13));
#2714=DIRECTION('center_axis',(-0.957826285221151,6.40392789862508E-14,
-0.287347885566345));
#2715=DIRECTION('ref_axis',(-0.287347885566345,-2.13211859486357E-13,0.957826285221151));
#2716=DIRECTION('center_axis',(-0.707106781186548,-0.707106781186548,8.96871198664018E-16));
#2717=DIRECTION('ref_axis',(1.26836741285247E-15,0.,1.));
#2718=DIRECTION('',(-4.8271161372411E-32,-1.26836741285247E-15,-1.));
#2719=DIRECTION('center_axis',(0.707106781186548,0.707106781186548,-8.96871198664018E-16));
#2720=DIRECTION('ref_axis',(0.707106781186548,-0.707106781186548,9.15887267565535E-16));
#2721=DIRECTION('center_axis',(-0.707106781186548,-0.707106781186548,8.96871198664018E-16));
#2722=DIRECTION('ref_axis',(-0.707106781186548,0.707106781186547,-7.85046229341887E-16));
#2723=DIRECTION('',(0.577350269189699,-0.577350269189698,0.57735026918948));
#2724=DIRECTION('',(0.,-1.26836741285247E-15,-1.));
#2725=DIRECTION('center_axis',(-1.,0.,0.));
#2726=DIRECTION('ref_axis',(0.,0.,1.));
#2727=DIRECTION('center_axis',(-1.,0.,0.));
#2728=DIRECTION('ref_axis',(0.,-0.866304080210499,0.499517007328721));
#2729=DIRECTION('center_axis',(-1.,0.,0.));
#2730=DIRECTION('ref_axis',(0.,-0.866304080210499,0.499517007328721));
#2731=DIRECTION('center_axis',(-4.8271161372411E-32,-1.26836741285247E-15,
-1.));
#2732=DIRECTION('ref_axis',(0.996194698091745,-0.0871557427476591,0.));
#2733=DIRECTION('center_axis',(0.,4.2541066454915E-12,-1.));
#2734=DIRECTION('ref_axis',(0.,1.,4.2541066454915E-12));
#2735=DIRECTION('',(-0.707106781186551,-0.707106781186544,-3.00810765691778E-12));
#2736=DIRECTION('',(1.,0.,0.));
#2737=DIRECTION('center_axis',(0.,-4.2541066454915E-12,1.));
#2738=DIRECTION('ref_axis',(0.616932686257793,0.787015921456957,-1.24183409727726E-11));
#2739=DIRECTION('',(0.238788121253486,-0.971071693104186,-4.1310425428832E-12));
#2740=DIRECTION('center_axis',(0.,4.2541066454915E-12,-1.));
#2741=DIRECTION('ref_axis',(-0.616932686257794,-0.787015921456957,1.24183409727726E-11));
#2742=DIRECTION('',(1.,-9.86864910777917E-16,-4.19822857514271E-27));
#2743=DIRECTION('center_axis',(0.,-4.2541066454915E-12,1.));
#2744=DIRECTION('ref_axis',(0.707106781186549,0.707106781186546,-1.05573016921897E-11));
#2745=DIRECTION('',(0.,1.,3.2025551801128E-11));
#2746=DIRECTION('center_axis',(0.,-4.2541066454915E-12,1.));
#2747=DIRECTION('ref_axis',(0.707106781186549,-0.707106781186546,6.00167842331874E-13));
#2748=DIRECTION('',(1.,0.,0.));
#2749=DIRECTION('',(0.,1.,4.2541066454915E-12));
#2750=DIRECTION('center_axis',(-0.707106781186544,0.707106781186551,-6.97818870526666E-16));
#2751=DIRECTION('ref_axis',(-9.8686491077869E-16,0.,1.));
#2752=DIRECTION('',(0.,9.86864910778681E-16,1.));
#2753=DIRECTION('',(0.577350269189555,0.577350269189549,0.577350269189773));
#2754=DIRECTION('',(0.,-9.86864910778681E-16,-1.));
#2755=DIRECTION('center_axis',(1.,0.,0.));
#2756=DIRECTION('ref_axis',(0.,1.,0.));
#2757=DIRECTION('',(0.,-1.,-3.79777250381373E-13));
#2758=DIRECTION('',(0.,1.,1.8503717077086E-16));
#2759=DIRECTION('',(0.,0.,-1.));
#2760=DIRECTION('',(0.,1.,5.53727194326761E-17));
#2761=DIRECTION('',(0.,-5.55111512312578E-16,1.));
#2762=DIRECTION('',(0.,-1.,2.76863597163381E-17));
#2763=DIRECTION('',(0.,0.,-1.));
#2764=DIRECTION('',(0.,-1.,0.));
#2765=DIRECTION('',(0.,0.,1.));
#2766=DIRECTION('center_axis',(1.,0.,0.));
#2767=DIRECTION('ref_axis',(0.,1.,0.));
#2768=DIRECTION('',(0.,1.,4.2541066454915E-12));
#2769=DIRECTION('',(0.,0.951056516295026,0.309016994375341));
#2770=DIRECTION('center_axis',(1.,0.,0.));
#2771=DIRECTION('ref_axis',(0.,0.156434465040545,-0.987688340595088));
#2772=DIRECTION('center_axis',(1.,0.,0.));
#2773=DIRECTION('ref_axis',(0.,1.,0.));
#2774=DIRECTION('center_axis',(1.,-5.1609981768431E-34,2.75749134731282E-32));
#2775=DIRECTION('ref_axis',(0.,0.173812626919896,0.984778742014268));
#2776=DIRECTION('center_axis',(1.,-5.1609981768431E-34,2.75749134731282E-32));
#2777=DIRECTION('ref_axis',(-2.66717817273954E-32,0.236335983390466,0.971671396591904));
#2778=DIRECTION('center_axis',(0.,0.950619223453587,0.310359617219282));
#2779=DIRECTION('ref_axis',(-1.,0.,0.));
#2780=DIRECTION('center_axis',(-1.,5.1609981768431E-34,-2.75749134731282E-32));
#2781=DIRECTION('ref_axis',(0.,0.236335983390466,0.971671396591904));
#2782=DIRECTION('center_axis',(1.,-5.1609981768431E-34,2.75749134731282E-32));
#2783=DIRECTION('ref_axis',(0.,0.,-1.));
#2784=DIRECTION('center_axis',(0.,0.966206464501589,-0.257769408493986));
#2785=DIRECTION('ref_axis',(-1.,0.,0.));
#2786=DIRECTION('center_axis',(1.,-5.1609981768431E-34,2.75749134731282E-32));
#2787=DIRECTION('ref_axis',(0.,0.0274257731762475,-0.999623842735699));
#2788=DIRECTION('center_axis',(-1.,5.1609981768431E-34,-2.75749134731282E-32));
#2789=DIRECTION('ref_axis',(2.7578695405649E-32,0.0274257731762475,-0.999623842735699));
#2790=DIRECTION('center_axis',(1.,-5.1609981768431E-34,2.75749134731282E-32));
#2791=DIRECTION('ref_axis',(0.,-0.0150057661457935,0.999887407152614));
#2792=DIRECTION('center_axis',(0.,0.958036153348722,0.286647394679917));
#2793=DIRECTION('ref_axis',(-1.,0.,0.));
#2794=DIRECTION('center_axis',(-1.,5.1609981768431E-34,-2.75749134731282E-32));
#2795=DIRECTION('ref_axis',(0.,-0.015005766145793,0.999887407152614));
#2796=DIRECTION('center_axis',(1.,-5.1609981768431E-34,2.75749134731282E-32));
#2797=DIRECTION('ref_axis',(-2.75795532082759E-32,-0.015005766145793,0.999887407152614));
#2798=DIRECTION('center_axis',(1.,-5.1609981768431E-34,2.75749134731282E-32));
#2799=DIRECTION('ref_axis',(0.,0.,-1.));
#2800=DIRECTION('center_axis',(-1.,5.1609981768431E-34,-2.75749134731282E-32));
#2801=DIRECTION('ref_axis',(2.75749134731282E-32,-1.77635683940025E-15,
-1.));
#2802=DIRECTION('center_axis',(0.,0.958036153348722,-0.286647394679916));
#2803=DIRECTION('ref_axis',(-1.,0.,0.));
#2804=DIRECTION('center_axis',(1.,-5.1609981768431E-34,2.75749134731282E-32));
#2805=DIRECTION('ref_axis',(0.,-1.77635683940025E-15,-1.));
#2806=DIRECTION('center_axis',(-1.,5.1609981768431E-34,-2.75749134731282E-32));
#2807=DIRECTION('ref_axis',(2.75749134731282E-32,-1.77635683940025E-15,
-1.));
#2808=DIRECTION('center_axis',(1.,-5.1609981768431E-34,2.75749134731282E-32));
#2809=DIRECTION('ref_axis',(0.,2.60198781382097E-13,1.));
#2810=DIRECTION('center_axis',(0.,0.958036153348873,0.286647394679412));
#2811=DIRECTION('ref_axis',(-1.,0.,0.));
#2812=DIRECTION('center_axis',(-1.,5.1609981768431E-34,-2.75749134731282E-32));
#2813=DIRECTION('ref_axis',(0.,2.61785359317353E-13,1.));
#2814=DIRECTION('center_axis',(1.,-5.1609981768431E-34,2.75749134731282E-32));
#2815=DIRECTION('ref_axis',(-2.75749134731281E-32,2.61785359317354E-13,
1.));
#2816=DIRECTION('center_axis',(-1.,5.1609981768431E-34,-2.75749134731282E-32));
#2817=DIRECTION('ref_axis',(0.,0.,-1.));
#2818=DIRECTION('center_axis',(-1.,5.1609981768431E-34,-2.75749134731282E-32));
#2819=DIRECTION('ref_axis',(2.75749134731282E-32,-5.1609981768431E-35,-1.));
#2820=DIRECTION('center_axis',(0.,0.958036153348873,-0.286647394679412));
#2821=DIRECTION('ref_axis',(-1.,0.,0.));
#2822=DIRECTION('center_axis',(1.,-5.1609981768431E-34,2.75749134731282E-32));
#2823=DIRECTION('ref_axis',(0.,-5.1609981768431E-35,-1.));
#2824=DIRECTION('center_axis',(-1.,5.1609981768431E-34,-2.75749134731282E-32));
#2825=DIRECTION('ref_axis',(2.75749134731282E-32,-5.1609981768431E-35,-1.));
#2826=DIRECTION('center_axis',(1.,-5.1609981768431E-34,2.75749134731282E-32));
#2827=DIRECTION('ref_axis',(0.,2.60198781382097E-13,1.));
#2828=DIRECTION('center_axis',(0.,0.958036153349022,0.286647394678915));
#2829=DIRECTION('ref_axis',(-1.,0.,0.));
#2830=DIRECTION('center_axis',(-1.,5.1609981768431E-34,-2.75749134731282E-32));
#2831=DIRECTION('ref_axis',(0.,2.60463211037973E-13,1.));
#2832=DIRECTION('center_axis',(1.,-5.1609981768431E-34,2.75749134731282E-32));
#2833=DIRECTION('ref_axis',(-2.75749134731281E-32,2.60463211037973E-13,
1.));
#2834=DIRECTION('center_axis',(-1.,5.1609981768431E-34,-2.75749134731282E-32));
#2835=DIRECTION('ref_axis',(0.,0.,-1.));
#2836=DIRECTION('center_axis',(-1.,5.1609981768431E-34,-2.75749134731282E-32));
#2837=DIRECTION('ref_axis',(2.75749134731282E-32,-5.1609981768431E-35,-1.));
#2838=DIRECTION('center_axis',(0.,0.958036153349022,-0.286647394678915));
#2839=DIRECTION('ref_axis',(-1.,0.,0.));
#2840=DIRECTION('center_axis',(1.,-5.1609981768431E-34,2.75749134731282E-32));
#2841=DIRECTION('ref_axis',(0.,-5.1609981768431E-35,-1.));
#2842=DIRECTION('center_axis',(-1.,5.1609981768431E-34,-2.75749134731282E-32));
#2843=DIRECTION('ref_axis',(2.75749134731282E-32,-5.1609981768431E-35,-1.));
#2844=DIRECTION('center_axis',(1.,-5.1609981768431E-34,2.75749134731282E-32));
#2845=DIRECTION('ref_axis',(0.,2.59141062758593E-13,1.));
#2846=DIRECTION('center_axis',(0.,0.958036153349168,0.286647394678425));
#2847=DIRECTION('ref_axis',(-1.,0.,0.));
#2848=DIRECTION('center_axis',(-1.,5.1609981768431E-34,-2.75749134731282E-32));
#2849=DIRECTION('ref_axis',(0.,2.59141062758593E-13,1.));
#2850=DIRECTION('center_axis',(1.,-5.1609981768431E-34,2.75749134731282E-32));
#2851=DIRECTION('ref_axis',(-2.75749134731281E-32,2.59141062758593E-13,
1.));
#2852=DIRECTION('center_axis',(1.,-5.1609981768431E-34,2.75749134731282E-32));
#2853=DIRECTION('ref_axis',(0.,0.,-1.));
#2854=DIRECTION('center_axis',(-1.,5.1609981768431E-34,-2.75749134731282E-32));
#2855=DIRECTION('ref_axis',(2.75749134731282E-32,8.88178419700125E-16,-1.));
#2856=DIRECTION('center_axis',(0.,0.95803615334917,-0.28664739467842));
#2857=DIRECTION('ref_axis',(-1.,0.,0.));
#2858=DIRECTION('center_axis',(1.,-5.1609981768431E-34,2.75749134731282E-32));
#2859=DIRECTION('ref_axis',(0.,8.88178419700125E-16,-1.));
#2860=DIRECTION('center_axis',(-1.,5.1609981768431E-34,-2.75749134731282E-32));
#2861=DIRECTION('ref_axis',(2.75749134731282E-32,8.88178419700125E-16,-1.));
#2862=DIRECTION('center_axis',(1.,-5.1609981768431E-34,2.75749134731282E-32));
#2863=DIRECTION('ref_axis',(0.,2.59141062758593E-13,1.));
#2864=DIRECTION('center_axis',(0.,0.958036153349319,0.286647394677923));
#2865=DIRECTION('ref_axis',(-1.,0.,0.));
#2866=DIRECTION('center_axis',(-1.,5.1609981768431E-34,-2.75749134731282E-32));
#2867=DIRECTION('ref_axis',(0.,2.59141062758593E-13,1.));
#2868=DIRECTION('center_axis',(1.,-5.1609981768431E-34,2.75749134731282E-32));
#2869=DIRECTION('ref_axis',(-2.75749134731281E-32,2.59141062758593E-13,
1.));
#2870=DIRECTION('center_axis',(-1.,5.1609981768431E-34,-2.75749134731282E-32));
#2871=DIRECTION('ref_axis',(0.,5.9211894646675E-16,-1.));
#2872=DIRECTION('center_axis',(-1.,5.1609981768431E-34,-2.75749134731282E-32));
#2873=DIRECTION('ref_axis',(2.75749134731282E-32,4.44089209850063E-16,-1.));
#2874=DIRECTION('center_axis',(0.,0.958036153349318,-0.286647394677924));
#2875=DIRECTION('ref_axis',(-1.,0.,0.));
#2876=DIRECTION('center_axis',(1.,-5.1609981768431E-34,2.75749134731282E-32));
#2877=DIRECTION('ref_axis',(0.,4.44089209850063E-16,-1.));
#2878=DIRECTION('center_axis',(-1.,5.1609981768431E-34,-2.75749134731282E-32));
#2879=DIRECTION('ref_axis',(2.75749134731282E-32,4.44089209850063E-16,-1.));
#2880=DIRECTION('center_axis',(1.,-5.1609981768431E-34,2.75749134731282E-32));
#2881=DIRECTION('ref_axis',(0.,2.59141062758593E-13,1.));
#2882=DIRECTION('center_axis',(0.,0.958036153349468,0.286647394677424));
#2883=DIRECTION('ref_axis',(-1.,0.,0.));
#2884=DIRECTION('center_axis',(-1.,5.1609981768431E-34,-2.75749134731282E-32));
#2885=DIRECTION('ref_axis',(0.,2.59471599828438E-13,1.));
#2886=DIRECTION('center_axis',(1.,-5.1609981768431E-34,2.75749134731282E-32));
#2887=DIRECTION('ref_axis',(-2.75749134731281E-32,2.59471599828438E-13,
1.));
#2888=DIRECTION('center_axis',(1.,-5.1609981768431E-34,2.75749134731282E-32));
#2889=DIRECTION('ref_axis',(0.,0.,-1.));
#2890=DIRECTION('center_axis',(-1.,5.1609981768431E-34,-2.75749134731282E-32));
#2891=DIRECTION('ref_axis',(2.75749134731282E-32,4.44089209850063E-16,-1.));
#2892=DIRECTION('center_axis',(0.,0.958036153349468,-0.286647394677424));
#2893=DIRECTION('ref_axis',(-1.,0.,0.));
#2894=DIRECTION('center_axis',(1.,-5.1609981768431E-34,2.75749134731282E-32));
#2895=DIRECTION('ref_axis',(0.,4.44089209850063E-16,-1.));
#2896=DIRECTION('center_axis',(-1.,5.1609981768431E-34,-2.75749134731282E-32));
#2897=DIRECTION('ref_axis',(2.75749134731282E-32,4.44089209850063E-16,-1.));
#2898=DIRECTION('center_axis',(1.,-5.1609981768431E-34,2.75749134731282E-32));
#2899=DIRECTION('ref_axis',(0.,-0.0349553996000417,0.999388873281468));
#2900=DIRECTION('center_axis',(-1.,5.1609981768431E-34,-2.75749134731282E-32));
#2901=DIRECTION('ref_axis',(0.,-0.08024106821953,0.996775486742621));
#2902=DIRECTION('center_axis',(1.,-5.1609981768431E-34,2.75749134731282E-32));
#2903=DIRECTION('ref_axis',(-2.75274101997419E-32,-0.08024106821953,0.996775486742621));
#2904=DIRECTION('center_axis',(-5.19399768399927E-16,0.935667441368895,
0.352883038926761));
#2905=DIRECTION('ref_axis',(-1.,-5.55111512312578E-16,0.));
#2906=DIRECTION('center_axis',(1.,-5.1609981768431E-34,2.75749134731282E-32));
#2907=DIRECTION('ref_axis',(0.,0.,-1.));
#2908=DIRECTION('center_axis',(1.,-5.1609981768431E-34,2.75749134731282E-32));
#2909=DIRECTION('ref_axis',(5.1609981768431E-34,1.,0.));
#2910=DIRECTION('',(0.,1.,3.79777250381373E-13));
#2911=DIRECTION('center_axis',(1.,-5.1609981768431E-34,2.75749134731282E-32));
#2912=DIRECTION('ref_axis',(5.1609981768431E-34,1.,0.));
#2913=DIRECTION('',(0.,1.,3.79777250381373E-13));
#2914=DIRECTION('center_axis',(1.,-5.1609981768431E-34,2.75749134731282E-32));
#2915=DIRECTION('ref_axis',(5.1609981768431E-34,1.,0.));
#2916=DIRECTION('',(0.,1.,3.79777250381373E-13));
#2917=DIRECTION('center_axis',(1.,-5.1609981768431E-34,2.75749134731282E-32));
#2918=DIRECTION('ref_axis',(5.1609981768431E-34,1.,0.));
#2919=DIRECTION('',(0.,1.,3.79777250381373E-13));
#2920=DIRECTION('center_axis',(1.,-5.1609981768431E-34,2.75749134731282E-32));
#2921=DIRECTION('ref_axis',(5.1609981768431E-34,1.,0.));
#2922=DIRECTION('',(0.,1.,3.79777250381373E-13));
#2923=DIRECTION('center_axis',(1.,-5.1609981768431E-34,2.75749134731282E-32));
#2924=DIRECTION('ref_axis',(5.1609981768431E-34,1.,0.));
#2925=DIRECTION('',(0.,1.,3.79777250381373E-13));
#2926=DIRECTION('center_axis',(1.,-5.1609981768431E-34,2.75749134731282E-32));
#2927=DIRECTION('ref_axis',(0.,0.136909730213704,0.990583527913124));
#2928=DIRECTION('center_axis',(1.,-5.1609981768431E-34,2.75749134731282E-32));
#2929=DIRECTION('ref_axis',(0.,0.0127551028761925,0.999918650366427));
#2930=DIRECTION('center_axis',(0.,0.950619223453581,0.310359617219299));
#2931=DIRECTION('ref_axis',(0.,-0.310359617219299,0.950619223453581));
#2932=DIRECTION('center_axis',(-1.,5.1609981768431E-34,-2.75749134731282E-32));
#2933=DIRECTION('ref_axis',(-2.75660873577525E-32,0.0127551028761925,0.999918650366427));
#2934=DIRECTION('center_axis',(1.,-5.1609981768431E-34,2.75749134731282E-32));
#2935=DIRECTION('ref_axis',(0.,0.,-1.));
#2936=DIRECTION('center_axis',(0.,0.966206464501589,-0.257769408493986));
#2937=DIRECTION('ref_axis',(0.,0.257769408493986,0.966206464501589));
#2938=DIRECTION('center_axis',(1.,-5.1609981768431E-34,2.75749134731282E-32));
#2939=DIRECTION('ref_axis',(2.7578695405649E-32,0.0274257731762475,-0.999623842735699));
#2940=DIRECTION('center_axis',(-1.,5.1609981768431E-34,-2.75749134731282E-32));
#2941=DIRECTION('ref_axis',(0.,0.0274257731762475,-0.999623842735699));
#2942=DIRECTION('center_axis',(1.,-5.1609981768431E-34,2.75749134731282E-32));
#2943=DIRECTION('ref_axis',(0.,-0.0150057661457925,0.999887407152614));
#2944=DIRECTION('center_axis',(0.,0.958036153348722,0.286647394679917));
#2945=DIRECTION('ref_axis',(0.,-0.286647394679917,0.958036153348722));
#2946=DIRECTION('center_axis',(-1.,5.1609981768431E-34,-2.75749134731282E-32));
#2947=DIRECTION('ref_axis',(-2.75795532082759E-32,-0.015005766145793,0.999887407152614));
#2948=DIRECTION('center_axis',(1.,-5.1609981768431E-34,2.75749134731282E-32));
#2949=DIRECTION('ref_axis',(0.,-0.015005766145793,0.999887407152614));
#2950=DIRECTION('center_axis',(1.,-5.1609981768431E-34,2.75749134731282E-32));
#2951=DIRECTION('ref_axis',(0.,0.,-1.));
#2952=DIRECTION('center_axis',(1.,-5.1609981768431E-34,2.75749134731282E-32));
#2953=DIRECTION('ref_axis',(2.75749134731282E-32,-1.77635683940025E-15,
-1.));
#2954=DIRECTION('center_axis',(-1.,5.1609981768431E-34,-2.75749134731282E-32));
#2955=DIRECTION('ref_axis',(0.,-1.77635683940025E-15,-1.));
#2956=DIRECTION('center_axis',(0.,0.958036153348722,-0.286647394679916));
#2957=DIRECTION('ref_axis',(0.,0.286647394679916,0.958036153348722));
#2958=DIRECTION('center_axis',(1.,-5.1609981768431E-34,2.75749134731282E-32));
#2959=DIRECTION('ref_axis',(2.75749134731282E-32,-1.77635683940025E-15,
-1.));
#2960=DIRECTION('center_axis',(1.,-5.1609981768431E-34,2.75749134731282E-32));
#2961=DIRECTION('ref_axis',(0.,2.60198781382097E-13,1.));
#2962=DIRECTION('center_axis',(0.,0.958036153348873,0.286647394679412));
#2963=DIRECTION('ref_axis',(0.,-0.286647394679412,0.958036153348873));
#2964=DIRECTION('center_axis',(-1.,5.1609981768431E-34,-2.75749134731282E-32));
#2965=DIRECTION('ref_axis',(-2.75749134731281E-32,2.61785359317354E-13,
1.));
#2966=DIRECTION('center_axis',(1.,-5.1609981768431E-34,2.75749134731282E-32));
#2967=DIRECTION('ref_axis',(0.,2.61785359317353E-13,1.));
#2968=DIRECTION('center_axis',(-1.,5.1609981768431E-34,-2.75749134731282E-32));
#2969=DIRECTION('ref_axis',(0.,0.,-1.));
#2970=DIRECTION('center_axis',(1.,-5.1609981768431E-34,2.75749134731282E-32));
#2971=DIRECTION('ref_axis',(2.75749134731282E-32,5.1609981768431E-35,-1.));
#2972=DIRECTION('center_axis',(-1.,5.1609981768431E-34,-2.75749134731282E-32));
#2973=DIRECTION('ref_axis',(0.,5.1609981768431E-35,-1.));
#2974=DIRECTION('center_axis',(0.,0.958036153348873,-0.286647394679412));
#2975=DIRECTION('ref_axis',(0.,0.286647394679412,0.958036153348873));
#2976=DIRECTION('center_axis',(1.,-5.1609981768431E-34,2.75749134731282E-32));
#2977=DIRECTION('ref_axis',(2.75749134731282E-32,5.1609981768431E-35,-1.));
#2978=DIRECTION('center_axis',(1.,-5.1609981768431E-34,2.75749134731282E-32));
#2979=DIRECTION('ref_axis',(0.,2.60198781382097E-13,1.));
#2980=DIRECTION('center_axis',(0.,0.958036153349022,0.286647394678915));
#2981=DIRECTION('ref_axis',(0.,-0.286647394678915,0.958036153349022));
#2982=DIRECTION('center_axis',(-1.,5.1609981768431E-34,-2.75749134731282E-32));
#2983=DIRECTION('ref_axis',(-2.75749134731281E-32,2.60463211037973E-13,
1.));
#2984=DIRECTION('center_axis',(1.,-5.1609981768431E-34,2.75749134731282E-32));
#2985=DIRECTION('ref_axis',(0.,2.60463211037973E-13,1.));
#2986=DIRECTION('center_axis',(-1.,5.1609981768431E-34,-2.75749134731282E-32));
#2987=DIRECTION('ref_axis',(0.,0.,-1.));
#2988=DIRECTION('center_axis',(1.,-5.1609981768431E-34,2.75749134731282E-32));
#2989=DIRECTION('ref_axis',(2.75749134731282E-32,5.1609981768431E-35,-1.));
#2990=DIRECTION('center_axis',(-1.,5.1609981768431E-34,-2.75749134731282E-32));
#2991=DIRECTION('ref_axis',(0.,5.1609981768431E-35,-1.));
#2992=DIRECTION('center_axis',(0.,0.958036153349022,-0.286647394678915));
#2993=DIRECTION('ref_axis',(0.,0.286647394678915,0.958036153349022));
#2994=DIRECTION('center_axis',(1.,-5.1609981768431E-34,2.75749134731282E-32));
#2995=DIRECTION('ref_axis',(2.75749134731282E-32,5.1609981768431E-35,-1.));
#2996=DIRECTION('center_axis',(1.,-5.1609981768431E-34,2.75749134731282E-32));
#2997=DIRECTION('ref_axis',(0.,2.59141062758593E-13,1.));
#2998=DIRECTION('center_axis',(0.,0.958036153349168,0.286647394678425));
#2999=DIRECTION('ref_axis',(0.,-0.286647394678425,0.958036153349168));
#3000=DIRECTION('center_axis',(-1.,5.1609981768431E-34,-2.75749134731282E-32));
#3001=DIRECTION('ref_axis',(-2.75749134731281E-32,2.59141062758593E-13,
1.));
#3002=DIRECTION('center_axis',(1.,-5.1609981768431E-34,2.75749134731282E-32));
#3003=DIRECTION('ref_axis',(0.,2.59141062758593E-13,1.));
#3004=DIRECTION('center_axis',(1.,-5.1609981768431E-34,2.75749134731282E-32));
#3005=DIRECTION('ref_axis',(0.,0.,-1.));
#3006=DIRECTION('center_axis',(1.,-5.1609981768431E-34,2.75749134731282E-32));
#3007=DIRECTION('ref_axis',(2.75749134731282E-32,8.88178419700125E-16,-1.));
#3008=DIRECTION('center_axis',(-1.,5.1609981768431E-34,-2.75749134731282E-32));
#3009=DIRECTION('ref_axis',(0.,8.88178419700125E-16,-1.));
#3010=DIRECTION('center_axis',(0.,0.95803615334917,-0.28664739467842));
#3011=DIRECTION('ref_axis',(0.,0.28664739467842,0.95803615334917));
#3012=DIRECTION('center_axis',(1.,-5.1609981768431E-34,2.75749134731282E-32));
#3013=DIRECTION('ref_axis',(2.75749134731282E-32,8.88178419700125E-16,-1.));
#3014=DIRECTION('center_axis',(1.,-5.1609981768431E-34,2.75749134731282E-32));
#3015=DIRECTION('ref_axis',(0.,2.59141062758593E-13,1.));
#3016=DIRECTION('center_axis',(0.,0.958036153349319,0.286647394677923));
#3017=DIRECTION('ref_axis',(0.,-0.286647394677923,0.958036153349319));
#3018=DIRECTION('center_axis',(-1.,5.1609981768431E-34,-2.75749134731282E-32));
#3019=DIRECTION('ref_axis',(-2.75749134731281E-32,2.59141062758593E-13,
1.));
#3020=DIRECTION('center_axis',(1.,-5.1609981768431E-34,2.75749134731282E-32));
#3021=DIRECTION('ref_axis',(0.,2.59141062758593E-13,1.));
#3022=DIRECTION('center_axis',(-1.,5.1609981768431E-34,-2.75749134731282E-32));
#3023=DIRECTION('ref_axis',(0.,0.,-1.));
#3024=DIRECTION('center_axis',(1.,-5.1609981768431E-34,2.75749134731282E-32));
#3025=DIRECTION('ref_axis',(2.75749134731282E-32,4.44089209850063E-16,-1.));
#3026=DIRECTION('center_axis',(-1.,5.1609981768431E-34,-2.75749134731282E-32));
#3027=DIRECTION('ref_axis',(0.,4.44089209850063E-16,-1.));
#3028=DIRECTION('center_axis',(0.,0.958036153349318,-0.286647394677924));
#3029=DIRECTION('ref_axis',(0.,0.286647394677924,0.958036153349318));
#3030=DIRECTION('center_axis',(1.,-5.1609981768431E-34,2.75749134731282E-32));
#3031=DIRECTION('ref_axis',(2.75749134731282E-32,4.44089209850063E-16,-1.));
#3032=DIRECTION('center_axis',(1.,-5.1609981768431E-34,2.75749134731282E-32));
#3033=DIRECTION('ref_axis',(0.,2.59141062758593E-13,1.));
#3034=DIRECTION('center_axis',(0.,0.958036153349468,0.286647394677424));
#3035=DIRECTION('ref_axis',(0.,-0.286647394677424,0.958036153349468));
#3036=DIRECTION('center_axis',(-1.,5.1609981768431E-34,-2.75749134731282E-32));
#3037=DIRECTION('ref_axis',(-2.75749134731281E-32,2.59471599828438E-13,
1.));
#3038=DIRECTION('center_axis',(1.,-5.1609981768431E-34,2.75749134731282E-32));
#3039=DIRECTION('ref_axis',(0.,2.59471599828438E-13,1.));
#3040=DIRECTION('center_axis',(1.,-5.1609981768431E-34,2.75749134731282E-32));
#3041=DIRECTION('ref_axis',(0.,0.,-1.));
#3042=DIRECTION('center_axis',(1.,-5.1609981768431E-34,2.75749134731282E-32));
#3043=DIRECTION('ref_axis',(2.75749134731282E-32,4.44089209850063E-16,-1.));
#3044=DIRECTION('center_axis',(-1.,5.1609981768431E-34,-2.75749134731282E-32));
#3045=DIRECTION('ref_axis',(0.,4.44089209850063E-16,-1.));
#3046=DIRECTION('center_axis',(0.,0.958036153349468,-0.286647394677424));
#3047=DIRECTION('ref_axis',(0.,0.286647394677424,0.958036153349468));
#3048=DIRECTION('center_axis',(1.,-5.1609981768431E-34,2.75749134731282E-32));
#3049=DIRECTION('ref_axis',(2.75749134731282E-32,4.44089209850063E-16,-1.));
#3050=DIRECTION('center_axis',(1.,-5.1609981768431E-34,2.75749134731282E-32));
#3051=DIRECTION('ref_axis',(0.,0.,-1.));
#3052=DIRECTION('center_axis',(-2.14298041693123E-15,0.965112580715377,
-0.261835266045092));
#3053=DIRECTION('ref_axis',(0.,0.261835266045092,0.965112580715377));
#3054=DIRECTION('center_axis',(-1.,5.1609981768431E-34,-2.75749134731282E-32));
#3055=DIRECTION('ref_axis',(-2.64558029941759E-32,0.264566884658423,0.964367338487849));
#3056=DIRECTION('center_axis',(1.,-5.1609981768431E-34,2.75749134731282E-32));
#3057=DIRECTION('ref_axis',(0.,0.264566884658423,0.964367338487849));
#3058=DIRECTION('center_axis',(1.,0.,0.));
#3059=DIRECTION('ref_axis',(0.,0.499999999996094,0.866025403786694));
#3060=DIRECTION('center_axis',(-0.707106781186548,-2.6854306908505E-13,
0.707106781186548));
#3061=DIRECTION('ref_axis',(0.707106781186547,-2.68550029045666E-13,0.707106781186547));
#3062=DIRECTION('',(-1.,0.,0.));
#3063=DIRECTION('',(1.,0.,0.));
#3064=DIRECTION('center_axis',(1.,0.,0.));
#3065=DIRECTION('ref_axis',(0.,4.63541180880749E-16,-1.));
#3066=DIRECTION('',(-1.,0.,0.));
#3067=DIRECTION('center_axis',(1.,0.,0.));
#3068=DIRECTION('ref_axis',(0.,0.499999999996962,0.866025403786192));
#3069=DIRECTION('',(1.,0.,0.));
#3070=DIRECTION('center_axis',(-1.,0.,0.));
#3071=DIRECTION('ref_axis',(0.,4.63541180880821E-16,-1.));
#3072=DIRECTION('',(-1.,0.,0.));
#3073=DIRECTION('center_axis',(1.,0.,0.));
#3074=DIRECTION('ref_axis',(0.,0.49999999999783,0.866025403785692));
#3075=DIRECTION('',(1.,0.,0.));
#3076=DIRECTION('center_axis',(1.,0.,0.));
#3077=DIRECTION('ref_axis',(0.,1.85416472352357E-15,-1.));
#3078=DIRECTION('',(-1.,0.,0.));
#3079=DIRECTION('center_axis',(1.,0.,0.));
#3080=DIRECTION('ref_axis',(0.,0.499999999998698,0.86602540378519));
#3081=DIRECTION('',(1.,0.,0.));
#3082=DIRECTION('center_axis',(-1.,0.,0.));
#3083=DIRECTION('ref_axis',(0.,0.,-1.));
#3084=DIRECTION('',(-1.,0.,0.));
#3085=DIRECTION('center_axis',(1.,0.,0.));
#3086=DIRECTION('ref_axis',(0.,0.499999999999566,0.866025403784689));
#3087=DIRECTION('',(1.,0.,0.));
#3088=DIRECTION('center_axis',(-1.,0.,0.));
#3089=DIRECTION('ref_axis',(0.,0.,-1.));
#3090=DIRECTION('',(-1.,0.,0.));
#3091=DIRECTION('center_axis',(1.,0.,0.));
#3092=DIRECTION('ref_axis',(0.,0.500000000000435,0.866025403784187));
#3093=DIRECTION('',(1.,0.,0.));
#3094=DIRECTION('center_axis',(1.,0.,0.));
#3095=DIRECTION('ref_axis',(0.,-1.85416472352443E-15,-1.));
#3096=DIRECTION('',(-1.,0.,0.));
#3097=DIRECTION('center_axis',(1.,0.,0.));
#3098=DIRECTION('ref_axis',(0.,0.500000000001302,0.866025403783687));
#3099=DIRECTION('',(1.,0.,0.));
#3100=DIRECTION('center_axis',(1.,0.,0.));
#3101=DIRECTION('ref_axis',(0.,0.0274257731762473,-0.999623842735699));
#3102=DIRECTION('',(-1.,0.,0.));
#3103=DIRECTION('center_axis',(1.,-5.1609981768431E-34,2.75749134731282E-32));
#3104=DIRECTION('ref_axis',(5.1609981768431E-34,1.,0.));
#3105=DIRECTION('',(0.,-1.,-3.79777250381373E-13));
#3106=DIRECTION('center_axis',(1.,-5.1609981768431E-34,2.75749134731282E-32));
#3107=DIRECTION('ref_axis',(5.1609981768431E-34,1.,0.));
#3108=DIRECTION('',(0.,-1.,-3.79777250381373E-13));
#3109=DIRECTION('',(-8.68906409055598E-18,-1.,-3.79777250381373E-13));
#3110=DIRECTION('',(0.,6.21724893790088E-13,1.));
#3111=DIRECTION('center_axis',(1.,-5.1609981768431E-34,2.75749134731282E-32));
#3112=DIRECTION('ref_axis',(5.1609981768431E-34,1.,0.));
#3113=DIRECTION('',(0.,-1.,-3.79777250381373E-13));
#3114=DIRECTION('center_axis',(1.,-5.1609981768431E-34,2.75749134731282E-32));
#3115=DIRECTION('ref_axis',(5.1609981768431E-34,1.,0.));
#3116=DIRECTION('',(0.,-1.,-3.79777250381373E-13));
#3117=DIRECTION('center_axis',(1.,-5.1609981768431E-34,2.75749134731282E-32));
#3118=DIRECTION('ref_axis',(5.1609981768431E-34,1.,0.));
#3119=DIRECTION('',(0.,-1.,-3.79777250381373E-13));
#3120=DIRECTION('center_axis',(1.,-5.1609981768431E-34,2.75749134731282E-32));
#3121=DIRECTION('ref_axis',(5.1609981768431E-34,1.,0.));
#3122=DIRECTION('',(0.,-1.,-3.79777250381373E-13));
#3123=DIRECTION('center_axis',(1.,0.,0.));
#3124=DIRECTION('ref_axis',(0.,0.712291669097909,0.701883593007925));
#3125=DIRECTION('center_axis',(-0.707106781186548,-2.6854306908505E-13,
0.707106781186548));
#3126=DIRECTION('ref_axis',(0.707106781186547,-2.68490337716629E-13,0.707106781186548));
#3127=DIRECTION('center_axis',(0.,1.57790727715165E-11,1.));
#3128=DIRECTION('ref_axis',(0.616932686257793,0.787015921456957,-1.24183409727726E-11));
#3129=DIRECTION('center_axis',(0.,3.79777250381373E-13,-1.));
#3130=DIRECTION('ref_axis',(0.616932686257793,0.787015921456957,-1.24183409727726E-11));
#3131=DIRECTION('',(0.,-1.57790727715165E-11,-1.));
#3132=DIRECTION('',(0.,1.57790727715165E-11,1.));
#3133=DIRECTION('center_axis',(0.707106781186548,2.6854306908505E-13,-0.707106781186548));
#3134=DIRECTION('ref_axis',(0.707106781186547,2.25834739448674E-11,0.707106781186547));
#3135=DIRECTION('center_axis',(-1.,0.,0.));
#3136=DIRECTION('ref_axis',(0.,0.371427312384769,-0.928462035634537));
#3137=DIRECTION('center_axis',(-0.707106781186548,-2.6854306908505E-13,
0.707106781186548));
#3138=DIRECTION('ref_axis',(-0.707106781186548,2.68485810434925E-13,-0.707106781186547));
#3139=DIRECTION('',(1.,0.,0.));
#3140=DIRECTION('center_axis',(1.,-5.1609981768431E-34,2.75749134731282E-32));
#3141=DIRECTION('ref_axis',(5.1609981768431E-34,1.,0.));
#3142=DIRECTION('',(0.,-1.,-3.79777250381373E-13));
#3143=DIRECTION('center_axis',(1.,-5.1609981768431E-34,2.75749134731282E-32));
#3144=DIRECTION('ref_axis',(5.1609981768431E-34,1.,0.));
#3145=DIRECTION('',(0.,1.,3.79777250381373E-13));
#3146=DIRECTION('center_axis',(0.,-3.79777250381373E-13,1.));
#3147=DIRECTION('ref_axis',(0.,-1.,-3.79777250381373E-13));
#3148=DIRECTION('',(1.,0.,0.));
#3149=DIRECTION('center_axis',(0.,3.79777250381373E-13,-1.));
#3150=DIRECTION('ref_axis',(0.707106781186549,-0.707106781186546,1.10691518337206E-13));
#3151=DIRECTION('',(0.,-1.,-3.20253924397855E-11));
#3152=DIRECTION('center_axis',(0.,3.79777250381373E-13,-1.));
#3153=DIRECTION('ref_axis',(0.707106781186549,0.707106781186546,-1.10463854930697E-11));
#3154=DIRECTION('',(-1.,9.86864910777917E-16,3.74788842313096E-28));
#3155=DIRECTION('center_axis',(0.,-3.79777250381373E-13,1.));
#3156=DIRECTION('ref_axis',(-0.616932686257794,-0.787015921456957,1.24183409727726E-11));
#3157=DIRECTION('',(-0.238788121253486,0.971071693104186,3.68790937530292E-13));
#3158=DIRECTION('center_axis',(1.,0.,0.));
#3159=DIRECTION('ref_axis',(0.,-0.707106781186684,0.707106781186411));
#3160=DIRECTION('center_axis',(0.737277336810125,0.675590207615659,4.92648508484118E-16));
#3161=DIRECTION('ref_axis',(6.68199717918351E-16,0.,-1.));
#3162=DIRECTION('',(0.675590207615659,-0.737277336810125,2.04125255576289E-17));
#3163=DIRECTION('',(-1.5953373413038E-16,-5.55111512312578E-16,1.));
#3164=DIRECTION('',(-0.675590207615659,0.737277336810125,4.08250511152577E-17));
#3165=DIRECTION('center_axis',(0.,1.,5.55111512312578E-16));
#3166=DIRECTION('ref_axis',(0.,-5.55111512312578E-16,1.));
#3167=DIRECTION('',(1.,0.,0.));
#3168=DIRECTION('',(0.,5.55111512312578E-16,-1.));
#3169=DIRECTION('',(1.,0.,0.));
#3170=DIRECTION('center_axis',(0.707106781186547,1.95772127017927E-17,0.707106781186548));
#3171=DIRECTION('ref_axis',(0.707106781186548,0.,-0.707106781186547));
#3172=DIRECTION('',(0.577350269189627,0.577350269189625,-0.577350269189626));
#3173=DIRECTION('',(0.,-1.,2.76863597163381E-17));
#3174=DIRECTION('center_axis',(8.48703823285867E-13,0.,-1.));
#3175=DIRECTION('ref_axis',(0.707106781186549,-0.707106781186546,6.00167842331874E-13));
#3176=DIRECTION('',(-8.48703823285867E-13,0.,1.));
#3177=DIRECTION('center_axis',(4.97114787148749E-16,3.20255186014929E-11,
-1.));
#3178=DIRECTION('ref_axis',(0.707106781186549,-0.707106781186546,6.00167842331874E-13));
#3179=DIRECTION('',(8.48703823285867E-13,0.,-1.));
#3180=DIRECTION('center_axis',(1.,-2.71801800797997E-23,8.48703823285867E-13));
#3181=DIRECTION('ref_axis',(-8.48703823285867E-13,-3.20254933691956E-11,
1.));
#3182=DIRECTION('',(8.48703823285867E-13,-1.57790727715165E-11,-1.));
#3183=DIRECTION('',(0.,-1.,-3.20255186014929E-11));
#3184=DIRECTION('center_axis',(1.57139258869633E-13,0.,-1.));
#3185=DIRECTION('ref_axis',(0.707106781186549,-0.707106781186546,1.10691518337206E-13));
#3186=DIRECTION('',(1.57139258869633E-13,0.,-1.));
#3187=DIRECTION('center_axis',(0.,-3.20253924397855E-11,1.));
#3188=DIRECTION('ref_axis',(0.707106781186549,-0.707106781186546,1.10691518337206E-13));
#3189=DIRECTION('',(-1.57139258869633E-13,0.,1.));
#3190=DIRECTION('center_axis',(1.,-5.03244643299704E-24,1.57139258869633E-13));
#3191=DIRECTION('ref_axis',(-1.57139258869633E-13,-3.20254933691956E-11,
1.));
#3192=DIRECTION('',(0.,1.,3.2025551801128E-11));
#3193=DIRECTION('',(1.57139258869633E-13,-1.57790727715165E-11,-1.));
#3194=DIRECTION('center_axis',(-1.57139258869633E-13,1.57790727715165E-11,
1.));
#3195=DIRECTION('ref_axis',(0.707106781186549,0.707106781186546,-1.10463854930697E-11));
#3196=DIRECTION('center_axis',(0.,-3.20253924397855E-11,1.));
#3197=DIRECTION('ref_axis',(0.707106781186549,0.707106781186546,-1.10463854930697E-11));
#3198=DIRECTION('',(-1.57139258869633E-13,1.57790727715165E-11,1.));
#3199=DIRECTION('center_axis',(-8.48703823285867E-13,1.57790727715165E-11,
1.));
#3200=DIRECTION('ref_axis',(0.707106781186549,0.707106781186546,-1.05573016921897E-11));
#3201=DIRECTION('',(-8.48703823285867E-13,1.57790727715165E-11,1.));
#3202=DIRECTION('center_axis',(4.97114787148749E-16,3.20255186014929E-11,
-1.));
#3203=DIRECTION('ref_axis',(0.707106781186549,0.707106781186546,-1.05573016921897E-11));
#3204=DIRECTION('center_axis',(0.,1.57790727715165E-11,1.));
#3205=DIRECTION('ref_axis',(-0.616932686257794,-0.787015921456957,1.24183409727726E-11));
#3206=DIRECTION('',(0.,1.57790727715165E-11,1.));
#3207=DIRECTION('',(0.,-1.57790727715165E-11,-1.));
#3208=DIRECTION('center_axis',(-0.971071693104186,-0.238788121253486,3.76785514223245E-12));
#3209=DIRECTION('ref_axis',(0.238788121253486,-0.971071693104186,1.53230237314532E-11));
#3210=DIRECTION('center_axis',(-0.707106781186548,-2.6854306908505E-13,
0.707106781186548));
#3211=DIRECTION('ref_axis',(0.707106781186548,0.,0.707106781186548));
#3212=DIRECTION('',(-0.707106781186548,-1.11574893575753E-11,-0.707106781186548));
#3213=DIRECTION('center_axis',(0.,-1.,1.57790727715165E-11));
#3214=DIRECTION('ref_axis',(1.,0.,0.));
#3215=DIRECTION('center_axis',(-9.86864910777917E-16,-1.,1.57790727715165E-11));
#3216=DIRECTION('ref_axis',(1.,-9.86864910777917E-16,1.55722327763972E-26));
#3217=DIRECTION('',(1.,-9.86864910777917E-16,-3.16047360527167E-26));
#3218=DIRECTION('center_axis',(9.86864910777917E-16,1.,-1.57790727715165E-11));
#3219=DIRECTION('ref_axis',(1.90323947076492E-15,3.20255186014929E-11,-1.));
#3220=DIRECTION('',(-1.,9.86864910770073E-16,-4.97114787117145E-16));
#3221=DIRECTION('center_axis',(-4.97114787148749E-16,-3.20255186014929E-11,
1.));
#3222=DIRECTION('ref_axis',(-1.,1.59203463195614E-26,-4.97114787148749E-16));
#3223=DIRECTION('',(0.,1.,3.2025551801128E-11));
#3224=DIRECTION('',(1.,0.,4.97114787148749E-16));
#3225=DIRECTION('center_axis',(0.,-1.,-3.20255186014929E-11));
#3226=DIRECTION('ref_axis',(1.90323947076492E-15,3.20255186014929E-11,-1.));
#3227=DIRECTION('',(0.,1.,3.2025551801128E-11));
#3228=DIRECTION('center_axis',(0.,-1.,0.));
#3229=DIRECTION('ref_axis',(1.90323947076492E-15,3.20253924397855E-11,-1.));
#3230=DIRECTION('center_axis',(0.,3.20253924397855E-11,-1.));
#3231=DIRECTION('ref_axis',(1.,0.,0.));
#3232=DIRECTION('',(-1.,0.,0.));
#3233=DIRECTION('center_axis',(0.707106781186546,0.218508012224689,-0.672498511963868));
#3234=DIRECTION('ref_axis',(-0.689151757774604,0.,-0.724617040067492));
#3235=DIRECTION('',(-0.702713511301668,0.111298886197604,-0.702713511301194));
#3236=DIRECTION('center_axis',(-0.99992385047757,0.00872620324394403,-0.00872620324394425));
#3237=DIRECTION('ref_axis',(-0.0123407149756099,-0.707052935342849,0.707052935342858));
#3238=DIRECTION('center_axis',(1.,0.,0.));
#3239=DIRECTION('ref_axis',(0.,-0.707106781186543,0.707106781186552));
#3240=DIRECTION('',(0.999923850477571,-0.00872620324394403,0.00872620324394425));
#3241=DIRECTION('center_axis',(0.710185375623286,1.30268892794358E-16,-0.704014724455967));
#3242=DIRECTION('ref_axis',(0.703961581850875,-0.012286759309172,0.71013176722612));
#3243=DIRECTION('',(-0.999923850477571,0.00872620324394403,-0.00872620324394425));
#3244=DIRECTION('center_axis',(-0.00872653549837396,-1.85030125122382E-16,
0.999961923064171));
#3245=DIRECTION('ref_axis',(0.,1.,1.8503717077086E-16));
#3246=DIRECTION('',(0.,-1.,-1.8503717077086E-16));
#3247=DIRECTION('',(0.999923850477571,0.00872620324394403,0.00872620324394425));
#3248=DIRECTION('',(0.,-1.,-1.8503717077086E-16));
#3249=DIRECTION('center_axis',(-0.99992385047757,0.00872620324394403,0.00872620324394419));
#3250=DIRECTION('ref_axis',(-0.0123407149756099,-0.707052935342848,-0.707052935342859));
#3251=DIRECTION('center_axis',(1.,0.,0.));
#3252=DIRECTION('ref_axis',(0.,-0.707106781186542,-0.707106781186553));
#3253=DIRECTION('',(0.999923850477571,-0.00872620324394403,-0.00872620324394419));
#3254=DIRECTION('center_axis',(0.710185375623286,0.,0.704014724455968));
#3255=DIRECTION('ref_axis',(0.703961581850875,-0.0122867593091717,-0.71013176722612));
#3256=DIRECTION('',(-0.999923850477571,0.00872620324394403,0.00872620324394419));
#3257=DIRECTION('center_axis',(-0.00872653549837374,-0.999961923064171,
0.));
#3258=DIRECTION('ref_axis',(0.,0.,1.));
#3259=DIRECTION('',(0.,0.,-1.));
#3260=DIRECTION('',(-0.70400143767639,0.00614372747110583,0.710171972385799));
#3261=DIRECTION('',(0.,0.,-1.));
#3262=DIRECTION('',(-0.704001437676389,0.00614372747110583,-0.7101719723858));
#3263=DIRECTION('center_axis',(-0.99992385047757,-0.00872620324394403,0.00872620324394419));
#3264=DIRECTION('ref_axis',(-0.0123407149756098,0.707052935342848,-0.707052935342859));
#3265=DIRECTION('center_axis',(1.,0.,0.));
#3266=DIRECTION('ref_axis',(0.,0.707106781186542,-0.707106781186553));
#3267=DIRECTION('',(0.999923850477571,0.00872620324394403,-0.00872620324394419));
#3268=DIRECTION('center_axis',(0.710185375623286,0.,0.704014724455968));
#3269=DIRECTION('ref_axis',(0.703961581850875,0.0122867593091717,-0.71013176722612));
#3270=DIRECTION('',(-0.999923850477571,-0.00872620324394403,0.00872620324394419));
#3271=DIRECTION('center_axis',(-0.00872653549837391,0.,-0.999961923064171));
#3272=DIRECTION('ref_axis',(0.,-1.,0.));
#3273=DIRECTION('',(0.,1.,0.));
#3274=DIRECTION('',(0.,1.,0.));
#3275=DIRECTION('center_axis',(-0.99992385047757,-0.00872620324394403,-0.00872620324394425));
#3276=DIRECTION('ref_axis',(-0.01234071497561,0.707052935342849,0.707052935342858));
#3277=DIRECTION('center_axis',(1.,0.,0.));
#3278=DIRECTION('ref_axis',(0.,0.707106781186543,0.707106781186552));
#3279=DIRECTION('center_axis',(0.710185375623286,1.30268892794358E-16,-0.704014724455967));
#3280=DIRECTION('ref_axis',(0.703961581850875,0.0122867593091715,0.71013176722612));
#3281=DIRECTION('',(-0.999923850477571,-0.00872620324394403,-0.00872620324394425));
#3282=DIRECTION('center_axis',(-0.00872653549837374,0.999961923064171,0.));
#3283=DIRECTION('ref_axis',(0.,0.,-1.));
#3284=DIRECTION('',(0.,0.,1.));
#3285=DIRECTION('',(-0.704001437676389,-0.00614372747110583,-0.7101719723858));
#3286=DIRECTION('',(0.70400143767639,0.00614372747110583,-0.710171972385799));
#3287=DIRECTION('center_axis',(-0.710185375623286,-1.30268892794358E-16,
0.704014724455967));
#3288=DIRECTION('ref_axis',(0.704014724455967,0.,0.710185375623286));
#3289=DIRECTION('center_axis',(-0.710185375623286,0.,-0.704014724455968));
#3290=DIRECTION('ref_axis',(-0.704014724455968,0.,0.710185375623286));
#3291=DIRECTION('center_axis',(-0.707106781186548,1.95772127017927E-17,
0.707106781186548));
#3292=DIRECTION('ref_axis',(0.707106781186548,0.,0.707106781186548));
#3293=DIRECTION('',(0.,1.,-2.76863597163381E-17));
#3294=DIRECTION('',(0.707106781186548,0.,0.707106781186548));
#3295=DIRECTION('',(0.577350269189626,0.577350269189624,0.577350269189626));
#3296=DIRECTION('center_axis',(-0.707106781186547,3.91544254035855E-17,
-0.707106781186548));
#3297=DIRECTION('ref_axis',(-0.707106781186548,0.,0.707106781186547));
#3298=DIRECTION('',(-0.707106781186548,0.,0.707106781186547));
#3299=DIRECTION('',(0.,-1.,-5.53727194326761E-17));
#3300=DIRECTION('',(-0.577350269189627,-0.577350269189625,0.577350269189625));
#3301=DIRECTION('center_axis',(-0.707106781186546,0.707106781186549,3.92523114670944E-16));
#3302=DIRECTION('ref_axis',(5.5511151231258E-16,0.,1.));
#3303=DIRECTION('center_axis',(0.,2.76863597163381E-17,1.));
#3304=DIRECTION('ref_axis',(0.,-1.,2.76863597163381E-17));
#3305=DIRECTION('',(-0.707106781186549,-0.707106781186546,1.95772127017927E-17));
#3306=DIRECTION('',(1.,0.,0.));
#3307=DIRECTION('center_axis',(0.,5.53727194326761E-17,-1.));
#3308=DIRECTION('ref_axis',(0.,1.,5.53727194326761E-17));
#3309=DIRECTION('',(1.,0.,0.));
#3310=DIRECTION('',(0.707106781186549,0.707106781186546,3.91544254035853E-17));
#3311=DIRECTION('center_axis',(0.707106781186546,-0.707106781186549,0.));
#3312=DIRECTION('ref_axis',(0.,0.,-1.));
#3313=DIRECTION('',(0.,0.,1.));
#3314=DIRECTION('',(-0.577350269189699,-0.577350269189697,0.577350269189481));
#3315=DIRECTION('',(0.,0.,-1.));
#3316=DIRECTION('center_axis',(0.,-1.,0.));
#3317=DIRECTION('ref_axis',(0.,0.,-1.));
#3318=DIRECTION('',(-0.707106781186547,0.,0.707106781186548));
#3319=DIRECTION('',(0.,0.,1.));
#3320=DIRECTION('',(0.707106781186547,0.,0.707106781186548));
#3321=DIRECTION('center_axis',(0.707106781186546,-0.707106781186549,0.));
#3322=DIRECTION('ref_axis',(0.,0.,-1.));
#3323=DIRECTION('',(0.577350269188807,0.577350269188806,0.577350269191264));
#3324=DIRECTION('center_axis',(0.707106781186548,3.00810765691779E-12,-0.707106781186547));
#3325=DIRECTION('ref_axis',(-0.707106781186547,0.,-0.707106781186548));
#3326=DIRECTION('center_axis',(0.707106781186548,-2.6854306908505E-13,0.707106781186547));
#3327=DIRECTION('ref_axis',(0.707106781186547,0.,-0.707106781186548));
#3328=DIRECTION('',(0.,1.,3.79777250381373E-13));
#3329=DIRECTION('center_axis',(1.,0.,0.));
#3330=DIRECTION('ref_axis',(0.,0.,-1.));
#3331=DIRECTION('center_axis',(1.,0.,0.));
#3332=DIRECTION('ref_axis',(0.,1.,0.));
#3333=CARTESIAN_POINT('',(0.,0.,0.));
#3334=CARTESIAN_POINT('Origin',(3.,42.9584793934201,-3.14999999997518));
#3335=CARTESIAN_POINT('',(0.591124605834014,39.5731202065596,0.529584647228777));
#3336=CARTESIAN_POINT('',(0.5,39.9363848291018,0.833333333342233));
#3337=CARTESIAN_POINT('Origin',(1.69499999999543,42.9584793934201,-3.14999999997518));
#3338=CARTESIAN_POINT('',(0.5,40.8627458028497,1.38959257176018));
#3339=CARTESIAN_POINT('Origin',(0.5,42.9584793934201,-3.14999999997518));
#3340=CARTESIAN_POINT('',(0.194999999995426,42.9584793933989,1.85000000002482));
#3341=CARTESIAN_POINT('Ctrl Pts',(0.5,40.8627458028502,1.38959257176038));
#3342=CARTESIAN_POINT('Ctrl Pts',(0.499999999999998,40.8726449944629,1.39416260046987));
#3343=CARTESIAN_POINT('Ctrl Pts',(0.499937332835191,40.8824664575064,1.39865743245947));
#3344=CARTESIAN_POINT('Ctrl Pts',(0.495986254916556,41.2052782415903,1.54515647887942));
#3345=CARTESIAN_POINT('Ctrl Pts',(0.432713408798996,41.5517144478642,1.66156943917651));
#3346=CARTESIAN_POINT('Ctrl Pts',(0.285254302167755,42.2571026229798,1.81369211778245));
#3347=CARTESIAN_POINT('Ctrl Pts',(0.195000000017827,42.6146432057671,1.85000000002336));
#3348=CARTESIAN_POINT('Ctrl Pts',(0.195000000017827,42.9584793933989,1.85000000002482));
#3349=CARTESIAN_POINT('',(3.,42.9584793933989,1.85000000002482));
#3350=CARTESIAN_POINT('',(3.,42.9584793933989,1.85000000002482));
#3351=CARTESIAN_POINT('',(3.,39.7918122568952,0.719395204246373));
#3352=CARTESIAN_POINT('Origin',(3.,42.9584793934201,-3.14999999997518));
#3353=CARTESIAN_POINT('',(2.80618033893995,39.5731202065596,0.529584647228776));
#3354=CARTESIAN_POINT('Origin',(-0.951123050126658,42.9584793934201,-3.14999999997518));
#3355=CARTESIAN_POINT('',(3.,39.5731202065596,0.529584647228776));
#3356=CARTESIAN_POINT('Origin',(3.,38.0497085724724,2.18539773847055));
#3357=CARTESIAN_POINT('',(2.2859814286287,38.6614147803631,0.0201459020256584));
#3358=CARTESIAN_POINT('Origin',(4.49696686401992,38.0497085724724,2.18539773847055));
#3359=CARTESIAN_POINT('',(2.2859814286287,38.6554075533693,0.0184577890163895));
#3360=CARTESIAN_POINT('Origin',(2.2859814286287,38.0497085724724,2.18539773847055));
#3361=CARTESIAN_POINT('',(0.744462663297667,38.6554075533693,0.0184577890163895));
#3362=CARTESIAN_POINT('',(3.,38.6554075533693,0.0184577890163895));
#3363=CARTESIAN_POINT('Origin',(0.0943806784613782,38.0497085724724,2.18539773847055));
#3364=CARTESIAN_POINT('Ctrl Pts',(0.5,32.7210217372487,0.833333333340624));
#3365=CARTESIAN_POINT('Ctrl Pts',(0.5,32.7243078796828,0.833333333340625));
#3366=CARTESIAN_POINT('Ctrl Pts',(0.500000000000001,32.7275940381135,0.833333333340626));
#3367=CARTESIAN_POINT('Ctrl Pts',(0.499999999999994,33.0174828889283,0.833333333340681));
#3368=CARTESIAN_POINT('Ctrl Pts',(0.5,33.3038216782013,0.833333333340754));
#3369=CARTESIAN_POINT('Ctrl Pts',(0.5,33.5917961679504,0.833333333340818));
#3370=CARTESIAN_POINT('Ctrl Pts',(0.5,32.7210217372487,0.833333333340625));
#3371=CARTESIAN_POINT('Ctrl Pts',(0.49990014112709,32.7242494706452,0.833670208851432));
#3372=CARTESIAN_POINT('Ctrl Pts',(0.499797576818207,32.7274782834924,0.834007881384421));
#3373=CARTESIAN_POINT('Ctrl Pts',(0.491111873091843,33.0122324337216,0.863807000551059));
#3374=CARTESIAN_POINT('Ctrl Pts',(0.490669268944,33.2935502012076,0.895675707100467));
#3375=CARTESIAN_POINT('Ctrl Pts',(0.5,33.5755299085111,0.927761618693567));
#3376=CARTESIAN_POINT('Ctrl Pts',(0.5,32.7210217372487,0.833333333340625));
#3377=CARTESIAN_POINT('Ctrl Pts',(0.499798766418635,32.7241912611337,0.834008124546281));
#3378=CARTESIAN_POINT('Ctrl Pts',(0.499595589787524,32.7273623022328,0.834681171486699));
#3379=CARTESIAN_POINT('Ctrl Pts',(0.481989224705444,33.0069941951691,0.894215828505714));
#3380=CARTESIAN_POINT('Ctrl Pts',(0.472727029918285,33.2832477403216,0.955483170519515));
#3381=CARTESIAN_POINT('Ctrl Pts',(0.47172228852318,33.5592928036537,1.02202065694963));
#3382=CARTESIAN_POINT('Ctrl Pts',(0.5,32.7210217372487,0.833333333340625));
#3383=CARTESIAN_POINT('Ctrl Pts',(0.49969665854782,32.7241337005604,0.834344471514561));
#3384=CARTESIAN_POINT('Ctrl Pts',(0.499393315618994,32.727245679021,0.835355614610648));
#3385=CARTESIAN_POINT('Ctrl Pts',(0.472633883627925,33.0017692233636,0.924553721247567));
#3386=CARTESIAN_POINT('Ctrl Pts',(0.446202155272737,33.2729308740903,1.01265948243163));
#3387=CARTESIAN_POINT('Ctrl Pts',(0.419619436579235,33.5456415264113,1.10126854474336));
#3388=CARTESIAN_POINT('',(0.419619436579235,33.5456415264113,1.10126854474336));
#3389=CARTESIAN_POINT('',(0.5,33.5917961679504,0.833333333340818));
#3390=CARTESIAN_POINT('Origin',(4.16333634233456E-16,33.5917961679504,0.833333333340819));
#3391=CARTESIAN_POINT('',(0.5,32.7210217372487,0.833333333340624));
#3392=CARTESIAN_POINT('',(0.5,26.086344444135,0.833333333339146));
#3393=CARTESIAN_POINT('',(1.47623343569868,22.7058964922898,-2.42077811899053));
#3394=CARTESIAN_POINT('Ctrl Pts',(0.415245676673225,33.5905116892722,1.11584774443007));
#3395=CARTESIAN_POINT('Ctrl Pts',(0.416704066545971,33.5755501475985,1.11098644485425));
#3396=CARTESIAN_POINT('Ctrl Pts',(0.418162003071014,33.5605932567939,1.10612665643743));
#3397=CARTESIAN_POINT('Ctrl Pts',(0.419619436579235,33.5456415264113,1.10126854474336));
#3398=CARTESIAN_POINT('Ctrl Pts',(0.470095375326924,33.6047898729483,1.03532717273886));
#3399=CARTESIAN_POINT('Ctrl Pts',(0.470633594605142,33.5896252965052,1.03087157000298));
#3400=CARTESIAN_POINT('Ctrl Pts',(0.47118726794235,33.5744584796418,1.02644067743656));
#3401=CARTESIAN_POINT('Ctrl Pts',(0.47172228852318,33.5592928036537,1.02202065694963));
#3402=CARTESIAN_POINT('Ctrl Pts',(0.5,33.621947990592,0.938565464585757));
#3403=CARTESIAN_POINT('Ctrl Pts',(0.499993906926558,33.6064795544264,0.934934229594337));
#3404=CARTESIAN_POINT('Ctrl Pts',(0.500005764685868,33.5910061042202,0.931335964901358));
#3405=CARTESIAN_POINT('Ctrl Pts',(0.5,33.5755299085111,0.927761618693567));
#3406=CARTESIAN_POINT('Ctrl Pts',(0.5,33.6391404437325,0.841610124392566));
#3407=CARTESIAN_POINT('Ctrl Pts',(0.5,33.6233660667156,0.838812957809017));
#3408=CARTESIAN_POINT('Ctrl Pts',(0.5,33.6075847588659,0.83605308320235));
#3409=CARTESIAN_POINT('Ctrl Pts',(0.5,33.5917961679504,0.833333333340818));
#3410=CARTESIAN_POINT('',(0.415245676673224,33.5905116892722,1.11584774443007));
#3411=CARTESIAN_POINT('',(0.5,33.6391404437325,0.841610124392566));
#3412=CARTESIAN_POINT('Origin',(4.16333634234434E-16,33.6391404437325,0.841610124392566));
#3413=CARTESIAN_POINT('Ctrl Pts',(0.5,33.6391404437325,0.841610124392566));
#3414=CARTESIAN_POINT('Ctrl Pts',(0.5,33.6233660667156,0.838812957809017));
#3415=CARTESIAN_POINT('Ctrl Pts',(0.5,33.6075847588659,0.83605308320235));
#3416=CARTESIAN_POINT('Ctrl Pts',(0.5,33.5917961679504,0.833333333340818));
#3417=CARTESIAN_POINT('',(1.47623343569868,22.7058964922898,-2.42077811899053));
#3418=CARTESIAN_POINT('Ctrl Pts',(0.195000000001149,38.2257666048385,1.85000000000469));
#3419=CARTESIAN_POINT('Ctrl Pts',(0.195000000002246,37.3184702879098,1.85000000000083));
#3420=CARTESIAN_POINT('Ctrl Pts',(0.23861563089457,35.7311928147208,1.70461456369273));
#3421=CARTESIAN_POINT('Ctrl Pts',(0.354515666979511,34.2135375260945,1.31828111007592));
#3422=CARTESIAN_POINT('Ctrl Pts',(0.415245676673224,33.5905116892722,1.11584774443007));
#3423=CARTESIAN_POINT('Ctrl Pts',(0.297619530642417,38.2257666048387,1.80653673845248));
#3424=CARTESIAN_POINT('Ctrl Pts',(0.2976195306432,37.3207435827406,1.80653673844847));
#3425=CARTESIAN_POINT('Ctrl Pts',(0.329510826869776,35.737995405036,1.65398438881365));
#3426=CARTESIAN_POINT('Ctrl Pts',(0.407658365815755,34.2253893750745,1.2623769430543));
#3427=CARTESIAN_POINT('Ctrl Pts',(0.446588361618195,33.5986706513728,1.06983598917795));
#3428=CARTESIAN_POINT('Ctrl Pts',(0.45018344615183,38.2257666048392,1.66833602261548));
#3429=CARTESIAN_POINT('Ctrl Pts',(0.450183446152037,37.3280684560422,1.66833602261156));
#3430=CARTESIAN_POINT('Ctrl Pts',(0.458686833711771,35.7585816431404,1.5173694081898));
#3431=CARTESIAN_POINT('Ctrl Pts',(0.478185716435741,34.2498950489935,1.14550808156974));
#3432=CARTESIAN_POINT('Ctrl Pts',(0.487481237364628,33.6145788373716,0.980123161534514));
#3433=CARTESIAN_POINT('Ctrl Pts',(0.5,38.2257666048399,1.47317576703412));
#3434=CARTESIAN_POINT('Ctrl Pts',(0.499999999999999,37.3383702260557,1.47317576703063));
#3435=CARTESIAN_POINT('Ctrl Pts',(0.500014173065899,35.7866854369349,1.33953120333502));
#3436=CARTESIAN_POINT('Ctrl Pts',(0.500006892084456,34.2773969097148,1.01346038781756));
#3437=CARTESIAN_POINT('Ctrl Pts',(0.499999999999999,33.6317722495294,0.88316241304679));
#3438=CARTESIAN_POINT('Ctrl Pts',(0.5,38.2257666048403,1.3895925717419));
#3439=CARTESIAN_POINT('Ctrl Pts',(0.5,37.3427802298721,1.3895925717386));
#3440=CARTESIAN_POINT('Ctrl Pts',(0.5,35.7987193160756,1.26335439675738));
#3441=CARTESIAN_POINT('Ctrl Pts',(0.499999999999999,34.2891816404071,0.956877656753182));
#3442=CARTESIAN_POINT('Ctrl Pts',(0.499999999999999,33.6391404437325,0.841610124392565));
#3443=CARTESIAN_POINT('',(0.195000000001149,38.2257666048385,1.85000000000469));
#3444=CARTESIAN_POINT('',(0.5,38.2257666048403,1.3895925717419));
#3445=CARTESIAN_POINT('Origin',(5.38441385513996E-16,38.2257666048403,1.3895925717419));
#3446=CARTESIAN_POINT('Ctrl Pts',(0.5,38.2257666048403,1.3895925717419));
#3447=CARTESIAN_POINT('Ctrl Pts',(0.5,37.3427802298721,1.3895925717386));
#3448=CARTESIAN_POINT('Ctrl Pts',(0.5,35.7987193160756,1.26335439675738));
#3449=CARTESIAN_POINT('Ctrl Pts',(0.499999999999999,34.2891816404071,0.956877656753182));
#3450=CARTESIAN_POINT('Ctrl Pts',(0.499999999999999,33.6391404437325,0.841610124392565));
#3451=CARTESIAN_POINT('Origin',(4.69500000000115,38.2257666049023,-13.1499999999953));
#3452=CARTESIAN_POINT('Origin',(4.16333634234434E-16,24.4375000000009,1.38959257169031));
#3453=CARTESIAN_POINT('',(0.5,24.4375000000009,1.38959257169031));
#3454=CARTESIAN_POINT('',(0.195000000017825,24.4374999999989,1.84999999994603));
#3455=CARTESIAN_POINT('Origin',(-21.5,12.5434063469283,6.78124999999869));
#3456=CARTESIAN_POINT('',(3.5,12.5434063469283,10.3499999999908));
#3457=CARTESIAN_POINT('',(3.40486745229364,10.3645127782368,10.4451325476963));
#3458=CARTESIAN_POINT('Origin',(-21.5,12.5434063469284,35.3499999999908));
#3459=CARTESIAN_POINT('',(3.40486745229364,10.3645127782368,8.25486745229944));
#3460=CARTESIAN_POINT('',(3.40486745229364,10.3645127782368,6.78124999999869));
#3461=CARTESIAN_POINT('',(3.5,12.5434063469283,8.3500000000058));
#3462=CARTESIAN_POINT('Origin',(-21.5,12.5434063469283,-16.6499999999942));
#3463=CARTESIAN_POINT('',(3.5,12.5434063469283,6.78124999999869));
#3464=CARTESIAN_POINT('Origin',(3.25,15.025,8.1000000000058));
#3465=CARTESIAN_POINT('',(3.,5.73685662283488,7.8500000000058));
#3466=CARTESIAN_POINT('',(3.17126574040588,7.69443299334519,8.02126574041168));
#3467=CARTESIAN_POINT('',(3.,43.1,7.8500000000058));
#3468=CARTESIAN_POINT('',(3.,15.025,7.8500000000058));
#3469=CARTESIAN_POINT('',(3.5,43.6,8.3500000000058));
#3470=CARTESIAN_POINT('',(-1.5479166666669,38.5520833333331,3.30208333333889));
#3471=CARTESIAN_POINT('',(3.5,15.025,8.3500000000058));
#3472=CARTESIAN_POINT('Origin',(2.53271685931224,0.395785884575219,8.13749999999447));
#3473=CARTESIAN_POINT('',(3.,5.73685662283489,10.8499999999882));
#3474=CARTESIAN_POINT('',(4.2165952562703,19.6426040332956,9.63340474372317));
#3475=CARTESIAN_POINT('',(3.,5.73685662283499,11.0330807912562));
#3476=CARTESIAN_POINT('',(3.,5.73685662283502,11.0749999999855));
#3477=CARTESIAN_POINT('',(3.,5.73685662283506,11.1468222989869));
#3478=CARTESIAN_POINT('',(3.,5.73685662283502,11.0749999999855));
#3479=CARTESIAN_POINT('',(2.96431228685833,5.32894419506019,11.638270867932));
#3480=CARTESIAN_POINT('Ctrl Pts',(2.96436557572227,5.32895970233071,11.6382731309165));
#3481=CARTESIAN_POINT('Ctrl Pts',(2.96659585261362,5.35448038452593,11.6335575019767));
#3482=CARTESIAN_POINT('Ctrl Pts',(2.96878216406672,5.37951027062003,11.6267822720372));
#3483=CARTESIAN_POINT('Ctrl Pts',(2.97090986350661,5.40385872003854,11.6181168200927));
#3484=CARTESIAN_POINT('Ctrl Pts',(2.97308056259223,5.42869923834581,11.6092762440886));
#3485=CARTESIAN_POINT('Ctrl Pts',(2.97519026688648,5.45283173263564,11.5984677249258));
#3486=CARTESIAN_POINT('Ctrl Pts',(2.97721830051152,5.47603925486985,11.5858201200108));
#3487=CARTESIAN_POINT('Ctrl Pts',(2.97817067179081,5.48693758385532,11.5798807630277));
#3488=CARTESIAN_POINT('Ctrl Pts',(2.97910495868461,5.49763160949642,11.5735351674114));
#3489=CARTESIAN_POINT('Ctrl Pts',(2.98001865889324,5.50809657433963,11.5667934437066));
#3490=CARTESIAN_POINT('Ctrl Pts',(2.98195202861047,5.53024021174791,11.552528103358));
#3491=CARTESIAN_POINT('Ctrl Pts',(2.98377602514436,5.55119047996711,11.5366011865692));
#3492=CARTESIAN_POINT('Ctrl Pts',(2.98548184337643,5.57074388729804,11.5191551551146));
#3493=CARTESIAN_POINT('Ctrl Pts',(2.98706957031367,5.58894364091214,11.5029168868351));
#3494=CARTESIAN_POINT('Ctrl Pts',(2.98855446961932,5.60593388960814,11.4853616114661));
#3495=CARTESIAN_POINT('Ctrl Pts',(2.98992009010654,5.62152628557234,11.466573040652));
#3496=CARTESIAN_POINT('Ctrl Pts',(2.99070382192193,5.63047478693822,11.4557902493491));
#3497=CARTESIAN_POINT('Ctrl Pts',(2.99144814019515,5.63896233760768,11.4446007096698));
#3498=CARTESIAN_POINT('Ctrl Pts',(2.99215030894705,5.64697430442756,11.433038595041));
#3499=CARTESIAN_POINT('Ctrl Pts',(2.99344174863047,5.66171003834546,11.4117733740873));
#3500=CARTESIAN_POINT('Ctrl Pts',(2.99458056284239,5.67474113710398,11.3893915251391));
#3501=CARTESIAN_POINT('Ctrl Pts',(2.99557002075651,5.68601100834159,11.366131786527));
#3502=CARTESIAN_POINT('Ctrl Pts',(2.99650514066947,5.69666197273373,11.3441494015908));
#3503=CARTESIAN_POINT('Ctrl Pts',(2.99730494141451,5.70574002384949,11.3213817932153));
#3504=CARTESIAN_POINT('Ctrl Pts',(2.9979536898397,5.71316344982089,11.2980123235749));
#3505=CARTESIAN_POINT('Ctrl Pts',(2.99847040933122,5.71907610986659,11.2793988518485));
#3506=CARTESIAN_POINT('Ctrl Pts',(2.99888044591425,5.72391360897886,11.2604814192102));
#3507=CARTESIAN_POINT('Ctrl Pts',(2.99920273323702,5.72764313345603,11.2413626029143));
#3508=CARTESIAN_POINT('Ctrl Pts',(2.99957683157926,5.73197221755472,11.2191702392177));
#3509=CARTESIAN_POINT('Ctrl Pts',(2.99982712556898,5.73480981453391,11.1967070237957));
#3510=CARTESIAN_POINT('Ctrl Pts',(2.99993704066394,5.73608417290558,11.1741187606577));
#3511=CARTESIAN_POINT('Ctrl Pts',(2.99997612946167,5.73653736940824,11.1660857598293));
#3512=CARTESIAN_POINT('Ctrl Pts',(2.99999756246922,5.73679258308218,11.1580367822301));
#3513=CARTESIAN_POINT('Ctrl Pts',(3.00000218627057,5.73684545185051,11.1499777624451));
#3514=CARTESIAN_POINT('Ctrl Pts',(3.00000279016956,5.73685235686077,11.1489252012434));
#3515=CARTESIAN_POINT('Ctrl Pts',(3.00000312118864,5.73685580559781,11.147872592496));
#3516=CARTESIAN_POINT('Ctrl Pts',(3.00000314984546,5.73685579809444,11.1468199755678));
#3517=CARTESIAN_POINT('',(2.60119847839752,1.17853437249784,11.0771951319661));
#3518=CARTESIAN_POINT('Origin',(2.85756750250521,4.10884572685287,5.03230854622383));
#3519=CARTESIAN_POINT('',(2.54370774222654,0.521412251139214,10.8143162052279));
#3520=CARTESIAN_POINT('Origin',(2.410382164585,-1.00250607459945,15.5764242401719));
#3521=CARTESIAN_POINT('',(2.53278107973384,0.396519927353046,10.761477012619));
#3522=CARTESIAN_POINT('Origin',(2.56370657887277,0.750000000000015,10.0999999999863));
#3523=CARTESIAN_POINT('',(2.53278107973384,0.396519927353034,0.670450731225797));
#3524=CARTESIAN_POINT('',(2.53278107973384,0.396519927353043,8.13749999999447));
#3525=CARTESIAN_POINT('',(2.85235186846849,4.04923075702476,0.574801131925093));
#3526=CARTESIAN_POINT('',(2.51072356745235,0.144401408306756,0.677052686991682));
#3527=CARTESIAN_POINT('',(3.40486745229364,10.3645127782368,1.11588808952874));
#3528=CARTESIAN_POINT('',(2.54291854715557,0.512391710200985,0.271768350023712));
#3529=CARTESIAN_POINT('',(3.40486745229364,10.3645127782368,3.44513254771216));
#3530=CARTESIAN_POINT('',(3.40486745229364,10.3645127782368,6.78124999999869));
#3531=CARTESIAN_POINT('',(3.,5.73685662283487,3.8500000000058));
#3532=CARTESIAN_POINT('',(4.01787018654581,17.3711660924749,2.83212981345998));
#3533=CARTESIAN_POINT('',(2.8044668639582,3.50190265095413,3.8500000000058));
#3534=CARTESIAN_POINT('',(4.42038672867027,21.9719512216839,3.8500000000058));
#3535=CARTESIAN_POINT('',(2.8044668639582,3.50190265095413,7.8500000000058));
#3536=CARTESIAN_POINT('',(2.8044668639582,3.50190265095413,5.99375000000014));
#3537=CARTESIAN_POINT('',(2.67956374755927,2.07425349773653,7.8500000000058));
#3538=CARTESIAN_POINT('Origin',(-21.5,12.5434063469283,6.78124999999869));
#3539=CARTESIAN_POINT('',(3.5,12.5434063469283,1.20905284779882));
#3540=CARTESIAN_POINT('Origin',(-21.5,12.5434063469283,-23.2738293298235));
#3541=CARTESIAN_POINT('',(3.5,12.5434063469283,3.3500000000058));
#3542=CARTESIAN_POINT('',(3.5,12.5434063469283,6.78124999999869));
#3543=CARTESIAN_POINT('Origin',(-21.5,12.5434063469283,28.3500000000058));
#3544=CARTESIAN_POINT('Origin',(3.5,26.05,5.4250000000029));
#3545=CARTESIAN_POINT('',(3.5,32.2593335127427,1.20905284779882));
#3546=CARTESIAN_POINT('',(3.5,13.025,1.20905284779882));
#3547=CARTESIAN_POINT('',(3.5,35.7708077798366,2.34999999999424));
#3548=CARTESIAN_POINT('',(3.5,28.9418756639687,0.131145451308184));
#3549=CARTESIAN_POINT('',(3.5,43.6,2.35000000002755));
#3550=CARTESIAN_POINT('',(3.5,30.9500000000055,2.34999999997373));
#3551=CARTESIAN_POINT('',(3.5,43.6,3.3500000000058));
#3552=CARTESIAN_POINT('',(3.5,43.6,6.63750000000435));
#3553=CARTESIAN_POINT('',(3.5,35.075,3.3500000000058));
#3554=CARTESIAN_POINT('Origin',(2.2859814286287,0.,0.0201459020256583));
#3555=CARTESIAN_POINT('',(3.00002990304428,32.3701989114164,0.719424488754767));
#3556=CARTESIAN_POINT('',(4.48730174210025,32.0401076623407,2.17593253682289));
#3557=CARTESIAN_POINT('',(2.2859814286287,25.2306594279215,0.0201459020256583));
#3558=CARTESIAN_POINT('',(2.96034502419543,0.0104441889578984,0.680560480231179));
#3559=CARTESIAN_POINT('',(2.2859814286287,0.,0.0201459020256583));
#3560=CARTESIAN_POINT('',(3.,19.5738444441348,0.719395204246374));
#3561=CARTESIAN_POINT('Origin',(3.5,0.,0.680833970944084));
#3562=CARTESIAN_POINT('',(2.2859814286287,26.0000003874302,0.));
#3563=CARTESIAN_POINT('',(2.2859814286287,0.0155923878325217,0.680425669899226));
#3564=CARTESIAN_POINT('',(1.85146048802252,0.148539511977478,0.676944326933515));
#3565=CARTESIAN_POINT('Origin',(2.13430320049714,0.431382224452097,0.669537829848239));
#3566=CARTESIAN_POINT('',(0.557085026217216,1.44291497378279,0.643049912609601));
#3567=CARTESIAN_POINT('',(1.923841029149,0.0761589708510047,0.678839678106589));
#3568=CARTESIAN_POINT('',(0.75,26.0000003872089,5.79432864197982E-12));
#3569=CARTESIAN_POINT('',(0.5968996703796,6.51111470047543,0.510334432069453));
#3570=CARTESIAN_POINT('',(1.75,26.0000003872089,5.79439274339677E-12));
#3571=CARTESIAN_POINT('Origin',(0.,0.,0.));
#3572=CARTESIAN_POINT('',(0.75,38.5208077798366,6.19483631059126E-12));
#3573=CARTESIAN_POINT('',(0.75,13.0250000000006,2.90267809788247E-12));
#3574=CARTESIAN_POINT('',(2.2859814286287,38.5208077798366,6.19483631059126E-12));
#3575=CARTESIAN_POINT('',(3.,38.5208077798366,6.19483631059126E-12));
#3576=CARTESIAN_POINT('',(2.2859814286287,-5.69283145030852E-14,0.));
#3577=CARTESIAN_POINT('Origin',(0.375,13.0250000000003,1.2500000000029));
#3578=CARTESIAN_POINT('',(0.,2.,2.50000000000045));
#3579=CARTESIAN_POINT('',(-0.887605932202893,2.8876059322029,5.45868644067695));
#3580=CARTESIAN_POINT('',(0.,51.35,2.50000000001144));
#3581=CARTESIAN_POINT('',(0.,13.0250000000001,2.5000000000029));
#3582=CARTESIAN_POINT('',(0.194999999985042,51.5449999999851,1.85000000006135));
#3583=CARTESIAN_POINT('',(-1.40434322033757,49.9456567796625,7.18114406780303));
#3584=CARTESIAN_POINT('',(0.195000000017825,24.4374999999989,1.84999999994603));
#3585=CARTESIAN_POINT('',(0.5,26.086344444135,0.833333333339146));
#3586=CARTESIAN_POINT('Origin',(0.600000000000642,38.5208077798366,0.500000000006444));
#3587=CARTESIAN_POINT('Origin',(1.,1.00000000000001,8.13749999999447));
#3588=CARTESIAN_POINT('',(1.85146048802252,0.14853951197749,10.5480460705501));
#3589=CARTESIAN_POINT('',(1.85146048802252,0.148539511977487,8.13749999999447));
#3590=CARTESIAN_POINT('',(1.4785877488608,0.521412251139215,10.8143162052279));
#3591=CARTESIAN_POINT('Origin',(1.25,0.750000000000015,10.0999999999863));
#3592=CARTESIAN_POINT('',(1.46778628667809,0.532213713321926,10.8177862866643));
#3593=CARTESIAN_POINT('Origin',(3.00250607459947,-1.00250607459945,15.5764242401719));
#3594=CARTESIAN_POINT('',(0.,2.00000000000001,9.34999999998677));
#3595=CARTESIAN_POINT('',(-5.79791666666435,7.79791666666436,3.55208333332462));
#3596=CARTESIAN_POINT('',(0.,2.00000000000001,8.13749999999447));
#3597=CARTESIAN_POINT('Origin',(2.2859814286287,0.,-0.510881167317001));
#3598=CARTESIAN_POINT('Origin',(2.2859814286287,38.5208077798366,0.500000000006444));
#3599=CARTESIAN_POINT('Origin',(3.,38.5208077798366,0.500000000006444));
#3600=CARTESIAN_POINT('Origin',(2.13430320049714,0.431382224452107,8.13749999999447));
#3601=CARTESIAN_POINT('Ctrl Pts',(2.53278107973384,0.396519927353046,10.761477012619));
#3602=CARTESIAN_POINT('Ctrl Pts',(2.52847579050672,0.347310246308566,10.7351803442566));
#3603=CARTESIAN_POINT('Ctrl Pts',(2.51497646310053,0.30017157934487,10.7026507745225));
#3604=CARTESIAN_POINT('Ctrl Pts',(2.470441285444,0.207208015599687,10.622014211158));
#3605=CARTESIAN_POINT('Ctrl Pts',(2.43604582703378,0.164272567839782,10.5719166353743));
#3606=CARTESIAN_POINT('Ctrl Pts',(2.3658230353118,0.102129400128685,10.4814644421323));
#3607=CARTESIAN_POINT('Ctrl Pts',(2.32564114674253,0.0770175647601358,10.4339935058943));
#3608=CARTESIAN_POINT('Ctrl Pts',(2.26048252967356,0.0510851096423882,10.3729568732001));
#3609=CARTESIAN_POINT('Ctrl Pts',(2.23823535244439,0.0443535939342064,10.3545485109498));
#3610=CARTESIAN_POINT('Ctrl Pts',(2.20244689285637,0.037041418484354,10.3329120681296));
#3611=CARTESIAN_POINT('Ctrl Pts',(2.19013827382515,0.0350800315803576,10.3267470213445));
#3612=CARTESIAN_POINT('Ctrl Pts',(2.16385205048051,0.0322539657150375,10.317627021595));
#3613=CARTESIAN_POINT('Ctrl Pts',(2.14987165501419,0.0313822244521093,10.3146823063522));
#3614=CARTESIAN_POINT('Ctrl Pts',(2.11873474598009,0.0313822244521093,10.3146823063522));
#3615=CARTESIAN_POINT('Ctrl Pts',(2.10475435051377,0.0322539657150375,10.317627021595));
#3616=CARTESIAN_POINT('Ctrl Pts',(2.07846812716914,0.0350800315803576,10.3267470213445));
#3617=CARTESIAN_POINT('Ctrl Pts',(2.06615950813791,0.037041418484354,10.3329120681296));
#3618=CARTESIAN_POINT('Ctrl Pts',(2.03037104854989,0.0443535939342063,10.3545485109498));
#3619=CARTESIAN_POINT('Ctrl Pts',(2.00812387132072,0.0510851096423883,10.3729568732001));
#3620=CARTESIAN_POINT('Ctrl Pts',(1.94296525425175,0.0770175647601358,10.4339935058943));
#3621=CARTESIAN_POINT('Ctrl Pts',(1.90278336568249,0.102129400128685,10.4814644421323));
#3622=CARTESIAN_POINT('Ctrl Pts',(1.8632299581947,0.137131911062604,10.532412181032));
#3623=CARTESIAN_POINT('Ctrl Pts',(1.85729887237073,0.142701127629284,10.5402085785375));
#3624=CARTESIAN_POINT('Ctrl Pts',(1.85146048802252,0.14853951197749,10.5480460705501));
#3625=CARTESIAN_POINT('Origin',(0.,35.85,1.84999999999458));
#3626=CARTESIAN_POINT('',(0.75,52.1,1.85000000001276));
#3627=CARTESIAN_POINT('',(-3.6874999999981,47.6625000000019,1.85000000004483));
#3628=CARTESIAN_POINT('',(1.18222311153324,52.1,1.85000000006371));
#3629=CARTESIAN_POINT('',(0.375,52.1,1.85000000006371));
#3630=CARTESIAN_POINT('',(3.12436649774162,50.577576242507,1.85000000005723));
#3631=CARTESIAN_POINT('Origin',(1.18222311153324,50.1,1.84999999976973));
#3632=CARTESIAN_POINT('',(3.12563350225838,50.5724237574721,1.85000000005721));
#3633=CARTESIAN_POINT('',(4.55562595031899,44.757121135319,1.85000000003247));
#3634=CARTESIAN_POINT('',(5.06777688846675,49.0499999999791,1.85000000005073));
#3635=CARTESIAN_POINT('Origin',(5.06777688846675,51.0499999999791,1.84999999975474));
#3636=CARTESIAN_POINT('',(9.2,49.0499999999791,1.85000000005073));
#3637=CARTESIAN_POINT('',(1.75,49.0499999999791,1.85000000005073));
#3638=CARTESIAN_POINT('',(11.2,47.0499999999791,1.84999999985103));
#3639=CARTESIAN_POINT('Origin',(9.2,47.0499999999791,1.84999999982566));
#3640=CARTESIAN_POINT('',(11.2,46.1,1.84999999982061));
#3641=CARTESIAN_POINT('',(11.2,52.0999999999407,1.85000000001276));
#3642=CARTESIAN_POINT('',(9.2,44.1,1.850000000017));
#3643=CARTESIAN_POINT('Origin',(9.2,46.1,1.85000000000239));
#3644=CARTESIAN_POINT('',(3.,44.1,1.85000000002968));
#3645=CARTESIAN_POINT('',(0.,44.1,1.850000000017));
#3646=CARTESIAN_POINT('',(3.,30.9500000000076,1.84999999997373));
#3647=CARTESIAN_POINT('Origin',(0.375,51.725,3.63750000000782));
#3648=CARTESIAN_POINT('',(0.,51.35,9.35000000000551));
#3649=CARTESIAN_POINT('',(0.,51.35,3.63750000000782));
#3650=CARTESIAN_POINT('',(0.75,52.1,10.1000000000058));
#3651=CARTESIAN_POINT('',(0.,51.35,9.35000000000551));
#3652=CARTESIAN_POINT('',(0.75,52.1,3.63750000000782));
#3653=CARTESIAN_POINT('Origin',(0.,26.05,5.4250000000029));
#3654=CARTESIAN_POINT('',(0.,39.0749999999996,9.35000000000085));
#3655=CARTESIAN_POINT('',(0.,44.1,7.3500000000058));
#3656=CARTESIAN_POINT('',(0.,50.1,7.3500000000058));
#3657=CARTESIAN_POINT('',(0.,38.075,7.3500000000058));
#3658=CARTESIAN_POINT('',(0.,44.1,8.6000000000058));
#3659=CARTESIAN_POINT('',(0.,44.1,3.8500000000058));
#3660=CARTESIAN_POINT('',(0.,3.25,8.6000000000058));
#3661=CARTESIAN_POINT('',(0.,15.025,8.6000000000058));
#3662=CARTESIAN_POINT('',(0.,3.25000000000001,3.1000000000058));
#3663=CARTESIAN_POINT('',(0.,3.25000000000001,4.63750000000434));
#3664=CARTESIAN_POINT('',(0.,44.1,3.1000000000058));
#3665=CARTESIAN_POINT('',(0.,35.075,3.1000000000058));
#3666=CARTESIAN_POINT('',(0.,44.1,4.3500000000058));
#3667=CARTESIAN_POINT('',(0.,44.1,3.8500000000058));
#3668=CARTESIAN_POINT('',(0.,50.1,4.3500000000058));
#3669=CARTESIAN_POINT('',(0.,35.075,4.3500000000058));
#3670=CARTESIAN_POINT('',(1.73472347597681E-17,50.1,5.13750000000435));
#3671=CARTESIAN_POINT('Origin',(3.,39.1476888882696,0.92500000000979));
#3672=CARTESIAN_POINT('',(3.,35.85,1.84999999999458));
#3673=CARTESIAN_POINT('',(3.,30.9500000000076,1.84999999997373));
#3674=CARTESIAN_POINT('',(3.,32.4157737670284,0.734152255580808));
#3675=CARTESIAN_POINT('',(3.,33.8286605512475,1.1932270003214));
#3676=CARTESIAN_POINT('Origin',(3.,27.7805188513983,15.0000000000062));
#3677=CARTESIAN_POINT('Origin',(0.5,39.1476888882696,0.92500000000979));
#3678=CARTESIAN_POINT('Origin',(2.,49.924216630381,8.73104505848276));
#3679=CARTESIAN_POINT('',(2.,51.425936961568,11.3500000000055));
#3680=CARTESIAN_POINT('',(1.5,51.2862606653227,10.8500000000055));
#3681=CARTESIAN_POINT('Ctrl Pts',(1.5,51.2862606653227,10.8500000000055));
#3682=CARTESIAN_POINT('Ctrl Pts',(1.5,51.3651557472812,10.8500000000055));
#3683=CARTESIAN_POINT('Ctrl Pts',(1.5064353693509,51.4593913930904,10.8564353693564));
#3684=CARTESIAN_POINT('Ctrl Pts',(1.53907428648138,51.5735919949925,10.889074286487));
#3685=CARTESIAN_POINT('Ctrl Pts',(1.55952854249632,51.6181657923204,10.9095285425019));
#3686=CARTESIAN_POINT('Ctrl Pts',(1.59415324802663,51.6583646537567,10.9441532480323));
#3687=CARTESIAN_POINT('Ctrl Pts',(1.60794408175376,51.6703414756343,10.9579440817594));
#3688=CARTESIAN_POINT('Ctrl Pts',(1.63316055190532,51.6858757388141,10.983160551911));
#3689=CARTESIAN_POINT('Ctrl Pts',(1.64938809133573,51.6921465043299,10.9993880913414));
#3690=CARTESIAN_POINT('Ctrl Pts',(1.69928588916691,51.7019907492093,11.0492858891726));
#3691=CARTESIAN_POINT('Ctrl Pts',(1.742276339682,51.6914253718318,11.0922763396876));
#3692=CARTESIAN_POINT('Ctrl Pts',(1.810493555571,51.6558523386535,11.1604935555766));
#3693=CARTESIAN_POINT('Ctrl Pts',(1.84825113776999,51.6249811490425,11.1982511377756));
#3694=CARTESIAN_POINT('Ctrl Pts',(1.92070949220507,51.5496027067413,11.2707094922107));
#3695=CARTESIAN_POINT('Ctrl Pts',(1.96587262632917,51.4854540714188,11.3158726263347));
#3696=CARTESIAN_POINT('Ctrl Pts',(2.00000000000001,51.425936961568,11.3500000000056));
#3697=CARTESIAN_POINT('',(1.5,49.1424347389434,11.1256120488892));
#3698=CARTESIAN_POINT('Origin',(1.5,49.924216630381,8.73104505848276));
#3699=CARTESIAN_POINT('',(2.,48.9872549303338,11.6009216606159));
#3700=CARTESIAN_POINT('Origin',(2.,49.1424347389434,11.1256120488892));
#3701=CARTESIAN_POINT('Origin',(2.,49.924216630381,8.73104505848276));
#3702=CARTESIAN_POINT('Origin',(2.,47.4354568442373,16.3540177778839));
#3703=CARTESIAN_POINT('',(1.5,46.0177250975204,11.0398822231251));
#3704=CARTESIAN_POINT('',(2.,46.1466098017674,11.5229854553759));
#3705=CARTESIAN_POINT('Origin',(2.,46.0177250975204,11.0398822231251));
#3706=CARTESIAN_POINT('Origin',(2.,47.4354568442373,16.3540177778839));
#3707=CARTESIAN_POINT('Origin',(1.5,47.4354568442373,16.3540177778839));
#3708=CARTESIAN_POINT('Origin',(2.,44.414994449286,5.03230854622383));
#3709=CARTESIAN_POINT('',(1.5,42.6327093931415,10.9890817492954));
#3710=CARTESIAN_POINT('',(2.,42.4893856958016,11.4680998259697));
#3711=CARTESIAN_POINT('Origin',(2.,42.6327093931415,10.9890817492954));
#3712=CARTESIAN_POINT('Origin',(2.,44.414994449286,5.03230854622383));
#3713=CARTESIAN_POINT('Origin',(1.5,44.414994449286,5.03230854622383));
#3714=CARTESIAN_POINT('Origin',(2.,41.056148722402,16.2582805927134));
#3715=CARTESIAN_POINT('',(1.5,40.0558982385266,10.8500000000012));
#3716=CARTESIAN_POINT('',(1.5,42.0563992062816,10.850000000002));
#3717=CARTESIAN_POINT('Ctrl Pts',(1.5,40.0558982385266,10.8500000000012));
#3718=CARTESIAN_POINT('Ctrl Pts',(1.5,40.1551181188274,10.8500000000013));
#3719=CARTESIAN_POINT('Ctrl Pts',(1.5012189648544,40.2741694948839,10.8512189648557));
#3720=CARTESIAN_POINT('Ctrl Pts',(1.50573144850199,40.5867355350613,10.8557314485034));
#3721=CARTESIAN_POINT('Ctrl Pts',(1.51057626106106,40.8427374230546,10.8605762610626));
#3722=CARTESIAN_POINT('Ctrl Pts',(1.51057626106106,41.0561487224041,10.8605762610627));
#3723=CARTESIAN_POINT('Ctrl Pts',(1.51057626106106,41.2695600217535,10.8605762610627));
#3724=CARTESIAN_POINT('Ctrl Pts',(1.505731448502,41.5255619097469,10.8557314485038));
#3725=CARTESIAN_POINT('Ctrl Pts',(1.5012189648544,41.8381279499243,10.8512189648563));
#3726=CARTESIAN_POINT('Ctrl Pts',(1.5,41.9571793259808,10.8500000000019));
#3727=CARTESIAN_POINT('Ctrl Pts',(1.5,42.0563992062816,10.850000000002));
#3728=CARTESIAN_POINT('',(1.5,39.4795880516625,10.9890817492954));
#3729=CARTESIAN_POINT('Origin',(1.5,41.056148722402,16.2582805927134));
#3730=CARTESIAN_POINT('',(2.,39.6229117490025,11.4680998259697));
#3731=CARTESIAN_POINT('Origin',(2.,39.4795880516625,10.9890817492954));
#3732=CARTESIAN_POINT('Origin',(2.,41.056148722402,16.2582805927134));
#3733=CARTESIAN_POINT('Origin',(1.5,41.056148722402,16.2582805927134));
#3734=CARTESIAN_POINT('Origin',(2.,37.697302995518,5.03230854622383));
#3735=CARTESIAN_POINT('',(1.5,35.9150179393766,10.9890817492963));
#3736=CARTESIAN_POINT('',(2.,35.7716942420369,11.4680998259708));
#3737=CARTESIAN_POINT('Origin',(2.,35.9150179393766,10.9890817492963));
#3738=CARTESIAN_POINT('Origin',(2.,37.697302995518,5.03230854622383));
#3739=CARTESIAN_POINT('Origin',(1.5,37.697302995518,5.03230854622383));
#3740=CARTESIAN_POINT('Origin',(2.,34.3384572686398,16.2582805927151));
#3741=CARTESIAN_POINT('',(1.5,33.3382067847875,10.8499999999987));
#3742=CARTESIAN_POINT('',(1.5,35.3387077524962,10.8499999999994));
#3743=CARTESIAN_POINT('Ctrl Pts',(1.5,33.3382067847875,10.8499999999987));
#3744=CARTESIAN_POINT('Ctrl Pts',(1.5,33.4374266650856,10.8499999999987));
#3745=CARTESIAN_POINT('Ctrl Pts',(1.50121896485428,33.5564780411386,10.851218964853));
#3746=CARTESIAN_POINT('Ctrl Pts',(1.50573144850139,33.8690440813088,10.8557314485003));
#3747=CARTESIAN_POINT('Ctrl Pts',(1.51057626105992,34.1250459692969,10.8605762610589));
#3748=CARTESIAN_POINT('Ctrl Pts',(1.51057626105992,34.5518685679869,10.8605762610591));
#3749=CARTESIAN_POINT('Ctrl Pts',(1.50573144850139,34.8078704559749,10.8557314485006));
#3750=CARTESIAN_POINT('Ctrl Pts',(1.50121896485428,35.1204364961451,10.8512189648536));
#3751=CARTESIAN_POINT('Ctrl Pts',(1.5,35.2394878721982,10.8499999999994));
#3752=CARTESIAN_POINT('Ctrl Pts',(1.5,35.3387077524962,10.8499999999994));
#3753=CARTESIAN_POINT('',(1.5,32.761896597903,10.9890817492963));
#3754=CARTESIAN_POINT('Origin',(1.5,34.3384572686398,16.2582805927151));
#3755=CARTESIAN_POINT('',(2.,32.9052202952427,11.4680998259707));
#3756=CARTESIAN_POINT('Origin',(2.,32.761896597903,10.9890817492963));
#3757=CARTESIAN_POINT('Origin',(2.,34.3384572686398,16.2582805927151));
#3758=CARTESIAN_POINT('Origin',(1.5,34.3384572686398,16.2582805927151));
#3759=CARTESIAN_POINT('Origin',(2.,30.9796115417616,5.03230854622383));
#3760=CARTESIAN_POINT('',(1.5,29.1973264856233,10.9890817492972));
#3761=CARTESIAN_POINT('',(2.,29.0540027882839,11.4680998259717));
#3762=CARTESIAN_POINT('Origin',(2.,29.1973264856233,10.9890817492972));
#3763=CARTESIAN_POINT('Origin',(2.,30.9796115417616,5.03230854622383));
#3764=CARTESIAN_POINT('Origin',(1.5,30.9796115417616,5.03230854622383));
#3765=CARTESIAN_POINT('Origin',(2.,27.6207658148893,16.2582805927169));
#3766=CARTESIAN_POINT('',(1.5,26.6205153310602,10.8499999999961));
#3767=CARTESIAN_POINT('',(1.5,28.6210162987225,10.8499999999969));
#3768=CARTESIAN_POINT('Ctrl Pts',(1.5,26.6205153310602,10.8499999999961));
#3769=CARTESIAN_POINT('Ctrl Pts',(1.5,26.7197352113555,10.8499999999962));
#3770=CARTESIAN_POINT('Ctrl Pts',(1.50121896485415,26.8387865874052,10.8512189648504));
#3771=CARTESIAN_POINT('Ctrl Pts',(1.50573144850079,27.1513526275681,10.8557314484971));
#3772=CARTESIAN_POINT('Ctrl Pts',(1.51057626105879,27.4073545155508,10.8605762610552));
#3773=CARTESIAN_POINT('Ctrl Pts',(1.51057626105879,27.8341771142319,10.8605762610554));
#3774=CARTESIAN_POINT('Ctrl Pts',(1.50573144850079,28.0901790022146,10.8557314484975));
#3775=CARTESIAN_POINT('Ctrl Pts',(1.50121896485415,28.4027450423775,10.8512189648509));
#3776=CARTESIAN_POINT('Ctrl Pts',(1.5,28.5217964184272,10.8499999999968));
#3777=CARTESIAN_POINT('Ctrl Pts',(1.5,28.6210162987225,10.8499999999969));
#3778=CARTESIAN_POINT('',(1.5,26.0442051441553,10.9890817492972));
#3779=CARTESIAN_POINT('Origin',(1.5,27.6207658148893,16.2582805927169));
#3780=CARTESIAN_POINT('',(2.,26.1875288414947,11.4680998259717));
#3781=CARTESIAN_POINT('Origin',(2.,26.0442051441553,10.9890817492972));
#3782=CARTESIAN_POINT('Origin',(2.,27.6207658148893,16.2582805927169));
#3783=CARTESIAN_POINT('Origin',(1.5,27.6207658148893,16.2582805927169));
#3784=CARTESIAN_POINT('Origin',(2.,24.261920088017,5.03230854622383));
#3785=CARTESIAN_POINT('',(1.5,22.4796350318818,10.9890817492982));
#3786=CARTESIAN_POINT('',(2.,22.3363113345425,11.4680998259727));
#3787=CARTESIAN_POINT('Origin',(2.,22.4796350318818,10.9890817492982));
#3788=CARTESIAN_POINT('Origin',(2.,24.261920088017,5.03230854622383));
#3789=CARTESIAN_POINT('Origin',(1.5,24.261920088017,5.03230854622383));
#3790=CARTESIAN_POINT('Origin',(2.,20.9030743611504,16.2582805927186));
#3791=CARTESIAN_POINT('',(1.5,19.9028238773446,10.8499999999936));
#3792=CARTESIAN_POINT('',(1.5,21.9033248449604,10.8499999999943));
#3793=CARTESIAN_POINT('Ctrl Pts',(1.5,19.9028238773445,10.8499999999936));
#3794=CARTESIAN_POINT('Ctrl Pts',(1.5,20.002043757637,10.8499999999936));
#3795=CARTESIAN_POINT('Ctrl Pts',(1.50121896485402,20.1210951336833,10.8512189648477));
#3796=CARTESIAN_POINT('Ctrl Pts',(1.50573144850019,20.433661173839,10.855731448494));
#3797=CARTESIAN_POINT('Ctrl Pts',(1.51057626105766,20.6896630618164,10.8605762610515));
#3798=CARTESIAN_POINT('Ctrl Pts',(1.51057626105766,20.9030743611525,10.8605762610516));
#3799=CARTESIAN_POINT('Ctrl Pts',(1.51057626105766,21.1164856604886,10.8605762610517));
#3800=CARTESIAN_POINT('Ctrl Pts',(1.50573144850019,21.372487548466,10.8557314484943));
#3801=CARTESIAN_POINT('Ctrl Pts',(1.50121896485402,21.6850535886217,10.8512189648483));
#3802=CARTESIAN_POINT('Ctrl Pts',(1.5,21.804104964668,10.8499999999943));
#3803=CARTESIAN_POINT('Ctrl Pts',(1.5,21.9033248449604,10.8499999999943));
#3804=CARTESIAN_POINT('',(1.5,19.3265136904191,10.9890817492982));
#3805=CARTESIAN_POINT('Origin',(1.5,20.9030743611504,16.2582805927186));
#3806=CARTESIAN_POINT('',(2.,19.4698373877583,11.4680998259727));
#3807=CARTESIAN_POINT('Origin',(2.,19.3265136904191,10.9890817492982));
#3808=CARTESIAN_POINT('Origin',(2.,20.9030743611504,16.2582805927186));
#3809=CARTESIAN_POINT('Origin',(1.5,20.9030743611504,16.2582805927186));
#3810=CARTESIAN_POINT('Origin',(2.,17.5442286342839,5.03230854622383));
#3811=CARTESIAN_POINT('',(1.5,15.7619435781518,10.9890817492991));
#3812=CARTESIAN_POINT('',(2.,15.6186198808129,11.4680998259737));
#3813=CARTESIAN_POINT('Origin',(2.,15.7619435781518,10.9890817492991));
#3814=CARTESIAN_POINT('Origin',(2.,17.5442286342839,5.03230854622383));
#3815=CARTESIAN_POINT('Origin',(1.5,17.5442286342839,5.03230854622383));
#3816=CARTESIAN_POINT('Origin',(2.,14.1853829074233,16.2582805927203));
#3817=CARTESIAN_POINT('',(1.5,13.1851324236406,10.849999999991));
#3818=CARTESIAN_POINT('',(1.5,15.18563339121,10.8499999999918));
#3819=CARTESIAN_POINT('Ctrl Pts',(1.5,13.1851324236406,10.849999999991));
#3820=CARTESIAN_POINT('Ctrl Pts',(1.5,13.2843523039303,10.8499999999911));
#3821=CARTESIAN_POINT('Ctrl Pts',(1.50121896485389,13.4034036799732,10.851218964845));
#3822=CARTESIAN_POINT('Ctrl Pts',(1.50573144849959,13.7159697201217,10.8557314484908));
#3823=CARTESIAN_POINT('Ctrl Pts',(1.51057626105653,13.9719716080937,10.8605762610478));
#3824=CARTESIAN_POINT('Ctrl Pts',(1.51057626105653,14.3987942067569,10.860576261048));
#3825=CARTESIAN_POINT('Ctrl Pts',(1.50573144849959,14.6547960947289,10.8557314484912));
#3826=CARTESIAN_POINT('Ctrl Pts',(1.50121896485389,14.9673621348774,10.8512189648456));
#3827=CARTESIAN_POINT('Ctrl Pts',(1.5,15.0864135109203,10.8499999999917));
#3828=CARTESIAN_POINT('Ctrl Pts',(1.5,15.18563339121,10.8499999999918));
#3829=CARTESIAN_POINT('',(1.5,12.6088222366947,10.9890817492991));
#3830=CARTESIAN_POINT('Origin',(1.5,14.1853829074233,16.2582805927203));
#3831=CARTESIAN_POINT('',(2.,12.7521459340336,11.4680998259737));
#3832=CARTESIAN_POINT('Origin',(2.,12.6088222366947,10.9890817492991));
#3833=CARTESIAN_POINT('Origin',(2.,14.1853829074233,16.2582805927203));
#3834=CARTESIAN_POINT('Origin',(1.5,14.1853829074233,16.2582805927203));
#3835=CARTESIAN_POINT('Origin',(2.,10.8265371805626,5.03230854622383));
#3836=CARTESIAN_POINT('',(1.5,9.04425212443356,10.9890817493));
#3837=CARTESIAN_POINT('',(2.,8.90092842709484,11.4680998259747));
#3838=CARTESIAN_POINT('Origin',(2.,9.04425212443356,10.9890817493));
#3839=CARTESIAN_POINT('Origin',(2.,10.8265371805626,5.03230854622383));
#3840=CARTESIAN_POINT('Origin',(1.5,10.8265371805626,5.03230854622383));
#3841=CARTESIAN_POINT('Origin',(2.,7.46769145370772,16.2582805927221));
#3842=CARTESIAN_POINT('',(1.5,6.4674409699483,10.8499999999885));
#3843=CARTESIAN_POINT('',(1.5,8.46794193747125,10.8499999999892));
#3844=CARTESIAN_POINT('Ctrl Pts',(1.5,6.46744096994829,10.8499999999885));
#3845=CARTESIAN_POINT('Ctrl Pts',(1.5,6.56666085023513,10.8499999999885));
#3846=CARTESIAN_POINT('Ctrl Pts',(1.50121896485377,6.68571222627474,10.8512189648423));
#3847=CARTESIAN_POINT('Ctrl Pts',(1.50573144849899,6.99827826641592,10.8557314484877));
#3848=CARTESIAN_POINT('Ctrl Pts',(1.51057626105539,7.25428015438261,10.8605762610442));
#3849=CARTESIAN_POINT('Ctrl Pts',(1.51057626105539,7.46769145370977,10.8605762610442));
#3850=CARTESIAN_POINT('Ctrl Pts',(1.51057626105539,7.68110275303692,10.8605762610443));
#3851=CARTESIAN_POINT('Ctrl Pts',(1.50573144849899,7.93710464100362,10.855731448488));
#3852=CARTESIAN_POINT('Ctrl Pts',(1.50121896485377,8.24967068114481,10.8512189648429));
#3853=CARTESIAN_POINT('Ctrl Pts',(1.5,8.36872205718442,10.8499999999892));
#3854=CARTESIAN_POINT('Ctrl Pts',(1.5,8.46794193747126,10.8499999999892));
#3855=CARTESIAN_POINT('',(1.5,5.89113078298189,10.9890817493));
#3856=CARTESIAN_POINT('Origin',(1.5,7.46769145370772,16.2582805927221));
#3857=CARTESIAN_POINT('',(2.,6.0344544803206,11.4680998259747));
#3858=CARTESIAN_POINT('Origin',(2.,5.89113078298189,10.9890817493));
#3859=CARTESIAN_POINT('Origin',(2.,7.46769145370772,16.2582805927221));
#3860=CARTESIAN_POINT('Origin',(1.5,7.46769145370772,16.2582805927221));
#3861=CARTESIAN_POINT('Origin',(2.,4.10884572685287,5.03230854622383));
#3862=CARTESIAN_POINT('',(2.,1.82539369911044,11.3499999999867));
#3863=CARTESIAN_POINT('',(1.9668013344037,1.73867571221925,11.3168013343904));
#3864=CARTESIAN_POINT('Ctrl Pts',(2.,1.82539369911044,11.3499999999867));
#3865=CARTESIAN_POINT('Ctrl Pts',(1.99631539857175,1.81519940789214,11.3463153985584));
#3866=CARTESIAN_POINT('Ctrl Pts',(1.99258006744248,1.80506168265702,11.3425800674292));
#3867=CARTESIAN_POINT('Ctrl Pts',(1.98183840456338,1.77648428112414,11.3318384045501));
#3868=CARTESIAN_POINT('Ctrl Pts',(1.97450424994593,1.75764738941762,11.3245042499326));
#3869=CARTESIAN_POINT('Ctrl Pts',(1.9668013344037,1.73867571221925,11.3168013343904));
#3870=CARTESIAN_POINT('Origin',(2.,4.10884572685287,5.03230854622383));
#3871=CARTESIAN_POINT('',(1.5,1.91472787154033,10.8499999999867));
#3872=CARTESIAN_POINT('Origin',(1.5,4.10884572685287,5.03230854622383));
#3873=CARTESIAN_POINT('Origin',(2.,1.91472787154033,10.8499999999867));
#3874=CARTESIAN_POINT('Origin',(2.,4.10884572685287,5.03230854622383));
#3875=CARTESIAN_POINT('Ctrl Pts',(1.9668013344037,1.73867571221925,11.3168013343904));
#3876=CARTESIAN_POINT('Ctrl Pts',(1.91735399872358,1.61689080029873,11.2673539987102));
#3877=CARTESIAN_POINT('Ctrl Pts',(1.85343462893999,1.48896277203739,11.2034346289266));
#3878=CARTESIAN_POINT('Ctrl Pts',(1.7584576668114,1.39177173463659,11.1084576667979));
#3879=CARTESIAN_POINT('Ctrl Pts',(1.73549065128558,1.37288910652027,11.0854906512721));
#3880=CARTESIAN_POINT('Ctrl Pts',(1.70041849800294,1.35466562828326,11.0504184979895));
#3881=CARTESIAN_POINT('Ctrl Pts',(1.68259521105636,1.3489792519957,11.0325952110429));
#3882=CARTESIAN_POINT('Ctrl Pts',(1.65481795188469,1.34784819908791,11.0048179518712));
#3883=CARTESIAN_POINT('Ctrl Pts',(1.63988998353127,1.35082173934773,10.9898899835178));
#3884=CARTESIAN_POINT('Ctrl Pts',(1.61601090328852,1.36252336326858,10.966010903275));
#3885=CARTESIAN_POINT('Ctrl Pts',(1.60284369092569,1.37340641235928,10.9528436909122));
#3886=CARTESIAN_POINT('Ctrl Pts',(1.58213126524734,1.39777461777297,10.9321312652339));
#3887=CARTESIAN_POINT('Ctrl Pts',(1.57109322502621,1.4162079151192,10.9210932250128));
#3888=CARTESIAN_POINT('Ctrl Pts',(1.55187938790282,1.45723603789497,10.9018793878894));
#3889=CARTESIAN_POINT('Ctrl Pts',(1.54164072639237,1.48898762884112,10.8916407263789));
#3890=CARTESIAN_POINT('Ctrl Pts',(1.50498256885333,1.63597449007475,10.85498256884));
#3891=CARTESIAN_POINT('Ctrl Pts',(1.5,1.78794757536525,10.8499999999867));
#3892=CARTESIAN_POINT('Ctrl Pts',(1.5,1.91472787154033,10.8499999999867));
#3893=CARTESIAN_POINT('Origin',(1.5,10.8265371805655,11.2999999999818));
#3894=CARTESIAN_POINT('',(1.5,39.074999999999,10.8500000000008));
#3895=CARTESIAN_POINT('Origin',(1.5,10.8265371805655,11.2999999999818));
#3896=CARTESIAN_POINT('',(1.5,39.074999999999,10.8500000000008));
#3897=CARTESIAN_POINT('Origin',(1.5,10.8265371805655,11.2999999999818));
#3898=CARTESIAN_POINT('',(1.5,39.074999999999,10.8500000000008));
#3899=CARTESIAN_POINT('Origin',(1.5,10.8265371805655,11.2999999999818));
#3900=CARTESIAN_POINT('',(1.5,39.074999999999,10.8500000000008));
#3901=CARTESIAN_POINT('Origin',(1.5,10.8265371805655,11.2999999999818));
#3902=CARTESIAN_POINT('',(1.5,39.074999999999,10.8500000000008));
#3903=CARTESIAN_POINT('Origin',(1.5,10.8265371805655,11.2999999999818));
#3904=CARTESIAN_POINT('',(1.5,39.074999999999,10.8500000000008));
#3905=CARTESIAN_POINT('Origin',(2.5,49.924216630381,8.73104505848276));
#3906=CARTESIAN_POINT('',(3.,50.93407864377,11.0387089662557));
#3907=CARTESIAN_POINT('',(2.49999999948757,51.6044813310081,11.2391916799253));
#3908=CARTESIAN_POINT('Ctrl Pts',(3.,50.9340786437729,11.0387089662557));
#3909=CARTESIAN_POINT('Ctrl Pts',(2.99999999999994,50.9340786437734,11.0655520989659));
#3910=CARTESIAN_POINT('Ctrl Pts',(2.99820560018709,50.9380362686181,11.0917675109135));
#3911=CARTESIAN_POINT('Ctrl Pts',(2.98995047592247,50.9556953960176,11.1418011161758));
#3912=CARTESIAN_POINT('Ctrl Pts',(2.98384726739836,50.9686031204647,11.16400720853));
#3913=CARTESIAN_POINT('Ctrl Pts',(2.96591818459442,51.004954921093,11.2089352426613));
#3914=CARTESIAN_POINT('Ctrl Pts',(2.95324750112266,51.0297055762996,11.2295899375972));
#3915=CARTESIAN_POINT('Ctrl Pts',(2.91815022917462,51.0942202219935,11.2712112215582));
#3916=CARTESIAN_POINT('Ctrl Pts',(2.89155682379925,51.140042147173,11.2905557498374));
#3917=CARTESIAN_POINT('Ctrl Pts',(2.81618950740598,51.2560312068557,11.3202747071304));
#3918=CARTESIAN_POINT('Ctrl Pts',(2.76207409244939,51.3303439151013,11.3258394598778));
#3919=CARTESIAN_POINT('Ctrl Pts',(2.63465487493504,51.4783460638789,11.3043243465861));
#3920=CARTESIAN_POINT('Ctrl Pts',(2.56728569503961,51.5455457141798,11.2786739955298));
#3921=CARTESIAN_POINT('Ctrl Pts',(2.50000000000001,51.6044813301164,11.2391916805227));
#3922=CARTESIAN_POINT('',(2.5,48.9872549303338,11.6009216606159));
#3923=CARTESIAN_POINT('Origin',(2.5,49.924216630381,8.73104505848276));
#3924=CARTESIAN_POINT('',(3.,49.1424347389435,11.1256120488892));
#3925=CARTESIAN_POINT('Origin',(2.5,49.1424347389435,11.1256120488892));
#3926=CARTESIAN_POINT('Origin',(3.,49.924216630381,8.73104505848276));
#3927=CARTESIAN_POINT('Origin',(2.5,47.4354568442373,16.3540177778839));
#3928=CARTESIAN_POINT('',(2.5,46.1466098017674,11.5229854553759));
#3929=CARTESIAN_POINT('',(3.,46.0177250975204,11.0398822231251));
#3930=CARTESIAN_POINT('Origin',(2.5,46.0177250975204,11.0398822231251));
#3931=CARTESIAN_POINT('Origin',(3.,47.4354568442373,16.3540177778839));
#3932=CARTESIAN_POINT('Origin',(2.5,47.4354568442373,16.3540177778839));
#3933=CARTESIAN_POINT('Origin',(2.5,44.414994449286,5.03230854622383));
#3934=CARTESIAN_POINT('',(2.5,42.4893856958016,11.4680998259697));
#3935=CARTESIAN_POINT('',(3.,42.6327093931415,10.9890817492954));
#3936=CARTESIAN_POINT('Origin',(2.5,42.6327093931415,10.9890817492954));
#3937=CARTESIAN_POINT('Origin',(3.,44.414994449286,5.03230854622383));
#3938=CARTESIAN_POINT('Origin',(2.5,44.414994449286,5.03230854622383));
#3939=CARTESIAN_POINT('Origin',(2.5,41.056148722402,16.2582805927134));
#3940=CARTESIAN_POINT('',(3.,42.0563992062816,10.850000000002));
#3941=CARTESIAN_POINT('',(3.,40.0558982385266,10.8500000000012));
#3942=CARTESIAN_POINT('Ctrl Pts',(3.,42.0563992062816,10.850000000002));
#3943=CARTESIAN_POINT('Ctrl Pts',(3.,41.9571793259808,10.8500000000019));
#3944=CARTESIAN_POINT('Ctrl Pts',(2.9987810351456,41.8381279499243,10.8512189648563));
#3945=CARTESIAN_POINT('Ctrl Pts',(2.99426855149801,41.5255619097469,10.8557314485038));
#3946=CARTESIAN_POINT('Ctrl Pts',(2.98942373893894,41.2695600217535,10.8605762610627));
#3947=CARTESIAN_POINT('Ctrl Pts',(2.98942373893894,40.8427374230546,10.8605762610626));
#3948=CARTESIAN_POINT('Ctrl Pts',(2.99426855149801,40.5867355350613,10.8557314485034));
#3949=CARTESIAN_POINT('Ctrl Pts',(2.9987810351456,40.2741694948838,10.8512189648557));
#3950=CARTESIAN_POINT('Ctrl Pts',(3.,40.1551181188274,10.8500000000013));
#3951=CARTESIAN_POINT('Ctrl Pts',(3.,40.0558982385266,10.8500000000012));
#3952=CARTESIAN_POINT('Origin',(3.,41.056148722402,16.2582805927134));
#3953=CARTESIAN_POINT('',(2.5,39.6229117490025,11.4680998259697));
#3954=CARTESIAN_POINT('Origin',(2.5,41.056148722402,16.2582805927134));
#3955=CARTESIAN_POINT('',(3.,39.4795880516625,10.9890817492954));
#3956=CARTESIAN_POINT('Origin',(2.5,39.4795880516625,10.9890817492954));
#3957=CARTESIAN_POINT('Origin',(3.,41.056148722402,16.2582805927134));
#3958=CARTESIAN_POINT('Origin',(2.5,37.697302995518,5.03230854622383));
#3959=CARTESIAN_POINT('',(2.5,35.7716942420369,11.4680998259708));
#3960=CARTESIAN_POINT('',(3.,35.9150179393766,10.9890817492963));
#3961=CARTESIAN_POINT('Origin',(2.5,35.9150179393766,10.9890817492963));
#3962=CARTESIAN_POINT('Origin',(3.,37.697302995518,5.03230854622383));
#3963=CARTESIAN_POINT('Origin',(2.5,37.697302995518,5.03230854622383));
#3964=CARTESIAN_POINT('Origin',(2.5,34.3384572686398,16.2582805927151));
#3965=CARTESIAN_POINT('',(3.,35.3387077524962,10.8499999999994));
#3966=CARTESIAN_POINT('',(3.,33.3382067847875,10.8499999999987));
#3967=CARTESIAN_POINT('Ctrl Pts',(3.,35.3387077524962,10.8499999999994));
#3968=CARTESIAN_POINT('Ctrl Pts',(3.,35.2394878721982,10.8499999999994));
#3969=CARTESIAN_POINT('Ctrl Pts',(2.99878103514573,35.1204364961451,10.8512189648536));
#3970=CARTESIAN_POINT('Ctrl Pts',(2.99426855149861,34.8078704559749,10.8557314485006));
#3971=CARTESIAN_POINT('Ctrl Pts',(2.98942373894008,34.5518685679869,10.8605762610591));
#3972=CARTESIAN_POINT('Ctrl Pts',(2.98942373894008,34.3384572686419,10.860576261059));
#3973=CARTESIAN_POINT('Ctrl Pts',(2.98942373894008,34.1250459692969,10.8605762610589));
#3974=CARTESIAN_POINT('Ctrl Pts',(2.99426855149861,33.8690440813088,10.8557314485003));
#3975=CARTESIAN_POINT('Ctrl Pts',(2.99878103514573,33.5564780411387,10.851218964853));
#3976=CARTESIAN_POINT('Ctrl Pts',(3.,33.4374266650856,10.8499999999987));
#3977=CARTESIAN_POINT('Ctrl Pts',(3.,33.3382067847875,10.8499999999987));
#3978=CARTESIAN_POINT('Origin',(3.,34.3384572686398,16.2582805927151));
#3979=CARTESIAN_POINT('',(2.5,32.9052202952427,11.4680998259707));
#3980=CARTESIAN_POINT('Origin',(2.5,34.3384572686398,16.2582805927151));
#3981=CARTESIAN_POINT('',(3.,32.761896597903,10.9890817492963));
#3982=CARTESIAN_POINT('Origin',(2.5,32.761896597903,10.9890817492963));
#3983=CARTESIAN_POINT('Origin',(3.,34.3384572686398,16.2582805927151));
#3984=CARTESIAN_POINT('Origin',(2.5,30.9796115417616,5.03230854622383));
#3985=CARTESIAN_POINT('',(2.5,29.0540027882839,11.4680998259717));
#3986=CARTESIAN_POINT('',(3.,29.1973264856233,10.9890817492972));
#3987=CARTESIAN_POINT('Origin',(2.5,29.1973264856233,10.9890817492972));
#3988=CARTESIAN_POINT('Origin',(3.,30.9796115417616,5.03230854622383));
#3989=CARTESIAN_POINT('Origin',(2.5,30.9796115417616,5.03230854622383));
#3990=CARTESIAN_POINT('Origin',(2.5,27.6207658148893,16.2582805927169));
#3991=CARTESIAN_POINT('',(3.,28.6210162987225,10.8499999999969));
#3992=CARTESIAN_POINT('',(3.,26.6205153310602,10.8499999999961));
#3993=CARTESIAN_POINT('Ctrl Pts',(3.,28.6210162987225,10.8499999999969));
#3994=CARTESIAN_POINT('Ctrl Pts',(3.,28.5217964184272,10.8499999999968));
#3995=CARTESIAN_POINT('Ctrl Pts',(2.99878103514585,28.4027450423775,10.8512189648509));
#3996=CARTESIAN_POINT('Ctrl Pts',(2.99426855149921,28.0901790022146,10.8557314484975));
#3997=CARTESIAN_POINT('Ctrl Pts',(2.98942373894121,27.8341771142319,10.8605762610554));
#3998=CARTESIAN_POINT('Ctrl Pts',(2.98942373894121,27.6207658148914,10.8605762610553));
#3999=CARTESIAN_POINT('Ctrl Pts',(2.98942373894121,27.4073545155508,10.8605762610552));
#4000=CARTESIAN_POINT('Ctrl Pts',(2.99426855149921,27.1513526275681,10.8557314484971));
#4001=CARTESIAN_POINT('Ctrl Pts',(2.99878103514585,26.8387865874052,10.8512189648503));
#4002=CARTESIAN_POINT('Ctrl Pts',(3.,26.7197352113555,10.8499999999962));
#4003=CARTESIAN_POINT('Ctrl Pts',(3.,26.6205153310602,10.8499999999961));
#4004=CARTESIAN_POINT('Origin',(3.,27.6207658148893,16.2582805927169));
#4005=CARTESIAN_POINT('',(2.5,26.1875288414947,11.4680998259717));
#4006=CARTESIAN_POINT('Origin',(2.5,27.6207658148893,16.2582805927169));
#4007=CARTESIAN_POINT('',(3.,26.0442051441553,10.9890817492972));
#4008=CARTESIAN_POINT('Origin',(2.5,26.0442051441553,10.9890817492972));
#4009=CARTESIAN_POINT('Origin',(3.,27.6207658148893,16.2582805927169));
#4010=CARTESIAN_POINT('Origin',(2.5,24.261920088017,5.03230854622383));
#4011=CARTESIAN_POINT('',(2.5,22.3363113345425,11.4680998259727));
#4012=CARTESIAN_POINT('',(3.,22.4796350318818,10.9890817492982));
#4013=CARTESIAN_POINT('Origin',(2.5,22.4796350318818,10.9890817492982));
#4014=CARTESIAN_POINT('Origin',(3.,24.261920088017,5.03230854622383));
#4015=CARTESIAN_POINT('Origin',(2.5,24.261920088017,5.03230854622383));
#4016=CARTESIAN_POINT('Origin',(2.5,20.9030743611504,16.2582805927186));
#4017=CARTESIAN_POINT('',(3.,21.9033248449604,10.8499999999943));
#4018=CARTESIAN_POINT('',(3.,19.9028238773446,10.8499999999936));
#4019=CARTESIAN_POINT('Ctrl Pts',(3.,21.9033248449604,10.8499999999943));
#4020=CARTESIAN_POINT('Ctrl Pts',(3.,21.804104964668,10.8499999999943));
#4021=CARTESIAN_POINT('Ctrl Pts',(2.99878103514598,21.6850535886216,10.8512189648483));
#4022=CARTESIAN_POINT('Ctrl Pts',(2.99426855149981,21.3724875484659,10.8557314484943));
#4023=CARTESIAN_POINT('Ctrl Pts',(2.98942373894234,21.1164856604886,10.8605762610517));
#4024=CARTESIAN_POINT('Ctrl Pts',(2.98942373894234,20.6896630618164,10.8605762610515));
#4025=CARTESIAN_POINT('Ctrl Pts',(2.99426855149981,20.433661173839,10.855731448494));
#4026=CARTESIAN_POINT('Ctrl Pts',(2.99878103514598,20.1210951336834,10.8512189648477));
#4027=CARTESIAN_POINT('Ctrl Pts',(3.,20.002043757637,10.8499999999936));
#4028=CARTESIAN_POINT('Ctrl Pts',(3.,19.9028238773446,10.8499999999936));
#4029=CARTESIAN_POINT('Origin',(3.,20.9030743611504,16.2582805927186));
#4030=CARTESIAN_POINT('',(2.5,19.4698373877583,11.4680998259727));
#4031=CARTESIAN_POINT('Origin',(2.5,20.9030743611504,16.2582805927186));
#4032=CARTESIAN_POINT('',(3.,19.3265136904191,10.9890817492982));
#4033=CARTESIAN_POINT('Origin',(2.5,19.3265136904191,10.9890817492982));
#4034=CARTESIAN_POINT('Origin',(3.,20.9030743611504,16.2582805927186));
#4035=CARTESIAN_POINT('Origin',(2.5,17.5442286342839,5.03230854622383));
#4036=CARTESIAN_POINT('',(2.5,15.6186198808129,11.4680998259737));
#4037=CARTESIAN_POINT('',(3.,15.7619435781518,10.9890817492991));
#4038=CARTESIAN_POINT('Origin',(2.5,15.7619435781518,10.9890817492991));
#4039=CARTESIAN_POINT('Origin',(3.,17.5442286342839,5.03230854622383));
#4040=CARTESIAN_POINT('Origin',(2.5,17.5442286342839,5.03230854622383));
#4041=CARTESIAN_POINT('Origin',(2.5,14.1853829074233,16.2582805927203));
#4042=CARTESIAN_POINT('',(3.,15.18563339121,10.8499999999918));
#4043=CARTESIAN_POINT('',(3.,13.1851324236406,10.849999999991));
#4044=CARTESIAN_POINT('Ctrl Pts',(3.,15.18563339121,10.8499999999918));
#4045=CARTESIAN_POINT('Ctrl Pts',(3.,15.0864135109204,10.8499999999917));
#4046=CARTESIAN_POINT('Ctrl Pts',(2.99878103514611,14.9673621348774,10.8512189648456));
#4047=CARTESIAN_POINT('Ctrl Pts',(2.99426855150041,14.6547960947289,10.8557314484912));
#4048=CARTESIAN_POINT('Ctrl Pts',(2.98942373894348,14.3987942067569,10.860576261048));
#4049=CARTESIAN_POINT('Ctrl Pts',(2.98942373894348,14.1853829074253,10.8605762610479));
#4050=CARTESIAN_POINT('Ctrl Pts',(2.98942373894348,13.9719716080937,10.8605762610478));
#4051=CARTESIAN_POINT('Ctrl Pts',(2.99426855150041,13.7159697201217,10.8557314484908));
#4052=CARTESIAN_POINT('Ctrl Pts',(2.99878103514611,13.4034036799732,10.851218964845));
#4053=CARTESIAN_POINT('Ctrl Pts',(3.,13.2843523039303,10.8499999999911));
#4054=CARTESIAN_POINT('Ctrl Pts',(3.,13.1851324236406,10.849999999991));
#4055=CARTESIAN_POINT('Origin',(3.,14.1853829074233,16.2582805927203));
#4056=CARTESIAN_POINT('',(2.5,12.7521459340336,11.4680998259737));
#4057=CARTESIAN_POINT('Origin',(2.5,14.1853829074233,16.2582805927203));
#4058=CARTESIAN_POINT('',(3.,12.6088222366947,10.9890817492991));
#4059=CARTESIAN_POINT('Origin',(2.5,12.6088222366947,10.9890817492991));
#4060=CARTESIAN_POINT('Origin',(3.,14.1853829074233,16.2582805927203));
#4061=CARTESIAN_POINT('Origin',(2.5,10.8265371805626,5.03230854622383));
#4062=CARTESIAN_POINT('',(2.5,8.90092842709484,11.4680998259747));
#4063=CARTESIAN_POINT('',(3.,9.04425212443356,10.9890817493));
#4064=CARTESIAN_POINT('Origin',(2.5,9.04425212443356,10.9890817493));
#4065=CARTESIAN_POINT('Origin',(3.,10.8265371805626,5.03230854622383));
#4066=CARTESIAN_POINT('Origin',(2.5,10.8265371805626,5.03230854622383));
#4067=CARTESIAN_POINT('Origin',(2.5,7.46769145370772,16.2582805927221));
#4068=CARTESIAN_POINT('',(3.,8.46794193747125,10.8499999999892));
#4069=CARTESIAN_POINT('',(3.,6.4674409699483,10.8499999999885));
#4070=CARTESIAN_POINT('Ctrl Pts',(3.,8.46794193747125,10.8499999999892));
#4071=CARTESIAN_POINT('Ctrl Pts',(3.,8.36872205718442,10.8499999999892));
#4072=CARTESIAN_POINT('Ctrl Pts',(2.99878103514624,8.24967068114482,10.8512189648429));
#4073=CARTESIAN_POINT('Ctrl Pts',(2.99426855150101,7.93710464100364,10.855731448488));
#4074=CARTESIAN_POINT('Ctrl Pts',(2.98942373894462,7.68110275303693,10.8605762610443));
#4075=CARTESIAN_POINT('Ctrl Pts',(2.98942373894462,7.25428015438261,10.8605762610441));
#4076=CARTESIAN_POINT('Ctrl Pts',(2.99426855150101,6.9982782664159,10.8557314484877));
#4077=CARTESIAN_POINT('Ctrl Pts',(2.99878103514624,6.68571222627472,10.8512189648423));
#4078=CARTESIAN_POINT('Ctrl Pts',(3.,6.56666085023513,10.8499999999885));
#4079=CARTESIAN_POINT('Ctrl Pts',(3.,6.4674409699483,10.8499999999885));
#4080=CARTESIAN_POINT('Origin',(3.,7.46769145370772,16.2582805927221));
#4081=CARTESIAN_POINT('',(2.5,6.0344544803206,11.4680998259747));
#4082=CARTESIAN_POINT('Origin',(2.5,7.46769145370772,16.2582805927221));
#4083=CARTESIAN_POINT('',(3.,5.89113078298189,10.9890817493));
#4084=CARTESIAN_POINT('Origin',(2.5,5.89113078298189,10.9890817493));
#4085=CARTESIAN_POINT('Origin',(3.,7.46769145370772,16.2582805927221));
#4086=CARTESIAN_POINT('Origin',(2.5,4.10884572685287,5.03230854622383));
#4087=CARTESIAN_POINT('',(2.5,5.86777425585754,11.5156370816139));
#4088=CARTESIAN_POINT('Origin',(2.5,5.73685662283499,11.0330807912562));
#4089=CARTESIAN_POINT('Origin',(3.,4.10884572685287,5.03230854622383));
#4090=CARTESIAN_POINT('Origin',(2.5,4.10884572685287,5.03230854622383));
#4091=CARTESIAN_POINT('Ctrl Pts',(3.00000314984546,5.73685579809444,11.1468199755678));
#4092=CARTESIAN_POINT('Ctrl Pts',(3.,5.73685662283506,11.1468222989869));
#4093=CARTESIAN_POINT('Ctrl Pts',(3.,5.73685662283506,11.1412637881256));
#4094=CARTESIAN_POINT('Ctrl Pts',(3.,5.73685662283505,11.1190917368873));
#4095=CARTESIAN_POINT('Ctrl Pts',(3.,5.73685662283503,11.0918100439727));
#4096=CARTESIAN_POINT('Ctrl Pts',(3.,5.73685662283501,11.0663091632934));
#4097=CARTESIAN_POINT('Ctrl Pts',(3.,5.736856622835,11.0477341667757));
#4098=CARTESIAN_POINT('Ctrl Pts',(3.,5.736856622835,11.0380190599842));
#4099=CARTESIAN_POINT('Ctrl Pts',(3.,5.73685662283499,11.0330807912562));
#4100=CARTESIAN_POINT('Ctrl Pts',(3.,5.73685662283514,11.2625195110983));
#4101=CARTESIAN_POINT('Ctrl Pts',(2.99684589659486,5.73685662283514,11.2625195110983));
#4102=CARTESIAN_POINT('Ctrl Pts',(2.99088561746355,5.73972888411537,11.2571670755803));
#4103=CARTESIAN_POINT('Ctrl Pts',(2.98675036003396,5.74919051594613,11.2363874515848));
#4104=CARTESIAN_POINT('Ctrl Pts',(2.98786347422581,5.75900789302084,11.2113410029407));
#4105=CARTESIAN_POINT('Ctrl Pts',(2.99225636096961,5.76564394530215,11.1885017764014));
#4106=CARTESIAN_POINT('Ctrl Pts',(2.99635360399449,5.76918928618487,11.1721400933954));
#4107=CARTESIAN_POINT('Ctrl Pts',(2.99872406987288,5.77057512594887,11.1636820105746));
#4108=CARTESIAN_POINT('Ctrl Pts',(3.,5.77113077901241,11.1594137326505));
#4109=CARTESIAN_POINT('Ctrl Pts',(3.,5.65321685881296,11.4933977886785));
#4110=CARTESIAN_POINT('Ctrl Pts',(2.97749549299124,5.65321685881296,11.4933977886785));
#4111=CARTESIAN_POINT('Ctrl Pts',(2.93851283476048,5.66542889669003,11.4886683781644));
#4112=CARTESIAN_POINT('Ctrl Pts',(2.89677493027179,5.71007762396688,11.4705908497297));
#4113=CARTESIAN_POINT('Ctrl Pts',(2.88024125197411,5.75847431740054,11.4499677325329));
#4114=CARTESIAN_POINT('Ctrl Pts',(2.88038294424274,5.79701402808687,11.4322541845701));
#4115=CARTESIAN_POINT('Ctrl Pts',(2.88534757978881,5.82185235421665,11.4201496248749));
#4116=CARTESIAN_POINT('Ctrl Pts',(2.88936458453724,5.83369739690148,11.4141103603638));
#4117=CARTESIAN_POINT('Ctrl Pts',(2.89169881733527,5.83941718688152,11.4111142477178));
#4118=CARTESIAN_POINT('Ctrl Pts',(3.,5.44134371455675,11.6175354539017));
#4119=CARTESIAN_POINT('Ctrl Pts',(2.94184327302908,5.44134371455675,11.6175354539017));
#4120=CARTESIAN_POINT('Ctrl Pts',(2.84044146277867,5.46789991055,11.6119727757665));
#4121=CARTESIAN_POINT('Ctrl Pts',(2.72305486314998,5.56440498441655,11.5910926624475));
#4122=CARTESIAN_POINT('Ctrl Pts',(2.66009338179324,5.67114298594172,11.5661855754228));
#4123=CARTESIAN_POINT('Ctrl Pts',(2.63632975323047,5.76077737554912,11.5438153197689));
#4124=CARTESIAN_POINT('Ctrl Pts',(2.63005317298526,5.82192563817172,11.5279174245636));
#4125=CARTESIAN_POINT('Ctrl Pts',(2.63009756282372,5.85254523937127,11.5197418837575));
#4126=CARTESIAN_POINT('Ctrl Pts',(2.63089969389958,5.86777425585754,11.5156370816139));
#4127=CARTESIAN_POINT('Ctrl Pts',(3.,5.3275664067131,11.6385251921136));
#4128=CARTESIAN_POINT('Ctrl Pts',(2.92392302154723,5.3275664067131,11.6385251921136));
#4129=CARTESIAN_POINT('Ctrl Pts',(2.7914251973814,5.3610136196902,11.6325196897199));
#4130=CARTESIAN_POINT('Ctrl Pts',(2.63601958008832,5.48236880324132,11.6085646574986));
#4131=CARTESIAN_POINT('Ctrl Pts',(2.54980730874639,5.61683286710085,11.5790890881977));
#4132=CARTESIAN_POINT('Ctrl Pts',(2.51395950268047,5.73054815083614,11.5515375363916));
#4133=CARTESIAN_POINT('Ctrl Pts',(2.50197801066614,5.80871784173719,11.5314688185582));
#4134=CARTESIAN_POINT('Ctrl Pts',(2.5,5.84810828271288,11.52097246467));
#4135=CARTESIAN_POINT('Ctrl Pts',(2.5,5.86777425585754,11.5156370816139));
#4136=CARTESIAN_POINT('Ctrl Pts',(2.5,5.86777425585754,11.5156370816139));
#4137=CARTESIAN_POINT('Ctrl Pts',(2.5,5.84810828271288,11.52097246467));
#4138=CARTESIAN_POINT('Ctrl Pts',(2.50197801066614,5.80871784173719,11.5314688185582));
#4139=CARTESIAN_POINT('Ctrl Pts',(2.51395950268047,5.73054815083614,11.5515375363916));
#4140=CARTESIAN_POINT('Ctrl Pts',(2.54980730874639,5.61683286710085,11.5790890881977));
#4141=CARTESIAN_POINT('Ctrl Pts',(2.63601958008832,5.48236880324132,11.6085646574986));
#4142=CARTESIAN_POINT('Ctrl Pts',(2.7817046505004,5.36860432825987,11.6310213139353));
#4143=CARTESIAN_POINT('Ctrl Pts',(2.90043329436442,5.33395507268728,11.6373659931073));
#4144=CARTESIAN_POINT('Ctrl Pts',(2.96436557572223,5.32895970233071,11.6382731309165));
#4145=CARTESIAN_POINT('Origin',(1.5,4.10884572685287,5.03230854622383));
#4146=CARTESIAN_POINT('',(1.72719513197969,1.17853437249784,11.0771951319661));
#4147=CARTESIAN_POINT('Origin',(-4.31769145376373,4.10884572685287,5.03230854622383));
#4148=CARTESIAN_POINT('',(0.,1.17853437249784,11.0771951319661));
#4149=CARTESIAN_POINT('',(1.5,6.0344544803206,11.4680998259747));
#4150=CARTESIAN_POINT('Origin',(1.5,7.46769145370772,16.2582805927221));
#4151=CARTESIAN_POINT('',(1.5,8.90092842709484,11.4680998259747));
#4152=CARTESIAN_POINT('Origin',(1.5,10.8265371805626,5.03230854622383));
#4153=CARTESIAN_POINT('',(1.5,12.7521459340336,11.4680998259737));
#4154=CARTESIAN_POINT('Origin',(1.5,14.1853829074233,16.2582805927203));
#4155=CARTESIAN_POINT('',(1.5,15.6186198808129,11.4680998259737));
#4156=CARTESIAN_POINT('Origin',(1.5,17.5442286342839,5.03230854622383));
#4157=CARTESIAN_POINT('',(1.5,19.4698373877583,11.4680998259727));
#4158=CARTESIAN_POINT('Origin',(1.5,20.9030743611504,16.2582805927186));
#4159=CARTESIAN_POINT('',(1.5,22.3363113345425,11.4680998259727));
#4160=CARTESIAN_POINT('Origin',(1.5,24.261920088017,5.03230854622383));
#4161=CARTESIAN_POINT('',(1.5,26.1875288414947,11.4680998259717));
#4162=CARTESIAN_POINT('Origin',(1.5,27.6207658148893,16.2582805927169));
#4163=CARTESIAN_POINT('',(1.5,29.0540027882839,11.4680998259717));
#4164=CARTESIAN_POINT('Origin',(1.5,30.9796115417616,5.03230854622383));
#4165=CARTESIAN_POINT('',(1.5,32.9052202952427,11.4680998259707));
#4166=CARTESIAN_POINT('Origin',(1.5,34.3384572686398,16.2582805927151));
#4167=CARTESIAN_POINT('',(1.5,35.7716942420369,11.4680998259708));
#4168=CARTESIAN_POINT('Origin',(1.5,37.697302995518,5.03230854622383));
#4169=CARTESIAN_POINT('',(1.5,39.6229117490025,11.4680998259697));
#4170=CARTESIAN_POINT('Origin',(1.5,41.056148722402,16.2582805927134));
#4171=CARTESIAN_POINT('',(1.5,42.4893856958016,11.4680998259697));
#4172=CARTESIAN_POINT('Origin',(1.5,44.414994449286,5.03230854622383));
#4173=CARTESIAN_POINT('',(1.5,46.1466098017674,11.5229854553759));
#4174=CARTESIAN_POINT('Origin',(1.5,47.4354568442373,16.3540177778839));
#4175=CARTESIAN_POINT('',(1.5,48.9872549303338,11.6009216606159));
#4176=CARTESIAN_POINT('Origin',(3.,10.8265371805655,11.2999999999818));
#4177=CARTESIAN_POINT('',(3.,39.074999999999,10.8500000000008));
#4178=CARTESIAN_POINT('Origin',(3.,10.8265371805655,11.2999999999818));
#4179=CARTESIAN_POINT('',(3.,44.1,10.8500000000028));
#4180=CARTESIAN_POINT('',(3.,39.074999999999,10.8500000000008));
#4181=CARTESIAN_POINT('',(3.,50.9340786437699,10.8499999999548));
#4182=CARTESIAN_POINT('',(3.,51.0121083151928,10.8500000000054));
#4183=CARTESIAN_POINT('',(3.,50.9340786437699,10.8500000000368));
#4184=CARTESIAN_POINT('Origin',(3.,10.8265371805655,11.2999999999818));
#4185=CARTESIAN_POINT('',(3.,39.074999999999,10.8500000000008));
#4186=CARTESIAN_POINT('Origin',(3.,10.8265371805655,11.2999999999818));
#4187=CARTESIAN_POINT('',(3.,39.074999999999,10.8500000000008));
#4188=CARTESIAN_POINT('Origin',(3.,10.8265371805655,11.2999999999818));
#4189=CARTESIAN_POINT('',(3.,39.074999999999,10.8500000000008));
#4190=CARTESIAN_POINT('Origin',(3.,10.8265371805655,11.2999999999818));
#4191=CARTESIAN_POINT('',(3.,39.074999999999,10.8500000000008));
#4192=CARTESIAN_POINT('Origin',(1.5,49.924216630381,8.73104505848276));
#4193=CARTESIAN_POINT('',(1.5,52.0745930845917,10.8500000000058));
#4194=CARTESIAN_POINT('Ctrl Pts',(2.49999999921783,51.6044813307956,11.2391916800677));
#4195=CARTESIAN_POINT('Ctrl Pts',(2.34455068879099,51.7406395564333,11.1479761752637));
#4196=CARTESIAN_POINT('Ctrl Pts',(2.16035227032146,51.8581789238917,11.0520241146119));
#4197=CARTESIAN_POINT('Ctrl Pts',(1.81316620773855,52.0044189564864,10.9204824244014));
#4198=CARTESIAN_POINT('Ctrl Pts',(1.65825267257898,52.0491250313098,10.8758457133522));
#4199=CARTESIAN_POINT('Ctrl Pts',(1.50000000000737,52.0745930845905,10.8499999999595));
#4200=CARTESIAN_POINT('Origin',(-0.618954941522212,49.924216630381,8.73104505848276));
#4201=CARTESIAN_POINT('Origin',(1.18222311153324,50.1,1.84999999905152));
#4202=CARTESIAN_POINT('',(3.12436649774161,50.577576242649,10.8500000000052));
#4203=CARTESIAN_POINT('Origin',(1.18222311153324,50.100000000142,10.8500000000374));
#4204=CARTESIAN_POINT('',(3.12436649774161,50.577576242507,1.84999999904398));
#4205=CARTESIAN_POINT('',(1.18222311153324,52.100000000137,10.532223111539));
#4206=CARTESIAN_POINT('',(1.18222311153324,52.1,1.84999999901996));
#4207=CARTESIAN_POINT('Origin',(1.18222311153324,50.100000000137,10.5322231115383));
#4208=CARTESIAN_POINT('Origin',(0.,-1.00250607459945,15.5764242401719));
#4209=CARTESIAN_POINT('Origin',(6.22642424018623,-1.00250607459945,15.5764242401719));
#4210=CARTESIAN_POINT('',(0.,0.521412251139215,10.8143162052279));
#4211=CARTESIAN_POINT('Origin',(3.,10.8265371805655,11.2999999999818));
#4212=CARTESIAN_POINT('',(3.,39.074999999999,10.8500000000008));
#4213=CARTESIAN_POINT('Origin',(1.5,10.8265371805655,11.2999999999818));
#4214=CARTESIAN_POINT('',(1.5,39.074999999999,10.8500000000008));
#4215=CARTESIAN_POINT('Origin',(0.,52.1,10.8500000000058));
#4216=CARTESIAN_POINT('',(9.19999999999703,44.1,10.8500000000034));
#4217=CARTESIAN_POINT('',(0.,44.1,10.8500000000034));
#4218=CARTESIAN_POINT('',(11.199999999997,46.1,10.8499999998227));
#4219=CARTESIAN_POINT('Origin',(9.19999999999703,46.1,10.8500000000072));
#4220=CARTESIAN_POINT('',(11.199999999997,47.0500000001211,10.8499999998531));
#4221=CARTESIAN_POINT('',(11.199999999997,52.0999999996525,10.8500000000148));
#4222=CARTESIAN_POINT('',(9.19999999999703,49.0500000001211,10.8500000000046));
#4223=CARTESIAN_POINT('Origin',(9.19999999999703,47.0500000001211,10.8500000000869));
#4224=CARTESIAN_POINT('',(5.06777688846675,49.0500000001211,10.8500000000046));
#4225=CARTESIAN_POINT('',(1.74999999999999,49.0500000001211,10.8500000000046));
#4226=CARTESIAN_POINT('',(3.12563350225838,50.5724237576141,10.8500000000052));
#4227=CARTESIAN_POINT('Origin',(5.06777688846675,51.0500000001211,10.8500000000224));
#4228=CARTESIAN_POINT('',(2.67159782061214,52.4188355296548,10.8500000000059));
#4229=CARTESIAN_POINT('Origin',(0.,0.750000000000015,10.0999999999863));
#4230=CARTESIAN_POINT('Origin',(2.57625579964511,3.75095132547707,5.99375000000014));
#4231=CARTESIAN_POINT('',(2.34804473533203,4.,3.8500000000058));
#4232=CARTESIAN_POINT('',(-8.06055136898604,15.3589894128388,3.8500000000058));
#4233=CARTESIAN_POINT('',(2.34804473533203,4.,7.8500000000058));
#4234=CARTESIAN_POINT('',(2.34804473533203,4.,5.99375000000014));
#4235=CARTESIAN_POINT('',(1.92630047938371,4.46025309179354,7.8500000000058));
#4236=CARTESIAN_POINT('Origin',(0.,4.,3.8500000000058));
#4237=CARTESIAN_POINT('',(0.75,4.,3.8500000000058));
#4238=CARTESIAN_POINT('',(0.,4.,3.8500000000058));
#4239=CARTESIAN_POINT('',(0.75,4.,7.8500000000058));
#4240=CARTESIAN_POINT('',(0.75,4.,4.63750000000434));
#4241=CARTESIAN_POINT('',(0.,4.,7.8500000000058));
#4242=CARTESIAN_POINT('Origin',(3.25,35.075,3.6000000000058));
#4243=CARTESIAN_POINT('',(3.,43.1,3.8500000000058));
#4244=CARTESIAN_POINT('',(1.53125000000024,41.6312500000003,5.31875000000556));
#4245=CARTESIAN_POINT('',(3.,35.075,3.8500000000058));
#4246=CARTESIAN_POINT('Origin',(9.19999999999746,46.1,4.85000000001234));
#4247=CARTESIAN_POINT('',(11.1999999999981,46.1,4.09999999977592));
#4248=CARTESIAN_POINT('',(11.1999999999975,46.1,4.85000000001403));
#4249=CARTESIAN_POINT('',(9.19999999999809,44.1,4.09999999971186));
#4250=CARTESIAN_POINT('Origin',(9.19999999999809,46.1,4.09999999996637));
#4251=CARTESIAN_POINT('',(9.19999999999746,44.1,4.85000000001234));
#4252=CARTESIAN_POINT('Origin',(11.2,52.0999999999407,1.85000000001276));
#4253=CARTESIAN_POINT('',(11.1999999999981,47.0500000000146,4.09999999980634));
#4254=CARTESIAN_POINT('',(11.2,47.0499999999791,1.84999999959931));
#4255=CARTESIAN_POINT('',(11.1999999999981,52.0999999998687,4.09999999996807));
#4256=CARTESIAN_POINT('Origin',(9.19999999999752,46.1,7.72500000000686));
#4257=CARTESIAN_POINT('',(9.19999999999754,44.1,7.59999999975059));
#4258=CARTESIAN_POINT('',(9.19999999999752,44.1,7.72500000000686));
#4259=CARTESIAN_POINT('',(11.1999999999975,46.1,7.59999999981464));
#4260=CARTESIAN_POINT('Origin',(9.19999999999754,46.1,7.60000000000701));
#4261=CARTESIAN_POINT('',(11.1999999999975,46.1,7.72500000000718));
#4262=CARTESIAN_POINT('Origin',(11.1999999999975,52.0999999997566,7.60000000000679));
#4263=CARTESIAN_POINT('',(11.1999999999975,47.0500000000698,7.59999999984506));
#4264=CARTESIAN_POINT('',(11.1999999999975,52.0999999997566,7.60000000000679));
#4265=CARTESIAN_POINT('',(11.199999999998,47.0500000000244,4.72499999959367));
#4266=CARTESIAN_POINT('Origin',(9.19999999999799,47.0500000000244,4.72499999959335));
#4267=CARTESIAN_POINT('',(9.19999999999754,49.0500000000698,7.59999999990912));
#4268=CARTESIAN_POINT('Origin',(9.19999999999754,47.0500000000698,7.60000000008669));
#4269=CARTESIAN_POINT('',(9.199999999998,49.0500000000244,4.72499999956179));
#4270=CARTESIAN_POINT('Origin',(9.2,47.0499999999791,1.84999999959762));
#4271=CARTESIAN_POINT('',(9.1999999999981,49.0500000000146,4.09999999987039));
#4272=CARTESIAN_POINT('',(9.2,49.0499999999791,1.84999999956606));
#4273=CARTESIAN_POINT('Origin',(9.19999999999809,47.0500000000146,4.10000000004606));
#4274=CARTESIAN_POINT('Origin',(5.06777688846675,51.0499999999791,1.84999999903653));
#4275=CARTESIAN_POINT('',(3.12563350225838,50.5724237574721,1.84999999904406));
#4276=CARTESIAN_POINT('',(5.06777688846675,49.0499999999791,1.84999999906808));
#4277=CARTESIAN_POINT('Origin',(2.75,52.1,1.84999999901996));
#4278=CARTESIAN_POINT('Origin',(0.75,39.0749999999993,10.1000000000008));
#4279=CARTESIAN_POINT('',(-1.31250000029908,52.1000000000976,8.03749999970672));
#4280=CARTESIAN_POINT('Origin',(0.75,52.1,1.84999999901996));
#4281=CARTESIAN_POINT('Origin',(3.49999999999999,49.0499999999791,1.84999999906809));
#4282=CARTESIAN_POINT('',(7.85000000001936,49.0500000000698,7.59999999990912));
#4283=CARTESIAN_POINT('',(5.67500000000968,49.0500000000698,7.59999999990912));
#4284=CARTESIAN_POINT('',(7.85000000001937,49.0500000000146,4.09999999987039));
#4285=CARTESIAN_POINT('Origin',(7.85000000001936,49.049999999851,5.84999999988975));
#4286=CARTESIAN_POINT('',(7.34999999999904,49.0500000000146,4.09999999987039));
#4287=CARTESIAN_POINT('Origin',(11.1999999999981,52.0999999998687,4.09999999996807));
#4288=CARTESIAN_POINT('',(7.85000000001937,44.1,4.09999999971186));
#4289=CARTESIAN_POINT('',(7.85000000001937,52.0999999998687,4.09999999996807));
#4290=CARTESIAN_POINT('',(9.92499999999905,44.1,4.09999999971187));
#4291=CARTESIAN_POINT('Origin',(7.85000000001936,52.0999999998126,5.84999999998743));
#4292=CARTESIAN_POINT('',(7.85000000001936,44.1,7.59999999975059));
#4293=CARTESIAN_POINT('',(7.85000000001936,52.0999999997566,7.6000000000068));
#4294=CARTESIAN_POINT('Origin',(7.85000000001936,44.100000000016,5.84999999973123));
#4295=CARTESIAN_POINT('Origin',(7.85000000001936,52.0999999997566,7.60000000000679));
#4296=CARTESIAN_POINT('',(8.25000000000968,44.1,7.59999999975059));
#4297=CARTESIAN_POINT('Origin',(3.25,29.0191299125625,-0.106618677765572));
#4298=CARTESIAN_POINT('',(3.5,35.7708077798366,2.34999999999424));
#4299=CARTESIAN_POINT('Origin',(-0.0130878097399561,44.8501427743746,6.09985722563122));
#4300=CARTESIAN_POINT('',(-10.,44.9372401202057,6.76273132209821));
#4301=CARTESIAN_POINT('',(-10.,44.1872686779076,6.01275987980008));
#4302=CARTESIAN_POINT('Origin',(-10.,44.9372972366969,6.0127027633089));
#4303=CARTESIAN_POINT('',(-1.24992384721573,44.1109079201632,6.0891206375445));
#4304=CARTESIAN_POINT('',(-0.0196327113637363,44.1001713320765,6.09985722563122));
#4305=CARTESIAN_POINT('',(-0.499980961532086,44.8543347100473,6.84563673225661));
#4306=CARTESIAN_POINT('Origin',(-1.24998096153208,44.8609369773816,6.08906302262424));
#4307=CARTESIAN_POINT('',(-0.0196327113637366,44.8501427743746,6.84982866792935));
#4308=CARTESIAN_POINT('Origin',(0.,50.1,6.8500000000058));
#4309=CARTESIAN_POINT('',(-0.499980961532086,49.3456652899527,6.84563673225661));
#4310=CARTESIAN_POINT('',(-0.499980961532086,38.075,6.84563673225661));
#4311=CARTESIAN_POINT('',(-10.,49.2627598797943,6.76273132209821));
#4312=CARTESIAN_POINT('',(-0.00218163386826807,49.3500095188715,6.84998096117546));
#4313=CARTESIAN_POINT('',(-10.,44.1,6.76273132209821));
#4314=CARTESIAN_POINT('Origin',(0.00436326775551241,44.8499904811285,5.59999048113426));
#4315=CARTESIAN_POINT('',(-10.,44.1872686779076,5.68724012021151));
#4316=CARTESIAN_POINT('',(-10.,44.9372401202057,4.93726867791339));
#4317=CARTESIAN_POINT('Origin',(-10.,44.9372972366969,5.68729723670269));
#4318=CARTESIAN_POINT('',(-0.499980961532086,44.8543347100473,4.85436326775498));
#4319=CARTESIAN_POINT('',(-0.00218163386826803,44.8499904811285,4.85001903883613));
#4320=CARTESIAN_POINT('',(-1.24992384721573,44.1109079201632,5.6108793624671));
#4321=CARTESIAN_POINT('Origin',(-1.24998096153209,44.8609369773816,5.61093697738736));
#4322=CARTESIAN_POINT('',(-0.00218163386826787,44.1000190388303,5.59999048113426));
#4323=CARTESIAN_POINT('Origin',(0.,44.1,6.8500000000058));
#4324=CARTESIAN_POINT('',(-10.,44.1872686779076,6.8500000000058));
#4325=CARTESIAN_POINT('',(-0.730425701047889,44.106374328524,5.0868278430093));
#4326=CARTESIAN_POINT('',(0.,44.1,3.8500000000058));
#4327=CARTESIAN_POINT('',(-0.236951400949335,44.1020678435489,7.1109717327807));
#4328=CARTESIAN_POINT('Origin',(-0.0130878097399561,49.3498572256254,5.60014277438037));
#4329=CARTESIAN_POINT('',(-10.,49.2627598797943,4.93726867791339));
#4330=CARTESIAN_POINT('',(-10.,50.0127313220924,5.68724012021151));
#4331=CARTESIAN_POINT('Origin',(-10.,49.2627027633031,5.68729723670269));
#4332=CARTESIAN_POINT('',(-1.24992384721573,50.0890920798368,5.61087936246709));
#4333=CARTESIAN_POINT('',(-0.0196327113637364,50.0998286679236,5.60014277438037));
#4334=CARTESIAN_POINT('',(-0.499980961532086,49.3456652899527,4.85436326775498));
#4335=CARTESIAN_POINT('Origin',(-1.24998096153209,49.3390630226185,5.61093697738736));
#4336=CARTESIAN_POINT('',(-0.0196327113637366,49.3498572256254,4.85017133208224));
#4337=CARTESIAN_POINT('Origin',(0.,44.1,4.8500000000058));
#4338=CARTESIAN_POINT('',(-10.,50.1,4.93726867791339));
#4339=CARTESIAN_POINT('',(-0.499980961532086,35.075,4.85436326775498));
#4340=CARTESIAN_POINT('Origin',(0.00436326775551239,49.3500095188715,6.10000951887733));
#4341=CARTESIAN_POINT('',(-10.,50.0127313220924,6.01275987980008));
#4342=CARTESIAN_POINT('Origin',(-10.,49.2627027633031,6.01270276330891));
#4343=CARTESIAN_POINT('',(-1.24992384721573,50.0890920798368,6.0891206375445));
#4344=CARTESIAN_POINT('Origin',(-1.24998096153208,49.3390630226185,6.08906302262424));
#4345=CARTESIAN_POINT('',(-0.00218163386826789,50.0999809611697,6.10000951887733));
#4346=CARTESIAN_POINT('Origin',(0.,50.1,4.8500000000058));
#4347=CARTESIAN_POINT('',(-10.,50.0127313220924,6.8500000000058));
#4348=CARTESIAN_POINT('',(-0.775948357081878,50.0932284012753,6.56725049733835));
#4349=CARTESIAN_POINT('',(-0.282474056983323,50.0975348862504,4.63494992689484));
#4350=CARTESIAN_POINT('Origin',(-0.249990480766043,38.075,7.0978183661312));
#4351=CARTESIAN_POINT('Origin',(-0.249990480766043,35.075,4.60218163388039));
#4352=CARTESIAN_POINT('Origin',(0.375,35.075,3.4750000000058));
#4353=CARTESIAN_POINT('',(0.75,44.1,3.8500000000058));
#4354=CARTESIAN_POINT('',(0.75,35.075,3.8500000000058));
#4355=CARTESIAN_POINT('',(1.375,44.1,4.4750000000058));
#4356=CARTESIAN_POINT('',(0.,3.25000000000001,3.1000000000058));
#4357=CARTESIAN_POINT('Origin',(0.375,15.025,8.2250000000058));
#4358=CARTESIAN_POINT('',(0.75,44.1,7.8500000000058));
#4359=CARTESIAN_POINT('',(0.375,44.1,8.2250000000058));
#4360=CARTESIAN_POINT('',(0.75,15.025,7.8500000000058));
#4361=CARTESIAN_POINT('',(0.75,4.,7.8500000000058));
#4362=CARTESIAN_POINT('Origin',(0.375,3.625,4.63750000000434));
#4363=CARTESIAN_POINT('Origin',(0.,44.1,3.8500000000058));
#4364=CARTESIAN_POINT('',(4.,44.1,3.8500000000058));
#4365=CARTESIAN_POINT('',(2.875,42.975,3.8500000000058));
#4366=CARTESIAN_POINT('',(0.,44.1,3.8500000000058));
#4367=CARTESIAN_POINT('Origin',(0.,4.,7.8500000000058));
#4368=CARTESIAN_POINT('',(4.,44.1,7.8500000000058));
#4369=CARTESIAN_POINT('',(0.,44.1,7.8500000000058));
#4370=CARTESIAN_POINT('',(-7.15000000000001,32.95,7.8500000000058));
#4371=CARTESIAN_POINT('Origin',(3.75,43.85,6.63750000000435));
#4372=CARTESIAN_POINT('',(4.,44.1,9.85000000000276));
#4373=CARTESIAN_POINT('',(4.,44.1,6.63750000000435));
#4374=CARTESIAN_POINT('',(3.5,43.6,10.3500000000026));
#4375=CARTESIAN_POINT('',(3.36458333333292,43.4645833333329,10.4854166666696));
#4376=CARTESIAN_POINT('',(3.5,43.6,6.63750000000435));
#4377=CARTESIAN_POINT('Origin',(0.,44.1,7.8500000000058));
#4378=CARTESIAN_POINT('',(3.12499999999972,44.1,10.725000000003));
#4379=CARTESIAN_POINT('',(4.,44.1,2.85000000002968));
#4380=CARTESIAN_POINT('',(4.,44.1,6.63750000000435));
#4381=CARTESIAN_POINT('',(3.87499999998005,44.1,2.72500000000972));
#4382=CARTESIAN_POINT('Origin',(3.75,43.85,6.63750000000435));
#4383=CARTESIAN_POINT('',(2.10624999999507,42.2062499999951,0.956250000016692));
#4384=CARTESIAN_POINT('Origin',(3.25,30.9500000000066,2.09999999997373));
#4385=CARTESIAN_POINT('Origin',(3.25,39.0749999999991,10.6000000000008));
#4386=CARTESIAN_POINT('',(3.5,39.0749999999992,10.3500000000008));
#4387=CARTESIAN_POINT('Origin',(3.5,26.05,5.4250000000029));
#4388=CARTESIAN_POINT('Origin',(-10.,47.1,5.8500000000058));
#4389=UNCERTAINTY_MEASURE_WITH_UNIT(LENGTH_MEASURE(0.01),#4393,
'DISTANCE_ACCURACY_VALUE',
'Maximum model space distance between geometric entities at asserted c
onnectivities');
#4390=UNCERTAINTY_MEASURE_WITH_UNIT(LENGTH_MEASURE(0.01),#4393,
'DISTANCE_ACCURACY_VALUE',
'Maximum model space distance between geometric entities at asserted c
onnectivities');
#4391=(
GEOMETRIC_REPRESENTATION_CONTEXT(3)
GLOBAL_UNCERTAINTY_ASSIGNED_CONTEXT((#4389))
GLOBAL_UNIT_ASSIGNED_CONTEXT((#4393,#4394,#4395))
REPRESENTATION_CONTEXT('','3D')
);
#4392=(
GEOMETRIC_REPRESENTATION_CONTEXT(3)
GLOBAL_UNCERTAINTY_ASSIGNED_CONTEXT((#4390))
GLOBAL_UNIT_ASSIGNED_CONTEXT((#4393,#4394,#4395))
REPRESENTATION_CONTEXT('','3D')
);
#4393=(
LENGTH_UNIT()
NAMED_UNIT(*)
SI_UNIT(.MILLI.,.METRE.)
);
#4394=(
NAMED_UNIT(*)
PLANE_ANGLE_UNIT()
SI_UNIT($,.RADIAN.)
);
#4395=(
NAMED_UNIT(*)
SI_UNIT($,.STERADIAN.)
SOLID_ANGLE_UNIT()
);
#4396=SHAPE_DEFINITION_REPRESENTATION(#4397,#4398);
#4397=PRODUCT_DEFINITION_SHAPE('',$,#4400);
#4398=SHAPE_REPRESENTATION('',(#2325),#4391);
#4399=PRODUCT_DEFINITION_CONTEXT('part definition',#4404,'design');
#4400=PRODUCT_DEFINITION('Configuration 1','retraction_slider_rev_D v5',
#4401,#4399);
#4401=PRODUCT_DEFINITION_FORMATION('',$,#4406);
#4402=PRODUCT_RELATED_PRODUCT_CATEGORY('retraction_slider_rev_D v5',
'retraction_slider_rev_D v5',(#4406));
#4403=APPLICATION_PROTOCOL_DEFINITION('international standard',
'automotive_design',2009,#4404);
#4404=APPLICATION_CONTEXT(
'Core Data for Automotive Mechanical Design Process');
#4405=PRODUCT_CONTEXT('part definition',#4404,'mechanical');
#4406=PRODUCT('Configuration 1','retraction_slider_rev_D v5',$,(#4405));
#4407=PRESENTATION_STYLE_ASSIGNMENT((#4408));
#4408=SURFACE_STYLE_USAGE(.BOTH.,#4409);
#4409=SURFACE_SIDE_STYLE('',(#4410));
#4410=SURFACE_STYLE_FILL_AREA(#4411);
#4411=FILL_AREA_STYLE('ABS (White)',(#4412));
#4412=FILL_AREA_STYLE_COLOUR('ABS (White)',#4413);
#4413=COLOUR_RGB('ABS (White)',0.964705882352941,0.964705882352941,0.952941176470588);
ENDSEC;
END-ISO-10303-21;
